database,workload,iteration,start_node,latency_ms,success,error,concurrency,op_type
arangodb,mixed_c1,0,2106,326.7883,True,,1,read
arangodb,mixed_c1,1,6114,293.5715,True,,1,read
arangodb,mixed_c1,2,6217,269.2855,True,,1,read
arangodb,mixed_c1,3,7077,264.1795,True,,1,read
arangodb,mixed_c1,4,7211,271.6887,True,,1,read
arangodb,mixed_c1,5,7232,264.4346,True,,1,read
arangodb,mixed_c1,6,9292,327.6511,True,,1,read
arangodb,mixed_c1,7,10094,298.1699,True,,1,read
arangodb,mixed_c1,8,10180,301.1645,True,,1,read
arangodb,mixed_c1,9,12020,266.3989,True,,1,read
arangodb,mixed_c1,10,101328,265.5031,True,,1,read
arangodb,mixed_c1,11,,571.012,True,,1,write
arangodb,mixed_c1,12,102318,294.8328,True,,1,read
arangodb,mixed_c1,13,104122,300.0747,True,,1,read
arangodb,mixed_c1,14,104187,300.778,True,,1,read
arangodb,mixed_c1,15,105349,264.0976,True,,1,read
arangodb,mixed_c1,16,,531.2517,True,,1,write
arangodb,mixed_c1,17,,602.3819,True,,1,write
arangodb,mixed_c1,18,107093,350.579,True,,1,read
arangodb,mixed_c1,19,107295,263.5677,True,,1,read
arangodb,mixed_c1,20,108250,267.5827,True,,1,read
arangodb,mixed_c1,21,109054,264.8412,True,,1,read
arangodb,mixed_c1,22,109073,264.0249,True,,1,read
arangodb,mixed_c1,23,110264,291.0256,True,,1,read
arangodb,mixed_c1,24,110376,298.4518,True,,1,read
arangodb,mixed_c1,25,201053,298.4524,True,,1,read
arangodb,mixed_c1,26,204096,302.0627,True,,1,read
arangodb,mixed_c1,27,204176,263.2502,True,,1,read
arangodb,mixed_c1,28,204182,263.9125,True,,1,read
arangodb,mixed_c1,29,,528.1828,True,,1,write
arangodb,mixed_c1,30,,542.9002,True,,1,write
arangodb,mixed_c1,31,207227,306.7461,True,,1,read
arangodb,mixed_c1,32,,596.3602,True,,1,write
arangodb,mixed_c1,33,208159,296.8966,True,,1,read
arangodb,mixed_c1,34,209058,300.7337,True,,1,read
arangodb,mixed_c1,35,,537.8518,True,,1,write
arangodb,mixed_c1,36,210254,270.6297,True,,1,read
arangodb,mixed_c1,37,,523.1804,True,,1,write
arangodb,mixed_c1,38,9208245,263.3919,True,,1,read
arangodb,mixed_c1,39,9304275,266.7412,True,,1,read
arangodb,mixed_c1,40,9305258,275.264,True,,1,read
arangodb,mixed_c1,41,9306241,261.5942,True,,1,read
arangodb,mixed_c1,42,,665.5656,True,,1,write
arangodb,mixed_c1,43,9309220,304.513,True,,1,read
arangodb,mixed_c1,44,9309273,272.6228,True,,1,read
arangodb,mixed_c1,45,9309293,263.8128,True,,1,read
arangodb,mixed_c1,46,9310213,293.8716,True,,1,read
arangodb,mixed_c1,47,,597.8604,True,,1,write
arangodb,mixed_c1,48,9401244,264.9385,True,,1,read
arangodb,mixed_c1,49,9401326,262.6117,True,,1,read
arangodb,mixed_c1,50,9403260,269.33,True,,1,read
arangodb,mixed_c1,51,9403269,264.4218,True,,1,read
arangodb,mixed_c1,52,9407272,272.0839,True,,1,read
arangodb,mixed_c1,53,9407278,265.645,True,,1,read
arangodb,mixed_c1,54,,561.4956,True,,1,write
arangodb,mixed_c1,55,9501227,263.5615,True,,1,read
arangodb,mixed_c1,56,9501350,262.8185,True,,1,read
arangodb,mixed_c1,57,9501376,264.0301,True,,1,read
arangodb,mixed_c1,58,9502306,329.4033,True,,1,read
arangodb,mixed_c1,59,,618.5744,True,,1,write
arangodb,mixed_c1,60,9503294,262.5874,True,,1,read
arangodb,mixed_c1,61,9504347,264.637,True,,1,read
arangodb,mixed_c1,62,,524.3614,True,,1,write
arangodb,mixed_c1,63,9505310,263.0123,True,,1,read
arangodb,mixed_c1,64,9505324,316.7012,True,,1,read
arangodb,mixed_c1,65,9508299,307.1972,True,,1,read
arangodb,mixed_c1,66,9509349,262.444,True,,1,read
arangodb,mixed_c1,67,9603367,263.4505,True,,1,read
arangodb,mixed_c1,68,9603420,292.6128,True,,1,read
arangodb,mixed_c1,69,,525.6664,True,,1,write
arangodb,mixed_c1,70,9609217,314.8812,True,,1,read
arangodb,mixed_c1,71,9609470,300.6432,True,,1,read
arangodb,mixed_c1,72,9610393,303.2989,True,,1,read
arangodb,mixed_c1,73,9701246,265.0523,True,,1,read
arangodb,mixed_c1,74,9702270,263.8291,True,,1,read
arangodb,mixed_c1,75,,585.3931,True,,1,write
arangodb,mixed_c1,76,,583.0064,True,,1,write
arangodb,mixed_c1,77,9703423,337.9448,True,,1,read
arangodb,mixed_c1,78,9705262,262.4702,True,,1,read
arangodb,mixed_c1,79,,528.2373,True,,1,write
arangodb,mixed_c1,80,,642.2879,True,,1,write
arangodb,mixed_c1,81,,603.8302,True,,1,write
arangodb,mixed_c1,82,9707295,267.0931,True,,1,read
arangodb,mixed_c1,83,9710376,266.0268,True,,1,read
arangodb,mixed_c1,84,9711261,263.6393,True,,1,read
arangodb,mixed_c1,85,,544.0426,True,,1,write
arangodb,mixed_c1,86,9803439,311.661,True,,1,read
arangodb,mixed_c1,87,,564.7098,True,,1,write
arangodb,mixed_c1,88,,531.6861,True,,1,write
arangodb,mixed_c1,89,9804343,265.9825,True,,1,read
arangodb,mixed_c1,90,9805465,305.6905,True,,1,read
arangodb,mixed_c1,91,9809529,265.3059,True,,1,read
arangodb,mixed_c1,92,9810418,334.944,True,,1,read
arangodb,mixed_c1,93,,525.1824,True,,1,write
arangodb,mixed_c1,94,9811469,263.3099,True,,1,read
arangodb,mixed_c1,95,9812342,264.3418,True,,1,read
arangodb,mixed_c1,96,9906506,263.1679,True,,1,read
arangodb,mixed_c1,97,9907534,284.6106,True,,1,read
arangodb,mixed_c1,98,9909234,302.7698,True,,1,read
arangodb,mixed_c1,99,,589.8881,True,,1,write
arangodb,mixed_c10,0,,639.1842,True,,10,write
arangodb,mixed_c10,1,6114,1097.4082,True,,10,read
arangodb,mixed_c10,2,6217,1089.5128,True,,10,read
arangodb,mixed_c10,3,7077,988.9327,True,,10,read
arangodb,mixed_c10,4,,1370.5207,True,,10,write
arangodb,mixed_c10,5,7232,1100.1024,True,,10,read
arangodb,mixed_c10,6,,1360.0898,True,,10,write
arangodb,mixed_c10,7,10094,1088.3102,True,,10,read
arangodb,mixed_c10,8,,1366.1807,True,,10,write
arangodb,mixed_c10,9,12020,1070.6628,True,,10,read
arangodb,mixed_c10,10,101328,360.365,True,,10,read
arangodb,mixed_c10,11,102194,292.5821,True,,10,read
arangodb,mixed_c10,12,102318,293.4469,True,,10,read
arangodb,mixed_c10,13,104122,291.5288,True,,10,read
arangodb,mixed_c10,14,104187,293.0947,True,,10,read
arangodb,mixed_c10,15,105349,301.3265,True,,10,read
arangodb,mixed_c10,16,106261,297.9125,True,,10,read
arangodb,mixed_c10,17,107028,282.4179,True,,10,read
arangodb,mixed_c10,18,107093,296.723,True,,10,read
arangodb,mixed_c10,19,107295,290.0019,True,,10,read
arangodb,mixed_c10,20,108250,319.5205,True,,10,read
arangodb,mixed_c10,21,109054,287.153,True,,10,read
arangodb,mixed_c10,22,,551.5042,True,,10,write
arangodb,mixed_c10,23,,576.8679,True,,10,write
arangodb,mixed_c10,24,,552.4459,True,,10,write
arangodb,mixed_c10,25,,584.3212,True,,10,write
arangodb,mixed_c10,26,204096,287.1737,True,,10,read
arangodb,mixed_c10,27,204176,293.0065,True,,10,read
arangodb,mixed_c10,28,,534.1162,True,,10,write
arangodb,mixed_c10,29,205038,267.283,True,,10,read
arangodb,mixed_c10,30,207048,271.1667,True,,10,read
arangodb,mixed_c10,31,207227,297.3466,True,,10,read
arangodb,mixed_c10,32,208138,278.0649,True,,10,read
arangodb,mixed_c10,33,208159,283.3254,True,,10,read
arangodb,mixed_c10,34,209058,268.8712,True,,10,read
arangodb,mixed_c10,35,209108,274.7858,True,,10,read
arangodb,mixed_c10,36,210254,276.2757,True,,10,read
arangodb,mixed_c10,37,,530.3818,True,,10,write
arangodb,mixed_c10,38,9208245,259.2795,True,,10,read
arangodb,mixed_c10,39,9304275,285.0757,True,,10,read
arangodb,mixed_c10,40,9305258,272.062,True,,10,read
arangodb,mixed_c10,41,9306241,283.7734,True,,10,read
arangodb,mixed_c10,42,9307320,268.5133,True,,10,read
arangodb,mixed_c10,43,9309220,265.334,True,,10,read
arangodb,mixed_c10,44,9309273,266.1906,True,,10,read
arangodb,mixed_c10,45,9309293,271.8931,True,,10,read
arangodb,mixed_c10,46,9310213,270.3634,True,,10,read
arangodb,mixed_c10,47,9311240,267.202,True,,10,read
arangodb,mixed_c10,48,9401244,285.4325,True,,10,read
arangodb,mixed_c10,49,9401326,277.1759,True,,10,read
arangodb,mixed_c10,50,9403260,268.6247,True,,10,read
arangodb,mixed_c10,51,9403269,275.8398,True,,10,read
arangodb,mixed_c10,52,9407272,266.115,True,,10,read
arangodb,mixed_c10,53,9407278,264.2818,True,,10,read
arangodb,mixed_c10,54,9407401,314.9194,True,,10,read
arangodb,mixed_c10,55,9501227,298.6736,True,,10,read
arangodb,mixed_c10,56,9501350,290.305,True,,10,read
arangodb,mixed_c10,57,,565.8032,True,,10,write
arangodb,mixed_c10,58,,538.6072,True,,10,write
arangodb,mixed_c10,59,,619.6739,True,,10,write
arangodb,mixed_c10,60,9503294,347.6603,True,,10,read
arangodb,mixed_c10,61,,612.4837,True,,10,write
arangodb,mixed_c10,62,,531.8681,True,,10,write
arangodb,mixed_c10,63,9505310,327.2325,True,,10,read
arangodb,mixed_c10,64,9505324,270.3721,True,,10,read
arangodb,mixed_c10,65,,604.5043,True,,10,write
arangodb,mixed_c10,66,9509349,288.3453,True,,10,read
arangodb,mixed_c10,67,,595.9354,True,,10,write
arangodb,mixed_c10,68,9603420,299.7408,True,,10,read
arangodb,mixed_c10,69,9606252,329.8396,True,,10,read
arangodb,mixed_c10,70,9609217,323.6842,True,,10,read
arangodb,mixed_c10,71,9609470,322.21,True,,10,read
arangodb,mixed_c10,72,9610393,314.0436,True,,10,read
arangodb,mixed_c10,73,9701246,339.3715,True,,10,read
arangodb,mixed_c10,74,,599.8926,True,,10,write
arangodb,mixed_c10,75,9703209,312.3664,True,,10,read
arangodb,mixed_c10,76,9703232,260.6013,True,,10,read
arangodb,mixed_c10,77,9703423,264.799,True,,10,read
arangodb,mixed_c10,78,9705262,273.1955,True,,10,read
arangodb,mixed_c10,79,9706541,280.7788,True,,10,read
arangodb,mixed_c10,80,9707250,272.8005,True,,10,read
arangodb,mixed_c10,81,9707282,278.4498,True,,10,read
arangodb,mixed_c10,82,9707295,283.4002,True,,10,read
arangodb,mixed_c10,83,9710376,269.498,True,,10,read
arangodb,mixed_c10,84,9711261,275.459,True,,10,read
arangodb,mixed_c10,85,9711379,257.8408,True,,10,read
arangodb,mixed_c10,86,9803439,261.8618,True,,10,read
arangodb,mixed_c10,87,9804298,263.3571,True,,10,read
arangodb,mixed_c10,88,9804313,266.2554,True,,10,read
arangodb,mixed_c10,89,9804343,273.4926,True,,10,read
arangodb,mixed_c10,90,9805465,264.8902,True,,10,read
arangodb,mixed_c10,91,,528.4049,True,,10,write
arangodb,mixed_c10,92,9810418,283.6618,True,,10,read
arangodb,mixed_c10,93,9811432,267.943,True,,10,read
arangodb,mixed_c10,94,9811469,268.0851,True,,10,read
arangodb,mixed_c10,95,,523.0508,True,,10,write
arangodb,mixed_c10,96,9906506,259.4944,True,,10,read
arangodb,mixed_c10,97,9907534,265.1324,True,,10,read
arangodb,mixed_c10,98,9909234,266.2005,True,,10,read
arangodb,mixed_c10,99,9909512,265.5682,True,,10,read
arangodb,mixed_c10,100,,538.1891,True,,10,write
arangodb,mixed_c10,101,,530.1418,True,,10,write
arangodb,mixed_c10,102,6217,274.5927,True,,10,read
arangodb,mixed_c10,103,7077,271.0494,True,,10,read
arangodb,mixed_c10,104,7211,259.6627,True,,10,read
arangodb,mixed_c10,105,,529.6864,True,,10,write
arangodb,mixed_c10,106,9292,264.6854,True,,10,read
arangodb,mixed_c10,107,10094,272.6501,True,,10,read
arangodb,mixed_c10,108,10180,263.7659,True,,10,read
arangodb,mixed_c10,109,12020,279.9978,True,,10,read
arangodb,mixed_c10,110,101328,266.3215,True,,10,read
arangodb,mixed_c10,111,102194,267.1559,True,,10,read
arangodb,mixed_c10,112,102318,262.3079,True,,10,read
arangodb,mixed_c10,113,104122,264.7183,True,,10,read
arangodb,mixed_c10,114,,548.49,True,,10,write
arangodb,mixed_c10,115,105349,301.5557,True,,10,read
arangodb,mixed_c10,116,106261,331.2472,True,,10,read
arangodb,mixed_c10,117,107028,322.0237,True,,10,read
arangodb,mixed_c10,118,107093,295.2693,True,,10,read
arangodb,mixed_c10,119,107295,308.5993,True,,10,read
arangodb,mixed_c10,120,108250,297.4515,True,,10,read
arangodb,mixed_c10,121,,552.1163,True,,10,write
arangodb,mixed_c10,122,109073,265.9568,True,,10,read
arangodb,mixed_c10,123,110264,265.87,True,,10,read
arangodb,mixed_c10,124,110376,298.6927,True,,10,read
arangodb,mixed_c10,125,201053,273.048,True,,10,read
arangodb,mixed_c10,126,,596.5487,True,,10,write
arangodb,mixed_c10,127,204176,294.4698,True,,10,read
arangodb,mixed_c10,128,204182,297.1548,True,,10,read
arangodb,mixed_c10,129,,588.4623,True,,10,write
arangodb,mixed_c10,130,207048,301.222,True,,10,read
arangodb,mixed_c10,131,207227,293.6987,True,,10,read
arangodb,mixed_c10,132,,536.7355,True,,10,write
arangodb,mixed_c10,133,208159,298.7413,True,,10,read
arangodb,mixed_c10,134,209058,329.6974,True,,10,read
arangodb,mixed_c10,135,209108,313.6295,True,,10,read
arangodb,mixed_c10,136,210254,301.8585,True,,10,read
arangodb,mixed_c10,137,302080,261.5414,True,,10,read
arangodb,mixed_c10,138,,540.3781,True,,10,write
arangodb,mixed_c10,139,9304275,271.0833,True,,10,read
arangodb,mixed_c10,140,9305258,264.1282,True,,10,read
arangodb,mixed_c10,141,9306241,264.403,True,,10,read
arangodb,mixed_c10,142,9307320,275.3901,True,,10,read
arangodb,mixed_c10,143,9309220,282.006,True,,10,read
arangodb,mixed_c10,144,9309273,269.5552,True,,10,read
arangodb,mixed_c10,145,,554.2425,True,,10,write
arangodb,mixed_c10,146,9310213,272.3297,True,,10,read
arangodb,mixed_c10,147,9311240,268.2114,True,,10,read
arangodb,mixed_c10,148,9401244,270.1366,True,,10,read
arangodb,mixed_c10,149,9401326,267.0823,True,,10,read
arangodb,mixed_c10,150,9403260,263.0027,True,,10,read
arangodb,mixed_c10,151,9403269,264.7078,True,,10,read
arangodb,mixed_c10,152,9407272,278.6753,True,,10,read
arangodb,mixed_c10,153,9407278,275.2784,True,,10,read
arangodb,mixed_c10,154,,531.06,True,,10,write
arangodb,mixed_c10,155,,526.8301,True,,10,write
arangodb,mixed_c10,156,,532.5016,True,,10,write
arangodb,mixed_c10,157,9501376,270.2231,True,,10,read
arangodb,mixed_c10,158,9502306,268.9455,True,,10,read
arangodb,mixed_c10,159,9502360,265.1813,True,,10,read
arangodb,mixed_c10,160,9503294,264.3746,True,,10,read
arangodb,mixed_c10,161,9504347,277.0656,True,,10,read
arangodb,mixed_c10,162,9505303,268.2485,True,,10,read
arangodb,mixed_c10,163,9505310,274.6397,True,,10,read
arangodb,mixed_c10,164,9505324,985.7154,True,,10,read
arangodb,mixed_c10,165,9508299,264.3872,True,,10,read
arangodb,mixed_c10,166,9509349,264.3876,True,,10,read
arangodb,mixed_c10,167,9603367,263.5894,True,,10,read
arangodb,mixed_c10,168,9603420,264.3557,True,,10,read
arangodb,mixed_c10,169,9606252,273.5309,True,,10,read
arangodb,mixed_c10,170,,563.0539,True,,10,write
arangodb,mixed_c10,171,9609470,268.2928,True,,10,read
arangodb,mixed_c10,172,9610393,262.7201,True,,10,read
arangodb,mixed_c10,173,9701246,267.2982,True,,10,read
arangodb,mixed_c10,174,9702270,266.649,True,,10,read
arangodb,mixed_c10,175,9703209,264.3839,True,,10,read
arangodb,mixed_c10,176,9703232,265.7684,True,,10,read
arangodb,mixed_c10,177,9703423,259.8608,True,,10,read
arangodb,mixed_c10,178,9705262,297.4422,True,,10,read
arangodb,mixed_c10,179,,605.0032,True,,10,write
arangodb,mixed_c10,180,9707250,272.6485,True,,10,read
arangodb,mixed_c10,181,,560.632,True,,10,write
arangodb,mixed_c10,182,,567.5054,True,,10,write
arangodb,mixed_c10,183,,580.0935,True,,10,write
arangodb,mixed_c10,184,9711261,268.1926,True,,10,read
arangodb,mixed_c10,185,9711379,347.3226,True,,10,read
arangodb,mixed_c10,186,,583.5608,True,,10,write
arangodb,mixed_c10,187,9804298,307.4006,True,,10,read
arangodb,mixed_c10,188,9804313,308.9139,True,,10,read
arangodb,mixed_c10,189,9804343,300.3825,True,,10,read
arangodb,mixed_c10,190,9805465,303.0512,True,,10,read
arangodb,mixed_c10,191,9809529,310.8221,True,,10,read
arangodb,mixed_c10,192,9810418,308.4078,True,,10,read
arangodb,mixed_c10,193,,571.3926,True,,10,write
arangodb,mixed_c10,194,9811469,285.585,True,,10,read
arangodb,mixed_c10,195,9812342,287.4143,True,,10,read
arangodb,mixed_c10,196,9906506,264.3912,True,,10,read
arangodb,mixed_c10,197,9907534,271.1224,True,,10,read
arangodb,mixed_c10,198,9909234,272.5051,True,,10,read
arangodb,mixed_c10,199,9909512,270.9489,True,,10,read
arangodb,mixed_c10,200,2106,262.8361,True,,10,read
arangodb,mixed_c10,201,6114,272.8793,True,,10,read
arangodb,mixed_c10,202,6217,272.769,True,,10,read
arangodb,mixed_c10,203,7077,283.4566,True,,10,read
arangodb,mixed_c10,204,,545.9745,True,,10,write
arangodb,mixed_c10,205,7232,265.9575,True,,10,read
arangodb,mixed_c10,206,9292,267.7671,True,,10,read
arangodb,mixed_c10,207,10094,267.6251,True,,10,read
arangodb,mixed_c10,208,10180,267.8629,True,,10,read
arangodb,mixed_c10,209,,525.0309,True,,10,write
arangodb,mixed_c10,210,,515.0207,True,,10,write
arangodb,mixed_c10,211,102194,265.6106,True,,10,read
arangodb,mixed_c10,212,102318,266.8548,True,,10,read
arangodb,mixed_c10,213,104122,265.3969,True,,10,read
arangodb,mixed_c10,214,104187,264.6119,True,,10,read
arangodb,mixed_c10,215,,560.1581,True,,10,write
arangodb,mixed_c10,216,106261,291.009,True,,10,read
arangodb,mixed_c10,217,107028,287.8108,True,,10,read
arangodb,mixed_c10,218,107093,258.8032,True,,10,read
arangodb,mixed_c10,219,107295,263.0819,True,,10,read
arangodb,mixed_c10,220,108250,270.5402,True,,10,read
arangodb,mixed_c10,221,109054,270.4277,True,,10,read
arangodb,mixed_c10,222,109073,264.2839,True,,10,read
arangodb,mixed_c10,223,,544.4115,True,,10,write
arangodb,mixed_c10,224,110376,266.7095,True,,10,read
arangodb,mixed_c10,225,,525.7505,True,,10,write
arangodb,mixed_c10,226,204096,261.7686,True,,10,read
arangodb,mixed_c10,227,204176,260.373,True,,10,read
arangodb,mixed_c10,228,204182,263.6059,True,,10,read
arangodb,mixed_c10,229,205038,275.4755,True,,10,read
arangodb,mixed_c10,230,207048,267.2257,True,,10,read
arangodb,mixed_c10,231,207227,266.0246,True,,10,read
arangodb,mixed_c10,232,,607.5572,True,,10,write
arangodb,mixed_c10,233,,614.7671,True,,10,write
arangodb,mixed_c10,234,209058,261.4617,True,,10,read
arangodb,mixed_c10,235,,535.5699,True,,10,write
arangodb,mixed_c10,236,,597.6753,True,,10,write
arangodb,mixed_c10,237,,590.6314,True,,10,write
arangodb,mixed_c10,238,9208245,308.2833,True,,10,read
arangodb,mixed_c10,239,9304275,283.8509,True,,10,read
arangodb,mixed_c10,240,9305258,345.7756,True,,10,read
arangodb,mixed_c10,241,9306241,314.7006,True,,10,read
arangodb,mixed_c10,242,9307320,290.9569,True,,10,read
arangodb,mixed_c10,243,,547.633,True,,10,write
arangodb,mixed_c10,244,9309273,284.8192,True,,10,read
arangodb,mixed_c10,245,9309293,299.7456,True,,10,read
arangodb,mixed_c10,246,,517.8029,True,,10,write
arangodb,mixed_c10,247,9311240,272.8126,True,,10,read
arangodb,mixed_c10,248,9401244,290.7358,True,,10,read
arangodb,mixed_c10,249,9401326,284.298,True,,10,read
arangodb,mixed_c10,250,9403260,284.1127,True,,10,read
arangodb,mixed_c10,251,9403269,327.7845,True,,10,read
arangodb,mixed_c10,252,9407272,319.8468,True,,10,read
arangodb,mixed_c10,253,9407278,309.9873,True,,10,read
arangodb,mixed_c10,254,9407401,264.4399,True,,10,read
arangodb,mixed_c10,255,,527.6325,True,,10,write
arangodb,mixed_c10,256,9501350,272.176,True,,10,read
arangodb,mixed_c10,257,9501376,274.5437,True,,10,read
arangodb,mixed_c10,258,9502306,271.4086,True,,10,read
arangodb,mixed_c10,259,9502360,266.5111,True,,10,read
arangodb,mixed_c10,260,9503294,271.5096,True,,10,read
arangodb,mixed_c10,261,9504347,276.5884,True,,10,read
arangodb,mixed_c10,262,9505303,268.1295,True,,10,read
arangodb,mixed_c10,263,9505310,259.2907,True,,10,read
arangodb,mixed_c10,264,9505324,264.2168,True,,10,read
arangodb,mixed_c10,265,9508299,265.1654,True,,10,read
arangodb,mixed_c10,266,9509349,270.3398,True,,10,read
arangodb,mixed_c10,267,9603367,264.3373,True,,10,read
arangodb,mixed_c10,268,9603420,267.6601,True,,10,read
arangodb,mixed_c10,269,9606252,268.6296,True,,10,read
arangodb,mixed_c10,270,,537.9861,True,,10,write
arangodb,mixed_c10,271,9609470,267.2267,True,,10,read
arangodb,mixed_c10,272,9610393,260.8855,True,,10,read
arangodb,mixed_c10,273,9701246,264.0237,True,,10,read
arangodb,mixed_c10,274,,526.0005,True,,10,write
arangodb,mixed_c10,275,9703209,260.9084,True,,10,read
arangodb,mixed_c10,276,9703232,268.8692,True,,10,read
arangodb,mixed_c10,277,9703423,270.0793,True,,10,read
arangodb,mixed_c10,278,,529.4424,True,,10,write
arangodb,mixed_c10,279,9706541,270.1986,True,,10,read
arangodb,mixed_c10,280,9707250,270.8653,True,,10,read
arangodb,mixed_c10,281,9707282,260.8126,True,,10,read
arangodb,mixed_c10,282,9707295,263.0339,True,,10,read
arangodb,mixed_c10,283,9710376,259.6411,True,,10,read
arangodb,mixed_c10,284,9711261,267.4378,True,,10,read
arangodb,mixed_c10,285,9711379,266.2895,True,,10,read
arangodb,mixed_c10,286,9803439,267.134,True,,10,read
arangodb,mixed_c10,287,9804298,268.7267,True,,10,read
arangodb,mixed_c10,288,9804313,267.9443,True,,10,read
arangodb,mixed_c10,289,9804343,260.6746,True,,10,read
arangodb,mixed_c10,290,9805465,263.5785,True,,10,read
arangodb,mixed_c10,291,9809529,263.9551,True,,10,read
arangodb,mixed_c10,292,9810418,261.5546,True,,10,read
arangodb,mixed_c10,293,9811432,270.5427,True,,10,read
arangodb,mixed_c10,294,9811469,264.0222,True,,10,read
arangodb,mixed_c10,295,9812342,265.6793,True,,10,read
arangodb,mixed_c10,296,9906506,319.9061,True,,10,read
arangodb,mixed_c10,297,9907534,317.1162,True,,10,read
arangodb,mixed_c10,298,,610.6823,True,,10,write
arangodb,mixed_c10,299,9909512,335.6329,True,,10,read
arangodb,mixed_c10,300,2106,309.7892,True,,10,read
arangodb,mixed_c10,301,6114,296.7555,True,,10,read
arangodb,mixed_c10,302,6217,282.8715,True,,10,read
arangodb,mixed_c10,303,7077,354.271,True,,10,read
arangodb,mixed_c10,304,7211,345.8866,True,,10,read
arangodb,mixed_c10,305,7232,323.6502,True,,10,read
arangodb,mixed_c10,306,9292,304.9684,True,,10,read
arangodb,mixed_c10,307,10094,306.1017,True,,10,read
arangodb,mixed_c10,308,10180,303.6527,True,,10,read
arangodb,mixed_c10,309,12020,305.5404,True,,10,read
arangodb,mixed_c10,310,101328,297.2665,True,,10,read
arangodb,mixed_c10,311,102194,284.5859,True,,10,read
arangodb,mixed_c10,312,102318,301.723,True,,10,read
arangodb,mixed_c10,313,104122,299.5689,True,,10,read
arangodb,mixed_c10,314,104187,297.5957,True,,10,read
arangodb,mixed_c10,315,105349,300.9311,True,,10,read
arangodb,mixed_c10,316,106261,304.2386,True,,10,read
arangodb,mixed_c10,317,,591.326,True,,10,write
arangodb,mixed_c10,318,107093,305.0544,True,,10,read
arangodb,mixed_c10,319,107295,297.1053,True,,10,read
arangodb,mixed_c10,320,108250,308.8994,True,,10,read
arangodb,mixed_c10,321,,566.2055,True,,10,write
arangodb,mixed_c10,322,,538.3614,True,,10,write
arangodb,mixed_c10,323,110264,301.2985,True,,10,read
arangodb,mixed_c10,324,110376,292.8979,True,,10,read
arangodb,mixed_c10,325,,524.823,True,,10,write
arangodb,mixed_c10,326,204096,294.6887,True,,10,read
arangodb,mixed_c10,327,204176,284.1964,True,,10,read
arangodb,mixed_c10,328,204182,263.6034,True,,10,read
arangodb,mixed_c10,329,,532.5726,True,,10,write
arangodb,mixed_c10,330,,526.8617,True,,10,write
arangodb,mixed_c10,331,207227,266.8473,True,,10,read
arangodb,mixed_c10,332,208138,269.2823,True,,10,read
arangodb,mixed_c10,333,208159,270.1251,True,,10,read
arangodb,mixed_c10,334,,514.8186,True,,10,write
arangodb,mixed_c10,335,209108,274.9275,True,,10,read
arangodb,mixed_c10,336,210254,261.4995,True,,10,read
arangodb,mixed_c10,337,302080,266.4098,True,,10,read
arangodb,mixed_c10,338,9208245,265.6966,True,,10,read
arangodb,mixed_c10,339,,524.8261,True,,10,write
arangodb,mixed_c10,340,9305258,267.7309,True,,10,read
arangodb,mixed_c10,341,9306241,267.8655,True,,10,read
arangodb,mixed_c10,342,9307320,265.0497,True,,10,read
arangodb,mixed_c10,343,9309220,268.7653,True,,10,read
arangodb,mixed_c10,344,9309273,270.068,True,,10,read
arangodb,mixed_c10,345,,533.5673,True,,10,write
arangodb,mixed_c10,346,,572.2417,True,,10,write
arangodb,mixed_c10,347,9311240,266.5105,True,,10,read
arangodb,mixed_c10,348,9401244,273.939,True,,10,read
arangodb,mixed_c10,349,9401326,266.2533,True,,10,read
arangodb,mixed_c10,350,9403260,259.6583,True,,10,read
arangodb,mixed_c10,351,9403269,260.8655,True,,10,read
arangodb,mixed_c10,352,9407272,268.9484,True,,10,read
arangodb,mixed_c10,353,9407278,268.5046,True,,10,read
arangodb,mixed_c10,354,9407401,299.5772,True,,10,read
arangodb,mixed_c10,355,9501227,356.1409,True,,10,read
arangodb,mixed_c10,356,9501350,303.8806,True,,10,read
arangodb,mixed_c10,357,,589.1298,True,,10,write
arangodb,mixed_c10,358,9502306,262.9103,True,,10,read
arangodb,mixed_c10,359,9502360,326.8083,True,,10,read
arangodb,mixed_c10,360,9503294,320.2999,True,,10,read
arangodb,mixed_c10,361,9504347,314.3665,True,,10,read
arangodb,mixed_c10,362,9505303,270.4858,True,,10,read
arangodb,mixed_c10,363,9505310,297.8369,True,,10,read
arangodb,mixed_c10,364,,531.7918,True,,10,write
arangodb,mixed_c10,365,9508299,303.5254,True,,10,read
arangodb,mixed_c10,366,,601.4026,True,,10,write
arangodb,mixed_c10,367,,591.9814,True,,10,write
arangodb,mixed_c10,368,9603420,301.325,True,,10,read
arangodb,mixed_c10,369,9606252,306.3756,True,,10,read
arangodb,mixed_c10,370,9609217,298.4698,True,,10,read
arangodb,mixed_c10,371,,592.4172,True,,10,write
arangodb,mixed_c10,372,,600.1039,True,,10,write
arangodb,mixed_c10,373,9701246,305.7569,True,,10,read
arangodb,mixed_c10,374,9702270,290.9295,True,,10,read
arangodb,mixed_c10,375,9703209,307.4899,True,,10,read
arangodb,mixed_c10,376,9703232,264.2037,True,,10,read
arangodb,mixed_c10,377,9703423,286.6136,True,,10,read
arangodb,mixed_c10,378,9705262,273.7297,True,,10,read
arangodb,mixed_c10,379,9706541,279.9519,True,,10,read
arangodb,mixed_c10,380,9707250,278.7314,True,,10,read
arangodb,mixed_c10,381,9707282,279.1777,True,,10,read
arangodb,mixed_c10,382,9707295,266.1707,True,,10,read
arangodb,mixed_c10,383,9710376,265.6307,True,,10,read
arangodb,mixed_c10,384,9711261,263.1195,True,,10,read
arangodb,mixed_c10,385,9711379,284.4639,True,,10,read
arangodb,mixed_c10,386,9803439,273.594,True,,10,read
arangodb,mixed_c10,387,9804298,280.1473,True,,10,read
arangodb,mixed_c10,388,9804313,264.6605,True,,10,read
arangodb,mixed_c10,389,9804343,263.9988,True,,10,read
arangodb,mixed_c10,390,,545.7179,True,,10,write
arangodb,mixed_c10,391,9809529,269.2166,True,,10,read
arangodb,mixed_c10,392,9810418,269.6417,True,,10,read
arangodb,mixed_c10,393,9811432,262.7065,True,,10,read
arangodb,mixed_c10,394,,517.9157,True,,10,write
arangodb,mixed_c10,395,9812342,264.4519,True,,10,read
arangodb,mixed_c10,396,9906506,275.6982,True,,10,read
arangodb,mixed_c10,397,9907534,266.9675,True,,10,read
arangodb,mixed_c10,398,9909234,264.5873,True,,10,read
arangodb,mixed_c10,399,9909512,259.0607,True,,10,read
arangodb,mixed_c10,400,2106,277.4576,True,,10,read
arangodb,mixed_c10,401,6114,278.4945,True,,10,read
arangodb,mixed_c10,402,6217,266.2496,True,,10,read
arangodb,mixed_c10,403,7077,267.2717,True,,10,read
arangodb,mixed_c10,404,7211,279.6764,True,,10,read
arangodb,mixed_c10,405,7232,276.6892,True,,10,read
arangodb,mixed_c10,406,,526.1932,True,,10,write
arangodb,mixed_c10,407,,596.8666,True,,10,write
arangodb,mixed_c10,408,10180,272.2193,True,,10,read
arangodb,mixed_c10,409,12020,272.3345,True,,10,read
arangodb,mixed_c10,410,101328,271.5299,True,,10,read
arangodb,mixed_c10,411,102194,264.4954,True,,10,read
arangodb,mixed_c10,412,102318,259.4829,True,,10,read
arangodb,mixed_c10,413,104122,262.611,True,,10,read
arangodb,mixed_c10,414,,569.2498,True,,10,write
arangodb,mixed_c10,415,105349,269.1729,True,,10,read
arangodb,mixed_c10,416,106261,315.4356,True,,10,read
arangodb,mixed_c10,417,107028,315.6528,True,,10,read
arangodb,mixed_c10,418,107093,302.4252,True,,10,read
arangodb,mixed_c10,419,107295,274.0998,True,,10,read
arangodb,mixed_c10,420,108250,359.3529,True,,10,read
arangodb,mixed_c10,421,109054,326.6561,True,,10,read
arangodb,mixed_c10,422,109073,301.097,True,,10,read
arangodb,mixed_c10,423,110264,343.3307,True,,10,read
arangodb,mixed_c10,424,,559.8383,True,,10,write
arangodb,mixed_c10,425,201053,297.4797,True,,10,read
arangodb,mixed_c10,426,204096,301.8143,True,,10,read
arangodb,mixed_c10,427,204176,304.9707,True,,10,read
arangodb,mixed_c10,428,204182,287.8656,True,,10,read
arangodb,mixed_c10,429,205038,305.7603,True,,10,read
arangodb,mixed_c10,430,207048,299.408,True,,10,read
arangodb,mixed_c10,431,207227,300.9804,True,,10,read
arangodb,mixed_c10,432,,546.376,True,,10,write
arangodb,mixed_c10,433,208159,267.0744,True,,10,read
arangodb,mixed_c10,434,209058,306.0513,True,,10,read
arangodb,mixed_c10,435,209108,307.7989,True,,10,read
arangodb,mixed_c10,436,210254,300.9936,True,,10,read
arangodb,mixed_c10,437,,568.6013,True,,10,write
arangodb,mixed_c10,438,,577.8911,True,,10,write
arangodb,mixed_c10,439,9304275,297.1139,True,,10,read
arangodb,mixed_c10,440,,574.2969,True,,10,write
arangodb,mixed_c10,441,9306241,333.0668,True,,10,read
arangodb,mixed_c10,442,9307320,260.3367,True,,10,read
arangodb,mixed_c10,443,9309220,275.2952,True,,10,read
arangodb,mixed_c10,444,9309273,279.673,True,,10,read
arangodb,mixed_c10,445,9309293,266.3181,True,,10,read
arangodb,mixed_c10,446,9310213,260.8665,True,,10,read
arangodb,mixed_c10,447,9311240,275.0857,True,,10,read
arangodb,mixed_c10,448,9401244,267.0077,True,,10,read
arangodb,mixed_c10,449,9401326,274.0026,True,,10,read
arangodb,mixed_c10,450,9403260,274.4495,True,,10,read
arangodb,mixed_c10,451,9403269,277.9592,True,,10,read
arangodb,mixed_c10,452,9407272,276.9933,True,,10,read
arangodb,mixed_c10,453,9407278,267.252,True,,10,read
arangodb,mixed_c10,454,9407401,260.6559,True,,10,read
arangodb,mixed_c10,455,9501227,279.1767,True,,10,read
arangodb,mixed_c10,456,9501350,268.2265,True,,10,read
arangodb,mixed_c10,457,9501376,268.8487,True,,10,read
arangodb,mixed_c10,458,9502306,270.7836,True,,10,read
arangodb,mixed_c10,459,,520.1751,True,,10,write
arangodb,mixed_c10,460,,553.6188,True,,10,write
arangodb,mixed_c10,461,,557.8559,True,,10,write
arangodb,mixed_c10,462,9505303,281.4288,True,,10,read
arangodb,mixed_c10,463,9505310,271.6007,True,,10,read
arangodb,mixed_c10,464,9505324,261.1198,True,,10,read
arangodb,mixed_c10,465,9508299,271.7801,True,,10,read
arangodb,mixed_c10,466,9509349,277.7395,True,,10,read
arangodb,mixed_c10,467,,545.4418,True,,10,write
arangodb,mixed_c10,468,,561.6079,True,,10,write
arangodb,mixed_c10,469,9606252,288.8069,True,,10,read
arangodb,mixed_c10,470,9609217,265.4322,True,,10,read
arangodb,mixed_c10,471,,553.4108,True,,10,write
arangodb,mixed_c10,472,,579.0891,True,,10,write
arangodb,mixed_c10,473,9701246,274.4148,True,,10,read
arangodb,mixed_c10,474,9702270,292.0552,True,,10,read
arangodb,mixed_c10,475,9703209,299.1184,True,,10,read
arangodb,mixed_c10,476,9703232,299.6887,True,,10,read
arangodb,mixed_c10,477,9703423,283.742,True,,10,read
arangodb,mixed_c10,478,,572.1944,True,,10,write
arangodb,mixed_c10,479,,602.0652,True,,10,write
arangodb,mixed_c10,480,9707250,302.8704,True,,10,read
arangodb,mixed_c10,481,9707282,300.1596,True,,10,read
arangodb,mixed_c10,482,9707295,298.647,True,,10,read
arangodb,mixed_c10,483,9710376,307.0548,True,,10,read
arangodb,mixed_c10,484,9711261,312.2633,True,,10,read
arangodb,mixed_c10,485,,601.0673,True,,10,write
arangodb,mixed_c10,486,9803439,301.313,True,,10,read
arangodb,mixed_c10,487,9804298,267.5444,True,,10,read
arangodb,mixed_c10,488,9804313,294.0705,True,,10,read
arangodb,mixed_c10,489,9804343,303.9778,True,,10,read
arangodb,mixed_c10,490,9805465,296.3972,True,,10,read
arangodb,mixed_c10,491,9809529,307.1543,True,,10,read
arangodb,mixed_c10,492,,572.2693,True,,10,write
arangodb,mixed_c10,493,9811432,304.2924,True,,10,read
arangodb,mixed_c10,494,9811469,285.6305,True,,10,read
arangodb,mixed_c10,495,9812342,333.3021,True,,10,read
arangodb,mixed_c10,496,,577.7022,True,,10,write
arangodb,mixed_c10,497,9907534,307.3968,True,,10,read
arangodb,mixed_c10,498,,516.8972,True,,10,write
arangodb,mixed_c10,499,9909512,298.4412,True,,10,read
arangodb,mixed_c10,500,2106,287.1405,True,,10,read
arangodb,mixed_c10,501,6114,276.4348,True,,10,read
arangodb,mixed_c10,502,6217,285.8739,True,,10,read
arangodb,mixed_c10,503,7077,275.4525,True,,10,read
arangodb,mixed_c10,504,,522.322,True,,10,write
arangodb,mixed_c10,505,7232,272.4618,True,,10,read
arangodb,mixed_c10,506,,523.9445,True,,10,write
arangodb,mixed_c10,507,10094,268.2045,True,,10,read
arangodb,mixed_c10,508,10180,272.9965,True,,10,read
arangodb,mixed_c10,509,,529.0319,True,,10,write
arangodb,mixed_c10,510,101328,275.1027,True,,10,read
arangodb,mixed_c10,511,102194,268.5224,True,,10,read
arangodb,mixed_c10,512,102318,268.107,True,,10,read
arangodb,mixed_c10,513,104122,268.9088,True,,10,read
arangodb,mixed_c10,514,,517.3902,True,,10,write
arangodb,mixed_c10,515,,518.075,True,,10,write
arangodb,mixed_c10,516,,530.1636,True,,10,write
arangodb,mixed_c10,517,107028,268.1493,True,,10,read
arangodb,mixed_c10,518,107093,267.6961,True,,10,read
arangodb,mixed_c10,519,107295,263.8457,True,,10,read
arangodb,mixed_c10,520,108250,269.4975,True,,10,read
arangodb,mixed_c10,521,,536.9132,True,,10,write
arangodb,mixed_c10,522,109073,264.3499,True,,10,read
arangodb,mixed_c10,523,,531.0551,True,,10,write
arangodb,mixed_c10,524,110376,275.0843,True,,10,read
arangodb,mixed_c10,525,201053,267.4511,True,,10,read
arangodb,mixed_c10,526,204096,263.7855,True,,10,read
arangodb,mixed_c10,527,204176,268.7079,True,,10,read
arangodb,mixed_c10,528,204182,262.7176,True,,10,read
arangodb,mixed_c10,529,205038,309.9702,True,,10,read
arangodb,mixed_c10,530,207048,335.174,True,,10,read
arangodb,mixed_c10,531,207227,326.1233,True,,10,read
arangodb,mixed_c10,532,208138,302.639,True,,10,read
arangodb,mixed_c10,533,208159,302.777,True,,10,read
arangodb,mixed_c10,534,,650.7543,True,,10,write
arangodb,mixed_c10,535,209108,317.494,True,,10,read
arangodb,mixed_c10,536,210254,310.7528,True,,10,read
arangodb,mixed_c10,537,302080,312.5473,True,,10,read
arangodb,mixed_c10,538,9208245,300.2825,True,,10,read
arangodb,mixed_c10,539,9304275,263.8242,True,,10,read
arangodb,mixed_c10,540,9305258,304.0166,True,,10,read
arangodb,mixed_c10,541,,597.0321,True,,10,write
arangodb,mixed_c10,542,9307320,303.3353,True,,10,read
arangodb,mixed_c10,543,9309220,303.5637,True,,10,read
arangodb,mixed_c10,544,9309273,309.6604,True,,10,read
arangodb,mixed_c10,545,9309293,303.1043,True,,10,read
arangodb,mixed_c10,546,9310213,290.2521,True,,10,read
arangodb,mixed_c10,547,9311240,300.2357,True,,10,read
arangodb,mixed_c10,548,9401244,263.0049,True,,10,read
arangodb,mixed_c10,549,9401326,305.0121,True,,10,read
arangodb,mixed_c10,550,9403260,292.7393,True,,10,read
arangodb,mixed_c10,551,,535.2359,True,,10,write
arangodb,mixed_c10,552,9407272,314.6596,True,,10,read
arangodb,mixed_c10,553,9407278,302.9032,True,,10,read
arangodb,mixed_c10,554,9407401,302.2167,True,,10,read
arangodb,mixed_c10,555,9501227,288.1725,True,,10,read
arangodb,mixed_c10,556,9501350,340.3486,True,,10,read
arangodb,mixed_c10,557,9501376,322.0772,True,,10,read
arangodb,mixed_c10,558,9502306,311.2569,True,,10,read
arangodb,mixed_c10,559,9502360,300.4954,True,,10,read
arangodb,mixed_c10,560,9503294,299.7567,True,,10,read
arangodb,mixed_c10,561,9504347,300.6731,True,,10,read
arangodb,mixed_c10,562,9505303,304.8043,True,,10,read
arangodb,mixed_c10,563,9505310,296.667,True,,10,read
arangodb,mixed_c10,564,9505324,311.3002,True,,10,read
arangodb,mixed_c10,565,9508299,322.0458,True,,10,read
arangodb,mixed_c10,566,9509349,317.984,True,,10,read
arangodb,mixed_c10,567,9603367,263.8049,True,,10,read
arangodb,mixed_c10,568,9603420,323.1193,True,,10,read
arangodb,mixed_c10,569,9606252,330.1296,True,,10,read
arangodb,mixed_c10,570,9609217,322.9492,True,,10,read
arangodb,mixed_c10,571,9609470,300.5545,True,,10,read
arangodb,mixed_c10,572,9610393,309.5996,True,,10,read
arangodb,mixed_c10,573,9701246,304.1106,True,,10,read
arangodb,mixed_c10,574,9702270,313.4367,True,,10,read
arangodb,mixed_c10,575,9703209,262.3994,True,,10,read
arangodb,mixed_c10,576,9703232,270.957,True,,10,read
arangodb,mixed_c10,577,9703423,262.8648,True,,10,read
arangodb,mixed_c10,578,9705262,265.833,True,,10,read
arangodb,mixed_c10,579,9706541,269.3174,True,,10,read
arangodb,mixed_c10,580,9707250,270.6257,True,,10,read
arangodb,mixed_c10,581,9707282,260.2253,True,,10,read
arangodb,mixed_c10,582,,535.0233,True,,10,write
arangodb,mixed_c10,583,9710376,267.2967,True,,10,read
arangodb,mixed_c10,584,,568.0237,True,,10,write
arangodb,mixed_c10,585,9711379,261.9977,True,,10,read
arangodb,mixed_c10,586,9803439,272.7932,True,,10,read
arangodb,mixed_c10,587,9804298,265.1844,True,,10,read
arangodb,mixed_c10,588,9804313,266.7733,True,,10,read
arangodb,mixed_c10,589,9804343,275.7371,True,,10,read
arangodb,mixed_c10,590,9805465,269.0594,True,,10,read
arangodb,mixed_c10,591,9809529,263.9546,True,,10,read
arangodb,mixed_c10,592,,540.1784,True,,10,write
arangodb,mixed_c10,593,,560.8343,True,,10,write
arangodb,mixed_c10,594,,626.8953,True,,10,write
arangodb,mixed_c10,595,9812342,326.3316,True,,10,read
arangodb,mixed_c10,596,9906506,341.0635,True,,10,read
arangodb,mixed_c10,597,9907534,326.5472,True,,10,read
arangodb,mixed_c10,598,9909234,333.4865,True,,10,read
arangodb,mixed_c10,599,9909512,272.276,True,,10,read
arangodb,mixed_c10,600,,559.6043,True,,10,write
arangodb,mixed_c10,601,6114,296.0534,True,,10,read
arangodb,mixed_c10,602,6217,301.8647,True,,10,read
arangodb,mixed_c10,603,7077,321.4124,True,,10,read
arangodb,mixed_c10,604,7211,303.2556,True,,10,read
arangodb,mixed_c10,605,,604.5138,True,,10,write
arangodb,mixed_c10,606,9292,288.5753,True,,10,read
arangodb,mixed_c10,607,10094,285.0034,True,,10,read
arangodb,mixed_c10,608,10180,302.9361,True,,10,read
arangodb,mixed_c10,609,12020,295.3714,True,,10,read
arangodb,mixed_c10,610,101328,299.9083,True,,10,read
arangodb,mixed_c10,611,,523.0065,True,,10,write
arangodb,mixed_c10,612,102318,308.9265,True,,10,read
arangodb,mixed_c10,613,,608.5998,True,,10,write
arangodb,mixed_c10,614,104187,303.1727,True,,10,read
arangodb,mixed_c10,615,105349,286.8128,True,,10,read
arangodb,mixed_c10,616,106261,297.4049,True,,10,read
arangodb,mixed_c10,617,107028,305.9999,True,,10,read
arangodb,mixed_c10,618,,561.8897,True,,10,write
arangodb,mixed_c10,619,107295,299.6474,True,,10,read
arangodb,mixed_c10,620,108250,303.9685,True,,10,read
arangodb,mixed_c10,621,109054,302.3959,True,,10,read
arangodb,mixed_c10,622,109073,315.9739,True,,10,read
arangodb,mixed_c10,623,110264,294.3184,True,,10,read
arangodb,mixed_c10,624,110376,303.2582,True,,10,read
arangodb,mixed_c10,625,201053,265.5089,True,,10,read
arangodb,mixed_c10,626,204096,262.4945,True,,10,read
arangodb,mixed_c10,627,204176,265.1664,True,,10,read
arangodb,mixed_c10,628,204182,360.5931,True,,10,read
arangodb,mixed_c10,629,205038,375.5482,True,,10,read
arangodb,mixed_c10,630,207048,383.3079,True,,10,read
arangodb,mixed_c10,631,207227,366.6241,True,,10,read
arangodb,mixed_c10,632,208138,368.2046,True,,10,read
arangodb,mixed_c10,633,,660.036,True,,10,write
arangodb,mixed_c10,634,209058,309.1033,True,,10,read
arangodb,mixed_c10,635,209108,307.2799,True,,10,read
arangodb,mixed_c10,636,210254,278.4577,True,,10,read
arangodb,mixed_c10,637,302080,264.2129,True,,10,read
arangodb,mixed_c10,638,9208245,294.7582,True,,10,read
arangodb,mixed_c10,639,9304275,310.8103,True,,10,read
arangodb,mixed_c10,640,9305258,304.591,True,,10,read
arangodb,mixed_c10,641,9306241,288.1623,True,,10,read
arangodb,mixed_c10,642,9307320,302.8375,True,,10,read
arangodb,mixed_c10,643,9309220,284.7644,True,,10,read
arangodb,mixed_c10,644,,635.2521,True,,10,write
arangodb,mixed_c10,645,,624.9576,True,,10,write
arangodb,mixed_c10,646,9310213,268.7942,True,,10,read
arangodb,mixed_c10,647,9311240,340.3881,True,,10,read
arangodb,mixed_c10,648,,645.8543,True,,10,write
arangodb,mixed_c10,649,9401326,341.287,True,,10,read
arangodb,mixed_c10,650,,637.4265,True,,10,write
arangodb,mixed_c10,651,9403269,347.8186,True,,10,read
arangodb,mixed_c10,652,,615.9027,True,,10,write
arangodb,mixed_c10,653,9407278,328.839,True,,10,read
arangodb,mixed_c10,654,9407401,339.3332,True,,10,read
arangodb,mixed_c10,655,9501227,301.5905,True,,10,read
arangodb,mixed_c10,656,9501350,314.1622,True,,10,read
arangodb,mixed_c10,657,,587.8481,True,,10,write
arangodb,mixed_c10,658,9502306,387.4843,True,,10,read
arangodb,mixed_c10,659,9502360,307.0305,True,,10,read
arangodb,mixed_c10,660,9503294,373.631,True,,10,read
arangodb,mixed_c10,661,,588.0711,True,,10,write
arangodb,mixed_c10,662,9505303,302.7221,True,,10,read
arangodb,mixed_c10,663,,594.1713,True,,10,write
arangodb,mixed_c10,664,9505324,302.1657,True,,10,read
arangodb,mixed_c10,665,9508299,302.8799,True,,10,read
arangodb,mixed_c10,666,9509349,297.5185,True,,10,read
arangodb,mixed_c10,667,,571.654,True,,10,write
arangodb,mixed_c10,668,,597.1551,True,,10,write
arangodb,mixed_c10,669,9606252,297.0897,True,,10,read
arangodb,mixed_c10,670,,582.6867,True,,10,write
arangodb,mixed_c10,671,9609470,306.055,True,,10,read
arangodb,mixed_c10,672,9610393,299.1351,True,,10,read
arangodb,mixed_c10,673,,588.0473,True,,10,write
arangodb,mixed_c10,674,9702270,293.7434,True,,10,read
arangodb,mixed_c10,675,9703209,295.1174,True,,10,read
arangodb,mixed_c10,676,9703232,299.3215,True,,10,read
arangodb,mixed_c10,677,9703423,276.7345,True,,10,read
arangodb,mixed_c10,678,9705262,273.5549,True,,10,read
arangodb,mixed_c10,679,,627.3455,True,,10,write
arangodb,mixed_c10,680,,618.4049,True,,10,write
arangodb,mixed_c10,681,,611.0616,True,,10,write
arangodb,mixed_c10,682,9707295,278.1571,True,,10,read
arangodb,mixed_c10,683,9710376,265.8421,True,,10,read
arangodb,mixed_c10,684,9711261,266.4955,True,,10,read
arangodb,mixed_c10,685,,670.3321,True,,10,write
arangodb,mixed_c10,686,9803439,333.821,True,,10,read
arangodb,mixed_c10,687,,650.1432,True,,10,write
arangodb,mixed_c10,688,9804313,318.8773,True,,10,read
arangodb,mixed_c10,689,9804343,317.7222,True,,10,read
arangodb,mixed_c10,690,9805465,289.7622,True,,10,read
arangodb,mixed_c10,691,,569.223,True,,10,write
arangodb,mixed_c10,692,,589.7777,True,,10,write
arangodb,mixed_c10,693,,591.4107,True,,10,write
arangodb,mixed_c10,694,,686.9681,True,,10,write
arangodb,mixed_c10,695,,676.696,True,,10,write
arangodb,mixed_c10,696,9906506,328.1972,True,,10,read
arangodb,mixed_c10,697,9907534,290.9358,True,,10,read
arangodb,mixed_c10,698,9909234,277.2364,True,,10,read
arangodb,mixed_c10,699,9909512,377.4271,True,,10,read
arangodb,mixed_c10,700,2106,389.3773,True,,10,read
arangodb,mixed_c10,701,6114,364.715,True,,10,read
arangodb,mixed_c10,702,,566.6059,True,,10,write
arangodb,mixed_c10,703,7077,375.19,True,,10,read
arangodb,mixed_c10,704,7211,354.6319,True,,10,read
arangodb,mixed_c10,705,7232,308.6384,True,,10,read
arangodb,mixed_c10,706,9292,289.2381,True,,10,read
arangodb,mixed_c10,707,10094,297.9093,True,,10,read
arangodb,mixed_c10,708,10180,298.2568,True,,10,read
arangodb,mixed_c10,709,12020,298.4281,True,,10,read
arangodb,mixed_c10,710,101328,390.4967,True,,10,read
arangodb,mixed_c10,711,102194,296.1503,True,,10,read
arangodb,mixed_c10,712,102318,297.076,True,,10,read
arangodb,mixed_c10,713,104122,285.9194,True,,10,read
arangodb,mixed_c10,714,104187,299.4143,True,,10,read
arangodb,mixed_c10,715,105349,301.1422,True,,10,read
arangodb,mixed_c10,716,106261,293.7397,True,,10,read
arangodb,mixed_c10,717,,544.2019,True,,10,write
arangodb,mixed_c10,718,,590.3969,True,,10,write
arangodb,mixed_c10,719,107295,317.1403,True,,10,read
arangodb,mixed_c10,720,108250,310.1362,True,,10,read
arangodb,mixed_c10,721,109054,297.7374,True,,10,read
arangodb,mixed_c10,722,109073,299.2974,True,,10,read
arangodb,mixed_c10,723,110264,264.4459,True,,10,read
arangodb,mixed_c10,724,110376,260.5726,True,,10,read
arangodb,mixed_c10,725,,529.4697,True,,10,write
arangodb,mixed_c10,726,204096,271.903,True,,10,read
arangodb,mixed_c10,727,,585.7309,True,,10,write
arangodb,mixed_c10,728,204182,282.9035,True,,10,read
arangodb,mixed_c10,729,205038,294.8046,True,,10,read
arangodb,mixed_c10,730,207048,279.6305,True,,10,read
arangodb,mixed_c10,731,207227,266.0886,True,,10,read
arangodb,mixed_c10,732,208138,267.7676,True,,10,read
arangodb,mixed_c10,733,208159,266.4469,True,,10,read
arangodb,mixed_c10,734,,521.0802,True,,10,write
arangodb,mixed_c10,735,,561.7345,True,,10,write
arangodb,mixed_c10,736,210254,303.4504,True,,10,read
arangodb,mixed_c10,737,302080,289.8741,True,,10,read
arangodb,mixed_c10,738,9208245,275.5248,True,,10,read
arangodb,mixed_c10,739,9304275,279.487,True,,10,read
arangodb,mixed_c10,740,9305258,260.844,True,,10,read
arangodb,mixed_c10,741,9306241,264.7409,True,,10,read
arangodb,mixed_c10,742,9307320,264.8308,True,,10,read
arangodb,mixed_c10,743,,539.6448,True,,10,write
arangodb,mixed_c10,744,9309273,291.336,True,,10,read
arangodb,mixed_c10,745,9309293,298.2026,True,,10,read
arangodb,mixed_c10,746,9310213,275.9346,True,,10,read
arangodb,mixed_c10,747,9311240,274.5483,True,,10,read
arangodb,mixed_c10,748,,536.3886,True,,10,write
arangodb,mixed_c10,749,9401326,265.1204,True,,10,read
arangodb,mixed_c10,750,9403260,266.8506,True,,10,read
arangodb,mixed_c10,751,,537.3017,True,,10,write
arangodb,mixed_c10,752,9407272,264.0673,True,,10,read
arangodb,mixed_c10,753,,626.3171,True,,10,write
arangodb,mixed_c10,754,9407401,323.4507,True,,10,read
arangodb,mixed_c10,755,9501227,325.1902,True,,10,read
arangodb,mixed_c10,756,9501350,305.7251,True,,10,read
arangodb,mixed_c10,757,9501376,344.9544,True,,10,read
arangodb,mixed_c10,758,9502306,332.6481,True,,10,read
arangodb,mixed_c10,759,,582.1369,True,,10,write
arangodb,mixed_c10,760,9503294,270.7976,True,,10,read
arangodb,mixed_c10,761,,598.7005,True,,10,write
arangodb,mixed_c10,762,9505303,300.1685,True,,10,read
arangodb,mixed_c10,763,9505310,290.0374,True,,10,read
arangodb,mixed_c10,764,,540.7199,True,,10,write
arangodb,mixed_c10,765,9508299,270.2824,True,,10,read
arangodb,mixed_c10,766,9509349,294.3549,True,,10,read
arangodb,mixed_c10,767,9603367,293.486,True,,10,read
arangodb,mixed_c10,768,9603420,305.1187,True,,10,read
arangodb,mixed_c10,769,,583.7218,True,,10,write
arangodb,mixed_c10,770,,576.4066,True,,10,write
arangodb,mixed_c10,771,9609470,294.6528,True,,10,read
arangodb,mixed_c10,772,9610393,264.1024,True,,10,read
arangodb,mixed_c10,773,,576.9488,True,,10,write
arangodb,mixed_c10,774,9702270,302.818,True,,10,read
arangodb,mixed_c10,775,9703209,271.7732,True,,10,read
arangodb,mixed_c10,776,,527.8715,True,,10,write
arangodb,mixed_c10,777,9703423,260.4634,True,,10,read
arangodb,mixed_c10,778,9705262,297.0399,True,,10,read
arangodb,mixed_c10,779,9706541,275.9173,True,,10,read
arangodb,mixed_c10,780,9707250,264.8489,True,,10,read
arangodb,mixed_c10,781,9707282,268.3979,True,,10,read
arangodb,mixed_c10,782,9707295,264.9959,True,,10,read
arangodb,mixed_c10,783,9710376,259.1208,True,,10,read
arangodb,mixed_c10,784,,530.4455,True,,10,write
arangodb,mixed_c10,785,9711379,277.0001,True,,10,read
arangodb,mixed_c10,786,9803439,267.8296,True,,10,read
arangodb,mixed_c10,787,9804298,273.1404,True,,10,read
arangodb,mixed_c10,788,9804313,262.5589,True,,10,read
arangodb,mixed_c10,789,9804343,272.1151,True,,10,read
arangodb,mixed_c10,790,,531.4076,True,,10,write
arangodb,mixed_c10,791,9809529,262.5658,True,,10,read
arangodb,mixed_c10,792,9810418,262.4557,True,,10,read
arangodb,mixed_c10,793,9811432,259.7795,True,,10,read
arangodb,mixed_c10,794,9811469,267.6707,True,,10,read
arangodb,mixed_c10,795,9812342,273.7115,True,,10,read
arangodb,mixed_c10,796,9906506,263.9063,True,,10,read
arangodb,mixed_c10,797,9907534,267.7562,True,,10,read
arangodb,mixed_c10,798,9909234,267.0767,True,,10,read
arangodb,mixed_c10,799,9909512,265.2339,True,,10,read
arangodb,mixed_c10,800,2106,264.179,True,,10,read
arangodb,mixed_c10,801,6114,260.2426,True,,10,read
arangodb,mixed_c10,802,6217,269.7867,True,,10,read
arangodb,mixed_c10,803,,584.3309,True,,10,write
arangodb,mixed_c10,804,,526.2892,True,,10,write
arangodb,mixed_c10,805,7232,276.2076,True,,10,read
arangodb,mixed_c10,806,9292,276.6701,True,,10,read
arangodb,mixed_c10,807,10094,268.3221,True,,10,read
arangodb,mixed_c10,808,10180,268.6766,True,,10,read
arangodb,mixed_c10,809,12020,273.5761,True,,10,read
arangodb,mixed_c10,810,101328,272.026,True,,10,read
arangodb,mixed_c10,811,102194,290.6644,True,,10,read
arangodb,mixed_c10,812,102318,320.9823,True,,10,read
arangodb,mixed_c10,813,104122,295.1036,True,,10,read
arangodb,mixed_c10,814,104187,300.0801,True,,10,read
arangodb,mixed_c10,815,105349,325.2431,True,,10,read
arangodb,mixed_c10,816,106261,328.1894,True,,10,read
arangodb,mixed_c10,817,107028,274.4955,True,,10,read
arangodb,mixed_c10,818,107093,263.3195,True,,10,read
arangodb,mixed_c10,819,107295,300.1938,True,,10,read
arangodb,mixed_c10,820,108250,261.0162,True,,10,read
arangodb,mixed_c10,821,109054,299.6624,True,,10,read
arangodb,mixed_c10,822,109073,303.8622,True,,10,read
arangodb,mixed_c10,823,110264,297.2561,True,,10,read
arangodb,mixed_c10,824,110376,297.9782,True,,10,read
arangodb,mixed_c10,825,201053,309.1134,True,,10,read
arangodb,mixed_c10,826,204096,300.882,True,,10,read
arangodb,mixed_c10,827,204176,305.9594,True,,10,read
arangodb,mixed_c10,828,204182,289.0737,True,,10,read
arangodb,mixed_c10,829,205038,305.0239,True,,10,read
arangodb,mixed_c10,830,207048,283.1136,True,,10,read
arangodb,mixed_c10,831,207227,298.9582,True,,10,read
arangodb,mixed_c10,832,,545.701,True,,10,write
arangodb,mixed_c10,833,208159,294.8845,True,,10,read
arangodb,mixed_c10,834,,534.0491,True,,10,write
arangodb,mixed_c10,835,209108,306.1155,True,,10,read
arangodb,mixed_c10,836,210254,295.8275,True,,10,read
arangodb,mixed_c10,837,302080,304.0727,True,,10,read
arangodb,mixed_c10,838,,526.8048,True,,10,write
arangodb,mixed_c10,839,9304275,262.9189,True,,10,read
arangodb,mixed_c10,840,9305258,262.8054,True,,10,read
arangodb,mixed_c10,841,9306241,274.2034,True,,10,read
arangodb,mixed_c10,842,9307320,264.9876,True,,10,read
arangodb,mixed_c10,843,9309220,272.4718,True,,10,read
arangodb,mixed_c10,844,9309273,271.1204,True,,10,read
arangodb,mixed_c10,845,,539.9155,True,,10,write
arangodb,mixed_c10,846,9310213,264.0566,True,,10,read
arangodb,mixed_c10,847,9311240,264.0843,True,,10,read
arangodb,mixed_c10,848,9401244,266.4467,True,,10,read
arangodb,mixed_c10,849,9401326,266.1921,True,,10,read
arangodb,mixed_c10,850,9403260,266.6372,True,,10,read
arangodb,mixed_c10,851,9403269,268.1902,True,,10,read
arangodb,mixed_c10,852,,527.5965,True,,10,write
arangodb,mixed_c10,853,,537.1447,True,,10,write
arangodb,mixed_c10,854,,541.8301,True,,10,write
arangodb,mixed_c10,855,9501227,270.1956,True,,10,read
arangodb,mixed_c10,856,9501350,262.3304,True,,10,read
arangodb,mixed_c10,857,9501376,270.1456,True,,10,read
arangodb,mixed_c10,858,9502306,271.0409,True,,10,read
arangodb,mixed_c10,859,9502360,272.6926,True,,10,read
arangodb,mixed_c10,860,9503294,263.5202,True,,10,read
arangodb,mixed_c10,861,9504347,270.0528,True,,10,read
arangodb,mixed_c10,862,,517.6307,True,,10,write
arangodb,mixed_c10,863,,519.5985,True,,10,write
arangodb,mixed_c10,864,9505324,268.0597,True,,10,read
arangodb,mixed_c10,865,9508299,266.3404,True,,10,read
arangodb,mixed_c10,866,,597.7192,True,,10,write
arangodb,mixed_c10,867,,590.6387,True,,10,write
arangodb,mixed_c10,868,,535.179,True,,10,write
arangodb,mixed_c10,869,9606252,267.1617,True,,10,read
arangodb,mixed_c10,870,9609217,269.9961,True,,10,read
arangodb,mixed_c10,871,9609470,273.0597,True,,10,read
arangodb,mixed_c10,872,9610393,273.0193,True,,10,read
arangodb,mixed_c10,873,9701246,266.1316,True,,10,read
arangodb,mixed_c10,874,9702270,331.1104,True,,10,read
arangodb,mixed_c10,875,9703209,315.3124,True,,10,read
arangodb,mixed_c10,876,,608.1897,True,,10,write
arangodb,mixed_c10,877,9703423,292.1755,True,,10,read
arangodb,mixed_c10,878,9705262,283.202,True,,10,read
arangodb,mixed_c10,879,9706541,284.8074,True,,10,read
arangodb,mixed_c10,880,,544.8616,True,,10,write
arangodb,mixed_c10,881,9707282,310.1686,True,,10,read
arangodb,mixed_c10,882,9707295,297.2499,True,,10,read
arangodb,mixed_c10,883,9710376,298.8669,True,,10,read
arangodb,mixed_c10,884,9711261,309.9402,True,,10,read
arangodb,mixed_c10,885,,521.3687,True,,10,write
arangodb,mixed_c10,886,,595.3548,True,,10,write
arangodb,mixed_c10,887,9804298,307.7351,True,,10,read
arangodb,mixed_c10,888,,563.8477,True,,10,write
arangodb,mixed_c10,889,9804343,300.2049,True,,10,read
arangodb,mixed_c10,890,,571.9892,True,,10,write
arangodb,mixed_c10,891,9809529,294.7006,True,,10,read
arangodb,mixed_c10,892,,578.5279,True,,10,write
arangodb,mixed_c10,893,,568.1394,True,,10,write
arangodb,mixed_c10,894,9811469,280.6099,True,,10,read
arangodb,mixed_c10,895,9812342,264.9259,True,,10,read
arangodb,mixed_c10,896,,537.0873,True,,10,write
arangodb,mixed_c10,897,9907534,269.6445,True,,10,read
arangodb,mixed_c10,898,9909234,262.3602,True,,10,read
arangodb,mixed_c10,899,9909512,271.1644,True,,10,read
arangodb,mixed_c10,900,2106,285.1767,True,,10,read
arangodb,mixed_c10,901,6114,267.4127,True,,10,read
arangodb,mixed_c10,902,6217,265.6185,True,,10,read
arangodb,mixed_c10,903,7077,278.9873,True,,10,read
arangodb,mixed_c10,904,,538.8569,True,,10,write
arangodb,mixed_c10,905,,533.2217,True,,10,write
arangodb,mixed_c10,906,9292,265.1895,True,,10,read
arangodb,mixed_c10,907,10094,264.9267,True,,10,read
arangodb,mixed_c10,908,10180,274.7861,True,,10,read
arangodb,mixed_c10,909,,544.3271,True,,10,write
arangodb,mixed_c10,910,101328,267.94,True,,10,read
arangodb,mixed_c10,911,102194,263.9955,True,,10,read
arangodb,mixed_c10,912,102318,268.4621,True,,10,read
arangodb,mixed_c10,913,,542.3925,True,,10,write
arangodb,mixed_c10,914,104187,272.5147,True,,10,read
arangodb,mixed_c10,915,105349,262.0274,True,,10,read
arangodb,mixed_c10,916,106261,269.63,True,,10,read
arangodb,mixed_c10,917,,536.9286,True,,10,write
arangodb,mixed_c10,918,107093,265.9688,True,,10,read
arangodb,mixed_c10,919,,594.0897,True,,10,write
arangodb,mixed_c10,920,108250,275.0045,True,,10,read
arangodb,mixed_c10,921,,577.9398,True,,10,write
arangodb,mixed_c10,922,109073,266.2901,True,,10,read
arangodb,mixed_c10,923,110264,259.5569,True,,10,read
arangodb,mixed_c10,924,,594.3788,True,,10,write
arangodb,mixed_c10,925,201053,270.8017,True,,10,read
arangodb,mixed_c10,926,,539.3411,True,,10,write
arangodb,mixed_c10,927,204176,315.8272,True,,10,read
arangodb,mixed_c10,928,204182,320.115,True,,10,read
arangodb,mixed_c10,929,205038,340.4302,True,,10,read
arangodb,mixed_c10,930,207048,326.0603,True,,10,read
arangodb,mixed_c10,931,207227,313.066,True,,10,read
arangodb,mixed_c10,932,208138,295.4928,True,,10,read
arangodb,mixed_c10,933,208159,303.2993,True,,10,read
arangodb,mixed_c10,934,209058,306.2745,True,,10,read
arangodb,mixed_c10,935,209108,290.9186,True,,10,read
arangodb,mixed_c10,936,210254,296.6967,True,,10,read
arangodb,mixed_c10,937,302080,302.5237,True,,10,read
arangodb,mixed_c10,938,9208245,301.7439,True,,10,read
arangodb,mixed_c10,939,,602.2908,True,,10,write
arangodb,mixed_c10,940,9305258,299.4673,True,,10,read
arangodb,mixed_c10,941,9306241,306.9941,True,,10,read
arangodb,mixed_c10,942,9307320,292.0913,True,,10,read
arangodb,mixed_c10,943,9309220,335.9952,True,,10,read
arangodb,mixed_c10,944,9309273,323.0437,True,,10,read
arangodb,mixed_c10,945,9309293,329.6687,True,,10,read
arangodb,mixed_c10,946,9310213,315.7332,True,,10,read
arangodb,mixed_c10,947,,539.7369,True,,10,write
arangodb,mixed_c10,948,9401244,300.2754,True,,10,read
arangodb,mixed_c10,949,,583.9632,True,,10,write
arangodb,mixed_c10,950,9403260,283.6704,True,,10,read
arangodb,mixed_c10,951,,565.0258,True,,10,write
arangodb,mixed_c10,952,9407272,263.9178,True,,10,read
arangodb,mixed_c10,953,9407278,278.0982,True,,10,read
arangodb,mixed_c10,954,,537.1623,True,,10,write
arangodb,mixed_c10,955,9501227,272.4807,True,,10,read
arangodb,mixed_c10,956,9501350,268.1679,True,,10,read
arangodb,mixed_c10,957,9501376,280.4637,True,,10,read
arangodb,mixed_c10,958,9502306,273.9355,True,,10,read
arangodb,mixed_c10,959,9502360,258.9777,True,,10,read
arangodb,mixed_c10,960,9503294,269.6026,True,,10,read
arangodb,mixed_c10,961,9504347,271.8203,True,,10,read
arangodb,mixed_c10,962,9505303,264.0873,True,,10,read
arangodb,mixed_c10,963,9505310,261.3707,True,,10,read
arangodb,mixed_c10,964,9505324,291.6483,True,,10,read
arangodb,mixed_c10,965,,529.5944,True,,10,write
arangodb,mixed_c10,966,9509349,275.1443,True,,10,read
arangodb,mixed_c10,967,9603367,275.1354,True,,10,read
arangodb,mixed_c10,968,9603420,263.6449,True,,10,read
arangodb,mixed_c10,969,9606252,266.4185,True,,10,read
arangodb,mixed_c10,970,9609217,269.1153,True,,10,read
arangodb,mixed_c10,971,9609470,269.1863,True,,10,read
arangodb,mixed_c10,972,9610393,262.9289,True,,10,read
arangodb,mixed_c10,973,9701246,259.5504,True,,10,read
arangodb,mixed_c10,974,9702270,271.0078,True,,10,read
arangodb,mixed_c10,975,9703209,275.3651,True,,10,read
arangodb,mixed_c10,976,9703232,266.1772,True,,10,read
arangodb,mixed_c10,977,9703423,327.8317,True,,10,read
arangodb,mixed_c10,978,9705262,307.3501,True,,10,read
arangodb,mixed_c10,979,9706541,307.883,True,,10,read
arangodb,mixed_c10,980,9707250,291.3085,True,,10,read
arangodb,mixed_c10,981,9707282,281.7463,True,,10,read
arangodb,mixed_c10,982,9707295,272.6639,True,,10,read
arangodb,mixed_c10,983,,593.6262,True,,10,write
arangodb,mixed_c10,984,,580.1018,True,,10,write
arangodb,mixed_c10,985,9711379,267.636,True,,10,read
arangodb,mixed_c10,986,9803439,267.9917,True,,10,read
arangodb,mixed_c10,987,9804298,398.3465,True,,10,read
arangodb,mixed_c10,988,9804313,369.0598,True,,10,read
arangodb,mixed_c10,989,,527.8817,True,,10,write
arangodb,mixed_c10,990,9805465,349.6948,True,,10,read
arangodb,mixed_c10,991,,648.2523,True,,10,write
arangodb,mixed_c10,992,,635.2902,True,,10,write
arangodb,mixed_c10,993,,600.9196,True,,10,write
arangodb,mixed_c10,994,9811469,311.9219,True,,10,read
arangodb,mixed_c10,995,9812342,300.8388,True,,10,read
arangodb,mixed_c10,996,9906506,392.219,True,,10,read
arangodb,mixed_c10,997,9907534,291.9964,True,,10,read
arangodb,mixed_c10,998,9909234,296.0905,True,,10,read
arangodb,mixed_c10,999,,561.9646,True,,10,write
arangodb,mixed_c40,0,2106,465.8128,True,,40,read
arangodb,mixed_c40,1,6114,403.3382,True,,40,read
arangodb,mixed_c40,2,6217,402.6257,True,,40,read
arangodb,mixed_c40,3,,764.6122,True,,40,write
arangodb,mixed_c40,4,,762.2277,True,,40,write
arangodb,mixed_c40,5,7232,382.2324,True,,40,read
arangodb,mixed_c40,6,9292,428.4623,True,,40,read
arangodb,mixed_c40,7,10094,384.5539,True,,40,read
arangodb,mixed_c40,8,,735.6575,True,,40,write
arangodb,mixed_c40,9,12020,419.054,True,,40,read
arangodb,mixed_c40,10,101328,1016.4426,True,,40,read
arangodb,mixed_c40,11,102194,1410.0507,True,,40,read
arangodb,mixed_c40,12,102318,915.6686,True,,40,read
arangodb,mixed_c40,13,,1210.8947,True,,40,write
arangodb,mixed_c40,14,104187,920.6054,True,,40,read
arangodb,mixed_c40,15,105349,933.5551,True,,40,read
arangodb,mixed_c40,16,106261,923.5092,True,,40,read
arangodb,mixed_c40,17,107028,1002.8727,True,,40,read
arangodb,mixed_c40,18,107093,910.3803,True,,40,read
arangodb,mixed_c40,19,107295,998.7301,True,,40,read
arangodb,mixed_c40,20,108250,1178.7179,True,,40,read
arangodb,mixed_c40,21,109054,906.5992,True,,40,read
arangodb,mixed_c40,22,109073,979.298,True,,40,read
arangodb,mixed_c40,23,110264,984.0773,True,,40,read
arangodb,mixed_c40,24,110376,1060.6109,True,,40,read
arangodb,mixed_c40,25,201053,1176.8849,True,,40,read
arangodb,mixed_c40,26,204096,1056.4374,True,,40,read
arangodb,mixed_c40,27,204176,1160.4356,True,,40,read
arangodb,mixed_c40,28,204182,1158.8249,True,,40,read
arangodb,mixed_c40,29,205038,1142.9446,True,,40,read
arangodb,mixed_c40,30,,1524.9519,True,,40,write
arangodb,mixed_c40,31,207227,1031.8285,True,,40,read
arangodb,mixed_c40,32,208138,1158.1197,True,,40,read
arangodb,mixed_c40,33,208159,1021.4968,True,,40,read
arangodb,mixed_c40,34,,1506.3029,True,,40,write
arangodb,mixed_c40,35,,1713.741,True,,40,write
arangodb,mixed_c40,36,210254,1324.4305,True,,40,read
arangodb,mixed_c40,37,302080,1198.8559,True,,40,read
arangodb,mixed_c40,38,9208245,1125.2121,True,,40,read
arangodb,mixed_c40,39,9304275,1188.4671,True,,40,read
arangodb,mixed_c40,40,9305258,362.4933,True,,40,read
arangodb,mixed_c40,41,,784.7194,True,,40,write
arangodb,mixed_c40,42,,657.003,True,,40,write
arangodb,mixed_c40,43,9309220,373.6816,True,,40,read
arangodb,mixed_c40,44,9309273,332.5615,True,,40,read
arangodb,mixed_c40,45,,727.3547,True,,40,write
arangodb,mixed_c40,46,9310213,295.0704,True,,40,read
arangodb,mixed_c40,47,,765.8534,True,,40,write
arangodb,mixed_c40,48,9401244,304.6937,True,,40,read
arangodb,mixed_c40,49,,712.9738,True,,40,write
arangodb,mixed_c40,50,,786.4769,True,,40,write
arangodb,mixed_c40,51,9403269,386.1044,True,,40,read
arangodb,mixed_c40,52,9407272,397.6826,True,,40,read
arangodb,mixed_c40,53,9407278,471.4224,True,,40,read
arangodb,mixed_c40,54,9407401,495.9919,True,,40,read
arangodb,mixed_c40,55,,850.786,True,,40,write
arangodb,mixed_c40,56,9501350,406.9632,True,,40,read
arangodb,mixed_c40,57,9501376,420.6236,True,,40,read
arangodb,mixed_c40,58,9502306,417.0931,True,,40,read
arangodb,mixed_c40,59,9502360,428.7981,True,,40,read
arangodb,mixed_c40,60,,771.045,True,,40,write
arangodb,mixed_c40,61,9504347,412.5808,True,,40,read
arangodb,mixed_c40,62,9505303,394.7001,True,,40,read
arangodb,mixed_c40,63,9505310,313.451,True,,40,read
arangodb,mixed_c40,64,9505324,407.9115,True,,40,read
arangodb,mixed_c40,65,9508299,407.3667,True,,40,read
arangodb,mixed_c40,66,9509349,307.2634,True,,40,read
arangodb,mixed_c40,67,9603367,293.0877,True,,40,read
arangodb,mixed_c40,68,9603420,409.8533,True,,40,read
arangodb,mixed_c40,69,9606252,381.7188,True,,40,read
arangodb,mixed_c40,70,,571.6232,True,,40,write
arangodb,mixed_c40,71,,626.9578,True,,40,write
arangodb,mixed_c40,72,9610393,334.6052,True,,40,read
arangodb,mixed_c40,73,9701246,337.9097,True,,40,read
arangodb,mixed_c40,74,9702270,398.5564,True,,40,read
arangodb,mixed_c40,75,9703209,316.1016,True,,40,read
arangodb,mixed_c40,76,9703232,304.1369,True,,40,read
arangodb,mixed_c40,77,9703423,412.2433,True,,40,read
arangodb,mixed_c40,78,9705262,413.1,True,,40,read
arangodb,mixed_c40,79,9706541,293.7297,True,,40,read
arangodb,mixed_c40,80,,603.6232,True,,40,write
arangodb,mixed_c40,81,,617.2645,True,,40,write
arangodb,mixed_c40,82,9707295,379.6444,True,,40,read
arangodb,mixed_c40,83,9710376,372.0739,True,,40,read
arangodb,mixed_c40,84,9711261,414.2468,True,,40,read
arangodb,mixed_c40,85,9711379,431.3455,True,,40,read
arangodb,mixed_c40,86,9803439,443.1053,True,,40,read
arangodb,mixed_c40,87,9804298,428.8324,True,,40,read
arangodb,mixed_c40,88,,794.0534,True,,40,write
arangodb,mixed_c40,89,9804343,423.4347,True,,40,read
arangodb,mixed_c40,90,9805465,451.6697,True,,40,read
arangodb,mixed_c40,91,9809529,433.7611,True,,40,read
arangodb,mixed_c40,92,9810418,448.761,True,,40,read
arangodb,mixed_c40,93,9811432,938.5699,True,,40,read
arangodb,mixed_c40,94,9811469,393.3662,True,,40,read
arangodb,mixed_c40,95,9812342,363.5604,True,,40,read
arangodb,mixed_c40,96,,990.2451,True,,40,write
arangodb,mixed_c40,97,9907534,385.3742,True,,40,read
arangodb,mixed_c40,98,,819.8929,True,,40,write
arangodb,mixed_c40,99,,806.2277,True,,40,write
arangodb,mixed_c40,100,2106,425.1513,True,,40,read
arangodb,mixed_c40,101,6114,395.8839,True,,40,read
arangodb,mixed_c40,102,6217,431.7308,True,,40,read
arangodb,mixed_c40,103,7077,409.7855,True,,40,read
arangodb,mixed_c40,104,,783.0353,True,,40,write
arangodb,mixed_c40,105,7232,385.0481,True,,40,read
arangodb,mixed_c40,106,9292,385.777,True,,40,read
arangodb,mixed_c40,107,,756.2077,True,,40,write
arangodb,mixed_c40,108,10180,299.6888,True,,40,read
arangodb,mixed_c40,109,12020,335.4425,True,,40,read
arangodb,mixed_c40,110,101328,319.2414,True,,40,read
arangodb,mixed_c40,111,102194,312.8302,True,,40,read
arangodb,mixed_c40,112,,732.9456,True,,40,write
arangodb,mixed_c40,113,104122,300.7875,True,,40,read
arangodb,mixed_c40,114,104187,319.0073,True,,40,read
arangodb,mixed_c40,115,105349,308.6862,True,,40,read
arangodb,mixed_c40,116,,666.9891,True,,40,write
arangodb,mixed_c40,117,,660.1651,True,,40,write
arangodb,mixed_c40,118,107093,298.9637,True,,40,read
arangodb,mixed_c40,119,107295,559.0381,True,,40,read
arangodb,mixed_c40,120,108250,520.9287,True,,40,read
arangodb,mixed_c40,121,,679.3871,True,,40,write
arangodb,mixed_c40,122,109073,476.8296,True,,40,read
arangodb,mixed_c40,123,110264,470.0778,True,,40,read
arangodb,mixed_c40,124,110376,364.3119,True,,40,read
arangodb,mixed_c40,125,201053,283.6746,True,,40,read
arangodb,mixed_c40,126,,659.3137,True,,40,write
arangodb,mixed_c40,127,204176,511.8996,True,,40,read
arangodb,mixed_c40,128,204182,519.9751,True,,40,read
arangodb,mixed_c40,129,205038,508.6326,True,,40,read
arangodb,mixed_c40,130,,942.7068,True,,40,write
arangodb,mixed_c40,131,,597.6699,True,,40,write
arangodb,mixed_c40,132,,595.6496,True,,40,write
arangodb,mixed_c40,133,,1022.3402,True,,40,write
arangodb,mixed_c40,134,,987.928,True,,40,write
arangodb,mixed_c40,135,,1510.7457,True,,40,write
arangodb,mixed_c40,136,210254,535.9847,True,,40,read
arangodb,mixed_c40,137,,826.1885,True,,40,write
arangodb,mixed_c40,138,9208245,447.8583,True,,40,read
arangodb,mixed_c40,139,9304275,471.288,True,,40,read
arangodb,mixed_c40,140,,805.1696,True,,40,write
arangodb,mixed_c40,141,9306241,485.1878,True,,40,read
arangodb,mixed_c40,142,9307320,377.0187,True,,40,read
arangodb,mixed_c40,143,9309220,388.9867,True,,40,read
arangodb,mixed_c40,144,9309273,423.2433,True,,40,read
arangodb,mixed_c40,145,9309293,404.3702,True,,40,read
arangodb,mixed_c40,146,,1419.3574,True,,40,write
arangodb,mixed_c40,147,9311240,410.0006,True,,40,read
arangodb,mixed_c40,148,,1303.3217,True,,40,write
arangodb,mixed_c40,149,9401326,355.8951,True,,40,read
arangodb,mixed_c40,150,9403260,297.4389,True,,40,read
arangodb,mixed_c40,151,,596.8955,True,,40,write
arangodb,mixed_c40,152,9407272,503.7029,True,,40,read
arangodb,mixed_c40,153,9407278,413.5313,True,,40,read
arangodb,mixed_c40,154,9407401,405.0383,True,,40,read
arangodb,mixed_c40,155,9501227,423.6016,True,,40,read
arangodb,mixed_c40,156,9501350,415.8468,True,,40,read
arangodb,mixed_c40,157,,618.5387,True,,40,write
arangodb,mixed_c40,158,9502306,292.3259,True,,40,read
arangodb,mixed_c40,159,,664.5131,True,,40,write
arangodb,mixed_c40,160,,764.7314,True,,40,write
arangodb,mixed_c40,161,9504347,455.9772,True,,40,read
arangodb,mixed_c40,162,9505303,550.8865,True,,40,read
arangodb,mixed_c40,163,,631.6966,True,,40,write
arangodb,mixed_c40,164,9505324,532.5062,True,,40,read
arangodb,mixed_c40,165,9508299,346.6012,True,,40,read
arangodb,mixed_c40,166,9509349,534.6104,True,,40,read
arangodb,mixed_c40,167,9603367,342.9326,True,,40,read
arangodb,mixed_c40,168,9603420,413.3483,True,,40,read
arangodb,mixed_c40,169,9606252,425.5084,True,,40,read
arangodb,mixed_c40,170,9609217,494.6183,True,,40,read
arangodb,mixed_c40,171,9609470,1032.9147,True,,40,read
arangodb,mixed_c40,172,9610393,1006.6491,True,,40,read
arangodb,mixed_c40,173,9701246,520.652,True,,40,read
arangodb,mixed_c40,174,,957.3417,True,,40,write
arangodb,mixed_c40,175,9703209,1004.0469,True,,40,read
arangodb,mixed_c40,176,9703232,441.0501,True,,40,read
arangodb,mixed_c40,177,9703423,962.1764,True,,40,read
arangodb,mixed_c40,178,9705262,439.1184,True,,40,read
arangodb,mixed_c40,179,,976.2144,True,,40,write
arangodb,mixed_c40,180,,607.0116,True,,40,write
arangodb,mixed_c40,181,,628.0498,True,,40,write
arangodb,mixed_c40,182,,893.3194,True,,40,write
arangodb,mixed_c40,183,9710376,333.3462,True,,40,read
arangodb,mixed_c40,184,9711261,302.8144,True,,40,read
arangodb,mixed_c40,185,,784.2632,True,,40,write
arangodb,mixed_c40,186,9803439,377.2703,True,,40,read
arangodb,mixed_c40,187,9804298,451.3036,True,,40,read
arangodb,mixed_c40,188,9804313,400.0216,True,,40,read
arangodb,mixed_c40,189,9804343,419.9782,True,,40,read
arangodb,mixed_c40,190,9805465,406.6556,True,,40,read
arangodb,mixed_c40,191,9809529,371.6458,True,,40,read
arangodb,mixed_c40,192,9810418,327.6643,True,,40,read
arangodb,mixed_c40,193,9811432,359.2946,True,,40,read
arangodb,mixed_c40,194,9811469,351.2775,True,,40,read
arangodb,mixed_c40,195,9812342,296.9073,True,,40,read
arangodb,mixed_c40,196,9906506,314.9299,True,,40,read
arangodb,mixed_c40,197,9907534,290.282,True,,40,read
arangodb,mixed_c40,198,,708.4487,True,,40,write
arangodb,mixed_c40,199,,715.5111,True,,40,write
arangodb,mixed_c40,200,2106,292.6602,True,,40,read
arangodb,mixed_c40,201,6114,404.3601,True,,40,read
arangodb,mixed_c40,202,,635.8917,True,,40,write
arangodb,mixed_c40,203,7077,419.0269,True,,40,read
arangodb,mixed_c40,204,7211,389.8439,True,,40,read
arangodb,mixed_c40,205,7232,397.776,True,,40,read
arangodb,mixed_c40,206,,577.3685,True,,40,write
arangodb,mixed_c40,207,10094,358.7406,True,,40,read
arangodb,mixed_c40,208,10180,510.2236,True,,40,read
arangodb,mixed_c40,209,12020,320.4013,True,,40,read
arangodb,mixed_c40,210,101328,431.0104,True,,40,read
arangodb,mixed_c40,211,102194,307.3051,True,,40,read
arangodb,mixed_c40,212,,621.5392,True,,40,write
arangodb,mixed_c40,213,,703.5517,True,,40,write
arangodb,mixed_c40,214,104187,422.5028,True,,40,read
arangodb,mixed_c40,215,,720.2218,True,,40,write
arangodb,mixed_c40,216,,678.2283,True,,40,write
arangodb,mixed_c40,217,107028,401.9407,True,,40,read
arangodb,mixed_c40,218,,677.8379,True,,40,write
arangodb,mixed_c40,219,107295,409.0227,True,,40,read
arangodb,mixed_c40,220,,767.0959,True,,40,write
arangodb,mixed_c40,221,109054,460.7869,True,,40,read
arangodb,mixed_c40,222,109073,386.9045,True,,40,read
arangodb,mixed_c40,223,110264,352.7968,True,,40,read
arangodb,mixed_c40,224,110376,392.3192,True,,40,read
arangodb,mixed_c40,225,201053,358.2932,True,,40,read
arangodb,mixed_c40,226,204096,333.8863,True,,40,read
arangodb,mixed_c40,227,204176,347.2799,True,,40,read
arangodb,mixed_c40,228,204182,295.2488,True,,40,read
arangodb,mixed_c40,229,,619.9244,True,,40,write
arangodb,mixed_c40,230,207048,295.6694,True,,40,read
arangodb,mixed_c40,231,207227,390.8077,True,,40,read
arangodb,mixed_c40,232,208138,380.0247,True,,40,read
arangodb,mixed_c40,233,208159,377.5693,True,,40,read
arangodb,mixed_c40,234,209058,373.903,True,,40,read
arangodb,mixed_c40,235,,707.7628,True,,40,write
arangodb,mixed_c40,236,210254,414.3417,True,,40,read
arangodb,mixed_c40,237,302080,418.3974,True,,40,read
arangodb,mixed_c40,238,9208245,300.5809,True,,40,read
arangodb,mixed_c40,239,9304275,395.4378,True,,40,read
arangodb,mixed_c40,240,9305258,1070.9016,True,,40,read
arangodb,mixed_c40,241,9306241,372.3563,True,,40,read
arangodb,mixed_c40,242,,691.525,True,,40,write
arangodb,mixed_c40,243,9309220,992.1208,True,,40,read
arangodb,mixed_c40,244,9309273,467.0082,True,,40,read
arangodb,mixed_c40,245,9309293,982.9566,True,,40,read
arangodb,mixed_c40,246,9310213,350.3883,True,,40,read
arangodb,mixed_c40,247,9311240,447.1066,True,,40,read
arangodb,mixed_c40,248,9401244,476.497,True,,40,read
arangodb,mixed_c40,249,,635.4566,True,,40,write
arangodb,mixed_c40,250,,728.1864,True,,40,write
arangodb,mixed_c40,251,9403269,382.5086,True,,40,read
arangodb,mixed_c40,252,9407272,402.0755,True,,40,read
arangodb,mixed_c40,253,9407278,406.8766,True,,40,read
arangodb,mixed_c40,254,9407401,435.0933,True,,40,read
arangodb,mixed_c40,255,,696.5856,True,,40,write
arangodb,mixed_c40,256,9501350,434.2308,True,,40,read
arangodb,mixed_c40,257,9501376,369.7923,True,,40,read
arangodb,mixed_c40,258,,1392.4243,True,,40,write
arangodb,mixed_c40,259,9502360,365.5939,True,,40,read
arangodb,mixed_c40,260,9503294,305.4948,True,,40,read
arangodb,mixed_c40,261,9504347,359.5892,True,,40,read
arangodb,mixed_c40,262,9505303,303.0491,True,,40,read
arangodb,mixed_c40,263,,701.6932,True,,40,write
arangodb,mixed_c40,264,9505324,305.9142,True,,40,read
arangodb,mixed_c40,265,,704.7047,True,,40,write
arangodb,mixed_c40,266,9509349,294.9946,True,,40,read
arangodb,mixed_c40,267,9603367,316.3504,True,,40,read
arangodb,mixed_c40,268,9603420,294.1672,True,,40,read
arangodb,mixed_c40,269,9606252,292.9936,True,,40,read
arangodb,mixed_c40,270,9609217,315.2672,True,,40,read
arangodb,mixed_c40,271,,597.2902,True,,40,write
arangodb,mixed_c40,272,9610393,320.7366,True,,40,read
arangodb,mixed_c40,273,,615.3074,True,,40,write
arangodb,mixed_c40,274,,635.6969,True,,40,write
arangodb,mixed_c40,275,9703209,276.2927,True,,40,read
arangodb,mixed_c40,276,,642.7964,True,,40,write
arangodb,mixed_c40,277,,676.0625,True,,40,write
arangodb,mixed_c40,278,9705262,366.4251,True,,40,read
arangodb,mixed_c40,279,9706541,403.4453,True,,40,read
arangodb,mixed_c40,280,,744.3951,True,,40,write
arangodb,mixed_c40,281,9707282,515.2059,True,,40,read
arangodb,mixed_c40,282,9707295,398.1045,True,,40,read
arangodb,mixed_c40,283,9710376,387.6675,True,,40,read
arangodb,mixed_c40,284,9711261,506.7806,True,,40,read
arangodb,mixed_c40,285,9711379,404.8894,True,,40,read
arangodb,mixed_c40,286,9803439,365.4998,True,,40,read
arangodb,mixed_c40,287,9804298,521.4912,True,,40,read
arangodb,mixed_c40,288,9804313,456.2819,True,,40,read
arangodb,mixed_c40,289,9804343,454.2261,True,,40,read
arangodb,mixed_c40,290,9805465,955.47,True,,40,read
arangodb,mixed_c40,291,9809529,505.1363,True,,40,read
arangodb,mixed_c40,292,,637.9438,True,,40,write
arangodb,mixed_c40,293,9811432,972.7923,True,,40,read
arangodb,mixed_c40,294,,603.4059,True,,40,write
arangodb,mixed_c40,295,9812342,388.6261,True,,40,read
arangodb,mixed_c40,296,9906506,441.2626,True,,40,read
arangodb,mixed_c40,297,,838.8356,True,,40,write
arangodb,mixed_c40,298,9909234,920.5503,True,,40,read
arangodb,mixed_c40,299,9909512,336.5247,True,,40,read
arangodb,mixed_c40,300,2106,375.7922,True,,40,read
arangodb,mixed_c40,301,,634.3008,True,,40,write
arangodb,mixed_c40,302,,637.618,True,,40,write
arangodb,mixed_c40,303,,705.0776,True,,40,write
arangodb,mixed_c40,304,7211,355.3479,True,,40,read
arangodb,mixed_c40,305,,624.7547,True,,40,write
arangodb,mixed_c40,306,9292,281.828,True,,40,read
arangodb,mixed_c40,307,10094,283.3123,True,,40,read
arangodb,mixed_c40,308,10180,300.9689,True,,40,read
arangodb,mixed_c40,309,12020,307.5036,True,,40,read
arangodb,mixed_c40,310,101328,298.3616,True,,40,read
arangodb,mixed_c40,311,102194,323.8569,True,,40,read
arangodb,mixed_c40,312,102318,301.9433,True,,40,read
arangodb,mixed_c40,313,104122,294.5704,True,,40,read
arangodb,mixed_c40,314,104187,431.3112,True,,40,read
arangodb,mixed_c40,315,105349,297.7578,True,,40,read
arangodb,mixed_c40,316,106261,308.0609,True,,40,read
arangodb,mixed_c40,317,107028,344.997,True,,40,read
arangodb,mixed_c40,318,107093,419.9831,True,,40,read
arangodb,mixed_c40,319,,632.9222,True,,40,write
arangodb,mixed_c40,320,108250,308.4794,True,,40,read
arangodb,mixed_c40,321,109054,293.584,True,,40,read
arangodb,mixed_c40,322,109073,310.0404,True,,40,read
arangodb,mixed_c40,323,110264,289.5561,True,,40,read
arangodb,mixed_c40,324,110376,398.8229,True,,40,read
arangodb,mixed_c40,325,201053,303.5126,True,,40,read
arangodb,mixed_c40,326,204096,342.6903,True,,40,read
arangodb,mixed_c40,327,204176,280.2683,True,,40,read
arangodb,mixed_c40,328,204182,388.7203,True,,40,read
arangodb,mixed_c40,329,205038,328.7153,True,,40,read
arangodb,mixed_c40,330,,752.6442,True,,40,write
arangodb,mixed_c40,331,207227,309.8191,True,,40,read
arangodb,mixed_c40,332,208138,314.5161,True,,40,read
arangodb,mixed_c40,333,208159,343.5077,True,,40,read
arangodb,mixed_c40,334,209058,298.9577,True,,40,read
arangodb,mixed_c40,335,209108,297.5578,True,,40,read
arangodb,mixed_c40,336,210254,302.6536,True,,40,read
arangodb,mixed_c40,337,302080,301.0805,True,,40,read
arangodb,mixed_c40,338,,715.653,True,,40,write
arangodb,mixed_c40,339,9304275,318.9509,True,,40,read
arangodb,mixed_c40,340,9305258,292.394,True,,40,read
arangodb,mixed_c40,341,9306241,297.8716,True,,40,read
arangodb,mixed_c40,342,9307320,307.2705,True,,40,read
arangodb,mixed_c40,343,9309220,279.5744,True,,40,read
arangodb,mixed_c40,344,9309273,276.9535,True,,40,read
arangodb,mixed_c40,345,9309293,270.7311,True,,40,read
arangodb,mixed_c40,346,9310213,267.408,True,,40,read
arangodb,mixed_c40,347,9311240,278.0637,True,,40,read
arangodb,mixed_c40,348,,800.4233,True,,40,write
arangodb,mixed_c40,349,9401326,308.3733,True,,40,read
arangodb,mixed_c40,350,9403260,283.5277,True,,40,read
arangodb,mixed_c40,351,9403269,289.4778,True,,40,read
arangodb,mixed_c40,352,9407272,305.1716,True,,40,read
arangodb,mixed_c40,353,9407278,274.9943,True,,40,read
arangodb,mixed_c40,354,9407401,290.5647,True,,40,read
arangodb,mixed_c40,355,9501227,272.1546,True,,40,read
arangodb,mixed_c40,356,9501350,427.1959,True,,40,read
arangodb,mixed_c40,357,9501376,297.023,True,,40,read
arangodb,mixed_c40,358,,688.6752,True,,40,write
arangodb,mixed_c40,359,,708.5903,True,,40,write
arangodb,mixed_c40,360,9503294,402.9922,True,,40,read
arangodb,mixed_c40,361,9504347,391.0071,True,,40,read
arangodb,mixed_c40,362,,786.1525,True,,40,write
arangodb,mixed_c40,363,9505310,286.9531,True,,40,read
arangodb,mixed_c40,364,,794.7161,True,,40,write
arangodb,mixed_c40,365,,691.709,True,,40,write
arangodb,mixed_c40,366,9509349,361.9908,True,,40,read
arangodb,mixed_c40,367,9603367,379.8479,True,,40,read
arangodb,mixed_c40,368,9603420,347.1263,True,,40,read
arangodb,mixed_c40,369,9606252,381.7983,True,,40,read
arangodb,mixed_c40,370,9609217,339.075,True,,40,read
arangodb,mixed_c40,371,9609470,399.1373,True,,40,read
arangodb,mixed_c40,372,9610393,389.856,True,,40,read
arangodb,mixed_c40,373,9701246,330.1986,True,,40,read
arangodb,mixed_c40,374,9702270,423.2404,True,,40,read
arangodb,mixed_c40,375,9703209,410.6816,True,,40,read
arangodb,mixed_c40,376,,780.5416,True,,40,write
arangodb,mixed_c40,377,9703423,385.6969,True,,40,read
arangodb,mixed_c40,378,9705262,494.3421,True,,40,read
arangodb,mixed_c40,379,9706541,376.8631,True,,40,read
arangodb,mixed_c40,380,9707250,361.7347,True,,40,read
arangodb,mixed_c40,381,9707282,460.7804,True,,40,read
arangodb,mixed_c40,382,9707295,364.9367,True,,40,read
arangodb,mixed_c40,383,9710376,419.674,True,,40,read
arangodb,mixed_c40,384,9711261,436.5331,True,,40,read
arangodb,mixed_c40,385,9711379,389.4394,True,,40,read
arangodb,mixed_c40,386,9803439,401.3587,True,,40,read
arangodb,mixed_c40,387,,684.3661,True,,40,write
arangodb,mixed_c40,388,9804313,366.417,True,,40,read
arangodb,mixed_c40,389,9804343,464.867,True,,40,read
arangodb,mixed_c40,390,9805465,490.184,True,,40,read
arangodb,mixed_c40,391,9809529,490.2168,True,,40,read
arangodb,mixed_c40,392,9810418,369.7743,True,,40,read
arangodb,mixed_c40,393,,705.8077,True,,40,write
arangodb,mixed_c40,394,9811469,381.6922,True,,40,read
arangodb,mixed_c40,395,9812342,308.5864,True,,40,read
arangodb,mixed_c40,396,9906506,295.9446,True,,40,read
arangodb,mixed_c40,397,9907534,384.3939,True,,40,read
arangodb,mixed_c40,398,9909234,397.1966,True,,40,read
arangodb,mixed_c40,399,9909512,293.3859,True,,40,read
arangodb,mixed_c40,400,2106,385.4192,True,,40,read
arangodb,mixed_c40,401,,785.0456,True,,40,write
arangodb,mixed_c40,402,6217,389.4551,True,,40,read
arangodb,mixed_c40,403,7077,361.2388,True,,40,read
arangodb,mixed_c40,404,7211,362.3765,True,,40,read
arangodb,mixed_c40,405,7232,324.2535,True,,40,read
arangodb,mixed_c40,406,9292,420.5744,True,,40,read
arangodb,mixed_c40,407,10094,398.6202,True,,40,read
arangodb,mixed_c40,408,10180,406.9605,True,,40,read
arangodb,mixed_c40,409,12020,415.6557,True,,40,read
arangodb,mixed_c40,410,101328,474.8984,True,,40,read
arangodb,mixed_c40,411,102194,380.1499,True,,40,read
arangodb,mixed_c40,412,102318,409.8116,True,,40,read
arangodb,mixed_c40,413,104122,386.7942,True,,40,read
arangodb,mixed_c40,414,104187,409.1376,True,,40,read
arangodb,mixed_c40,415,105349,405.3878,True,,40,read
arangodb,mixed_c40,416,,667.4772,True,,40,write
arangodb,mixed_c40,417,107028,431.9962,True,,40,read
arangodb,mixed_c40,418,,706.0021,True,,40,write
arangodb,mixed_c40,419,107295,402.1366,True,,40,read
arangodb,mixed_c40,420,108250,372.838,True,,40,read
arangodb,mixed_c40,421,109054,377.9185,True,,40,read
arangodb,mixed_c40,422,109073,341.2442,True,,40,read
arangodb,mixed_c40,423,110264,499.6788,True,,40,read
arangodb,mixed_c40,424,110376,539.6486,True,,40,read
arangodb,mixed_c40,425,201053,524.335,True,,40,read
arangodb,mixed_c40,426,204096,528.7525,True,,40,read
arangodb,mixed_c40,427,204176,490.9684,True,,40,read
arangodb,mixed_c40,428,204182,567.532,True,,40,read
arangodb,mixed_c40,429,205038,486.3181,True,,40,read
arangodb,mixed_c40,430,207048,474.2397,True,,40,read
arangodb,mixed_c40,431,207227,485.269,True,,40,read
arangodb,mixed_c40,432,208138,453.8929,True,,40,read
arangodb,mixed_c40,433,208159,405.2352,True,,40,read
arangodb,mixed_c40,434,209058,442.4638,True,,40,read
arangodb,mixed_c40,435,209108,466.1042,True,,40,read
arangodb,mixed_c40,436,210254,484.6519,True,,40,read
arangodb,mixed_c40,437,302080,413.8725,True,,40,read
arangodb,mixed_c40,438,9208245,416.5756,True,,40,read
arangodb,mixed_c40,439,9304275,439.4104,True,,40,read
arangodb,mixed_c40,440,9305258,428.2871,True,,40,read
arangodb,mixed_c40,441,,868.5053,True,,40,write
arangodb,mixed_c40,442,9307320,366.6914,True,,40,read
arangodb,mixed_c40,443,9309220,401.3806,True,,40,read
arangodb,mixed_c40,444,9309273,341.8564,True,,40,read
arangodb,mixed_c40,445,9309293,396.4827,True,,40,read
arangodb,mixed_c40,446,,794.4436,True,,40,write
arangodb,mixed_c40,447,,810.0343,True,,40,write
arangodb,mixed_c40,448,9401244,396.8459,True,,40,read
arangodb,mixed_c40,449,9401326,400.8001,True,,40,read
arangodb,mixed_c40,450,9403260,388.1473,True,,40,read
arangodb,mixed_c40,451,9403269,422.0689,True,,40,read
arangodb,mixed_c40,452,9407272,421.617,True,,40,read
arangodb,mixed_c40,453,9407278,422.0621,True,,40,read
arangodb,mixed_c40,454,9407401,421.6826,True,,40,read
arangodb,mixed_c40,455,9501227,406.1404,True,,40,read
arangodb,mixed_c40,456,,765.7723,True,,40,write
arangodb,mixed_c40,457,9501376,382.4928,True,,40,read
arangodb,mixed_c40,458,9502306,376.6421,True,,40,read
arangodb,mixed_c40,459,9502360,358.2615,True,,40,read
arangodb,mixed_c40,460,9503294,512.909,True,,40,read
arangodb,mixed_c40,461,9504347,402.3455,True,,40,read
arangodb,mixed_c40,462,,937.6156,True,,40,write
arangodb,mixed_c40,463,,693.1608,True,,40,write
arangodb,mixed_c40,464,,698.8761,True,,40,write
arangodb,mixed_c40,465,9508299,394.7798,True,,40,read
arangodb,mixed_c40,466,9509349,538.1548,True,,40,read
arangodb,mixed_c40,467,9603367,382.7996,True,,40,read
arangodb,mixed_c40,468,9603420,606.9464,True,,40,read
arangodb,mixed_c40,469,,811.0593,True,,40,write
arangodb,mixed_c40,470,9609217,461.9806,True,,40,read
arangodb,mixed_c40,471,9609470,542.8336,True,,40,read
arangodb,mixed_c40,472,9610393,487.0148,True,,40,read
arangodb,mixed_c40,473,,655.7719,True,,40,write
arangodb,mixed_c40,474,,843.6909,True,,40,write
arangodb,mixed_c40,475,9703209,461.8643,True,,40,read
arangodb,mixed_c40,476,9703232,464.9177,True,,40,read
arangodb,mixed_c40,477,9703423,520.2187,True,,40,read
arangodb,mixed_c40,478,9705262,495.8851,True,,40,read
arangodb,mixed_c40,479,9706541,467.0373,True,,40,read
arangodb,mixed_c40,480,9707250,473.7026,True,,40,read
arangodb,mixed_c40,481,9707282,948.3088,True,,40,read
arangodb,mixed_c40,482,,1499.3193,True,,40,write
arangodb,mixed_c40,483,9710376,914.7428,True,,40,read
arangodb,mixed_c40,484,9711261,913.6036,True,,40,read
arangodb,mixed_c40,485,,770.7183,True,,40,write
arangodb,mixed_c40,486,9803439,901.6111,True,,40,read
arangodb,mixed_c40,487,9804298,386.0784,True,,40,read
arangodb,mixed_c40,488,9804313,364.595,True,,40,read
arangodb,mixed_c40,489,9804343,432.3565,True,,40,read
arangodb,mixed_c40,490,9805465,396.8366,True,,40,read
arangodb,mixed_c40,491,9809529,414.9035,True,,40,read
arangodb,mixed_c40,492,9810418,375.7074,True,,40,read
arangodb,mixed_c40,493,,1300.5434,True,,40,write
arangodb,mixed_c40,494,,660.4052,True,,40,write
arangodb,mixed_c40,495,9812342,394.3597,True,,40,read
arangodb,mixed_c40,496,9906506,313.5775,True,,40,read
arangodb,mixed_c40,497,9907534,299.8227,True,,40,read
arangodb,mixed_c40,498,9909234,310.4175,True,,40,read
arangodb,mixed_c40,499,9909512,407.1747,True,,40,read
arangodb,mixed_c40,500,2106,424.2389,True,,40,read
arangodb,mixed_c40,501,6114,399.3833,True,,40,read
arangodb,mixed_c40,502,6217,404.4038,True,,40,read
arangodb,mixed_c40,503,,558.3121,True,,40,write
arangodb,mixed_c40,504,7211,424.7461,True,,40,read
arangodb,mixed_c40,505,7232,384.9259,True,,40,read
arangodb,mixed_c40,506,,592.1983,True,,40,write
arangodb,mixed_c40,507,10094,329.8408,True,,40,read
arangodb,mixed_c40,508,10180,332.4077,True,,40,read
arangodb,mixed_c40,509,,1344.0724,True,,40,write
arangodb,mixed_c40,510,101328,318.9107,True,,40,read
arangodb,mixed_c40,511,102194,368.452,True,,40,read
arangodb,mixed_c40,512,102318,1041.8581,True,,40,read
arangodb,mixed_c40,513,104122,955.3358,True,,40,read
arangodb,mixed_c40,514,104187,441.7078,True,,40,read
arangodb,mixed_c40,515,105349,1006.6897,True,,40,read
arangodb,mixed_c40,516,106261,1020.6231,True,,40,read
arangodb,mixed_c40,517,107028,318.0028,True,,40,read
arangodb,mixed_c40,518,107093,338.4321,True,,40,read
arangodb,mixed_c40,519,107295,318.25,True,,40,read
arangodb,mixed_c40,520,108250,987.8253,True,,40,read
arangodb,mixed_c40,521,109054,358.4178,True,,40,read
arangodb,mixed_c40,522,109073,310.9211,True,,40,read
arangodb,mixed_c40,523,110264,317.8422,True,,40,read
arangodb,mixed_c40,524,110376,325.6127,True,,40,read
arangodb,mixed_c40,525,201053,305.3071,True,,40,read
arangodb,mixed_c40,526,204096,290.072,True,,40,read
arangodb,mixed_c40,527,204176,278.3534,True,,40,read
arangodb,mixed_c40,528,204182,266.6546,True,,40,read
arangodb,mixed_c40,529,205038,334.6901,True,,40,read
arangodb,mixed_c40,530,207048,349.0215,True,,40,read
arangodb,mixed_c40,531,207227,328.8429,True,,40,read
arangodb,mixed_c40,532,208138,318.1694,True,,40,read
arangodb,mixed_c40,533,208159,420.5233,True,,40,read
arangodb,mixed_c40,534,209058,302.0074,True,,40,read
arangodb,mixed_c40,535,209108,312.2313,True,,40,read
arangodb,mixed_c40,536,210254,311.0333,True,,40,read
arangodb,mixed_c40,537,302080,412.6232,True,,40,read
arangodb,mixed_c40,538,9208245,393.6215,True,,40,read
arangodb,mixed_c40,539,,784.7123,True,,40,write
arangodb,mixed_c40,540,9305258,373.0133,True,,40,read
arangodb,mixed_c40,541,9306241,373.6688,True,,40,read
arangodb,mixed_c40,542,9307320,365.5857,True,,40,read
arangodb,mixed_c40,543,9309220,388.5912,True,,40,read
arangodb,mixed_c40,544,9309273,389.1572,True,,40,read
arangodb,mixed_c40,545,9309293,336.4277,True,,40,read
arangodb,mixed_c40,546,,739.4151,True,,40,write
arangodb,mixed_c40,547,9311240,443.1713,True,,40,read
arangodb,mixed_c40,548,9401244,430.2214,True,,40,read
arangodb,mixed_c40,549,9401326,433.0784,True,,40,read
arangodb,mixed_c40,550,9403260,384.1278,True,,40,read
arangodb,mixed_c40,551,9403269,481.6921,True,,40,read
arangodb,mixed_c40,552,9407272,399.308,True,,40,read
arangodb,mixed_c40,553,9407278,398.6654,True,,40,read
arangodb,mixed_c40,554,9407401,466.6932,True,,40,read
arangodb,mixed_c40,555,9501227,378.4497,True,,40,read
arangodb,mixed_c40,556,9501350,380.9012,True,,40,read
arangodb,mixed_c40,557,9501376,394.0045,True,,40,read
arangodb,mixed_c40,558,9502306,330.724,True,,40,read
arangodb,mixed_c40,559,9502360,310.8597,True,,40,read
arangodb,mixed_c40,560,9503294,279.0892,True,,40,read
arangodb,mixed_c40,561,,706.2834,True,,40,write
arangodb,mixed_c40,562,9505303,314.4118,True,,40,read
arangodb,mixed_c40,563,,696.8625,True,,40,write
arangodb,mixed_c40,564,9505324,308.5185,True,,40,read
arangodb,mixed_c40,565,,706.0056,True,,40,write
arangodb,mixed_c40,566,9509349,309.5823,True,,40,read
arangodb,mixed_c40,567,9603367,372.6409,True,,40,read
arangodb,mixed_c40,568,9603420,425.4732,True,,40,read
arangodb,mixed_c40,569,9606252,395.9484,True,,40,read
arangodb,mixed_c40,570,9609217,297.704,True,,40,read
arangodb,mixed_c40,571,9609470,391.3673,True,,40,read
arangodb,mixed_c40,572,,795.1868,True,,40,write
arangodb,mixed_c40,573,9701246,399.7895,True,,40,read
arangodb,mixed_c40,574,9702270,402.486,True,,40,read
arangodb,mixed_c40,575,9703209,376.671,True,,40,read
arangodb,mixed_c40,576,9703232,393.1357,True,,40,read
arangodb,mixed_c40,577,9703423,400.5933,True,,40,read
arangodb,mixed_c40,578,9705262,414.9024,True,,40,read
arangodb,mixed_c40,579,9706541,393.1055,True,,40,read
arangodb,mixed_c40,580,,700.621,True,,40,write
arangodb,mixed_c40,581,9707282,420.4865,True,,40,read
arangodb,mixed_c40,582,9707295,391.3465,True,,40,read
arangodb,mixed_c40,583,9710376,410.4802,True,,40,read
arangodb,mixed_c40,584,9711261,412.887,True,,40,read
arangodb,mixed_c40,585,9711379,370.8948,True,,40,read
arangodb,mixed_c40,586,9803439,371.7437,True,,40,read
arangodb,mixed_c40,587,9804298,453.1092,True,,40,read
arangodb,mixed_c40,588,9804313,380.2288,True,,40,read
arangodb,mixed_c40,589,9804343,453.3854,True,,40,read
arangodb,mixed_c40,590,,709.7791,True,,40,write
arangodb,mixed_c40,591,9809529,492.8836,True,,40,read
arangodb,mixed_c40,592,,1385.5615,True,,40,write
arangodb,mixed_c40,593,9811432,383.886,True,,40,read
arangodb,mixed_c40,594,9811469,384.1118,True,,40,read
arangodb,mixed_c40,595,9812342,460.3191,True,,40,read
arangodb,mixed_c40,596,,822.1474,True,,40,write
arangodb,mixed_c40,597,9907534,325.3836,True,,40,read
arangodb,mixed_c40,598,9909234,403.6219,True,,40,read
arangodb,mixed_c40,599,9909512,395.2793,True,,40,read
arangodb,mixed_c40,600,2106,316.5546,True,,40,read
arangodb,mixed_c40,601,,847.9014,True,,40,write
arangodb,mixed_c40,602,6217,318.9493,True,,40,read
arangodb,mixed_c40,603,7077,316.0168,True,,40,read
arangodb,mixed_c40,604,,812.6722,True,,40,write
arangodb,mixed_c40,605,7232,396.244,True,,40,read
arangodb,mixed_c40,606,9292,491.3333,True,,40,read
arangodb,mixed_c40,607,10094,381.5316,True,,40,read
arangodb,mixed_c40,608,10180,495.2018,True,,40,read
arangodb,mixed_c40,609,12020,498.6747,True,,40,read
arangodb,mixed_c40,610,101328,483.7452,True,,40,read
arangodb,mixed_c40,611,102194,514.6508,True,,40,read
arangodb,mixed_c40,612,102318,430.1807,True,,40,read
arangodb,mixed_c40,613,104122,396.9653,True,,40,read
arangodb,mixed_c40,614,104187,401.6609,True,,40,read
arangodb,mixed_c40,615,105349,684.6683,True,,40,read
arangodb,mixed_c40,616,106261,432.0244,True,,40,read
arangodb,mixed_c40,617,107028,445.7632,True,,40,read
arangodb,mixed_c40,618,107093,407.4294,True,,40,read
arangodb,mixed_c40,619,107295,388.1054,True,,40,read
arangodb,mixed_c40,620,108250,705.7168,True,,40,read
arangodb,mixed_c40,621,109054,394.0596,True,,40,read
arangodb,mixed_c40,622,,1058.6485,True,,40,write
arangodb,mixed_c40,623,110264,540.7805,True,,40,read
arangodb,mixed_c40,624,110376,504.9744,True,,40,read
arangodb,mixed_c40,625,201053,499.1143,True,,40,read
arangodb,mixed_c40,626,,905.6278,True,,40,write
arangodb,mixed_c40,627,204176,572.8509,True,,40,read
arangodb,mixed_c40,628,204182,524.3529,True,,40,read
arangodb,mixed_c40,629,205038,542.3011,True,,40,read
arangodb,mixed_c40,630,207048,575.9226,True,,40,read
arangodb,mixed_c40,631,207227,539.814,True,,40,read
arangodb,mixed_c40,632,208138,448.7366,True,,40,read
arangodb,mixed_c40,633,208159,431.5076,True,,40,read
arangodb,mixed_c40,634,209058,446.1992,True,,40,read
arangodb,mixed_c40,635,209108,427.5557,True,,40,read
arangodb,mixed_c40,636,,828.2727,True,,40,write
arangodb,mixed_c40,637,302080,397.2713,True,,40,read
arangodb,mixed_c40,638,9208245,431.3271,True,,40,read
arangodb,mixed_c40,639,9304275,310.2559,True,,40,read
arangodb,mixed_c40,640,9305258,315.262,True,,40,read
arangodb,mixed_c40,641,9306241,317.7356,True,,40,read
arangodb,mixed_c40,642,9307320,335.8786,True,,40,read
arangodb,mixed_c40,643,9309220,427.2587,True,,40,read
arangodb,mixed_c40,644,9309273,390.0047,True,,40,read
arangodb,mixed_c40,645,9309293,427.4807,True,,40,read
arangodb,mixed_c40,646,9310213,1174.406,True,,40,read
arangodb,mixed_c40,647,9311240,381.1256,True,,40,read
arangodb,mixed_c40,648,9401244,401.9706,True,,40,read
arangodb,mixed_c40,649,9401326,393.6084,True,,40,read
arangodb,mixed_c40,650,9403260,378.3409,True,,40,read
arangodb,mixed_c40,651,9403269,378.6063,True,,40,read
arangodb,mixed_c40,652,9407272,391.4592,True,,40,read
arangodb,mixed_c40,653,9407278,377.2239,True,,40,read
arangodb,mixed_c40,654,9407401,365.1731,True,,40,read
arangodb,mixed_c40,655,9501227,352.1277,True,,40,read
arangodb,mixed_c40,656,9501350,404.0776,True,,40,read
arangodb,mixed_c40,657,9501376,411.9831,True,,40,read
arangodb,mixed_c40,658,9502306,421.3301,True,,40,read
arangodb,mixed_c40,659,9502360,385.3251,True,,40,read
arangodb,mixed_c40,660,9503294,384.6163,True,,40,read
arangodb,mixed_c40,661,9504347,520.1334,True,,40,read
arangodb,mixed_c40,662,9505303,409.8331,True,,40,read
arangodb,mixed_c40,663,9505310,475.6395,True,,40,read
arangodb,mixed_c40,664,,775.0191,True,,40,write
arangodb,mixed_c40,665,,899.2556,True,,40,write
arangodb,mixed_c40,666,9509349,390.5214,True,,40,read
arangodb,mixed_c40,667,9603367,373.0202,True,,40,read
arangodb,mixed_c40,668,9603420,357.898,True,,40,read
arangodb,mixed_c40,669,9606252,456.9243,True,,40,read
arangodb,mixed_c40,670,9609217,458.6558,True,,40,read
arangodb,mixed_c40,671,9609470,467.4167,True,,40,read
arangodb,mixed_c40,672,9610393,438.5628,True,,40,read
arangodb,mixed_c40,673,9701246,405.3158,True,,40,read
arangodb,mixed_c40,674,,1421.879,True,,40,write
arangodb,mixed_c40,675,9703209,401.9855,True,,40,read
arangodb,mixed_c40,676,9703232,380.5335,True,,40,read
arangodb,mixed_c40,677,9703423,980.0896,True,,40,read
arangodb,mixed_c40,678,9705262,962.0258,True,,40,read
arangodb,mixed_c40,679,9706541,414.0658,True,,40,read
arangodb,mixed_c40,680,,715.9342,True,,40,write
arangodb,mixed_c40,681,9707282,337.8438,True,,40,read
arangodb,mixed_c40,682,9707295,423.6929,True,,40,read
arangodb,mixed_c40,683,9710376,388.6592,True,,40,read
arangodb,mixed_c40,684,9711261,406.1045,True,,40,read
arangodb,mixed_c40,685,9711379,400.7423,True,,40,read
arangodb,mixed_c40,686,9803439,386.5501,True,,40,read
arangodb,mixed_c40,687,9804298,339.1627,True,,40,read
arangodb,mixed_c40,688,,723.3259,True,,40,write
arangodb,mixed_c40,689,9804343,363.5853,True,,40,read
arangodb,mixed_c40,690,9805465,376.2257,True,,40,read
arangodb,mixed_c40,691,9809529,329.1979,True,,40,read
arangodb,mixed_c40,692,9810418,402.426,True,,40,read
arangodb,mixed_c40,693,9811432,414.163,True,,40,read
arangodb,mixed_c40,694,9811469,403.892,True,,40,read
arangodb,mixed_c40,695,9812342,295.128,True,,40,read
arangodb,mixed_c40,696,9906506,300.3182,True,,40,read
arangodb,mixed_c40,697,9907534,293.9336,True,,40,read
arangodb,mixed_c40,698,9909234,470.6015,True,,40,read
arangodb,mixed_c40,699,9909512,377.7898,True,,40,read
arangodb,mixed_c40,700,2106,362.5045,True,,40,read
arangodb,mixed_c40,701,6114,362.0657,True,,40,read
arangodb,mixed_c40,702,6217,395.7482,True,,40,read
arangodb,mixed_c40,703,7077,433.7916,True,,40,read
arangodb,mixed_c40,704,7211,505.7599,True,,40,read
arangodb,mixed_c40,705,7232,510.8173,True,,40,read
arangodb,mixed_c40,706,9292,387.1987,True,,40,read
arangodb,mixed_c40,707,10094,399.3543,True,,40,read
arangodb,mixed_c40,708,10180,399.5852,True,,40,read
arangodb,mixed_c40,709,12020,480.8983,True,,40,read
arangodb,mixed_c40,710,101328,525.5715,True,,40,read
arangodb,mixed_c40,711,102194,432.3416,True,,40,read
arangodb,mixed_c40,712,102318,391.5683,True,,40,read
arangodb,mixed_c40,713,104122,356.6532,True,,40,read
arangodb,mixed_c40,714,,757.9549,True,,40,write
arangodb,mixed_c40,715,105349,334.1867,True,,40,read
arangodb,mixed_c40,716,106261,369.7667,True,,40,read
arangodb,mixed_c40,717,107028,336.2902,True,,40,read
arangodb,mixed_c40,718,,785.0095,True,,40,write
arangodb,mixed_c40,719,107295,348.634,True,,40,read
arangodb,mixed_c40,720,108250,432.169,True,,40,read
arangodb,mixed_c40,721,109054,375.8497,True,,40,read
arangodb,mixed_c40,722,109073,391.4789,True,,40,read
arangodb,mixed_c40,723,,708.5597,True,,40,write
arangodb,mixed_c40,724,110376,330.4912,True,,40,read
arangodb,mixed_c40,725,201053,318.9358,True,,40,read
arangodb,mixed_c40,726,204096,321.1227,True,,40,read
arangodb,mixed_c40,727,204176,320.433,True,,40,read
arangodb,mixed_c40,728,,792.9542,True,,40,write
arangodb,mixed_c40,729,205038,322.6739,True,,40,read
arangodb,mixed_c40,730,207048,313.6046,True,,40,read
arangodb,mixed_c40,731,,734.2876,True,,40,write
arangodb,mixed_c40,732,208138,299.0621,True,,40,read
arangodb,mixed_c40,733,208159,283.8341,True,,40,read
arangodb,mixed_c40,734,209058,514.7779,True,,40,read
arangodb,mixed_c40,735,209108,334.0513,True,,40,read
arangodb,mixed_c40,736,,652.9511,True,,40,write
arangodb,mixed_c40,737,302080,502.7798,True,,40,read
arangodb,mixed_c40,738,9208245,510.3923,True,,40,read
arangodb,mixed_c40,739,9304275,575.3464,True,,40,read
arangodb,mixed_c40,740,9305258,302.1502,True,,40,read
arangodb,mixed_c40,741,9306241,375.1793,True,,40,read
arangodb,mixed_c40,742,,673.4682,True,,40,write
arangodb,mixed_c40,743,9309220,386.9432,True,,40,read
arangodb,mixed_c40,744,9309273,389.3985,True,,40,read
arangodb,mixed_c40,745,,685.9277,True,,40,write
arangodb,mixed_c40,746,9310213,579.5226,True,,40,read
arangodb,mixed_c40,747,,647.997,True,,40,write
arangodb,mixed_c40,748,9401244,528.7637,True,,40,read
arangodb,mixed_c40,749,,746.9888,True,,40,write
arangodb,mixed_c40,750,,653.4158,True,,40,write
arangodb,mixed_c40,751,,659.1543,True,,40,write
arangodb,mixed_c40,752,,695.5365,True,,40,write
arangodb,mixed_c40,753,9407278,493.8538,True,,40,read
arangodb,mixed_c40,754,,1333.4917,True,,40,write
arangodb,mixed_c40,755,9501227,550.6075,True,,40,read
arangodb,mixed_c40,756,9501350,364.5935,True,,40,read
arangodb,mixed_c40,757,,1224.2496,True,,40,write
arangodb,mixed_c40,758,9502306,987.1501,True,,40,read
arangodb,mixed_c40,759,9502360,481.6274,True,,40,read
arangodb,mixed_c40,760,9503294,480.9727,True,,40,read
arangodb,mixed_c40,761,9504347,396.0002,True,,40,read
arangodb,mixed_c40,762,9505303,416.8053,True,,40,read
arangodb,mixed_c40,763,9505310,404.5559,True,,40,read
arangodb,mixed_c40,764,9505324,435.9333,True,,40,read
arangodb,mixed_c40,765,9508299,423.4984,True,,40,read
arangodb,mixed_c40,766,9509349,452.6869,True,,40,read
arangodb,mixed_c40,767,9603367,412.392,True,,40,read
arangodb,mixed_c40,768,9603420,342.479,True,,40,read
arangodb,mixed_c40,769,9606252,278.1543,True,,40,read
arangodb,mixed_c40,770,9609217,309.5039,True,,40,read
arangodb,mixed_c40,771,,1297.0744,True,,40,write
arangodb,mixed_c40,772,9610393,301.5655,True,,40,read
arangodb,mixed_c40,773,9701246,381.9101,True,,40,read
arangodb,mixed_c40,774,9702270,322.0177,True,,40,read
arangodb,mixed_c40,775,9703209,300.4166,True,,40,read
arangodb,mixed_c40,776,9703232,311.7533,True,,40,read
arangodb,mixed_c40,777,9703423,295.3363,True,,40,read
arangodb,mixed_c40,778,,597.3727,True,,40,write
arangodb,mixed_c40,779,9706541,303.8594,True,,40,read
arangodb,mixed_c40,780,9707250,357.166,True,,40,read
arangodb,mixed_c40,781,9707282,346.823,True,,40,read
arangodb,mixed_c40,782,9707295,406.8609,True,,40,read
arangodb,mixed_c40,783,9710376,446.3384,True,,40,read
arangodb,mixed_c40,784,9711261,384.4836,True,,40,read
arangodb,mixed_c40,785,9711379,408.9326,True,,40,read
arangodb,mixed_c40,786,9803439,406.4366,True,,40,read
arangodb,mixed_c40,787,9804298,432.3053,True,,40,read
arangodb,mixed_c40,788,9804313,425.5851,True,,40,read
arangodb,mixed_c40,789,9804343,369.7085,True,,40,read
arangodb,mixed_c40,790,9805465,382.8598,True,,40,read
arangodb,mixed_c40,791,9809529,408.3576,True,,40,read
arangodb,mixed_c40,792,9810418,373.5,True,,40,read
arangodb,mixed_c40,793,9811432,399.1237,True,,40,read
arangodb,mixed_c40,794,9811469,362.1676,True,,40,read
arangodb,mixed_c40,795,9812342,416.8979,True,,40,read
arangodb,mixed_c40,796,9906506,394.8852,True,,40,read
arangodb,mixed_c40,797,9907534,487.0905,True,,40,read
arangodb,mixed_c40,798,9909234,420.0719,True,,40,read
arangodb,mixed_c40,799,9909512,452.803,True,,40,read
arangodb,mixed_c40,800,,658.6556,True,,40,write
arangodb,mixed_c40,801,6114,431.481,True,,40,read
arangodb,mixed_c40,802,,734.2741,True,,40,write
arangodb,mixed_c40,803,7077,316.0175,True,,40,read
arangodb,mixed_c40,804,7211,388.287,True,,40,read
arangodb,mixed_c40,805,7232,921.3051,True,,40,read
arangodb,mixed_c40,806,9292,351.4041,True,,40,read
arangodb,mixed_c40,807,10094,335.4389,True,,40,read
arangodb,mixed_c40,808,10180,353.2724,True,,40,read
arangodb,mixed_c40,809,12020,370.3112,True,,40,read
arangodb,mixed_c40,810,,673.2505,True,,40,write
arangodb,mixed_c40,811,102194,304.4145,True,,40,read
arangodb,mixed_c40,812,,617.605,True,,40,write
arangodb,mixed_c40,813,,657.5135,True,,40,write
arangodb,mixed_c40,814,104187,340.943,True,,40,read
arangodb,mixed_c40,815,105349,266.6542,True,,40,read
arangodb,mixed_c40,816,106261,263.5083,True,,40,read
arangodb,mixed_c40,817,107028,346.7797,True,,40,read
arangodb,mixed_c40,818,,684.4203,True,,40,write
arangodb,mixed_c40,819,107295,539.2812,True,,40,read
arangodb,mixed_c40,820,108250,424.4207,True,,40,read
arangodb,mixed_c40,821,109054,330.9219,True,,40,read
arangodb,mixed_c40,822,109073,354.6937,True,,40,read
arangodb,mixed_c40,823,110264,404.8643,True,,40,read
arangodb,mixed_c40,824,110376,348.4007,True,,40,read
arangodb,mixed_c40,825,201053,400.7781,True,,40,read
arangodb,mixed_c40,826,,646.3521,True,,40,write
arangodb,mixed_c40,827,204176,301.9673,True,,40,read
arangodb,mixed_c40,828,204182,441.0465,True,,40,read
arangodb,mixed_c40,829,205038,331.4889,True,,40,read
arangodb,mixed_c40,830,207048,405.8144,True,,40,read
arangodb,mixed_c40,831,207227,292.4538,True,,40,read
arangodb,mixed_c40,832,,824.1195,True,,40,write
arangodb,mixed_c40,833,,718.7916,True,,40,write
arangodb,mixed_c40,834,209058,314.6345,True,,40,read
arangodb,mixed_c40,835,,890.433,True,,40,write
arangodb,mixed_c40,836,210254,390.5551,True,,40,read
arangodb,mixed_c40,837,,547.6762,True,,40,write
arangodb,mixed_c40,838,9208245,397.6702,True,,40,read
arangodb,mixed_c40,839,9304275,339.8999,True,,40,read
arangodb,mixed_c40,840,9305258,382.6588,True,,40,read
arangodb,mixed_c40,841,9306241,323.3869,True,,40,read
arangodb,mixed_c40,842,9307320,347.6174,True,,40,read
arangodb,mixed_c40,843,9309220,292.3435,True,,40,read
arangodb,mixed_c40,844,9309273,956.043,True,,40,read
arangodb,mixed_c40,845,9309293,310.7466,True,,40,read
arangodb,mixed_c40,846,9310213,302.7208,True,,40,read
arangodb,mixed_c40,847,9311240,306.7554,True,,40,read
arangodb,mixed_c40,848,,664.6043,True,,40,write
arangodb,mixed_c40,849,9401326,273.3329,True,,40,read
arangodb,mixed_c40,850,,550.7646,True,,40,write
arangodb,mixed_c40,851,9403269,270.5953,True,,40,read
arangodb,mixed_c40,852,,680.9274,True,,40,write
arangodb,mixed_c40,853,9407278,272.1528,True,,40,read
arangodb,mixed_c40,854,,674.1263,True,,40,write
arangodb,mixed_c40,855,9501227,282.0002,True,,40,read
arangodb,mixed_c40,856,,672.6114,True,,40,write
arangodb,mixed_c40,857,9501376,275.894,True,,40,read
arangodb,mixed_c40,858,9502306,292.5451,True,,40,read
arangodb,mixed_c40,859,9502360,365.7082,True,,40,read
arangodb,mixed_c40,860,9503294,408.6179,True,,40,read
arangodb,mixed_c40,861,9504347,361.7487,True,,40,read
arangodb,mixed_c40,862,9505303,376.2267,True,,40,read
arangodb,mixed_c40,863,9505310,346.5213,True,,40,read
arangodb,mixed_c40,864,,665.4705,True,,40,write
arangodb,mixed_c40,865,9508299,357.536,True,,40,read
arangodb,mixed_c40,866,9509349,362.8651,True,,40,read
arangodb,mixed_c40,867,9603367,368.9896,True,,40,read
arangodb,mixed_c40,868,9603420,530.7185,True,,40,read
arangodb,mixed_c40,869,9606252,354.4014,True,,40,read
arangodb,mixed_c40,870,,825.7932,True,,40,write
arangodb,mixed_c40,871,9609470,320.2402,True,,40,read
arangodb,mixed_c40,872,,828.3101,True,,40,write
arangodb,mixed_c40,873,9701246,352.0113,True,,40,read
arangodb,mixed_c40,874,9702270,528.5322,True,,40,read
arangodb,mixed_c40,875,9703209,511.8448,True,,40,read
arangodb,mixed_c40,876,9703232,471.8995,True,,40,read
arangodb,mixed_c40,877,9703423,303.5128,True,,40,read
arangodb,mixed_c40,878,,665.1161,True,,40,write
arangodb,mixed_c40,879,9706541,401.297,True,,40,read
arangodb,mixed_c40,880,9707250,375.8192,True,,40,read
arangodb,mixed_c40,881,9707282,426.4245,True,,40,read
arangodb,mixed_c40,882,9707295,367.4466,True,,40,read
arangodb,mixed_c40,883,,797.0766,True,,40,write
arangodb,mixed_c40,884,,1334.2137,True,,40,write
arangodb,mixed_c40,885,9711379,380.6023,True,,40,read
arangodb,mixed_c40,886,,747.8416,True,,40,write
arangodb,mixed_c40,887,,747.3271,True,,40,write
arangodb,mixed_c40,888,9804313,345.4192,True,,40,read
arangodb,mixed_c40,889,9804343,297.1063,True,,40,read
arangodb,mixed_c40,890,9805465,417.8489,True,,40,read
arangodb,mixed_c40,891,9809529,407.8033,True,,40,read
arangodb,mixed_c40,892,9810418,309.8567,True,,40,read
arangodb,mixed_c40,893,9811432,409.0266,True,,40,read
arangodb,mixed_c40,894,9811469,295.8956,True,,40,read
arangodb,mixed_c40,895,9812342,501.8985,True,,40,read
arangodb,mixed_c40,896,9906506,474.1511,True,,40,read
arangodb,mixed_c40,897,9907534,471.7945,True,,40,read
arangodb,mixed_c40,898,9909234,458.5286,True,,40,read
arangodb,mixed_c40,899,,664.7856,True,,40,write
arangodb,mixed_c40,900,2106,362.5812,True,,40,read
arangodb,mixed_c40,901,6114,473.2795,True,,40,read
arangodb,mixed_c40,902,6217,435.3139,True,,40,read
arangodb,mixed_c40,903,7077,305.1107,True,,40,read
arangodb,mixed_c40,904,7211,405.8623,True,,40,read
arangodb,mixed_c40,905,7232,408.1278,True,,40,read
arangodb,mixed_c40,906,9292,514.9452,True,,40,read
arangodb,mixed_c40,907,10094,410.0161,True,,40,read
arangodb,mixed_c40,908,10180,443.9326,True,,40,read
arangodb,mixed_c40,909,,690.0007,True,,40,write
arangodb,mixed_c40,910,101328,449.8276,True,,40,read
arangodb,mixed_c40,911,102194,377.7854,True,,40,read
arangodb,mixed_c40,912,102318,406.5269,True,,40,read
arangodb,mixed_c40,913,104122,392.9753,True,,40,read
arangodb,mixed_c40,914,104187,401.1331,True,,40,read
arangodb,mixed_c40,915,105349,375.7983,True,,40,read
arangodb,mixed_c40,916,106261,465.1279,True,,40,read
arangodb,mixed_c40,917,107028,358.1385,True,,40,read
arangodb,mixed_c40,918,107093,432.3158,True,,40,read
arangodb,mixed_c40,919,107295,412.5779,True,,40,read
arangodb,mixed_c40,920,108250,561.3102,True,,40,read
arangodb,mixed_c40,921,,724.4324,True,,40,write
arangodb,mixed_c40,922,109073,296.4597,True,,40,read
arangodb,mixed_c40,923,110264,311.1693,True,,40,read
arangodb,mixed_c40,924,110376,893.2473,True,,40,read
arangodb,mixed_c40,925,201053,395.0717,True,,40,read
arangodb,mixed_c40,926,204096,303.5158,True,,40,read
arangodb,mixed_c40,927,204176,292.3335,True,,40,read
arangodb,mixed_c40,928,204182,307.9691,True,,40,read
arangodb,mixed_c40,929,205038,319.7315,True,,40,read
arangodb,mixed_c40,930,207048,277.4372,True,,40,read
arangodb,mixed_c40,931,,637.5888,True,,40,write
arangodb,mixed_c40,932,208138,323.5859,True,,40,read
arangodb,mixed_c40,933,208159,313.5459,True,,40,read
arangodb,mixed_c40,934,209058,320.4218,True,,40,read
arangodb,mixed_c40,935,,689.2717,True,,40,write
arangodb,mixed_c40,936,,630.4814,True,,40,write
arangodb,mixed_c40,937,302080,321.7267,True,,40,read
arangodb,mixed_c40,938,9208245,308.9545,True,,40,read
arangodb,mixed_c40,939,9304275,319.5811,True,,40,read
arangodb,mixed_c40,940,9305258,296.428,True,,40,read
arangodb,mixed_c40,941,9306241,448.5624,True,,40,read
arangodb,mixed_c40,942,9307320,434.4698,True,,40,read
arangodb,mixed_c40,943,9309220,408.3639,True,,40,read
arangodb,mixed_c40,944,9309273,408.1609,True,,40,read
arangodb,mixed_c40,945,,748.8784,True,,40,write
arangodb,mixed_c40,946,,581.0807,True,,40,write
arangodb,mixed_c40,947,9311240,443.9738,True,,40,read
arangodb,mixed_c40,948,9401244,429.3391,True,,40,read
arangodb,mixed_c40,949,9401326,362.5337,True,,40,read
arangodb,mixed_c40,950,9403260,389.5808,True,,40,read
arangodb,mixed_c40,951,9403269,384.1023,True,,40,read
arangodb,mixed_c40,952,,638.9401,True,,40,write
arangodb,mixed_c40,953,9407278,352.7245,True,,40,read
arangodb,mixed_c40,954,9407401,387.0854,True,,40,read
arangodb,mixed_c40,955,9501227,325.4555,True,,40,read
arangodb,mixed_c40,956,,645.1636,True,,40,write
arangodb,mixed_c40,957,9501376,410.7174,True,,40,read
arangodb,mixed_c40,958,9502306,315.2411,True,,40,read
arangodb,mixed_c40,959,9502360,352.8025,True,,40,read
arangodb,mixed_c40,960,9503294,415.6856,True,,40,read
arangodb,mixed_c40,961,9504347,367.9541,True,,40,read
arangodb,mixed_c40,962,9505303,294.3917,True,,40,read
arangodb,mixed_c40,963,9505310,329.5193,True,,40,read
arangodb,mixed_c40,964,9505324,331.8005,True,,40,read
arangodb,mixed_c40,965,,650.5862,True,,40,write
arangodb,mixed_c40,966,9509349,437.0832,True,,40,read
arangodb,mixed_c40,967,9603367,411.5481,True,,40,read
arangodb,mixed_c40,968,9603420,293.5603,True,,40,read
arangodb,mixed_c40,969,9606252,406.0157,True,,40,read
arangodb,mixed_c40,970,,685.824,True,,40,write
arangodb,mixed_c40,971,9609470,369.1253,True,,40,read
arangodb,mixed_c40,972,9610393,388.2703,True,,40,read
arangodb,mixed_c40,973,9701246,304.2173,True,,40,read
arangodb,mixed_c40,974,9702270,323.9927,True,,40,read
arangodb,mixed_c40,975,,571.6954,True,,40,write
arangodb,mixed_c40,976,9703232,390.7474,True,,40,read
arangodb,mixed_c40,977,,655.2198,True,,40,write
arangodb,mixed_c40,978,9705262,315.777,True,,40,read
arangodb,mixed_c40,979,9706541,408.9846,True,,40,read
arangodb,mixed_c40,980,9707250,378.9686,True,,40,read
arangodb,mixed_c40,981,,587.7642,True,,40,write
arangodb,mixed_c40,982,9707295,380.9124,True,,40,read
arangodb,mixed_c40,983,9710376,344.8015,True,,40,read
arangodb,mixed_c40,984,9711261,418.7474,True,,40,read
arangodb,mixed_c40,985,9711379,321.9142,True,,40,read
arangodb,mixed_c40,986,9803439,298.4911,True,,40,read
arangodb,mixed_c40,987,9804298,321.6812,True,,40,read
arangodb,mixed_c40,988,,617.2688,True,,40,write
arangodb,mixed_c40,989,9804343,295.4554,True,,40,read
arangodb,mixed_c40,990,9805465,1056.355,True,,40,read
arangodb,mixed_c40,991,9809529,341.5736,True,,40,read
arangodb,mixed_c40,992,9810418,307.4321,True,,40,read
arangodb,mixed_c40,993,9811432,347.8482,True,,40,read
arangodb,mixed_c40,994,9811469,309.5811,True,,40,read
arangodb,mixed_c40,995,9812342,322.612,True,,40,read
arangodb,mixed_c40,996,9906506,306.604,True,,40,read
arangodb,mixed_c40,997,,599.9995,True,,40,write
arangodb,mixed_c40,998,9909234,950.9051,True,,40,read
arangodb,mixed_c40,999,,578.9753,True,,40,write
arangodb,mixed_c40,1000,,652.4834,True,,40,write
arangodb,mixed_c40,1001,,567.7466,True,,40,write
arangodb,mixed_c40,1002,6217,322.9392,True,,40,read
arangodb,mixed_c40,1003,7077,331.7363,True,,40,read
arangodb,mixed_c40,1004,7211,315.606,True,,40,read
arangodb,mixed_c40,1005,7232,327.8386,True,,40,read
arangodb,mixed_c40,1006,,559.6077,True,,40,write
arangodb,mixed_c40,1007,10094,312.7648,True,,40,read
arangodb,mixed_c40,1008,10180,287.8904,True,,40,read
arangodb,mixed_c40,1009,12020,290.753,True,,40,read
arangodb,mixed_c40,1010,101328,272.9724,True,,40,read
arangodb,mixed_c40,1011,102194,275.3747,True,,40,read
arangodb,mixed_c40,1012,102318,291.4232,True,,40,read
arangodb,mixed_c40,1013,,567.3349,True,,40,write
arangodb,mixed_c40,1014,104187,265.1981,True,,40,read
arangodb,mixed_c40,1015,105349,314.2142,True,,40,read
arangodb,mixed_c40,1016,,533.4079,True,,40,write
arangodb,mixed_c40,1017,107028,300.1837,True,,40,read
arangodb,mixed_c40,1018,107093,291.1846,True,,40,read
arangodb,mixed_c40,1019,107295,306.8326,True,,40,read
arangodb,mixed_c40,1020,108250,315.7284,True,,40,read
arangodb,mixed_c40,1021,109054,296.2612,True,,40,read
arangodb,mixed_c40,1022,109073,312.3258,True,,40,read
arangodb,mixed_c40,1023,110264,315.9551,True,,40,read
arangodb,mixed_c40,1024,110376,314.9164,True,,40,read
arangodb,mixed_c40,1025,201053,276.1417,True,,40,read
arangodb,mixed_c40,1026,,589.496,True,,40,write
arangodb,mixed_c40,1027,204176,282.6616,True,,40,read
arangodb,mixed_c40,1028,,704.1476,True,,40,write
arangodb,mixed_c40,1029,205038,289.4143,True,,40,read
arangodb,mixed_c40,1030,207048,300.5152,True,,40,read
arangodb,mixed_c40,1031,,607.9906,True,,40,write
arangodb,mixed_c40,1032,,647.429,True,,40,write
arangodb,mixed_c40,1033,,604.6043,True,,40,write
arangodb,mixed_c40,1034,209058,310.7845,True,,40,read
arangodb,mixed_c40,1035,209108,323.1203,True,,40,read
arangodb,mixed_c40,1036,,556.3857,True,,40,write
arangodb,mixed_c40,1037,302080,309.519,True,,40,read
arangodb,mixed_c40,1038,,701.0454,True,,40,write
arangodb,mixed_c40,1039,9304275,279.4292,True,,40,read
arangodb,mixed_c40,1040,9305258,277.1363,True,,40,read
arangodb,mixed_c40,1041,9306241,270.4281,True,,40,read
arangodb,mixed_c40,1042,,629.1668,True,,40,write
arangodb,mixed_c40,1043,,629.8072,True,,40,write
arangodb,mixed_c40,1044,9309273,265.5392,True,,40,read
arangodb,mixed_c40,1045,9309293,335.0035,True,,40,read
arangodb,mixed_c40,1046,9310213,327.7564,True,,40,read
arangodb,mixed_c40,1047,,586.1839,True,,40,write
arangodb,mixed_c40,1048,9401244,328.1976,True,,40,read
arangodb,mixed_c40,1049,,549.0378,True,,40,write
arangodb,mixed_c40,1050,9403260,318.3999,True,,40,read
arangodb,mixed_c40,1051,9403269,424.8331,True,,40,read
arangodb,mixed_c40,1052,9407272,314.5538,True,,40,read
arangodb,mixed_c40,1053,9407278,419.4762,True,,40,read
arangodb,mixed_c40,1054,9407401,399.6584,True,,40,read
arangodb,mixed_c40,1055,9501227,420.0205,True,,40,read
arangodb,mixed_c40,1056,,575.1169,True,,40,write
arangodb,mixed_c40,1057,,577.0523,True,,40,write
arangodb,mixed_c40,1058,9502306,426.2389,True,,40,read
arangodb,mixed_c40,1059,9502360,441.5078,True,,40,read
arangodb,mixed_c40,1060,,788.4619,True,,40,write
arangodb,mixed_c40,1061,,777.1768,True,,40,write
arangodb,mixed_c40,1062,9505303,329.129,True,,40,read
arangodb,mixed_c40,1063,,748.2858,True,,40,write
arangodb,mixed_c40,1064,9505324,372.051,True,,40,read
arangodb,mixed_c40,1065,9508299,381.1776,True,,40,read
arangodb,mixed_c40,1066,9509349,353.1018,True,,40,read
arangodb,mixed_c40,1067,9603367,364.8533,True,,40,read
arangodb,mixed_c40,1068,,772.2206,True,,40,write
arangodb,mixed_c40,1069,9606252,356.8461,True,,40,read
arangodb,mixed_c40,1070,9609217,357.7222,True,,40,read
arangodb,mixed_c40,1071,9609470,347.7765,True,,40,read
arangodb,mixed_c40,1072,9610393,304.4514,True,,40,read
arangodb,mixed_c40,1073,9701246,335.0708,True,,40,read
arangodb,mixed_c40,1074,9702270,323.516,True,,40,read
arangodb,mixed_c40,1075,9703209,316.1716,True,,40,read
arangodb,mixed_c40,1076,,598.793,True,,40,write
arangodb,mixed_c40,1077,,609.3489,True,,40,write
arangodb,mixed_c40,1078,,624.024,True,,40,write
arangodb,mixed_c40,1079,9706541,295.5407,True,,40,read
arangodb,mixed_c40,1080,9707250,414.1847,True,,40,read
arangodb,mixed_c40,1081,9707282,400.7067,True,,40,read
arangodb,mixed_c40,1082,9707295,294.0954,True,,40,read
arangodb,mixed_c40,1083,9710376,406.6604,True,,40,read
arangodb,mixed_c40,1084,9711261,406.5719,True,,40,read
arangodb,mixed_c40,1085,9711379,393.3149,True,,40,read
arangodb,mixed_c40,1086,9803439,404.6835,True,,40,read
arangodb,mixed_c40,1087,9804298,482.5779,True,,40,read
arangodb,mixed_c40,1088,,765.2839,True,,40,write
arangodb,mixed_c40,1089,9804343,367.1265,True,,40,read
arangodb,mixed_c40,1090,,862.5979,True,,40,write
arangodb,mixed_c40,1091,9809529,435.7522,True,,40,read
arangodb,mixed_c40,1092,9810418,330.314,True,,40,read
arangodb,mixed_c40,1093,9811432,440.6215,True,,40,read
arangodb,mixed_c40,1094,9811469,355.2451,True,,40,read
arangodb,mixed_c40,1095,,691.7151,True,,40,write
arangodb,mixed_c40,1096,9906506,448.7455,True,,40,read
arangodb,mixed_c40,1097,9907534,502.1405,True,,40,read
arangodb,mixed_c40,1098,,791.2001,True,,40,write
arangodb,mixed_c40,1099,9909512,896.4349,True,,40,read
arangodb,mixed_c40,1100,2106,429.8456,True,,40,read
arangodb,mixed_c40,1101,6114,417.6561,True,,40,read
arangodb,mixed_c40,1102,6217,413.3954,True,,40,read
arangodb,mixed_c40,1103,,826.201,True,,40,write
arangodb,mixed_c40,1104,7211,387.9362,True,,40,read
arangodb,mixed_c40,1105,7232,355.8102,True,,40,read
arangodb,mixed_c40,1106,9292,390.6924,True,,40,read
arangodb,mixed_c40,1107,,756.3505,True,,40,write
arangodb,mixed_c40,1108,,786.1189,True,,40,write
arangodb,mixed_c40,1109,12020,394.0926,True,,40,read
arangodb,mixed_c40,1110,101328,393.5378,True,,40,read
arangodb,mixed_c40,1111,102194,316.2223,True,,40,read
arangodb,mixed_c40,1112,102318,390.79,True,,40,read
arangodb,mixed_c40,1113,104122,333.6327,True,,40,read
arangodb,mixed_c40,1114,104187,296.5268,True,,40,read
arangodb,mixed_c40,1115,,683.2692,True,,40,write
arangodb,mixed_c40,1116,,621.7456,True,,40,write
arangodb,mixed_c40,1117,107028,397.3687,True,,40,read
arangodb,mixed_c40,1118,107093,396.567,True,,40,read
arangodb,mixed_c40,1119,107295,575.8786,True,,40,read
arangodb,mixed_c40,1120,108250,467.6297,True,,40,read
arangodb,mixed_c40,1121,109054,549.8924,True,,40,read
arangodb,mixed_c40,1122,109073,464.3997,True,,40,read
arangodb,mixed_c40,1123,110264,351.8827,True,,40,read
arangodb,mixed_c40,1124,,602.388,True,,40,write
arangodb,mixed_c40,1125,201053,363.9245,True,,40,read
arangodb,mixed_c40,1126,204096,426.9709,True,,40,read
arangodb,mixed_c40,1127,204176,447.7203,True,,40,read
arangodb,mixed_c40,1128,204182,411.4292,True,,40,read
arangodb,mixed_c40,1129,205038,497.3055,True,,40,read
arangodb,mixed_c40,1130,207048,439.3107,True,,40,read
arangodb,mixed_c40,1131,,810.4969,True,,40,write
arangodb,mixed_c40,1132,208138,482.2909,True,,40,read
arangodb,mixed_c40,1133,208159,442.3278,True,,40,read
arangodb,mixed_c40,1134,209058,422.1869,True,,40,read
arangodb,mixed_c40,1135,,820.6834,True,,40,write
arangodb,mixed_c40,1136,,778.83,True,,40,write
arangodb,mixed_c40,1137,302080,375.0972,True,,40,read
arangodb,mixed_c40,1138,9208245,374.6503,True,,40,read
arangodb,mixed_c40,1139,,704.1756,True,,40,write
arangodb,mixed_c40,1140,9305258,958.6015,True,,40,read
arangodb,mixed_c40,1141,9306241,319.0158,True,,40,read
arangodb,mixed_c40,1142,9307320,962.4813,True,,40,read
arangodb,mixed_c40,1143,9309220,348.1412,True,,40,read
arangodb,mixed_c40,1144,9309273,371.8506,True,,40,read
arangodb,mixed_c40,1145,9309293,330.6412,True,,40,read
arangodb,mixed_c40,1146,9310213,335.4399,True,,40,read
arangodb,mixed_c40,1147,,563.1871,True,,40,write
arangodb,mixed_c40,1148,9401244,310.9026,True,,40,read
arangodb,mixed_c40,1149,9401326,304.9606,True,,40,read
arangodb,mixed_c40,1150,9403260,282.9869,True,,40,read
arangodb,mixed_c40,1151,,586.3827,True,,40,write
arangodb,mixed_c40,1152,,582.3554,True,,40,write
arangodb,mixed_c40,1153,9407278,330.0497,True,,40,read
arangodb,mixed_c40,1154,9407401,415.9684,True,,40,read
arangodb,mixed_c40,1155,9501227,366.8925,True,,40,read
arangodb,mixed_c40,1156,9501350,391.1907,True,,40,read
arangodb,mixed_c40,1157,9501376,362.0761,True,,40,read
arangodb,mixed_c40,1158,9502306,409.2387,True,,40,read
arangodb,mixed_c40,1159,,716.7985,True,,40,write
arangodb,mixed_c40,1160,9503294,387.3742,True,,40,read
arangodb,mixed_c40,1161,9504347,327.3894,True,,40,read
arangodb,mixed_c40,1162,9505303,362.1092,True,,40,read
arangodb,mixed_c40,1163,9505310,310.3691,True,,40,read
arangodb,mixed_c40,1164,9505324,343.2013,True,,40,read
arangodb,mixed_c40,1165,,635.7213,True,,40,write
arangodb,mixed_c40,1166,,545.654,True,,40,write
arangodb,mixed_c40,1167,9603367,385.811,True,,40,read
arangodb,mixed_c40,1168,9603420,371.1916,True,,40,read
arangodb,mixed_c40,1169,9606252,1160.6066,True,,40,read
arangodb,mixed_c40,1170,9609217,305.5301,True,,40,read
arangodb,mixed_c40,1171,9609470,317.257,True,,40,read
arangodb,mixed_c40,1172,9610393,341.816,True,,40,read
arangodb,mixed_c40,1173,9701246,918.9068,True,,40,read
arangodb,mixed_c40,1174,9702270,359.1044,True,,40,read
arangodb,mixed_c40,1175,9703209,1115.4605,True,,40,read
arangodb,mixed_c40,1176,9703232,341.3596,True,,40,read
arangodb,mixed_c40,1177,9703423,889.0222,True,,40,read
arangodb,mixed_c40,1178,9705262,339.5609,True,,40,read
arangodb,mixed_c40,1179,9706541,284.6224,True,,40,read
arangodb,mixed_c40,1180,,642.446,True,,40,write
arangodb,mixed_c40,1181,,611.2835,True,,40,write
arangodb,mixed_c40,1182,,607.7655,True,,40,write
arangodb,mixed_c40,1183,9710376,314.4675,True,,40,read
arangodb,mixed_c40,1184,9711261,263.1585,True,,40,read
arangodb,mixed_c40,1185,9711379,291.8294,True,,40,read
arangodb,mixed_c40,1186,9803439,303.0015,True,,40,read
arangodb,mixed_c40,1187,9804298,295.2869,True,,40,read
arangodb,mixed_c40,1188,9804313,283.8797,True,,40,read
arangodb,mixed_c40,1189,9804343,296.5753,True,,40,read
arangodb,mixed_c40,1190,,626.6976,True,,40,write
arangodb,mixed_c40,1191,9809529,314.4568,True,,40,read
arangodb,mixed_c40,1192,9810418,451.7648,True,,40,read
arangodb,mixed_c40,1193,,718.189,True,,40,write
arangodb,mixed_c40,1194,,731.483,True,,40,write
arangodb,mixed_c40,1195,9812342,386.7515,True,,40,read
arangodb,mixed_c40,1196,9906506,352.2816,True,,40,read
arangodb,mixed_c40,1197,9907534,345.0268,True,,40,read
arangodb,mixed_c40,1198,9909234,356.7425,True,,40,read
arangodb,mixed_c40,1199,9909512,363.1956,True,,40,read
arangodb,mixed_c40,1200,,665.136,True,,40,write
arangodb,mixed_c40,1201,6114,422.255,True,,40,read
arangodb,mixed_c40,1202,6217,381.0252,True,,40,read
arangodb,mixed_c40,1203,7077,377.8966,True,,40,read
arangodb,mixed_c40,1204,7211,320.2591,True,,40,read
arangodb,mixed_c40,1205,,640.2551,True,,40,write
arangodb,mixed_c40,1206,,629.9301,True,,40,write
arangodb,mixed_c40,1207,10094,339.179,True,,40,read
arangodb,mixed_c40,1208,10180,340.5733,True,,40,read
arangodb,mixed_c40,1209,,807.5253,True,,40,write
arangodb,mixed_c40,1210,101328,339.0781,True,,40,read
arangodb,mixed_c40,1211,102194,295.6153,True,,40,read
arangodb,mixed_c40,1212,102318,294.476,True,,40,read
arangodb,mixed_c40,1213,,724.2047,True,,40,write
arangodb,mixed_c40,1214,104187,268.7188,True,,40,read
arangodb,mixed_c40,1215,105349,262.4675,True,,40,read
arangodb,mixed_c40,1216,106261,339.5673,True,,40,read
arangodb,mixed_c40,1217,,634.2189,True,,40,write
arangodb,mixed_c40,1218,107093,360.2096,True,,40,read
arangodb,mixed_c40,1219,107295,339.2074,True,,40,read
arangodb,mixed_c40,1220,,726.7507,True,,40,write
arangodb,mixed_c40,1221,,625.4738,True,,40,write
arangodb,mixed_c40,1222,,607.7935,True,,40,write
arangodb,mixed_c40,1223,110264,294.9514,True,,40,read
arangodb,mixed_c40,1224,,731.8852,True,,40,write
arangodb,mixed_c40,1225,,735.8187,True,,40,write
arangodb,mixed_c40,1226,204096,530.8207,True,,40,read
arangodb,mixed_c40,1227,204176,330.8823,True,,40,read
arangodb,mixed_c40,1228,204182,401.7766,True,,40,read
arangodb,mixed_c40,1229,205038,442.1841,True,,40,read
arangodb,mixed_c40,1230,207048,326.6437,True,,40,read
arangodb,mixed_c40,1231,207227,434.4502,True,,40,read
arangodb,mixed_c40,1232,208138,394.9328,True,,40,read
arangodb,mixed_c40,1233,208159,383.1852,True,,40,read
arangodb,mixed_c40,1234,209058,501.9466,True,,40,read
arangodb,mixed_c40,1235,209108,300.2489,True,,40,read
arangodb,mixed_c40,1236,210254,377.869,True,,40,read
arangodb,mixed_c40,1237,302080,468.1043,True,,40,read
arangodb,mixed_c40,1238,9208245,370.883,True,,40,read
arangodb,mixed_c40,1239,,769.4352,True,,40,write
arangodb,mixed_c40,1240,9305258,364.2982,True,,40,read
arangodb,mixed_c40,1241,,754.6018,True,,40,write
arangodb,mixed_c40,1242,9307320,310.8701,True,,40,read
arangodb,mixed_c40,1243,9309220,303.9757,True,,40,read
arangodb,mixed_c40,1244,9309273,410.5126,True,,40,read
arangodb,mixed_c40,1245,9309293,316.6459,True,,40,read
arangodb,mixed_c40,1246,9310213,289.3895,True,,40,read
arangodb,mixed_c40,1247,9311240,397.0208,True,,40,read
arangodb,mixed_c40,1248,9401244,374.3005,True,,40,read
arangodb,mixed_c40,1249,9401326,373.8378,True,,40,read
arangodb,mixed_c40,1250,9403260,371.1821,True,,40,read
arangodb,mixed_c40,1251,,607.9328,True,,40,write
arangodb,mixed_c40,1252,9407272,422.4817,True,,40,read
arangodb,mixed_c40,1253,9407278,319.2466,True,,40,read
arangodb,mixed_c40,1254,9407401,302.5988,True,,40,read
arangodb,mixed_c40,1255,9501227,389.4495,True,,40,read
arangodb,mixed_c40,1256,9501350,373.9344,True,,40,read
arangodb,mixed_c40,1257,9501376,365.5261,True,,40,read
arangodb,mixed_c40,1258,9502306,367.5027,True,,40,read
arangodb,mixed_c40,1259,9502360,407.7405,True,,40,read
arangodb,mixed_c40,1260,9503294,458.8409,True,,40,read
arangodb,mixed_c40,1261,,608.3488,True,,40,write
arangodb,mixed_c40,1262,9505303,405.7696,True,,40,read
arangodb,mixed_c40,1263,9505310,437.4034,True,,40,read
arangodb,mixed_c40,1264,9505324,419.4092,True,,40,read
arangodb,mixed_c40,1265,9508299,319.6575,True,,40,read
arangodb,mixed_c40,1266,9509349,384.7744,True,,40,read
arangodb,mixed_c40,1267,9603367,413.5985,True,,40,read
arangodb,mixed_c40,1268,,763.4956,True,,40,write
arangodb,mixed_c40,1269,9606252,458.3917,True,,40,read
arangodb,mixed_c40,1270,,873.9849,True,,40,write
arangodb,mixed_c40,1271,9609470,366.0539,True,,40,read
arangodb,mixed_c40,1272,,707.7847,True,,40,write
arangodb,mixed_c40,1273,,732.9768,True,,40,write
arangodb,mixed_c40,1274,9702270,368.5731,True,,40,read
arangodb,mixed_c40,1275,9703209,343.3325,True,,40,read
arangodb,mixed_c40,1276,9703232,299.4769,True,,40,read
arangodb,mixed_c40,1277,9703423,309.553,True,,40,read
arangodb,mixed_c40,1278,9705262,383.0668,True,,40,read
arangodb,mixed_c40,1279,9706541,321.8917,True,,40,read
arangodb,mixed_c40,1280,9707250,343.8763,True,,40,read
arangodb,mixed_c40,1281,9707282,341.1679,True,,40,read
arangodb,mixed_c40,1282,9707295,321.0254,True,,40,read
arangodb,mixed_c40,1283,9710376,344.3733,True,,40,read
arangodb,mixed_c40,1284,9711261,334.4364,True,,40,read
arangodb,mixed_c40,1285,9711379,323.5364,True,,40,read
arangodb,mixed_c40,1286,9803439,311.6727,True,,40,read
arangodb,mixed_c40,1287,,696.5463,True,,40,write
arangodb,mixed_c40,1288,9804313,372.0258,True,,40,read
arangodb,mixed_c40,1289,9804343,302.4206,True,,40,read
arangodb,mixed_c40,1290,,715.7423,True,,40,write
arangodb,mixed_c40,1291,9809529,323.3708,True,,40,read
arangodb,mixed_c40,1292,9810418,323.8199,True,,40,read
arangodb,mixed_c40,1293,,710.7152,True,,40,write
arangodb,mixed_c40,1294,9811469,303.5836,True,,40,read
arangodb,mixed_c40,1295,9812342,285.8064,True,,40,read
arangodb,mixed_c40,1296,9906506,281.9102,True,,40,read
arangodb,mixed_c40,1297,9907534,455.5821,True,,40,read
arangodb,mixed_c40,1298,9909234,414.4258,True,,40,read
arangodb,mixed_c40,1299,9909512,407.7486,True,,40,read
arangodb,mixed_c40,1300,2106,283.776,True,,40,read
arangodb,mixed_c40,1301,6114,487.958,True,,40,read
arangodb,mixed_c40,1302,6217,423.6269,True,,40,read
arangodb,mixed_c40,1303,7077,285.925,True,,40,read
arangodb,mixed_c40,1304,7211,368.1032,True,,40,read
arangodb,mixed_c40,1305,7232,586.1483,True,,40,read
arangodb,mixed_c40,1306,9292,366.2508,True,,40,read
arangodb,mixed_c40,1307,10094,453.2416,True,,40,read
arangodb,mixed_c40,1308,,677.5228,True,,40,write
arangodb,mixed_c40,1309,12020,565.2874,True,,40,read
arangodb,mixed_c40,1310,101328,364.8799,True,,40,read
arangodb,mixed_c40,1311,102194,365.2498,True,,40,read
arangodb,mixed_c40,1312,102318,380.0324,True,,40,read
arangodb,mixed_c40,1313,,616.421,True,,40,write
arangodb,mixed_c40,1314,,679.1912,True,,40,write
arangodb,mixed_c40,1315,105349,398.2619,True,,40,read
arangodb,mixed_c40,1316,106261,962.2432,True,,40,read
arangodb,mixed_c40,1317,107028,891.4826,True,,40,read
arangodb,mixed_c40,1318,107093,388.998,True,,40,read
arangodb,mixed_c40,1319,107295,475.5503,True,,40,read
arangodb,mixed_c40,1320,108250,523.7673,True,,40,read
arangodb,mixed_c40,1321,109054,447.4744,True,,40,read
arangodb,mixed_c40,1322,,703.3904,True,,40,write
arangodb,mixed_c40,1323,110264,409.9277,True,,40,read
arangodb,mixed_c40,1324,110376,437.9591,True,,40,read
arangodb,mixed_c40,1325,201053,455.3663,True,,40,read
arangodb,mixed_c40,1326,204096,417.1389,True,,40,read
arangodb,mixed_c40,1327,204176,418.2041,True,,40,read
arangodb,mixed_c40,1328,204182,377.4481,True,,40,read
arangodb,mixed_c40,1329,205038,429.749,True,,40,read
arangodb,mixed_c40,1330,207048,355.8222,True,,40,read
arangodb,mixed_c40,1331,207227,330.0141,True,,40,read
arangodb,mixed_c40,1332,208138,321.2691,True,,40,read
arangodb,mixed_c40,1333,,592.5769,True,,40,write
arangodb,mixed_c40,1334,209058,317.6711,True,,40,read
arangodb,mixed_c40,1335,,601.3308,True,,40,write
arangodb,mixed_c40,1336,210254,325.2569,True,,40,read
arangodb,mixed_c40,1337,302080,334.74,True,,40,read
arangodb,mixed_c40,1338,9208245,309.5844,True,,40,read
arangodb,mixed_c40,1339,9304275,317.33,True,,40,read
arangodb,mixed_c40,1340,9305258,333.3536,True,,40,read
arangodb,mixed_c40,1341,,606.5959,True,,40,write
arangodb,mixed_c40,1342,9307320,293.7249,True,,40,read
arangodb,mixed_c40,1343,9309220,280.5698,True,,40,read
arangodb,mixed_c40,1344,9309273,311.8774,True,,40,read
arangodb,mixed_c40,1345,9309293,299.2169,True,,40,read
arangodb,mixed_c40,1346,9310213,283.8021,True,,40,read
arangodb,mixed_c40,1347,,563.6113,True,,40,write
arangodb,mixed_c40,1348,,573.0788,True,,40,write
arangodb,mixed_c40,1349,9401326,280.0538,True,,40,read
arangodb,mixed_c40,1350,9403260,349.4597,True,,40,read
arangodb,mixed_c40,1351,9403269,322.203,True,,40,read
arangodb,mixed_c40,1352,,566.1072,True,,40,write
arangodb,mixed_c40,1353,9407278,353.9374,True,,40,read
arangodb,mixed_c40,1354,9407401,318.575,True,,40,read
arangodb,mixed_c40,1355,,551.7001,True,,40,write
arangodb,mixed_c40,1356,9501350,325.7515,True,,40,read
arangodb,mixed_c40,1357,,678.4032,True,,40,write
arangodb,mixed_c40,1358,9502306,324.643,True,,40,read
arangodb,mixed_c40,1359,9502360,336.3894,True,,40,read
arangodb,mixed_c40,1360,,609.8205,True,,40,write
arangodb,mixed_c40,1361,,701.9929,True,,40,write
arangodb,mixed_c40,1362,9505303,313.9536,True,,40,read
arangodb,mixed_c40,1363,9505310,343.8735,True,,40,read
arangodb,mixed_c40,1364,9505324,298.3402,True,,40,read
arangodb,mixed_c40,1365,9508299,309.5414,True,,40,read
arangodb,mixed_c40,1366,9509349,275.4586,True,,40,read
arangodb,mixed_c40,1367,,574.6338,True,,40,write
arangodb,mixed_c40,1368,9603420,337.3182,True,,40,read
arangodb,mixed_c40,1369,9606252,318.6639,True,,40,read
arangodb,mixed_c40,1370,9609217,309.2444,True,,40,read
arangodb,mixed_c40,1371,9609470,316.8404,True,,40,read
arangodb,mixed_c40,1372,9610393,341.2695,True,,40,read
arangodb,mixed_c40,1373,9701246,304.4803,True,,40,read
arangodb,mixed_c40,1374,9702270,283.6799,True,,40,read
arangodb,mixed_c40,1375,9703209,291.5686,True,,40,read
arangodb,mixed_c40,1376,9703232,301.4246,True,,40,read
arangodb,mixed_c40,1377,9703423,316.714,True,,40,read
arangodb,mixed_c40,1378,,615.1823,True,,40,write
arangodb,mixed_c40,1379,9706541,316.3126,True,,40,read
arangodb,mixed_c40,1380,9707250,304.7412,True,,40,read
arangodb,mixed_c40,1381,,678.3802,True,,40,write
arangodb,mixed_c40,1382,9707295,270.8374,True,,40,read
arangodb,mixed_c40,1383,9710376,263.192,True,,40,read
arangodb,mixed_c40,1384,,614.4258,True,,40,write
arangodb,mixed_c40,1385,9711379,265.0473,True,,40,read
arangodb,mixed_c40,1386,9803439,296.3347,True,,40,read
arangodb,mixed_c40,1387,9804298,334.4238,True,,40,read
arangodb,mixed_c40,1388,9804313,357.6823,True,,40,read
arangodb,mixed_c40,1389,9804343,286.4108,True,,40,read
arangodb,mixed_c40,1390,9805465,314.7512,True,,40,read
arangodb,mixed_c40,1391,9809529,331.9858,True,,40,read
arangodb,mixed_c40,1392,9810418,294.022,True,,40,read
arangodb,mixed_c40,1393,9811432,309.1001,True,,40,read
arangodb,mixed_c40,1394,9811469,335.3328,True,,40,read
arangodb,mixed_c40,1395,,608.385,True,,40,write
arangodb,mixed_c40,1396,9906506,315.3571,True,,40,read
arangodb,mixed_c40,1397,,601.6609,True,,40,write
arangodb,mixed_c40,1398,9909234,392.5979,True,,40,read
arangodb,mixed_c40,1399,9909512,309.0372,True,,40,read
arangodb,mixed_c40,1400,2106,357.0857,True,,40,read
arangodb,mixed_c40,1401,6114,343.1663,True,,40,read
arangodb,mixed_c40,1402,6217,463.8403,True,,40,read
arangodb,mixed_c40,1403,7077,343.0171,True,,40,read
arangodb,mixed_c40,1404,7211,342.7017,True,,40,read
arangodb,mixed_c40,1405,7232,352.6006,True,,40,read
arangodb,mixed_c40,1406,9292,426.1967,True,,40,read
arangodb,mixed_c40,1407,10094,318.9671,True,,40,read
arangodb,mixed_c40,1408,10180,446.223,True,,40,read
arangodb,mixed_c40,1409,12020,332.5233,True,,40,read
arangodb,mixed_c40,1410,101328,414.1048,True,,40,read
arangodb,mixed_c40,1411,102194,324.9963,True,,40,read
arangodb,mixed_c40,1412,102318,399.2487,True,,40,read
arangodb,mixed_c40,1413,104122,395.159,True,,40,read
arangodb,mixed_c40,1414,104187,363.4406,True,,40,read
arangodb,mixed_c40,1415,,765.6812,True,,40,write
arangodb,mixed_c40,1416,106261,341.3769,True,,40,read
arangodb,mixed_c40,1417,107028,356.5115,True,,40,read
arangodb,mixed_c40,1418,,700.7787,True,,40,write
arangodb,mixed_c40,1419,107295,385.4864,True,,40,read
arangodb,mixed_c40,1420,108250,351.4623,True,,40,read
arangodb,mixed_c40,1421,109054,338.4882,True,,40,read
arangodb,mixed_c40,1422,,679.1807,True,,40,write
arangodb,mixed_c40,1423,,726.0241,True,,40,write
arangodb,mixed_c40,1424,,712.6383,True,,40,write
arangodb,mixed_c40,1425,201053,312.7977,True,,40,read
arangodb,mixed_c40,1426,204096,320.9817,True,,40,read
arangodb,mixed_c40,1427,204176,310.8947,True,,40,read
arangodb,mixed_c40,1428,204182,417.2999,True,,40,read
arangodb,mixed_c40,1429,205038,386.7013,True,,40,read
arangodb,mixed_c40,1430,207048,312.8679,True,,40,read
arangodb,mixed_c40,1431,207227,382.4538,True,,40,read
arangodb,mixed_c40,1432,208138,359.3477,True,,40,read
arangodb,mixed_c40,1433,208159,365.7175,True,,40,read
arangodb,mixed_c40,1434,209058,408.2389,True,,40,read
arangodb,mixed_c40,1435,209108,396.561,True,,40,read
arangodb,mixed_c40,1436,210254,405.6883,True,,40,read
arangodb,mixed_c40,1437,,694.7996,True,,40,write
arangodb,mixed_c40,1438,9208245,327.9356,True,,40,read
arangodb,mixed_c40,1439,9304275,319.3151,True,,40,read
arangodb,mixed_c40,1440,9305258,325.8742,True,,40,read
arangodb,mixed_c40,1441,9306241,313.168,True,,40,read
arangodb,mixed_c40,1442,9307320,372.6746,True,,40,read
arangodb,mixed_c40,1443,9309220,308.0159,True,,40,read
arangodb,mixed_c40,1444,9309273,434.3324,True,,40,read
arangodb,mixed_c40,1445,9309293,422.6241,True,,40,read
arangodb,mixed_c40,1446,9310213,303.3735,True,,40,read
arangodb,mixed_c40,1447,,785.4942,True,,40,write
arangodb,mixed_c40,1448,9401244,418.1269,True,,40,read
arangodb,mixed_c40,1449,,600.0021,True,,40,write
arangodb,mixed_c40,1450,9403260,441.1289,True,,40,read
arangodb,mixed_c40,1451,9403269,371.8732,True,,40,read
arangodb,mixed_c40,1452,9407272,373.4672,True,,40,read
arangodb,mixed_c40,1453,,762.2317,True,,40,write
arangodb,mixed_c40,1454,9407401,372.3559,True,,40,read
arangodb,mixed_c40,1455,9501227,351.2852,True,,40,read
arangodb,mixed_c40,1456,9501350,339.0846,True,,40,read
arangodb,mixed_c40,1457,9501376,391.3467,True,,40,read
arangodb,mixed_c40,1458,9502306,382.3427,True,,40,read
arangodb,mixed_c40,1459,9502360,383.0139,True,,40,read
arangodb,mixed_c40,1460,9503294,402.055,True,,40,read
arangodb,mixed_c40,1461,9504347,391.1068,True,,40,read
arangodb,mixed_c40,1462,9505303,884.1738,True,,40,read
arangodb,mixed_c40,1463,9505310,364.5462,True,,40,read
arangodb,mixed_c40,1464,9505324,317.9673,True,,40,read
arangodb,mixed_c40,1465,9508299,408.444,True,,40,read
arangodb,mixed_c40,1466,9509349,379.0171,True,,40,read
arangodb,mixed_c40,1467,,774.6819,True,,40,write
arangodb,mixed_c40,1468,9603420,387.6645,True,,40,read
arangodb,mixed_c40,1469,9606252,402.9202,True,,40,read
arangodb,mixed_c40,1470,9609217,375.4881,True,,40,read
arangodb,mixed_c40,1471,9609470,400.6677,True,,40,read
arangodb,mixed_c40,1472,9610393,463.4886,True,,40,read
arangodb,mixed_c40,1473,9701246,358.5658,True,,40,read
arangodb,mixed_c40,1474,9702270,399.2774,True,,40,read
arangodb,mixed_c40,1475,9703209,401.3113,True,,40,read
arangodb,mixed_c40,1476,9703232,301.2075,True,,40,read
arangodb,mixed_c40,1477,9703423,322.1244,True,,40,read
arangodb,mixed_c40,1478,9705262,388.3118,True,,40,read
arangodb,mixed_c40,1479,9706541,423.5891,True,,40,read
arangodb,mixed_c40,1480,9707250,505.9637,True,,40,read
arangodb,mixed_c40,1481,9707282,515.2757,True,,40,read
arangodb,mixed_c40,1482,9707295,378.682,True,,40,read
arangodb,mixed_c40,1483,9710376,512.4439,True,,40,read
arangodb,mixed_c40,1484,9711261,519.0359,True,,40,read
arangodb,mixed_c40,1485,9711379,499.4156,True,,40,read
arangodb,mixed_c40,1486,9803439,514.3678,True,,40,read
arangodb,mixed_c40,1487,9804298,490.9971,True,,40,read
arangodb,mixed_c40,1488,9804313,359.0889,True,,40,read
arangodb,mixed_c40,1489,9804343,450.7766,True,,40,read
arangodb,mixed_c40,1490,9805465,352.052,True,,40,read
arangodb,mixed_c40,1491,9809529,444.1227,True,,40,read
arangodb,mixed_c40,1492,9810418,463.7673,True,,40,read
arangodb,mixed_c40,1493,9811432,405.3097,True,,40,read
arangodb,mixed_c40,1494,,745.5787,True,,40,write
arangodb,mixed_c40,1495,9812342,386.379,True,,40,read
arangodb,mixed_c40,1496,,582.0789,True,,40,write
arangodb,mixed_c40,1497,,720.5277,True,,40,write
arangodb,mixed_c40,1498,,598.0768,True,,40,write
arangodb,mixed_c40,1499,,587.0797,True,,40,write
arangodb,mixed_c40,1500,,657.7321,True,,40,write
arangodb,mixed_c40,1501,6114,324.1255,True,,40,read
arangodb,mixed_c40,1502,6217,313.7109,True,,40,read
arangodb,mixed_c40,1503,7077,350.1031,True,,40,read
arangodb,mixed_c40,1504,7211,390.4071,True,,40,read
arangodb,mixed_c40,1505,7232,392.8295,True,,40,read
arangodb,mixed_c40,1506,9292,409.6724,True,,40,read
arangodb,mixed_c40,1507,10094,394.5865,True,,40,read
arangodb,mixed_c40,1508,10180,374.7744,True,,40,read
arangodb,mixed_c40,1509,12020,287.7579,True,,40,read
arangodb,mixed_c40,1510,101328,465.8579,True,,40,read
arangodb,mixed_c40,1511,102194,336.9978,True,,40,read
arangodb,mixed_c40,1512,102318,312.3708,True,,40,read
arangodb,mixed_c40,1513,104122,323.0275,True,,40,read
arangodb,mixed_c40,1514,104187,318.0856,True,,40,read
arangodb,mixed_c40,1515,,563.5441,True,,40,write
arangodb,mixed_c40,1516,106261,317.3265,True,,40,read
arangodb,mixed_c40,1517,107028,289.6441,True,,40,read
arangodb,mixed_c40,1518,107093,297.6362,True,,40,read
arangodb,mixed_c40,1519,,601.4476,True,,40,write
arangodb,mixed_c40,1520,108250,298.6543,True,,40,read
arangodb,mixed_c40,1521,109054,345.9096,True,,40,read
arangodb,mixed_c40,1522,109073,294.0464,True,,40,read
arangodb,mixed_c40,1523,110264,293.9047,True,,40,read
arangodb,mixed_c40,1524,,639.8226,True,,40,write
arangodb,mixed_c40,1525,201053,363.0466,True,,40,read
arangodb,mixed_c40,1526,204096,413.7128,True,,40,read
arangodb,mixed_c40,1527,,559.1171,True,,40,write
arangodb,mixed_c40,1528,204182,360.2959,True,,40,read
arangodb,mixed_c40,1529,205038,338.3803,True,,40,read
arangodb,mixed_c40,1530,207048,310.3254,True,,40,read
arangodb,mixed_c40,1531,,551.1303,True,,40,write
arangodb,mixed_c40,1532,208138,325.1626,True,,40,read
arangodb,mixed_c40,1533,208159,314.1305,True,,40,read
arangodb,mixed_c40,1534,209058,877.4526,True,,40,read
arangodb,mixed_c40,1535,209108,292.4845,True,,40,read
arangodb,mixed_c40,1536,210254,870.1737,True,,40,read
arangodb,mixed_c40,1537,,613.5192,True,,40,write
arangodb,mixed_c40,1538,9208245,293.3693,True,,40,read
arangodb,mixed_c40,1539,9304275,318.2496,True,,40,read
arangodb,mixed_c40,1540,,624.3534,True,,40,write
arangodb,mixed_c40,1541,9306241,286.6203,True,,40,read
arangodb,mixed_c40,1542,9307320,294.7879,True,,40,read
arangodb,mixed_c40,1543,9309220,308.3025,True,,40,read
arangodb,mixed_c40,1544,9309273,327.5573,True,,40,read
arangodb,mixed_c40,1545,,621.6569,True,,40,write
arangodb,mixed_c40,1546,9310213,315.4659,True,,40,read
arangodb,mixed_c40,1547,,630.5087,True,,40,write
arangodb,mixed_c40,1548,9401244,295.8584,True,,40,read
arangodb,mixed_c40,1549,9401326,271.6086,True,,40,read
arangodb,mixed_c40,1550,9403260,300.8324,True,,40,read
arangodb,mixed_c40,1551,9403269,303.1269,True,,40,read
arangodb,mixed_c40,1552,,585.4235,True,,40,write
arangodb,mixed_c40,1553,,600.1462,True,,40,write
arangodb,mixed_c40,1554,9407401,284.9649,True,,40,read
arangodb,mixed_c40,1555,9501227,288.1489,True,,40,read
arangodb,mixed_c40,1556,9501350,262.7958,True,,40,read
arangodb,mixed_c40,1557,,526.4421,True,,40,write
arangodb,mixed_c40,1558,9502306,265.3364,True,,40,read
arangodb,mixed_c40,1559,,604.2154,True,,40,write
arangodb,mixed_c40,1560,9503294,312.9789,True,,40,read
arangodb,mixed_c40,1561,9504347,297.2031,True,,40,read
arangodb,mixed_c40,1562,9505303,312.3517,True,,40,read
arangodb,mixed_c40,1563,9505310,352.7047,True,,40,read
arangodb,mixed_c40,1564,9505324,298.8512,True,,40,read
arangodb,mixed_c40,1565,9508299,352.7491,True,,40,read
arangodb,mixed_c40,1566,,582.0505,True,,40,write
arangodb,mixed_c40,1567,9603367,301.4489,True,,40,read
arangodb,mixed_c40,1568,9603420,352.4058,True,,40,read
arangodb,mixed_c40,1569,9606252,328.8859,True,,40,read
arangodb,mixed_c40,1570,,600.7156,True,,40,write
arangodb,mixed_c40,1571,,600.3059,True,,40,write
arangodb,mixed_c40,1572,9610393,301.9557,True,,40,read
arangodb,mixed_c40,1573,9701246,322.5634,True,,40,read
arangodb,mixed_c40,1574,9702270,294.3695,True,,40,read
arangodb,mixed_c40,1575,9703209,311.8156,True,,40,read
arangodb,mixed_c40,1576,,646.0359,True,,40,write
arangodb,mixed_c40,1577,9703423,298.0622,True,,40,read
arangodb,mixed_c40,1578,9705262,275.2133,True,,40,read
arangodb,mixed_c40,1579,9706541,296.256,True,,40,read
arangodb,mixed_c40,1580,9707250,311.1847,True,,40,read
arangodb,mixed_c40,1581,9707282,282.6339,True,,40,read
arangodb,mixed_c40,1582,9707295,291.9329,True,,40,read
arangodb,mixed_c40,1583,9710376,281.3457,True,,40,read
arangodb,mixed_c40,1584,9711261,292.9862,True,,40,read
arangodb,mixed_c40,1585,9711379,265.586,True,,40,read
arangodb,mixed_c40,1586,9803439,266.7193,True,,40,read
arangodb,mixed_c40,1587,9804298,264.2559,True,,40,read
arangodb,mixed_c40,1588,,644.523,True,,40,write
arangodb,mixed_c40,1589,9804343,358.7621,True,,40,read
arangodb,mixed_c40,1590,,677.821,True,,40,write
arangodb,mixed_c40,1591,9809529,296.6083,True,,40,read
arangodb,mixed_c40,1592,9810418,287.6978,True,,40,read
arangodb,mixed_c40,1593,,636.2712,True,,40,write
arangodb,mixed_c40,1594,9811469,314.4173,True,,40,read
arangodb,mixed_c40,1595,9812342,294.8116,True,,40,read
arangodb,mixed_c40,1596,,605.7584,True,,40,write
arangodb,mixed_c40,1597,9907534,496.413,True,,40,read
arangodb,mixed_c40,1598,9909234,380.7419,True,,40,read
arangodb,mixed_c40,1599,9909512,551.9302,True,,40,read
arangodb,mixed_c40,1600,,693.3156,True,,40,write
arangodb,mixed_c40,1601,6114,502.9418,True,,40,read
arangodb,mixed_c40,1602,6217,503.4419,True,,40,read
arangodb,mixed_c40,1603,7077,535.4633,True,,40,read
arangodb,mixed_c40,1604,7211,486.1803,True,,40,read
arangodb,mixed_c40,1605,7232,513.2829,True,,40,read
arangodb,mixed_c40,1606,9292,532.2012,True,,40,read
arangodb,mixed_c40,1607,10094,441.6275,True,,40,read
arangodb,mixed_c40,1608,10180,448.9895,True,,40,read
arangodb,mixed_c40,1609,12020,421.6246,True,,40,read
arangodb,mixed_c40,1610,101328,432.999,True,,40,read
arangodb,mixed_c40,1611,,607.117,True,,40,write
arangodb,mixed_c40,1612,102318,441.923,True,,40,read
arangodb,mixed_c40,1613,104122,423.5656,True,,40,read
arangodb,mixed_c40,1614,,607.8228,True,,40,write
arangodb,mixed_c40,1615,105349,295.888,True,,40,read
arangodb,mixed_c40,1616,106261,384.8514,True,,40,read
arangodb,mixed_c40,1617,107028,393.5099,True,,40,read
arangodb,mixed_c40,1618,,772.2362,True,,40,write
arangodb,mixed_c40,1619,,786.6603,True,,40,write
arangodb,mixed_c40,1620,108250,384.1371,True,,40,read
arangodb,mixed_c40,1621,109054,372.7038,True,,40,read
arangodb,mixed_c40,1622,109073,404.5886,True,,40,read
arangodb,mixed_c40,1623,,758.7031,True,,40,write
arangodb,mixed_c40,1624,110376,383.8808,True,,40,read
arangodb,mixed_c40,1625,201053,314.5921,True,,40,read
arangodb,mixed_c40,1626,204096,369.1233,True,,40,read
arangodb,mixed_c40,1627,204176,325.2653,True,,40,read
arangodb,mixed_c40,1628,204182,315.0025,True,,40,read
arangodb,mixed_c40,1629,205038,395.9838,True,,40,read
arangodb,mixed_c40,1630,207048,322.6806,True,,40,read
arangodb,mixed_c40,1631,207227,385.0437,True,,40,read
arangodb,mixed_c40,1632,208138,315.1722,True,,40,read
arangodb,mixed_c40,1633,208159,305.7569,True,,40,read
arangodb,mixed_c40,1634,209058,302.807,True,,40,read
arangodb,mixed_c40,1635,209108,429.9552,True,,40,read
arangodb,mixed_c40,1636,210254,284.1153,True,,40,read
arangodb,mixed_c40,1637,,596.9079,True,,40,write
arangodb,mixed_c40,1638,9208245,406.2376,True,,40,read
arangodb,mixed_c40,1639,9304275,400.4322,True,,40,read
arangodb,mixed_c40,1640,9305258,435.4931,True,,40,read
arangodb,mixed_c40,1641,9306241,383.6464,True,,40,read
arangodb,mixed_c40,1642,,828.1609,True,,40,write
arangodb,mixed_c40,1643,9309220,401.1789,True,,40,read
arangodb,mixed_c40,1644,9309273,442.2299,True,,40,read
arangodb,mixed_c40,1645,9309293,373.4885,True,,40,read
arangodb,mixed_c40,1646,9310213,875.6409,True,,40,read
arangodb,mixed_c40,1647,9311240,396.7418,True,,40,read
arangodb,mixed_c40,1648,9401244,378.6854,True,,40,read
arangodb,mixed_c40,1649,9401326,358.8525,True,,40,read
arangodb,mixed_c40,1650,9403260,359.5013,True,,40,read
arangodb,mixed_c40,1651,,1170.3539,True,,40,write
arangodb,mixed_c40,1652,,1207.0713,True,,40,write
arangodb,mixed_c40,1653,9407278,866.9781,True,,40,read
arangodb,mixed_c40,1654,9407401,424.1737,True,,40,read
arangodb,mixed_c40,1655,9501227,341.1473,True,,40,read
arangodb,mixed_c40,1656,9501350,525.2449,True,,40,read
arangodb,mixed_c40,1657,9501376,510.8787,True,,40,read
arangodb,mixed_c40,1658,9502306,481.225,True,,40,read
arangodb,mixed_c40,1659,9502360,492.7759,True,,40,read
arangodb,mixed_c40,1660,9503294,358.8703,True,,40,read
arangodb,mixed_c40,1661,,669.3959,True,,40,write
arangodb,mixed_c40,1662,9505303,328.7985,True,,40,read
arangodb,mixed_c40,1663,9505310,481.0983,True,,40,read
arangodb,mixed_c40,1664,9505324,400.9724,True,,40,read
arangodb,mixed_c40,1665,,625.305,True,,40,write
arangodb,mixed_c40,1666,9509349,412.3118,True,,40,read
arangodb,mixed_c40,1667,9603367,414.5639,True,,40,read
arangodb,mixed_c40,1668,,1110.3861,True,,40,write
arangodb,mixed_c40,1669,9606252,397.2078,True,,40,read
arangodb,mixed_c40,1670,,581.41,True,,40,write
arangodb,mixed_c40,1671,9609470,384.7529,True,,40,read
arangodb,mixed_c40,1672,9610393,348.3339,True,,40,read
arangodb,mixed_c40,1673,9701246,494.4905,True,,40,read
arangodb,mixed_c40,1674,,590.303,True,,40,write
arangodb,mixed_c40,1675,9703209,398.8758,True,,40,read
arangodb,mixed_c40,1676,9703232,402.4697,True,,40,read
arangodb,mixed_c40,1677,,823.937,True,,40,write
arangodb,mixed_c40,1678,9705262,440.9161,True,,40,read
arangodb,mixed_c40,1679,9706541,432.1782,True,,40,read
arangodb,mixed_c40,1680,9707250,418.3389,True,,40,read
arangodb,mixed_c40,1681,9707282,404.1156,True,,40,read
arangodb,mixed_c40,1682,9707295,425.4137,True,,40,read
arangodb,mixed_c40,1683,9710376,377.3979,True,,40,read
arangodb,mixed_c40,1684,,686.9149,True,,40,write
arangodb,mixed_c40,1685,9711379,381.5238,True,,40,read
arangodb,mixed_c40,1686,9803439,375.2488,True,,40,read
arangodb,mixed_c40,1687,9804298,359.2928,True,,40,read
arangodb,mixed_c40,1688,9804313,373.766,True,,40,read
arangodb,mixed_c40,1689,9804343,819.1868,True,,40,read
arangodb,mixed_c40,1690,,644.787,True,,40,write
arangodb,mixed_c40,1691,,636.4942,True,,40,write
arangodb,mixed_c40,1692,9810418,313.749,True,,40,read
arangodb,mixed_c40,1693,9811432,338.4795,True,,40,read
arangodb,mixed_c40,1694,,649.4112,True,,40,write
arangodb,mixed_c40,1695,,589.2961,True,,40,write
arangodb,mixed_c40,1696,,622.144,True,,40,write
arangodb,mixed_c40,1697,9907534,307.1839,True,,40,read
arangodb,mixed_c40,1698,9909234,319.4211,True,,40,read
arangodb,mixed_c40,1699,9909512,340.5466,True,,40,read
arangodb,mixed_c40,1700,2106,301.5153,True,,40,read
arangodb,mixed_c40,1701,6114,303.2967,True,,40,read
arangodb,mixed_c40,1702,6217,309.5715,True,,40,read
arangodb,mixed_c40,1703,,631.4553,True,,40,write
arangodb,mixed_c40,1704,,561.787,True,,40,write
arangodb,mixed_c40,1705,7232,355.3502,True,,40,read
arangodb,mixed_c40,1706,9292,332.4311,True,,40,read
arangodb,mixed_c40,1707,10094,309.6183,True,,40,read
arangodb,mixed_c40,1708,10180,1003.991,True,,40,read
arangodb,mixed_c40,1709,12020,318.3316,True,,40,read
arangodb,mixed_c40,1710,101328,350.4163,True,,40,read
arangodb,mixed_c40,1711,102194,304.4609,True,,40,read
arangodb,mixed_c40,1712,102318,338.9939,True,,40,read
arangodb,mixed_c40,1713,104122,312.2173,True,,40,read
arangodb,mixed_c40,1714,,639.7704,True,,40,write
arangodb,mixed_c40,1715,105349,355.2382,True,,40,read
arangodb,mixed_c40,1716,106261,335.8472,True,,40,read
arangodb,mixed_c40,1717,107028,346.3291,True,,40,read
arangodb,mixed_c40,1718,107093,318.0414,True,,40,read
arangodb,mixed_c40,1719,107295,309.4229,True,,40,read
arangodb,mixed_c40,1720,108250,321.9947,True,,40,read
arangodb,mixed_c40,1721,109054,367.608,True,,40,read
arangodb,mixed_c40,1722,109073,342.0613,True,,40,read
arangodb,mixed_c40,1723,110264,305.4304,True,,40,read
arangodb,mixed_c40,1724,110376,324.0451,True,,40,read
arangodb,mixed_c40,1725,201053,330.9582,True,,40,read
arangodb,mixed_c40,1726,204096,308.4782,True,,40,read
arangodb,mixed_c40,1727,,581.5507,True,,40,write
arangodb,mixed_c40,1728,204182,293.6438,True,,40,read
arangodb,mixed_c40,1729,,611.515,True,,40,write
arangodb,mixed_c40,1730,207048,303.9847,True,,40,read
arangodb,mixed_c40,1731,,1302.8785,True,,40,write
arangodb,mixed_c40,1732,,530.9791,True,,40,write
arangodb,mixed_c40,1733,208159,313.6572,True,,40,read
arangodb,mixed_c40,1734,209058,330.473,True,,40,read
arangodb,mixed_c40,1735,,661.6978,True,,40,write
arangodb,mixed_c40,1736,210254,304.8906,True,,40,read
arangodb,mixed_c40,1737,302080,329.0623,True,,40,read
arangodb,mixed_c40,1738,,534.1756,True,,40,write
arangodb,mixed_c40,1739,9304275,352.928,True,,40,read
arangodb,mixed_c40,1740,,709.4866,True,,40,write
arangodb,mixed_c40,1741,9306241,319.7079,True,,40,read
arangodb,mixed_c40,1742,,660.1416,True,,40,write
arangodb,mixed_c40,1743,9309220,293.8834,True,,40,read
arangodb,mixed_c40,1744,,556.9873,True,,40,write
arangodb,mixed_c40,1745,9309293,309.5547,True,,40,read
arangodb,mixed_c40,1746,9310213,284.149,True,,40,read
arangodb,mixed_c40,1747,9311240,312.4981,True,,40,read
arangodb,mixed_c40,1748,9401244,296.6203,True,,40,read
arangodb,mixed_c40,1749,9401326,278.1353,True,,40,read
arangodb,mixed_c40,1750,9403260,300.1009,True,,40,read
arangodb,mixed_c40,1751,9403269,309.1331,True,,40,read
arangodb,mixed_c40,1752,9407272,340.6711,True,,40,read
arangodb,mixed_c40,1753,9407278,320.5781,True,,40,read
arangodb,mixed_c40,1754,,655.0538,True,,40,write
arangodb,mixed_c40,1755,9501227,321.4059,True,,40,read
arangodb,mixed_c40,1756,,602.1501,True,,40,write
arangodb,mixed_c40,1757,9501376,323.6568,True,,40,read
arangodb,mixed_c40,1758,9502306,313.402,True,,40,read
arangodb,mixed_c40,1759,9502360,292.1652,True,,40,read
arangodb,mixed_c40,1760,9503294,324.9089,True,,40,read
arangodb,mixed_c40,1761,,655.9421,True,,40,write
arangodb,mixed_c40,1762,9505303,308.3899,True,,40,read
arangodb,mixed_c40,1763,9505310,273.5084,True,,40,read
arangodb,mixed_c40,1764,9505324,287.0767,True,,40,read
arangodb,mixed_c40,1765,9508299,280.5342,True,,40,read
arangodb,mixed_c40,1766,9509349,258.6251,True,,40,read
arangodb,mixed_c40,1767,,590.2042,True,,40,write
arangodb,mixed_c40,1768,9603420,395.1052,True,,40,read
arangodb,mixed_c40,1769,9606252,344.4803,True,,40,read
arangodb,mixed_c40,1770,9609217,370.7996,True,,40,read
arangodb,mixed_c40,1771,9609470,272.9322,True,,40,read
arangodb,mixed_c40,1772,9610393,392.8056,True,,40,read
arangodb,mixed_c40,1773,,757.8275,True,,40,write
arangodb,mixed_c40,1774,9702270,308.8696,True,,40,read
arangodb,mixed_c40,1775,9703209,366.9953,True,,40,read
arangodb,mixed_c40,1776,9703232,347.6061,True,,40,read
arangodb,mixed_c40,1777,9703423,373.5448,True,,40,read
arangodb,mixed_c40,1778,9705262,349.7051,True,,40,read
arangodb,mixed_c40,1779,9706541,319.4879,True,,40,read
arangodb,mixed_c40,1780,9707250,290.1258,True,,40,read
arangodb,mixed_c40,1781,,792.9656,True,,40,write
arangodb,mixed_c40,1782,9707295,276.2187,True,,40,read
arangodb,mixed_c40,1783,,845.0175,True,,40,write
arangodb,mixed_c40,1784,9711261,345.2326,True,,40,read
arangodb,mixed_c40,1785,9711379,365.6118,True,,40,read
arangodb,mixed_c40,1786,9803439,450.6334,True,,40,read
arangodb,mixed_c40,1787,9804298,425.5308,True,,40,read
arangodb,mixed_c40,1788,,739.0023,True,,40,write
arangodb,mixed_c40,1789,,730.3336,True,,40,write
arangodb,mixed_c40,1790,9805465,439.5871,True,,40,read
arangodb,mixed_c40,1791,9809529,416.453,True,,40,read
arangodb,mixed_c40,1792,9810418,333.4208,True,,40,read
arangodb,mixed_c40,1793,9811432,419.0188,True,,40,read
arangodb,mixed_c40,1794,9811469,337.6617,True,,40,read
arangodb,mixed_c40,1795,9812342,297.2067,True,,40,read
arangodb,mixed_c40,1796,9906506,351.03,True,,40,read
arangodb,mixed_c40,1797,,663.4763,True,,40,write
arangodb,mixed_c40,1798,9909234,290.9727,True,,40,read
arangodb,mixed_c40,1799,9909512,346.1514,True,,40,read
arangodb,mixed_c40,1800,2106,526.7902,True,,40,read
arangodb,mixed_c40,1801,6114,458.3847,True,,40,read
arangodb,mixed_c40,1802,6217,408.6084,True,,40,read
arangodb,mixed_c40,1803,7077,395.3434,True,,40,read
arangodb,mixed_c40,1804,,782.1146,True,,40,write
arangodb,mixed_c40,1805,,807.554,True,,40,write
arangodb,mixed_c40,1806,,801.5197,True,,40,write
arangodb,mixed_c40,1807,10094,575.4914,True,,40,read
arangodb,mixed_c40,1808,10180,378.5332,True,,40,read
arangodb,mixed_c40,1809,,654.8826,True,,40,write
arangodb,mixed_c40,1810,101328,490.6964,True,,40,read
arangodb,mixed_c40,1811,102194,349.8769,True,,40,read
arangodb,mixed_c40,1812,,740.0815,True,,40,write
arangodb,mixed_c40,1813,,731.8484,True,,40,write
arangodb,mixed_c40,1814,104187,472.9974,True,,40,read
arangodb,mixed_c40,1815,105349,382.799,True,,40,read
arangodb,mixed_c40,1816,106261,349.2181,True,,40,read
arangodb,mixed_c40,1817,107028,502.8089,True,,40,read
arangodb,mixed_c40,1818,107093,412.5456,True,,40,read
arangodb,mixed_c40,1819,,688.0316,True,,40,write
arangodb,mixed_c40,1820,108250,443.4529,True,,40,read
arangodb,mixed_c40,1821,109054,370.324,True,,40,read
arangodb,mixed_c40,1822,109073,890.6559,True,,40,read
arangodb,mixed_c40,1823,110264,363.3787,True,,40,read
arangodb,mixed_c40,1824,110376,319.3733,True,,40,read
arangodb,mixed_c40,1825,201053,376.9848,True,,40,read
arangodb,mixed_c40,1826,204096,352.0224,True,,40,read
arangodb,mixed_c40,1827,204176,348.9086,True,,40,read
arangodb,mixed_c40,1828,204182,323.873,True,,40,read
arangodb,mixed_c40,1829,205038,306.1061,True,,40,read
arangodb,mixed_c40,1830,,695.2215,True,,40,write
arangodb,mixed_c40,1831,207227,304.0993,True,,40,read
arangodb,mixed_c40,1832,208138,287.6656,True,,40,read
arangodb,mixed_c40,1833,208159,444.0291,True,,40,read
arangodb,mixed_c40,1834,209058,451.3377,True,,40,read
arangodb,mixed_c40,1835,209108,397.6293,True,,40,read
arangodb,mixed_c40,1836,210254,433.7097,True,,40,read
arangodb,mixed_c40,1837,,1366.8664,True,,40,write
arangodb,mixed_c40,1838,9208245,398.3186,True,,40,read
arangodb,mixed_c40,1839,9304275,361.838,True,,40,read
arangodb,mixed_c40,1840,9305258,361.0336,True,,40,read
arangodb,mixed_c40,1841,9306241,329.8618,True,,40,read
arangodb,mixed_c40,1842,9307320,365.1836,True,,40,read
arangodb,mixed_c40,1843,9309220,304.1281,True,,40,read
arangodb,mixed_c40,1844,,681.753,True,,40,write
arangodb,mixed_c40,1845,9309293,424.6673,True,,40,read
arangodb,mixed_c40,1846,9310213,434.1394,True,,40,read
arangodb,mixed_c40,1847,9311240,496.7687,True,,40,read
arangodb,mixed_c40,1848,9401244,486.2585,True,,40,read
arangodb,mixed_c40,1849,9401326,400.7342,True,,40,read
arangodb,mixed_c40,1850,9403260,386.5466,True,,40,read
arangodb,mixed_c40,1851,9403269,404.288,True,,40,read
arangodb,mixed_c40,1852,9407272,379.7061,True,,40,read
arangodb,mixed_c40,1853,9407278,391.4106,True,,40,read
arangodb,mixed_c40,1854,9407401,365.2843,True,,40,read
arangodb,mixed_c40,1855,9501227,449.0728,True,,40,read
arangodb,mixed_c40,1856,9501350,464.623,True,,40,read
arangodb,mixed_c40,1857,9501376,381.4396,True,,40,read
arangodb,mixed_c40,1858,9502306,334.2812,True,,40,read
arangodb,mixed_c40,1859,,654.2091,True,,40,write
arangodb,mixed_c40,1860,9503294,420.4939,True,,40,read
arangodb,mixed_c40,1861,9504347,401.1208,True,,40,read
arangodb,mixed_c40,1862,9505303,413.5779,True,,40,read
arangodb,mixed_c40,1863,,597.1957,True,,40,write
arangodb,mixed_c40,1864,9505324,313.4501,True,,40,read
arangodb,mixed_c40,1865,9508299,354.3809,True,,40,read
arangodb,mixed_c40,1866,,553.8699,True,,40,write
arangodb,mixed_c40,1867,9603367,359.3417,True,,40,read
arangodb,mixed_c40,1868,9603420,339.0999,True,,40,read
arangodb,mixed_c40,1869,9606252,294.5522,True,,40,read
arangodb,mixed_c40,1870,,614.5145,True,,40,write
arangodb,mixed_c40,1871,9609470,319.8124,True,,40,read
arangodb,mixed_c40,1872,9610393,325.2219,True,,40,read
arangodb,mixed_c40,1873,,564.8989,True,,40,write
arangodb,mixed_c40,1874,9702270,336.2775,True,,40,read
arangodb,mixed_c40,1875,9703209,319.6933,True,,40,read
arangodb,mixed_c40,1876,9703232,338.7756,True,,40,read
arangodb,mixed_c40,1877,,1259.4305,True,,40,write
arangodb,mixed_c40,1878,9705262,350.524,True,,40,read
arangodb,mixed_c40,1879,9706541,337.4872,True,,40,read
arangodb,mixed_c40,1880,9707250,292.1685,True,,40,read
arangodb,mixed_c40,1881,9707282,342.8634,True,,40,read
arangodb,mixed_c40,1882,9707295,312.7998,True,,40,read
arangodb,mixed_c40,1883,,622.2433,True,,40,write
arangodb,mixed_c40,1884,9711261,335.1165,True,,40,read
arangodb,mixed_c40,1885,,597.7143,True,,40,write
arangodb,mixed_c40,1886,9803439,335.1091,True,,40,read
arangodb,mixed_c40,1887,9804298,296.185,True,,40,read
arangodb,mixed_c40,1888,9804313,314.7736,True,,40,read
arangodb,mixed_c40,1889,,605.6154,True,,40,write
arangodb,mixed_c40,1890,,619.1732,True,,40,write
arangodb,mixed_c40,1891,9809529,291.3023,True,,40,read
arangodb,mixed_c40,1892,,572.3204,True,,40,write
arangodb,mixed_c40,1893,9811432,285.4221,True,,40,read
arangodb,mixed_c40,1894,,567.6439,True,,40,write
arangodb,mixed_c40,1895,9812342,293.5496,True,,40,read
arangodb,mixed_c40,1896,,582.1024,True,,40,write
arangodb,mixed_c40,1897,9907534,292.2969,True,,40,read
arangodb,mixed_c40,1898,9909234,297.9022,True,,40,read
arangodb,mixed_c40,1899,9909512,291.7195,True,,40,read
arangodb,mixed_c40,1900,2106,280.0975,True,,40,read
arangodb,mixed_c40,1901,6114,265.9051,True,,40,read
arangodb,mixed_c40,1902,6217,330.4174,True,,40,read
arangodb,mixed_c40,1903,,595.3915,True,,40,write
arangodb,mixed_c40,1904,7211,296.1925,True,,40,read
arangodb,mixed_c40,1905,7232,304.6751,True,,40,read
arangodb,mixed_c40,1906,,605.8853,True,,40,write
arangodb,mixed_c40,1907,10094,305.8083,True,,40,read
arangodb,mixed_c40,1908,,566.7345,True,,40,write
arangodb,mixed_c40,1909,,595.788,True,,40,write
arangodb,mixed_c40,1910,101328,292.0963,True,,40,read
arangodb,mixed_c40,1911,102194,300.1111,True,,40,read
arangodb,mixed_c40,1912,102318,281.209,True,,40,read
arangodb,mixed_c40,1913,104122,284.4509,True,,40,read
arangodb,mixed_c40,1914,,603.3563,True,,40,write
arangodb,mixed_c40,1915,105349,316.9955,True,,40,read
arangodb,mixed_c40,1916,106261,286.965,True,,40,read
arangodb,mixed_c40,1917,107028,307.763,True,,40,read
arangodb,mixed_c40,1918,107093,314.7087,True,,40,read
arangodb,mixed_c40,1919,107295,320.6039,True,,40,read
arangodb,mixed_c40,1920,108250,308.8226,True,,40,read
arangodb,mixed_c40,1921,109054,275.0808,True,,40,read
arangodb,mixed_c40,1922,109073,288.9955,True,,40,read
arangodb,mixed_c40,1923,110264,298.8198,True,,40,read
arangodb,mixed_c40,1924,,614.5623,True,,40,write
arangodb,mixed_c40,1925,201053,287.3438,True,,40,read
arangodb,mixed_c40,1926,204096,291.0674,True,,40,read
arangodb,mixed_c40,1927,204176,289.9243,True,,40,read
arangodb,mixed_c40,1928,204182,292.5831,True,,40,read
arangodb,mixed_c40,1929,205038,267.7628,True,,40,read
arangodb,mixed_c40,1930,207048,266.1522,True,,40,read
arangodb,mixed_c40,1931,,547.9869,True,,40,write
arangodb,mixed_c40,1932,208138,285.5872,True,,40,read
arangodb,mixed_c40,1933,208159,309.4224,True,,40,read
arangodb,mixed_c40,1934,209058,326.8289,True,,40,read
arangodb,mixed_c40,1935,,692.3662,True,,40,write
arangodb,mixed_c40,1936,210254,317.7716,True,,40,read
arangodb,mixed_c40,1937,,638.0005,True,,40,write
arangodb,mixed_c40,1938,9208245,298.7504,True,,40,read
arangodb,mixed_c40,1939,,644.1428,True,,40,write
arangodb,mixed_c40,1940,,661.4381,True,,40,write
arangodb,mixed_c40,1941,9306241,287.5427,True,,40,read
arangodb,mixed_c40,1942,9307320,316.0487,True,,40,read
arangodb,mixed_c40,1943,,685.7267,True,,40,write
arangodb,mixed_c40,1944,9309273,308.5978,True,,40,read
arangodb,mixed_c40,1945,9309293,352.7074,True,,40,read
arangodb,mixed_c40,1946,9310213,314.9426,True,,40,read
arangodb,mixed_c40,1947,9311240,315.2332,True,,40,read
arangodb,mixed_c40,1948,9401244,302.9579,True,,40,read
arangodb,mixed_c40,1949,9401326,319.0361,True,,40,read
arangodb,mixed_c40,1950,9403260,307.9863,True,,40,read
arangodb,mixed_c40,1951,9403269,340.7322,True,,40,read
arangodb,mixed_c40,1952,9407272,305.066,True,,40,read
arangodb,mixed_c40,1953,9407278,349.6957,True,,40,read
arangodb,mixed_c40,1954,9407401,313.5792,True,,40,read
arangodb,mixed_c40,1955,9501227,357.3711,True,,40,read
arangodb,mixed_c40,1956,9501350,289.3869,True,,40,read
arangodb,mixed_c40,1957,9501376,317.6769,True,,40,read
arangodb,mixed_c40,1958,9502306,296.7221,True,,40,read
arangodb,mixed_c40,1959,9502360,298.0048,True,,40,read
arangodb,mixed_c40,1960,,805.3182,True,,40,write
arangodb,mixed_c40,1961,,778.6985,True,,40,write
arangodb,mixed_c40,1962,9505303,300.8478,True,,40,read
arangodb,mixed_c40,1963,9505310,293.2249,True,,40,read
arangodb,mixed_c40,1964,9505324,275.1068,True,,40,read
arangodb,mixed_c40,1965,,667.1107,True,,40,write
arangodb,mixed_c40,1966,9509349,444.2365,True,,40,read
arangodb,mixed_c40,1967,9603367,362.6652,True,,40,read
arangodb,mixed_c40,1968,9603420,352.1474,True,,40,read
arangodb,mixed_c40,1969,,847.8376,True,,40,write
arangodb,mixed_c40,1970,9609217,320.9929,True,,40,read
arangodb,mixed_c40,1971,9609470,337.5702,True,,40,read
arangodb,mixed_c40,1972,9610393,344.1308,True,,40,read
arangodb,mixed_c40,1973,9701246,314.3807,True,,40,read
arangodb,mixed_c40,1974,9702270,410.8839,True,,40,read
arangodb,mixed_c40,1975,9703209,370.8526,True,,40,read
arangodb,mixed_c40,1976,9703232,381.5192,True,,40,read
arangodb,mixed_c40,1977,9703423,365.5158,True,,40,read
arangodb,mixed_c40,1978,9705262,553.0803,True,,40,read
arangodb,mixed_c40,1979,9706541,448.0285,True,,40,read
arangodb,mixed_c40,1980,,780.8391,True,,40,write
arangodb,mixed_c40,1981,9707282,948.7352,True,,40,read
arangodb,mixed_c40,1982,9707295,528.2347,True,,40,read
arangodb,mixed_c40,1983,9710376,330.3054,True,,40,read
arangodb,mixed_c40,1984,,819.2471,True,,40,write
arangodb,mixed_c40,1985,9711379,423.5698,True,,40,read
arangodb,mixed_c40,1986,,1266.0916,True,,40,write
arangodb,mixed_c40,1987,9804298,403.048,True,,40,read
arangodb,mixed_c40,1988,9804313,516.564,True,,40,read
arangodb,mixed_c40,1989,9804343,514.7018,True,,40,read
arangodb,mixed_c40,1990,9805465,481.915,True,,40,read
arangodb,mixed_c40,1991,9809529,896.4413,True,,40,read
arangodb,mixed_c40,1992,9810418,375.3897,True,,40,read
arangodb,mixed_c40,1993,9811432,355.3655,True,,40,read
arangodb,mixed_c40,1994,,1174.2608,True,,40,write
arangodb,mixed_c40,1995,9812342,428.5387,True,,40,read
arangodb,mixed_c40,1996,9906506,307.0893,True,,40,read
arangodb,mixed_c40,1997,9907534,534.3074,True,,40,read
arangodb,mixed_c40,1998,9909234,400.766,True,,40,read
arangodb,mixed_c40,1999,9909512,389.5443,True,,40,read
arangodb,mixed_c40,2000,2106,480.6625,True,,40,read
arangodb,mixed_c40,2001,6114,305.0912,True,,40,read
arangodb,mixed_c40,2002,,921.3258,True,,40,write
arangodb,mixed_c40,2003,7077,371.9047,True,,40,read
arangodb,mixed_c40,2004,7211,477.0578,True,,40,read
arangodb,mixed_c40,2005,7232,521.3579,True,,40,read
arangodb,mixed_c40,2006,,845.9373,True,,40,write
arangodb,mixed_c40,2007,10094,462.2668,True,,40,read
arangodb,mixed_c40,2008,10180,436.2797,True,,40,read
arangodb,mixed_c40,2009,,808.2581,True,,40,write
arangodb,mixed_c40,2010,101328,514.4056,True,,40,read
arangodb,mixed_c40,2011,102194,447.8807,True,,40,read
arangodb,mixed_c40,2012,102318,423.1151,True,,40,read
arangodb,mixed_c40,2013,,818.0531,True,,40,write
arangodb,mixed_c40,2014,104187,457.8361,True,,40,read
arangodb,mixed_c40,2015,105349,368.2386,True,,40,read
arangodb,mixed_c40,2016,106261,311.4407,True,,40,read
arangodb,mixed_c40,2017,,792.1801,True,,40,write
arangodb,mixed_c40,2018,107093,316.4621,True,,40,read
arangodb,mixed_c40,2019,,713.4565,True,,40,write
arangodb,mixed_c40,2020,108250,379.7716,True,,40,read
arangodb,mixed_c40,2021,109054,311.9832,True,,40,read
arangodb,mixed_c40,2022,109073,404.0223,True,,40,read
arangodb,mixed_c40,2023,110264,309.6376,True,,40,read
arangodb,mixed_c40,2024,110376,309.0487,True,,40,read
arangodb,mixed_c40,2025,201053,419.2773,True,,40,read
arangodb,mixed_c40,2026,204096,427.6103,True,,40,read
arangodb,mixed_c40,2027,204176,404.8167,True,,40,read
arangodb,mixed_c40,2028,,614.8444,True,,40,write
arangodb,mixed_c40,2029,205038,381.2747,True,,40,read
arangodb,mixed_c40,2030,207048,390.3247,True,,40,read
arangodb,mixed_c40,2031,207227,336.2739,True,,40,read
arangodb,mixed_c40,2032,,605.4761,True,,40,write
arangodb,mixed_c40,2033,,621.7051,True,,40,write
arangodb,mixed_c40,2034,209058,408.8434,True,,40,read
arangodb,mixed_c40,2035,209108,300.7405,True,,40,read
arangodb,mixed_c40,2036,,584.3249,True,,40,write
arangodb,mixed_c40,2037,302080,495.7395,True,,40,read
arangodb,mixed_c40,2038,9208245,409.6714,True,,40,read
arangodb,mixed_c40,2039,9304275,373.5722,True,,40,read
arangodb,mixed_c40,2040,9305258,386.5056,True,,40,read
arangodb,mixed_c40,2041,,717.3945,True,,40,write
arangodb,mixed_c40,2042,9307320,445.9364,True,,40,read
arangodb,mixed_c40,2043,9309220,448.7003,True,,40,read
arangodb,mixed_c40,2044,9309273,398.2628,True,,40,read
arangodb,mixed_c40,2045,,701.592,True,,40,write
arangodb,mixed_c40,2046,9310213,360.4551,True,,40,read
arangodb,mixed_c40,2047,9311240,399.0531,True,,40,read
arangodb,mixed_c40,2048,,1121.3744,True,,40,write
arangodb,mixed_c40,2049,9401326,350.8945,True,,40,read
arangodb,mixed_c40,2050,9403260,358.7142,True,,40,read
arangodb,mixed_c40,2051,9403269,365.3919,True,,40,read
arangodb,mixed_c40,2052,9407272,314.0625,True,,40,read
arangodb,mixed_c40,2053,9407278,285.5351,True,,40,read
arangodb,mixed_c40,2054,9407401,322.6056,True,,40,read
arangodb,mixed_c40,2055,,619.2124,True,,40,write
arangodb,mixed_c40,2056,,629.79,True,,40,write
arangodb,mixed_c40,2057,9501376,331.3709,True,,40,read
arangodb,mixed_c40,2058,9502306,321.6551,True,,40,read
arangodb,mixed_c40,2059,9502360,308.3093,True,,40,read
arangodb,mixed_c40,2060,9503294,328.8363,True,,40,read
arangodb,mixed_c40,2061,9504347,320.2625,True,,40,read
arangodb,mixed_c40,2062,9505303,299.1372,True,,40,read
arangodb,mixed_c40,2063,9505310,286.4031,True,,40,read
arangodb,mixed_c40,2064,9505324,384.124,True,,40,read
arangodb,mixed_c40,2065,9508299,371.6807,True,,40,read
arangodb,mixed_c40,2066,9509349,335.5521,True,,40,read
arangodb,mixed_c40,2067,9603367,319.5187,True,,40,read
arangodb,mixed_c40,2068,9603420,365.0014,True,,40,read
arangodb,mixed_c40,2069,,521.9726,True,,40,write
arangodb,mixed_c40,2070,9609217,342.8248,True,,40,read
arangodb,mixed_c40,2071,,660.2889,True,,40,write
arangodb,mixed_c40,2072,,563.5315,True,,40,write
arangodb,mixed_c40,2073,9701246,323.9283,True,,40,read
arangodb,mixed_c40,2074,9702270,313.8503,True,,40,read
arangodb,mixed_c40,2075,,632.9996,True,,40,write
arangodb,mixed_c40,2076,9703232,301.1157,True,,40,read
arangodb,mixed_c40,2077,9703423,892.4697,True,,40,read
arangodb,mixed_c40,2078,9705262,951.4977,True,,40,read
arangodb,mixed_c40,2079,9706541,828.0861,True,,40,read
arangodb,mixed_c40,2080,,1146.7329,True,,40,write
arangodb,mixed_c40,2081,9707282,1086.9467,True,,40,read
arangodb,mixed_c40,2082,9707295,925.171,True,,40,read
arangodb,mixed_c40,2083,9710376,316.0234,True,,40,read
arangodb,mixed_c40,2084,9711261,294.0046,True,,40,read
arangodb,mixed_c40,2085,,574.6585,True,,40,write
arangodb,mixed_c40,2086,9803439,322.3278,True,,40,read
arangodb,mixed_c40,2087,9804298,281.2008,True,,40,read
arangodb,mixed_c40,2088,9804313,303.7155,True,,40,read
arangodb,mixed_c40,2089,9804343,325.4781,True,,40,read
arangodb,mixed_c40,2090,9805465,329.3593,True,,40,read
arangodb,mixed_c40,2091,9809529,335.1056,True,,40,read
arangodb,mixed_c40,2092,9810418,304.0157,True,,40,read
arangodb,mixed_c40,2093,9811432,299.9372,True,,40,read
arangodb,mixed_c40,2094,9811469,288.8368,True,,40,read
arangodb,mixed_c40,2095,9812342,300.6307,True,,40,read
arangodb,mixed_c40,2096,9906506,278.0872,True,,40,read
arangodb,mixed_c40,2097,,557.9031,True,,40,write
arangodb,mixed_c40,2098,9909234,282.6952,True,,40,read
arangodb,mixed_c40,2099,,543.3601,True,,40,write
arangodb,mixed_c40,2100,2106,273.4903,True,,40,read
arangodb,mixed_c40,2101,6114,263.5413,True,,40,read
arangodb,mixed_c40,2102,6217,288.3322,True,,40,read
arangodb,mixed_c40,2103,,575.8381,True,,40,write
arangodb,mixed_c40,2104,7211,296.3599,True,,40,read
arangodb,mixed_c40,2105,,537.0764,True,,40,write
arangodb,mixed_c40,2106,9292,282.8498,True,,40,read
arangodb,mixed_c40,2107,,569.2455,True,,40,write
arangodb,mixed_c40,2108,10180,303.968,True,,40,read
arangodb,mixed_c40,2109,12020,295.6595,True,,40,read
arangodb,mixed_c40,2110,101328,295.5483,True,,40,read
arangodb,mixed_c40,2111,102194,302.5286,True,,40,read
arangodb,mixed_c40,2112,,582.6438,True,,40,write
arangodb,mixed_c40,2113,104122,284.2066,True,,40,read
arangodb,mixed_c40,2114,104187,289.4837,True,,40,read
arangodb,mixed_c40,2115,105349,303.8802,True,,40,read
arangodb,mixed_c40,2116,,562.1072,True,,40,write
arangodb,mixed_c40,2117,,675.944,True,,40,write
arangodb,mixed_c40,2118,107093,299.9423,True,,40,read
arangodb,mixed_c40,2119,107295,315.0723,True,,40,read
arangodb,mixed_c40,2120,108250,315.5653,True,,40,read
arangodb,mixed_c40,2121,109054,305.108,True,,40,read
arangodb,mixed_c40,2122,109073,277.0422,True,,40,read
arangodb,mixed_c40,2123,110264,288.4747,True,,40,read
arangodb,mixed_c40,2124,110376,282.1629,True,,40,read
arangodb,mixed_c40,2125,201053,291.5154,True,,40,read
arangodb,mixed_c40,2126,204096,265.6611,True,,40,read
arangodb,mixed_c40,2127,,609.503,True,,40,write
arangodb,mixed_c40,2128,,590.842,True,,40,write
arangodb,mixed_c40,2129,205038,271.5944,True,,40,read
arangodb,mixed_c40,2130,207048,267.741,True,,40,read
arangodb,mixed_c40,2131,207227,271.5308,True,,40,read
arangodb,mixed_c40,2132,208138,283.5247,True,,40,read
arangodb,mixed_c40,2133,208159,437.9546,True,,40,read
arangodb,mixed_c40,2134,209058,455.3657,True,,40,read
arangodb,mixed_c40,2135,209108,497.1616,True,,40,read
arangodb,mixed_c40,2136,210254,464.991,True,,40,read
arangodb,mixed_c40,2137,302080,409.1139,True,,40,read
arangodb,mixed_c40,2138,9208245,414.5791,True,,40,read
arangodb,mixed_c40,2139,9304275,400.1172,True,,40,read
arangodb,mixed_c40,2140,9305258,416.085,True,,40,read
arangodb,mixed_c40,2141,9306241,284.6866,True,,40,read
arangodb,mixed_c40,2142,9307320,401.5045,True,,40,read
arangodb,mixed_c40,2143,9309220,382.3551,True,,40,read
arangodb,mixed_c40,2144,9309273,412.9639,True,,40,read
arangodb,mixed_c40,2145,9309293,424.3481,True,,40,read
arangodb,mixed_c40,2146,9310213,490.2238,True,,40,read
arangodb,mixed_c40,2147,9311240,470.7026,True,,40,read
arangodb,mixed_c40,2148,,749.4908,True,,40,write
arangodb,mixed_c40,2149,9401326,389.2686,True,,40,read
arangodb,mixed_c40,2150,9403260,395.5778,True,,40,read
arangodb,mixed_c40,2151,9403269,382.1515,True,,40,read
arangodb,mixed_c40,2152,9407272,322.7081,True,,40,read
arangodb,mixed_c40,2153,9407278,363.2436,True,,40,read
arangodb,mixed_c40,2154,9407401,357.5068,True,,40,read
arangodb,mixed_c40,2155,9501227,349.4555,True,,40,read
arangodb,mixed_c40,2156,9501350,321.4252,True,,40,read
arangodb,mixed_c40,2157,9501376,310.5079,True,,40,read
arangodb,mixed_c40,2158,9502306,329.5405,True,,40,read
arangodb,mixed_c40,2159,9502360,377.6546,True,,40,read
arangodb,mixed_c40,2160,9503294,371.5687,True,,40,read
arangodb,mixed_c40,2161,9504347,376.434,True,,40,read
arangodb,mixed_c40,2162,9505303,362.4555,True,,40,read
arangodb,mixed_c40,2163,,678.4765,True,,40,write
arangodb,mixed_c40,2164,9505324,398.7689,True,,40,read
arangodb,mixed_c40,2165,9508299,311.4652,True,,40,read
arangodb,mixed_c40,2166,9509349,305.8138,True,,40,read
arangodb,mixed_c40,2167,9603367,311.1209,True,,40,read
arangodb,mixed_c40,2168,9603420,386.7235,True,,40,read
arangodb,mixed_c40,2169,9606252,504.3808,True,,40,read
arangodb,mixed_c40,2170,9609217,411.8618,True,,40,read
arangodb,mixed_c40,2171,,604.1033,True,,40,write
arangodb,mixed_c40,2172,9610393,388.2103,True,,40,read
arangodb,mixed_c40,2173,9701246,477.9307,True,,40,read
arangodb,mixed_c40,2174,9702270,398.0394,True,,40,read
arangodb,mixed_c40,2175,9703209,584.1802,True,,40,read
arangodb,mixed_c40,2176,9703232,410.3148,True,,40,read
arangodb,mixed_c40,2177,9703423,495.8136,True,,40,read
arangodb,mixed_c40,2178,9705262,409.7556,True,,40,read
arangodb,mixed_c40,2179,9706541,369.4,True,,40,read
arangodb,mixed_c40,2180,9707250,380.6212,True,,40,read
arangodb,mixed_c40,2181,9707282,400.111,True,,40,read
arangodb,mixed_c40,2182,9707295,453.6356,True,,40,read
arangodb,mixed_c40,2183,,773.4033,True,,40,write
arangodb,mixed_c40,2184,9711261,445.2217,True,,40,read
arangodb,mixed_c40,2185,9711379,331.7029,True,,40,read
arangodb,mixed_c40,2186,,629.3454,True,,40,write
arangodb,mixed_c40,2187,9804298,343.2384,True,,40,read
arangodb,mixed_c40,2188,,820.9719,True,,40,write
arangodb,mixed_c40,2189,9804343,943.2695,True,,40,read
arangodb,mixed_c40,2190,9805465,486.4436,True,,40,read
arangodb,mixed_c40,2191,9809529,511.7539,True,,40,read
arangodb,mixed_c40,2192,,1198.8755,True,,40,write
arangodb,mixed_c40,2193,,766.58,True,,40,write
arangodb,mixed_c40,2194,9811469,386.473,True,,40,read
arangodb,mixed_c40,2195,9812342,886.4011,True,,40,read
arangodb,mixed_c40,2196,9906506,289.2182,True,,40,read
arangodb,mixed_c40,2197,9907534,359.8618,True,,40,read
arangodb,mixed_c40,2198,,710.1322,True,,40,write
arangodb,mixed_c40,2199,9909512,336.1793,True,,40,read
arangodb,mixed_c40,2200,2106,398.9911,True,,40,read
arangodb,mixed_c40,2201,6114,396.8648,True,,40,read
arangodb,mixed_c40,2202,6217,388.2717,True,,40,read
arangodb,mixed_c40,2203,7077,400.0367,True,,40,read
arangodb,mixed_c40,2204,,633.3779,True,,40,write
arangodb,mixed_c40,2205,7232,326.3067,True,,40,read
arangodb,mixed_c40,2206,,733.3958,True,,40,write
arangodb,mixed_c40,2207,10094,299.3459,True,,40,read
arangodb,mixed_c40,2208,10180,408.4988,True,,40,read
arangodb,mixed_c40,2209,12020,422.074,True,,40,read
arangodb,mixed_c40,2210,101328,437.4586,True,,40,read
arangodb,mixed_c40,2211,,687.3937,True,,40,write
arangodb,mixed_c40,2212,102318,382.4824,True,,40,read
arangodb,mixed_c40,2213,104122,383.5382,True,,40,read
arangodb,mixed_c40,2214,104187,417.932,True,,40,read
arangodb,mixed_c40,2215,,593.9287,True,,40,write
arangodb,mixed_c40,2216,106261,397.273,True,,40,read
arangodb,mixed_c40,2217,107028,378.27,True,,40,read
arangodb,mixed_c40,2218,107093,386.0696,True,,40,read
arangodb,mixed_c40,2219,,634.2963,True,,40,write
arangodb,mixed_c40,2220,108250,535.5675,True,,40,read
arangodb,mixed_c40,2221,109054,414.1666,True,,40,read
arangodb,mixed_c40,2222,109073,415.3547,True,,40,read
arangodb,mixed_c40,2223,,606.7868,True,,40,write
arangodb,mixed_c40,2224,110376,486.0055,True,,40,read
arangodb,mixed_c40,2225,201053,387.7104,True,,40,read
arangodb,mixed_c40,2226,204096,494.2957,True,,40,read
arangodb,mixed_c40,2227,204176,461.5531,True,,40,read
arangodb,mixed_c40,2228,204182,397.2774,True,,40,read
arangodb,mixed_c40,2229,205038,439.4562,True,,40,read
arangodb,mixed_c40,2230,207048,298.4778,True,,40,read
arangodb,mixed_c40,2231,,615.2002,True,,40,write
arangodb,mixed_c40,2232,,629.6131,True,,40,write
arangodb,mixed_c40,2233,208159,417.9803,True,,40,read
arangodb,mixed_c40,2234,209058,438.3653,True,,40,read
arangodb,mixed_c40,2235,209108,392.6132,True,,40,read
arangodb,mixed_c40,2236,210254,389.3124,True,,40,read
arangodb,mixed_c40,2237,302080,376.6311,True,,40,read
arangodb,mixed_c40,2238,9208245,355.9561,True,,40,read
arangodb,mixed_c40,2239,9304275,322.1735,True,,40,read
arangodb,mixed_c40,2240,9305258,327.9385,True,,40,read
arangodb,mixed_c40,2241,9306241,412.7065,True,,40,read
arangodb,mixed_c40,2242,9307320,313.6544,True,,40,read
arangodb,mixed_c40,2243,9309220,370.8359,True,,40,read
arangodb,mixed_c40,2244,9309273,381.9736,True,,40,read
arangodb,mixed_c40,2245,9309293,396.0628,True,,40,read
arangodb,mixed_c40,2246,,582.0448,True,,40,write
arangodb,mixed_c40,2247,9311240,406.6872,True,,40,read
arangodb,mixed_c40,2248,9401244,381.25,True,,40,read
arangodb,mixed_c40,2249,,609.5667,True,,40,write
arangodb,mixed_c40,2250,9403260,304.6808,True,,40,read
arangodb,mixed_c40,2251,9403269,307.5898,True,,40,read
arangodb,mixed_c40,2252,,1299.0576,True,,40,write
arangodb,mixed_c40,2253,9407278,305.7502,True,,40,read
arangodb,mixed_c40,2254,,611.797,True,,40,write
arangodb,mixed_c40,2255,9501227,305.4041,True,,40,read
arangodb,mixed_c40,2256,9501350,278.387,True,,40,read
arangodb,mixed_c40,2257,9501376,344.3004,True,,40,read
arangodb,mixed_c40,2258,9502306,360.2663,True,,40,read
arangodb,mixed_c40,2259,9502360,433.4821,True,,40,read
arangodb,mixed_c40,2260,9503294,364.1996,True,,40,read
arangodb,mixed_c40,2261,9504347,356.1793,True,,40,read
arangodb,mixed_c40,2262,,556.312,True,,40,write
arangodb,mixed_c40,2263,9505310,357.2957,True,,40,read
arangodb,mixed_c40,2264,9505324,303.0432,True,,40,read
arangodb,mixed_c40,2265,9508299,319.1335,True,,40,read
arangodb,mixed_c40,2266,9509349,337.4958,True,,40,read
arangodb,mixed_c40,2267,9603367,348.0225,True,,40,read
arangodb,mixed_c40,2268,9603420,294.3121,True,,40,read
arangodb,mixed_c40,2269,,667.7128,True,,40,write
arangodb,mixed_c40,2270,9609217,303.9024,True,,40,read
arangodb,mixed_c40,2271,9609470,300.2421,True,,40,read
arangodb,mixed_c40,2272,,626.2947,True,,40,write
arangodb,mixed_c40,2273,,613.8294,True,,40,write
arangodb,mixed_c40,2274,,614.981,True,,40,write
arangodb,mixed_c40,2275,9703209,282.1186,True,,40,read
arangodb,mixed_c40,2276,9703232,303.1236,True,,40,read
arangodb,mixed_c40,2277,,572.3823,True,,40,write
arangodb,mixed_c40,2278,,594.5651,True,,40,write
arangodb,mixed_c40,2279,9706541,306.7379,True,,40,read
arangodb,mixed_c40,2280,,625.0319,True,,40,write
arangodb,mixed_c40,2281,9707282,303.9812,True,,40,read
arangodb,mixed_c40,2282,9707295,329.2602,True,,40,read
arangodb,mixed_c40,2283,9710376,1039.1812,True,,40,read
arangodb,mixed_c40,2284,9711261,334.9105,True,,40,read
arangodb,mixed_c40,2285,9711379,322.9304,True,,40,read
arangodb,mixed_c40,2286,9803439,295.5083,True,,40,read
arangodb,mixed_c40,2287,9804298,331.5761,True,,40,read
arangodb,mixed_c40,2288,,545.3307,True,,40,write
arangodb,mixed_c40,2289,9804343,293.2183,True,,40,read
arangodb,mixed_c40,2290,9805465,293.7429,True,,40,read
arangodb,mixed_c40,2291,9809529,1041.6342,True,,40,read
arangodb,mixed_c40,2292,,571.1781,True,,40,write
arangodb,mixed_c40,2293,9811432,368.7604,True,,40,read
arangodb,mixed_c40,2294,9811469,291.7689,True,,40,read
arangodb,mixed_c40,2295,9812342,335.7443,True,,40,read
arangodb,mixed_c40,2296,9906506,323.2155,True,,40,read
arangodb,mixed_c40,2297,9907534,331.3735,True,,40,read
arangodb,mixed_c40,2298,9909234,320.8771,True,,40,read
arangodb,mixed_c40,2299,,537.8362,True,,40,write
arangodb,mixed_c40,2300,2106,293.0693,True,,40,read
arangodb,mixed_c40,2301,6114,364.83,True,,40,read
arangodb,mixed_c40,2302,6217,287.8268,True,,40,read
arangodb,mixed_c40,2303,,631.5611,True,,40,write
arangodb,mixed_c40,2304,7211,338.4975,True,,40,read
arangodb,mixed_c40,2305,7232,321.1854,True,,40,read
arangodb,mixed_c40,2306,9292,324.8611,True,,40,read
arangodb,mixed_c40,2307,10094,324.6459,True,,40,read
arangodb,mixed_c40,2308,10180,304.7169,True,,40,read
arangodb,mixed_c40,2309,12020,268.9168,True,,40,read
arangodb,mixed_c40,2310,101328,266.9493,True,,40,read
arangodb,mixed_c40,2311,102194,271.3039,True,,40,read
arangodb,mixed_c40,2312,,753.3334,True,,40,write
arangodb,mixed_c40,2313,104122,314.5229,True,,40,read
arangodb,mixed_c40,2314,104187,304.9732,True,,40,read
arangodb,mixed_c40,2315,105349,297.4325,True,,40,read
arangodb,mixed_c40,2316,106261,283.9665,True,,40,read
arangodb,mixed_c40,2317,107028,363.6503,True,,40,read
arangodb,mixed_c40,2318,,706.6183,True,,40,write
arangodb,mixed_c40,2319,107295,277.8566,True,,40,read
arangodb,mixed_c40,2320,108250,334.7133,True,,40,read
arangodb,mixed_c40,2321,109054,271.5399,True,,40,read
arangodb,mixed_c40,2322,109073,269.9875,True,,40,read
arangodb,mixed_c40,2323,110264,338.5102,True,,40,read
arangodb,mixed_c40,2324,110376,335.9228,True,,40,read
arangodb,mixed_c40,2325,201053,340.4025,True,,40,read
arangodb,mixed_c40,2326,,646.4052,True,,40,write
arangodb,mixed_c40,2327,204176,312.1904,True,,40,read
arangodb,mixed_c40,2328,204182,323.8459,True,,40,read
arangodb,mixed_c40,2329,205038,394.5546,True,,40,read
arangodb,mixed_c40,2330,207048,408.2495,True,,40,read
arangodb,mixed_c40,2331,207227,409.3913,True,,40,read
arangodb,mixed_c40,2332,208138,558.655,True,,40,read
arangodb,mixed_c40,2333,208159,494.2039,True,,40,read
arangodb,mixed_c40,2334,209058,508.363,True,,40,read
arangodb,mixed_c40,2335,209108,502.3479,True,,40,read
arangodb,mixed_c40,2336,,765.6145,True,,40,write
arangodb,mixed_c40,2337,302080,558.9937,True,,40,read
arangodb,mixed_c40,2338,9208245,371.5267,True,,40,read
arangodb,mixed_c40,2339,9304275,358.4028,True,,40,read
arangodb,mixed_c40,2340,9305258,355.4887,True,,40,read
arangodb,mixed_c40,2341,9306241,368.2672,True,,40,read
arangodb,mixed_c40,2342,9307320,421.9374,True,,40,read
arangodb,mixed_c40,2343,9309220,450.826,True,,40,read
arangodb,mixed_c40,2344,9309273,509.3085,True,,40,read
arangodb,mixed_c40,2345,,687.5575,True,,40,write
arangodb,mixed_c40,2346,,982.0551,True,,40,write
arangodb,mixed_c40,2347,9311240,375.0495,True,,40,read
arangodb,mixed_c40,2348,,794.1831,True,,40,write
arangodb,mixed_c40,2349,9401326,405.6229,True,,40,read
arangodb,mixed_c40,2350,9403260,422.0194,True,,40,read
arangodb,mixed_c40,2351,,855.2722,True,,40,write
arangodb,mixed_c40,2352,9407272,350.857,True,,40,read
arangodb,mixed_c40,2353,9407278,379.7174,True,,40,read
arangodb,mixed_c40,2354,,918.5518,True,,40,write
arangodb,mixed_c40,2355,,883.2642,True,,40,write
arangodb,mixed_c40,2356,9501350,280.1952,True,,40,read
arangodb,mixed_c40,2357,9501376,323.0453,True,,40,read
arangodb,mixed_c40,2358,9502306,326.5212,True,,40,read
arangodb,mixed_c40,2359,9502360,301.3491,True,,40,read
arangodb,mixed_c40,2360,9503294,288.0472,True,,40,read
arangodb,mixed_c40,2361,9504347,327.498,True,,40,read
arangodb,mixed_c40,2362,9505303,313.1558,True,,40,read
arangodb,mixed_c40,2363,9505310,408.44,True,,40,read
arangodb,mixed_c40,2364,9505324,395.1335,True,,40,read
arangodb,mixed_c40,2365,9508299,295.3127,True,,40,read
arangodb,mixed_c40,2366,9509349,304.749,True,,40,read
arangodb,mixed_c40,2367,,703.4183,True,,40,write
arangodb,mixed_c40,2368,9603420,288.728,True,,40,read
arangodb,mixed_c40,2369,,616.5503,True,,40,write
arangodb,mixed_c40,2370,9609217,437.7697,True,,40,read
arangodb,mixed_c40,2371,,597.7993,True,,40,write
arangodb,mixed_c40,2372,,695.9972,True,,40,write
arangodb,mixed_c40,2373,9701246,384.049,True,,40,read
arangodb,mixed_c40,2374,9702270,511.2732,True,,40,read
arangodb,mixed_c40,2375,9703209,474.7623,True,,40,read
arangodb,mixed_c40,2376,9703232,465.3904,True,,40,read
arangodb,mixed_c40,2377,9703423,362.8324,True,,40,read
arangodb,mixed_c40,2378,,816.9459,True,,40,write
arangodb,mixed_c40,2379,9706541,374.3331,True,,40,read
arangodb,mixed_c40,2380,9707250,351.9524,True,,40,read
arangodb,mixed_c40,2381,9707282,463.901,True,,40,read
arangodb,mixed_c40,2382,9707295,352.4288,True,,40,read
arangodb,mixed_c40,2383,9710376,440.792,True,,40,read
arangodb,mixed_c40,2384,9711261,477.68,True,,40,read
arangodb,mixed_c40,2385,9711379,431.681,True,,40,read
arangodb,mixed_c40,2386,,773.1758,True,,40,write
arangodb,mixed_c40,2387,,708.9982,True,,40,write
arangodb,mixed_c40,2388,9804313,318.2844,True,,40,read
arangodb,mixed_c40,2389,9804343,919.8052,True,,40,read
arangodb,mixed_c40,2390,9805465,413.5641,True,,40,read
arangodb,mixed_c40,2391,9809529,907.4523,True,,40,read
arangodb,mixed_c40,2392,9810418,283.3409,True,,40,read
arangodb,mixed_c40,2393,9811432,898.1425,True,,40,read
arangodb,mixed_c40,2394,9811469,860.934,True,,40,read
arangodb,mixed_c40,2395,9812342,363.874,True,,40,read
arangodb,mixed_c40,2396,,650.5346,True,,40,write
arangodb,mixed_c40,2397,,656.3255,True,,40,write
arangodb,mixed_c40,2398,9909234,385.0919,True,,40,read
arangodb,mixed_c40,2399,9909512,335.1099,True,,40,read
arangodb,mixed_c40,2400,2106,321.9333,True,,40,read
arangodb,mixed_c40,2401,6114,306.9042,True,,40,read
arangodb,mixed_c40,2402,6217,295.3036,True,,40,read
arangodb,mixed_c40,2403,7077,327.1861,True,,40,read
arangodb,mixed_c40,2404,7211,301.3435,True,,40,read
arangodb,mixed_c40,2405,7232,406.2359,True,,40,read
arangodb,mixed_c40,2406,9292,299.6837,True,,40,read
arangodb,mixed_c40,2407,,609.2201,True,,40,write
arangodb,mixed_c40,2408,10180,321.3541,True,,40,read
arangodb,mixed_c40,2409,12020,386.5015,True,,40,read
arangodb,mixed_c40,2410,101328,291.1434,True,,40,read
arangodb,mixed_c40,2411,102194,298.6541,True,,40,read
arangodb,mixed_c40,2412,,625.1214,True,,40,write
arangodb,mixed_c40,2413,104122,321.9316,True,,40,read
arangodb,mixed_c40,2414,104187,332.3076,True,,40,read
arangodb,mixed_c40,2415,105349,307.5483,True,,40,read
arangodb,mixed_c40,2416,,611.3576,True,,40,write
arangodb,mixed_c40,2417,,611.1445,True,,40,write
arangodb,mixed_c40,2418,107093,331.3497,True,,40,read
arangodb,mixed_c40,2419,107295,345.4587,True,,40,read
arangodb,mixed_c40,2420,108250,303.2955,True,,40,read
arangodb,mixed_c40,2421,109054,303.8059,True,,40,read
arangodb,mixed_c40,2422,109073,344.6,True,,40,read
arangodb,mixed_c40,2423,110264,325.2991,True,,40,read
arangodb,mixed_c40,2424,110376,294.9914,True,,40,read
arangodb,mixed_c40,2425,,608.926,True,,40,write
arangodb,mixed_c40,2426,,610.5262,True,,40,write
arangodb,mixed_c40,2427,204176,314.0719,True,,40,read
arangodb,mixed_c40,2428,204182,321.0736,True,,40,read
arangodb,mixed_c40,2429,205038,309.8735,True,,40,read
arangodb,mixed_c40,2430,207048,286.8002,True,,40,read
arangodb,mixed_c40,2431,207227,310.8399,True,,40,read
arangodb,mixed_c40,2432,208138,295.4855,True,,40,read
arangodb,mixed_c40,2433,,557.4203,True,,40,write
arangodb,mixed_c40,2434,209058,302.0961,True,,40,read
arangodb,mixed_c40,2435,,540.5786,True,,40,write
arangodb,mixed_c40,2436,,541.3581,True,,40,write
arangodb,mixed_c40,2437,302080,287.6109,True,,40,read
arangodb,mixed_c40,2438,9208245,284.5391,True,,40,read
arangodb,mixed_c40,2439,9304275,300.5573,True,,40,read
arangodb,mixed_c40,2440,,554.1528,True,,40,write
arangodb,mixed_c40,2441,,561.4221,True,,40,write
arangodb,mixed_c40,2442,9307320,346.1328,True,,40,read
arangodb,mixed_c40,2443,9309220,336.4998,True,,40,read
arangodb,mixed_c40,2444,9309273,317.731,True,,40,read
arangodb,mixed_c40,2445,9309293,343.7448,True,,40,read
arangodb,mixed_c40,2446,9310213,333.1719,True,,40,read
arangodb,mixed_c40,2447,,600.3845,True,,40,write
arangodb,mixed_c40,2448,9401244,294.7154,True,,40,read
arangodb,mixed_c40,2449,,598.159,True,,40,write
arangodb,mixed_c40,2450,,573.2192,True,,40,write
arangodb,mixed_c40,2451,9403269,288.4355,True,,40,read
arangodb,mixed_c40,2452,,571.6853,True,,40,write
arangodb,mixed_c40,2453,,620.6151,True,,40,write
arangodb,mixed_c40,2454,9407401,298.0819,True,,40,read
arangodb,mixed_c40,2455,9501227,303.558,True,,40,read
arangodb,mixed_c40,2456,9501350,290.9311,True,,40,read
arangodb,mixed_c40,2457,9501376,305.7738,True,,40,read
arangodb,mixed_c40,2458,9502306,298.6674,True,,40,read
arangodb,mixed_c40,2459,9502360,292.9338,True,,40,read
arangodb,mixed_c40,2460,9503294,279.965,True,,40,read
arangodb,mixed_c40,2461,9504347,296.2524,True,,40,read
arangodb,mixed_c40,2462,9505303,294.7982,True,,40,read
arangodb,mixed_c40,2463,9505310,326.2911,True,,40,read
arangodb,mixed_c40,2464,9505324,283.4225,True,,40,read
arangodb,mixed_c40,2465,,572.7581,True,,40,write
arangodb,mixed_c40,2466,9509349,284.5616,True,,40,read
arangodb,mixed_c40,2467,,576.144,True,,40,write
arangodb,mixed_c40,2468,9603420,295.4126,True,,40,read
arangodb,mixed_c40,2469,,595.575,True,,40,write
arangodb,mixed_c40,2470,9609217,283.5254,True,,40,read
arangodb,mixed_c40,2471,,551.1432,True,,40,write
arangodb,mixed_c40,2472,9610393,264.1199,True,,40,read
arangodb,mixed_c40,2473,,569.9005,True,,40,write
arangodb,mixed_c40,2474,9702270,273.0899,True,,40,read
arangodb,mixed_c40,2475,9703209,287.873,True,,40,read
arangodb,mixed_c40,2476,9703232,324.9593,True,,40,read
arangodb,mixed_c40,2477,9703423,306.1121,True,,40,read
arangodb,mixed_c40,2478,9705262,287.005,True,,40,read
arangodb,mixed_c40,2479,9706541,300.8433,True,,40,read
arangodb,mixed_c40,2480,,621.9873,True,,40,write
arangodb,mixed_c40,2481,9707282,302.944,True,,40,read
arangodb,mixed_c40,2482,9707295,305.9201,True,,40,read
arangodb,mixed_c40,2483,,694.9666,True,,40,write
arangodb,mixed_c40,2484,,623.7959,True,,40,write
arangodb,mixed_c40,2485,9711379,331.7181,True,,40,read
arangodb,mixed_c40,2486,9803439,310.4028,True,,40,read
arangodb,mixed_c40,2487,9804298,301.0143,True,,40,read
arangodb,mixed_c40,2488,9804313,317.5885,True,,40,read
arangodb,mixed_c40,2489,9804343,289.8031,True,,40,read
arangodb,mixed_c40,2490,,690.4103,True,,40,write
arangodb,mixed_c40,2491,9809529,303.4384,True,,40,read
arangodb,mixed_c40,2492,9810418,323.3137,True,,40,read
arangodb,mixed_c40,2493,9811432,299.5408,True,,40,read
arangodb,mixed_c40,2494,,640.3056,True,,40,write
arangodb,mixed_c40,2495,9812342,315.7596,True,,40,read
arangodb,mixed_c40,2496,9906506,281.5359,True,,40,read
arangodb,mixed_c40,2497,9907534,307.0504,True,,40,read
arangodb,mixed_c40,2498,9909234,278.3965,True,,40,read
arangodb,mixed_c40,2499,,695.369,True,,40,write
arangodb,mixed_c40,2500,2106,289.8626,True,,40,read
arangodb,mixed_c40,2501,6114,290.0816,True,,40,read
arangodb,mixed_c40,2502,6217,271.2712,True,,40,read
arangodb,mixed_c40,2503,7077,267.2759,True,,40,read
arangodb,mixed_c40,2504,,619.2122,True,,40,write
arangodb,mixed_c40,2505,7232,277.3309,True,,40,read
arangodb,mixed_c40,2506,9292,280.0457,True,,40,read
arangodb,mixed_c40,2507,10094,299.3854,True,,40,read
arangodb,mixed_c40,2508,,703.9868,True,,40,write
arangodb,mixed_c40,2509,12020,363.4765,True,,40,read
arangodb,mixed_c40,2510,101328,350.9482,True,,40,read
arangodb,mixed_c40,2511,102194,359.8445,True,,40,read
arangodb,mixed_c40,2512,102318,347.2312,True,,40,read
arangodb,mixed_c40,2513,104122,524.8948,True,,40,read
arangodb,mixed_c40,2514,104187,336.7028,True,,40,read
arangodb,mixed_c40,2515,105349,415.41,True,,40,read
arangodb,mixed_c40,2516,106261,407.1003,True,,40,read
arangodb,mixed_c40,2517,107028,401.1334,True,,40,read
arangodb,mixed_c40,2518,107093,405.1056,True,,40,read
arangodb,mixed_c40,2519,107295,417.2807,True,,40,read
arangodb,mixed_c40,2520,108250,523.9613,True,,40,read
arangodb,mixed_c40,2521,,580.0115,True,,40,write
arangodb,mixed_c40,2522,109073,532.1139,True,,40,read
arangodb,mixed_c40,2523,110264,454.7275,True,,40,read
arangodb,mixed_c40,2524,110376,444.1492,True,,40,read
arangodb,mixed_c40,2525,201053,477.41,True,,40,read
arangodb,mixed_c40,2526,204096,475.2211,True,,40,read
arangodb,mixed_c40,2527,204176,439.1587,True,,40,read
arangodb,mixed_c40,2528,204182,493.7531,True,,40,read
arangodb,mixed_c40,2529,205038,417.2025,True,,40,read
arangodb,mixed_c40,2530,207048,420.1224,True,,40,read
arangodb,mixed_c40,2531,207227,520.5909,True,,40,read
arangodb,mixed_c40,2532,208138,421.3944,True,,40,read
arangodb,mixed_c40,2533,,590.2114,True,,40,write
arangodb,mixed_c40,2534,209058,432.8784,True,,40,read
arangodb,mixed_c40,2535,209108,398.9269,True,,40,read
arangodb,mixed_c40,2536,210254,364.2416,True,,40,read
arangodb,mixed_c40,2537,302080,389.1985,True,,40,read
arangodb,mixed_c40,2538,9208245,385.749,True,,40,read
arangodb,mixed_c40,2539,9304275,327.4794,True,,40,read
arangodb,mixed_c40,2540,9305258,291.4572,True,,40,read
arangodb,mixed_c40,2541,9306241,311.4891,True,,40,read
arangodb,mixed_c40,2542,9307320,362.0213,True,,40,read
arangodb,mixed_c40,2543,9309220,297.6166,True,,40,read
arangodb,mixed_c40,2544,,740.5444,True,,40,write
arangodb,mixed_c40,2545,9309293,314.2882,True,,40,read
arangodb,mixed_c40,2546,9310213,303.5175,True,,40,read
arangodb,mixed_c40,2547,,1169.5248,True,,40,write
arangodb,mixed_c40,2548,9401244,304.2645,True,,40,read
arangodb,mixed_c40,2549,9401326,303.7157,True,,40,read
arangodb,mixed_c40,2550,9403260,313.6512,True,,40,read
arangodb,mixed_c40,2551,9403269,283.9739,True,,40,read
arangodb,mixed_c40,2552,9407272,381.8951,True,,40,read
arangodb,mixed_c40,2553,9407278,292.2608,True,,40,read
arangodb,mixed_c40,2554,9407401,282.7315,True,,40,read
arangodb,mixed_c40,2555,9501227,277.9142,True,,40,read
arangodb,mixed_c40,2556,9501350,302.0945,True,,40,read
arangodb,mixed_c40,2557,9501376,395.4994,True,,40,read
arangodb,mixed_c40,2558,9502306,405.1148,True,,40,read
arangodb,mixed_c40,2559,9502360,484.4935,True,,40,read
arangodb,mixed_c40,2560,9503294,492.7751,True,,40,read
arangodb,mixed_c40,2561,9504347,390.2517,True,,40,read
arangodb,mixed_c40,2562,9505303,555.0654,True,,40,read
arangodb,mixed_c40,2563,,697.2227,True,,40,write
arangodb,mixed_c40,2564,,673.5853,True,,40,write
arangodb,mixed_c40,2565,9508299,501.5521,True,,40,read
arangodb,mixed_c40,2566,9509349,379.6236,True,,40,read
arangodb,mixed_c40,2567,9603367,547.7158,True,,40,read
arangodb,mixed_c40,2568,9603420,564.1447,True,,40,read
arangodb,mixed_c40,2569,,673.9643,True,,40,write
arangodb,mixed_c40,2570,,634.132,True,,40,write
arangodb,mixed_c40,2571,9609470,547.6561,True,,40,read
arangodb,mixed_c40,2572,9610393,351.0917,True,,40,read
arangodb,mixed_c40,2573,9701246,459.5556,True,,40,read
arangodb,mixed_c40,2574,9702270,478.8745,True,,40,read
arangodb,mixed_c40,2575,9703209,347.0557,True,,40,read
arangodb,mixed_c40,2576,9703232,915.7478,True,,40,read
arangodb,mixed_c40,2577,9703423,440.5356,True,,40,read
arangodb,mixed_c40,2578,9705262,428.6176,True,,40,read
arangodb,mixed_c40,2579,9706541,447.0253,True,,40,read
arangodb,mixed_c40,2580,9707250,439.647,True,,40,read
arangodb,mixed_c40,2581,9707282,887.6711,True,,40,read
arangodb,mixed_c40,2582,9707295,396.9471,True,,40,read
arangodb,mixed_c40,2583,9710376,871.3779,True,,40,read
arangodb,mixed_c40,2584,,1128.4076,True,,40,write
arangodb,mixed_c40,2585,9711379,350.3684,True,,40,read
arangodb,mixed_c40,2586,9803439,318.1953,True,,40,read
arangodb,mixed_c40,2587,9804298,318.8924,True,,40,read
arangodb,mixed_c40,2588,9804313,332.8021,True,,40,read
arangodb,mixed_c40,2589,9804343,368.3339,True,,40,read
arangodb,mixed_c40,2590,9805465,287.7353,True,,40,read
arangodb,mixed_c40,2591,9809529,295.1873,True,,40,read
arangodb,mixed_c40,2592,9810418,303.7237,True,,40,read
arangodb,mixed_c40,2593,9811432,275.0612,True,,40,read
arangodb,mixed_c40,2594,,596.953,True,,40,write
arangodb,mixed_c40,2595,9812342,307.2683,True,,40,read
arangodb,mixed_c40,2596,9906506,301.0464,True,,40,read
arangodb,mixed_c40,2597,,544.6991,True,,40,write
arangodb,mixed_c40,2598,,579.7986,True,,40,write
arangodb,mixed_c40,2599,,560.9131,True,,40,write
arangodb,mixed_c40,2600,2106,363.5846,True,,40,read
arangodb,mixed_c40,2601,6114,298.0087,True,,40,read
arangodb,mixed_c40,2602,6217,374.0152,True,,40,read
arangodb,mixed_c40,2603,7077,352.6632,True,,40,read
arangodb,mixed_c40,2604,7211,412.1881,True,,40,read
arangodb,mixed_c40,2605,7232,320.0373,True,,40,read
arangodb,mixed_c40,2606,9292,406.5379,True,,40,read
arangodb,mixed_c40,2607,10094,382.5713,True,,40,read
arangodb,mixed_c40,2608,10180,313.4791,True,,40,read
arangodb,mixed_c40,2609,,586.7433,True,,40,write
arangodb,mixed_c40,2610,,605.8844,True,,40,write
arangodb,mixed_c40,2611,102194,356.158,True,,40,read
arangodb,mixed_c40,2612,,587.629,True,,40,write
arangodb,mixed_c40,2613,,666.1879,True,,40,write
arangodb,mixed_c40,2614,,1177.4594,True,,40,write
arangodb,mixed_c40,2615,105349,365.5904,True,,40,read
arangodb,mixed_c40,2616,106261,354.5492,True,,40,read
arangodb,mixed_c40,2617,107028,345.6714,True,,40,read
arangodb,mixed_c40,2618,,560.9958,True,,40,write
arangodb,mixed_c40,2619,107295,298.3048,True,,40,read
arangodb,mixed_c40,2620,108250,328.7459,True,,40,read
arangodb,mixed_c40,2621,109054,323.8523,True,,40,read
arangodb,mixed_c40,2622,109073,943.6969,True,,40,read
arangodb,mixed_c40,2623,110264,955.3127,True,,40,read
arangodb,mixed_c40,2624,110376,912.4473,True,,40,read
arangodb,mixed_c40,2625,,531.5047,True,,40,write
arangodb,mixed_c40,2626,204096,276.4679,True,,40,read
arangodb,mixed_c40,2627,204176,275.3438,True,,40,read
arangodb,mixed_c40,2628,204182,280.3793,True,,40,read
arangodb,mixed_c40,2629,205038,291.1492,True,,40,read
arangodb,mixed_c40,2630,207048,279.7605,True,,40,read
arangodb,mixed_c40,2631,207227,269.2263,True,,40,read
arangodb,mixed_c40,2632,208138,262.9732,True,,40,read
arangodb,mixed_c40,2633,,517.8686,True,,40,write
arangodb,mixed_c40,2634,209058,267.66,True,,40,read
arangodb,mixed_c40,2635,209108,264.608,True,,40,read
arangodb,mixed_c40,2636,210254,274.9948,True,,40,read
arangodb,mixed_c40,2637,,532.6246,True,,40,write
arangodb,mixed_c40,2638,9208245,326.9626,True,,40,read
arangodb,mixed_c40,2639,9304275,327.4615,True,,40,read
arangodb,mixed_c40,2640,9305258,331.5104,True,,40,read
arangodb,mixed_c40,2641,9306241,299.9204,True,,40,read
arangodb,mixed_c40,2642,9307320,344.9887,True,,40,read
arangodb,mixed_c40,2643,9309220,281.8799,True,,40,read
arangodb,mixed_c40,2644,,637.7562,True,,40,write
arangodb,mixed_c40,2645,9309293,287.4147,True,,40,read
arangodb,mixed_c40,2646,9310213,270.4169,True,,40,read
arangodb,mixed_c40,2647,,580.1406,True,,40,write
arangodb,mixed_c40,2648,9401244,282.1713,True,,40,read
arangodb,mixed_c40,2649,9401326,286.0046,True,,40,read
arangodb,mixed_c40,2650,9403260,291.3266,True,,40,read
arangodb,mixed_c40,2651,9403269,295.6774,True,,40,read
arangodb,mixed_c40,2652,9407272,296.5966,True,,40,read
arangodb,mixed_c40,2653,9407278,312.6528,True,,40,read
arangodb,mixed_c40,2654,9407401,318.6494,True,,40,read
arangodb,mixed_c40,2655,,582.254,True,,40,write
arangodb,mixed_c40,2656,,622.8779,True,,40,write
arangodb,mixed_c40,2657,9501376,299.1321,True,,40,read
arangodb,mixed_c40,2658,9502306,301.8018,True,,40,read
arangodb,mixed_c40,2659,9502360,279.262,True,,40,read
arangodb,mixed_c40,2660,,561.493,True,,40,write
arangodb,mixed_c40,2661,9504347,264.8145,True,,40,read
arangodb,mixed_c40,2662,9505303,267.1709,True,,40,read
arangodb,mixed_c40,2663,9505310,276.8556,True,,40,read
arangodb,mixed_c40,2664,9505324,266.5537,True,,40,read
arangodb,mixed_c40,2665,9508299,272.9152,True,,40,read
arangodb,mixed_c40,2666,9509349,263.2379,True,,40,read
arangodb,mixed_c40,2667,9603367,273.3065,True,,40,read
arangodb,mixed_c40,2668,,556.2884,True,,40,write
arangodb,mixed_c40,2669,9606252,265.1246,True,,40,read
arangodb,mixed_c40,2670,,598.9772,True,,40,write
arangodb,mixed_c40,2671,9609470,338.638,True,,40,read
arangodb,mixed_c40,2672,9610393,308.4454,True,,40,read
arangodb,mixed_c40,2673,9701246,346.4155,True,,40,read
arangodb,mixed_c40,2674,,789.8393,True,,40,write
arangodb,mixed_c40,2675,9703209,303.4797,True,,40,read
arangodb,mixed_c40,2676,9703232,302.8265,True,,40,read
arangodb,mixed_c40,2677,9703423,277.9913,True,,40,read
arangodb,mixed_c40,2678,9705262,330.7781,True,,40,read
arangodb,mixed_c40,2679,9706541,319.7999,True,,40,read
arangodb,mixed_c40,2680,9707250,277.0643,True,,40,read
arangodb,mixed_c40,2681,9707282,280.9535,True,,40,read
arangodb,mixed_c40,2682,9707295,309.6793,True,,40,read
arangodb,mixed_c40,2683,9710376,309.4124,True,,40,read
arangodb,mixed_c40,2684,9711261,356.7387,True,,40,read
arangodb,mixed_c40,2685,,712.5469,True,,40,write
arangodb,mixed_c40,2686,9803439,307.3772,True,,40,read
arangodb,mixed_c40,2687,9804298,323.8484,True,,40,read
arangodb,mixed_c40,2688,9804313,313.256,True,,40,read
arangodb,mixed_c40,2689,,680.5098,True,,40,write
arangodb,mixed_c40,2690,9805465,343.659,True,,40,read
arangodb,mixed_c40,2691,9809529,291.5641,True,,40,read
arangodb,mixed_c40,2692,9810418,316.4243,True,,40,read
arangodb,mixed_c40,2693,9811432,312.7886,True,,40,read
arangodb,mixed_c40,2694,9811469,304.6512,True,,40,read
arangodb,mixed_c40,2695,9812342,311.0113,True,,40,read
arangodb,mixed_c40,2696,9906506,315.8593,True,,40,read
arangodb,mixed_c40,2697,9907534,301.3226,True,,40,read
arangodb,mixed_c40,2698,9909234,306.9202,True,,40,read
arangodb,mixed_c40,2699,9909512,341.2545,True,,40,read
arangodb,mixed_c40,2700,2106,294.5092,True,,40,read
arangodb,mixed_c40,2701,6114,302.3599,True,,40,read
arangodb,mixed_c40,2702,6217,407.3806,True,,40,read
arangodb,mixed_c40,2703,7077,393.0386,True,,40,read
arangodb,mixed_c40,2704,,608.2844,True,,40,write
arangodb,mixed_c40,2705,7232,402.1552,True,,40,read
arangodb,mixed_c40,2706,9292,373.6748,True,,40,read
arangodb,mixed_c40,2707,10094,356.4058,True,,40,read
arangodb,mixed_c40,2708,10180,459.0885,True,,40,read
arangodb,mixed_c40,2709,12020,402.9438,True,,40,read
arangodb,mixed_c40,2710,,663.6104,True,,40,write
arangodb,mixed_c40,2711,102194,377.4302,True,,40,read
arangodb,mixed_c40,2712,102318,352.0452,True,,40,read
arangodb,mixed_c40,2713,104122,334.5911,True,,40,read
arangodb,mixed_c40,2714,104187,336.7911,True,,40,read
arangodb,mixed_c40,2715,105349,431.8866,True,,40,read
arangodb,mixed_c40,2716,106261,352.1597,True,,40,read
arangodb,mixed_c40,2717,107028,400.7357,True,,40,read
arangodb,mixed_c40,2718,107093,305.0943,True,,40,read
arangodb,mixed_c40,2719,107295,526.2521,True,,40,read
arangodb,mixed_c40,2720,108250,465.0487,True,,40,read
arangodb,mixed_c40,2721,109054,541.7369,True,,40,read
arangodb,mixed_c40,2722,,671.654,True,,40,write
arangodb,mixed_c40,2723,110264,503.8785,True,,40,read
arangodb,mixed_c40,2724,110376,537.9009,True,,40,read
arangodb,mixed_c40,2725,,823.0832,True,,40,write
arangodb,mixed_c40,2726,204096,420.2607,True,,40,read
arangodb,mixed_c40,2727,,818.4956,True,,40,write
arangodb,mixed_c40,2728,204182,436.4566,True,,40,read
arangodb,mixed_c40,2729,205038,480.4039,True,,40,read
arangodb,mixed_c40,2730,207048,413.8876,True,,40,read
arangodb,mixed_c40,2731,,791.7284,True,,40,write
arangodb,mixed_c40,2732,208138,385.2554,True,,40,read
arangodb,mixed_c40,2733,208159,459.0412,True,,40,read
arangodb,mixed_c40,2734,209058,416.6675,True,,40,read
arangodb,mixed_c40,2735,,609.5687,True,,40,write
arangodb,mixed_c40,2736,210254,306.7983,True,,40,read
arangodb,mixed_c40,2737,302080,353.4079,True,,40,read
arangodb,mixed_c40,2738,9208245,303.571,True,,40,read
arangodb,mixed_c40,2739,9304275,315.4817,True,,40,read
arangodb,mixed_c40,2740,9305258,438.9316,True,,40,read
arangodb,mixed_c40,2741,9306241,413.6328,True,,40,read
arangodb,mixed_c40,2742,9307320,405.6472,True,,40,read
arangodb,mixed_c40,2743,,1197.7246,True,,40,write
arangodb,mixed_c40,2744,9309273,407.6267,True,,40,read
arangodb,mixed_c40,2745,9309293,409.0532,True,,40,read
arangodb,mixed_c40,2746,9310213,394.4495,True,,40,read
arangodb,mixed_c40,2747,9311240,415.0183,True,,40,read
arangodb,mixed_c40,2748,9401244,376.8682,True,,40,read
arangodb,mixed_c40,2749,,570.3519,True,,40,write
arangodb,mixed_c40,2750,9403260,347.786,True,,40,read
arangodb,mixed_c40,2751,,706.8938,True,,40,write
arangodb,mixed_c40,2752,,722.188,True,,40,write
arangodb,mixed_c40,2753,9407278,346.3925,True,,40,read
arangodb,mixed_c40,2754,9407401,323.7353,True,,40,read
arangodb,mixed_c40,2755,9501227,323.1173,True,,40,read
arangodb,mixed_c40,2756,9501350,282.2028,True,,40,read
arangodb,mixed_c40,2757,9501376,300.1378,True,,40,read
arangodb,mixed_c40,2758,9502306,459.3365,True,,40,read
arangodb,mixed_c40,2759,9502360,405.2485,True,,40,read
arangodb,mixed_c40,2760,9503294,420.0148,True,,40,read
arangodb,mixed_c40,2761,9504347,429.4617,True,,40,read
arangodb,mixed_c40,2762,9505303,378.3072,True,,40,read
arangodb,mixed_c40,2763,9505310,391.9934,True,,40,read
arangodb,mixed_c40,2764,9505324,431.8125,True,,40,read
arangodb,mixed_c40,2765,9508299,415.3612,True,,40,read
arangodb,mixed_c40,2766,9509349,882.8728,True,,40,read
arangodb,mixed_c40,2767,9603367,379.7657,True,,40,read
arangodb,mixed_c40,2768,,782.4665,True,,40,write
arangodb,mixed_c40,2769,9606252,883.1171,True,,40,read
arangodb,mixed_c40,2770,9609217,341.5872,True,,40,read
arangodb,mixed_c40,2771,9609470,382.4333,True,,40,read
arangodb,mixed_c40,2772,9610393,337.4501,True,,40,read
arangodb,mixed_c40,2773,9701246,294.4943,True,,40,read
arangodb,mixed_c40,2774,9702270,323.2653,True,,40,read
arangodb,mixed_c40,2775,,671.6831,True,,40,write
arangodb,mixed_c40,2776,,632.7921,True,,40,write
arangodb,mixed_c40,2777,9703423,419.807,True,,40,read
arangodb,mixed_c40,2778,9705262,397.1848,True,,40,read
arangodb,mixed_c40,2779,9706541,420.5981,True,,40,read
arangodb,mixed_c40,2780,9707250,414.8083,True,,40,read
arangodb,mixed_c40,2781,9707282,379.3237,True,,40,read
arangodb,mixed_c40,2782,,1113.8739,True,,40,write
arangodb,mixed_c40,2783,,671.1135,True,,40,write
arangodb,mixed_c40,2784,,702.5082,True,,40,write
arangodb,mixed_c40,2785,9711379,371.6406,True,,40,read
arangodb,mixed_c40,2786,9803439,402.8268,True,,40,read
arangodb,mixed_c40,2787,9804298,384.7527,True,,40,read
arangodb,mixed_c40,2788,9804313,375.5387,True,,40,read
arangodb,mixed_c40,2789,9804343,323.7117,True,,40,read
arangodb,mixed_c40,2790,9805465,393.0678,True,,40,read
arangodb,mixed_c40,2791,9809529,405.3992,True,,40,read
arangodb,mixed_c40,2792,9810418,428.8783,True,,40,read
arangodb,mixed_c40,2793,9811432,393.7154,True,,40,read
arangodb,mixed_c40,2794,9811469,412.5404,True,,40,read
arangodb,mixed_c40,2795,9812342,889.9382,True,,40,read
arangodb,mixed_c40,2796,9906506,397.7137,True,,40,read
arangodb,mixed_c40,2797,9907534,890.247,True,,40,read
arangodb,mixed_c40,2798,,750.2923,True,,40,write
arangodb,mixed_c40,2799,9909512,429.6042,True,,40,read
arangodb,mixed_c40,2800,2106,396.6007,True,,40,read
arangodb,mixed_c40,2801,6114,399.8425,True,,40,read
arangodb,mixed_c40,2802,6217,380.2507,True,,40,read
arangodb,mixed_c40,2803,7077,416.2121,True,,40,read
arangodb,mixed_c40,2804,7211,360.4371,True,,40,read
arangodb,mixed_c40,2805,7232,864.1436,True,,40,read
arangodb,mixed_c40,2806,9292,406.6701,True,,40,read
arangodb,mixed_c40,2807,10094,888.3232,True,,40,read
arangodb,mixed_c40,2808,10180,374.7152,True,,40,read
arangodb,mixed_c40,2809,12020,378.9018,True,,40,read
arangodb,mixed_c40,2810,,629.3913,True,,40,write
arangodb,mixed_c40,2811,102194,348.0191,True,,40,read
arangodb,mixed_c40,2812,102318,374.2601,True,,40,read
arangodb,mixed_c40,2813,104122,319.1914,True,,40,read
arangodb,mixed_c40,2814,104187,350.0157,True,,40,read
arangodb,mixed_c40,2815,105349,317.1252,True,,40,read
arangodb,mixed_c40,2816,,666.8787,True,,40,write
arangodb,mixed_c40,2817,,629.4316,True,,40,write
arangodb,mixed_c40,2818,107093,916.0337,True,,40,read
arangodb,mixed_c40,2819,,647.8744,True,,40,write
arangodb,mixed_c40,2820,108250,303.4067,True,,40,read
arangodb,mixed_c40,2821,,590.9158,True,,40,write
arangodb,mixed_c40,2822,109073,368.7212,True,,40,read
arangodb,mixed_c40,2823,110264,330.0739,True,,40,read
arangodb,mixed_c40,2824,110376,330.8707,True,,40,read
arangodb,mixed_c40,2825,201053,367.6856,True,,40,read
arangodb,mixed_c40,2826,204096,319.0419,True,,40,read
arangodb,mixed_c40,2827,,713.6297,True,,40,write
arangodb,mixed_c40,2828,,685.5859,True,,40,write
arangodb,mixed_c40,2829,205038,354.676,True,,40,read
arangodb,mixed_c40,2830,207048,321.0071,True,,40,read
arangodb,mixed_c40,2831,207227,286.0717,True,,40,read
arangodb,mixed_c40,2832,208138,310.1549,True,,40,read
arangodb,mixed_c40,2833,208159,314.7988,True,,40,read
arangodb,mixed_c40,2834,,673.9081,True,,40,write
arangodb,mixed_c40,2835,209108,326.7621,True,,40,read
arangodb,mixed_c40,2836,210254,294.1657,True,,40,read
arangodb,mixed_c40,2837,302080,329.3052,True,,40,read
arangodb,mixed_c40,2838,9208245,275.6133,True,,40,read
arangodb,mixed_c40,2839,,623.7367,True,,40,write
arangodb,mixed_c40,2840,9305258,322.3047,True,,40,read
arangodb,mixed_c40,2841,9306241,328.6877,True,,40,read
arangodb,mixed_c40,2842,,619.7928,True,,40,write
arangodb,mixed_c40,2843,,609.2856,True,,40,write
arangodb,mixed_c40,2844,9309273,318.1659,True,,40,read
arangodb,mixed_c40,2845,9309293,357.9697,True,,40,read
arangodb,mixed_c40,2846,9310213,308.5532,True,,40,read
arangodb,mixed_c40,2847,9311240,350.7177,True,,40,read
arangodb,mixed_c40,2848,,612.7903,True,,40,write
arangodb,mixed_c40,2849,9401326,286.9562,True,,40,read
arangodb,mixed_c40,2850,9403260,273.8707,True,,40,read
arangodb,mixed_c40,2851,9403269,279.6228,True,,40,read
arangodb,mixed_c40,2852,9407272,317.6762,True,,40,read
arangodb,mixed_c40,2853,9407278,287.1032,True,,40,read
arangodb,mixed_c40,2854,9407401,353.6193,True,,40,read
arangodb,mixed_c40,2855,9501227,432.5182,True,,40,read
arangodb,mixed_c40,2856,9501350,340.4054,True,,40,read
arangodb,mixed_c40,2857,9501376,299.1648,True,,40,read
arangodb,mixed_c40,2858,9502306,349.6977,True,,40,read
arangodb,mixed_c40,2859,9502360,351.8377,True,,40,read
arangodb,mixed_c40,2860,9503294,330.2045,True,,40,read
arangodb,mixed_c40,2861,,620.1533,True,,40,write
arangodb,mixed_c40,2862,,737.556,True,,40,write
arangodb,mixed_c40,2863,9505310,333.2377,True,,40,read
arangodb,mixed_c40,2864,9505324,337.2405,True,,40,read
arangodb,mixed_c40,2865,9508299,313.4844,True,,40,read
arangodb,mixed_c40,2866,9509349,331.7401,True,,40,read
arangodb,mixed_c40,2867,9603367,353.2185,True,,40,read
arangodb,mixed_c40,2868,,633.825,True,,40,write
arangodb,mixed_c40,2869,9606252,456.32,True,,40,read
arangodb,mixed_c40,2870,9609217,320.8798,True,,40,read
arangodb,mixed_c40,2871,,817.0454,True,,40,write
arangodb,mixed_c40,2872,,756.2443,True,,40,write
arangodb,mixed_c40,2873,,768.4439,True,,40,write
arangodb,mixed_c40,2874,9702270,321.9288,True,,40,read
arangodb,mixed_c40,2875,9703209,418.7572,True,,40,read
arangodb,mixed_c40,2876,9703232,403.5826,True,,40,read
arangodb,mixed_c40,2877,9703423,410.464,True,,40,read
arangodb,mixed_c40,2878,9705262,475.7425,True,,40,read
arangodb,mixed_c40,2879,,686.9845,True,,40,write
arangodb,mixed_c40,2880,,736.1053,True,,40,write
arangodb,mixed_c40,2881,9707282,367.1908,True,,40,read
arangodb,mixed_c40,2882,9707295,311.227,True,,40,read
arangodb,mixed_c40,2883,9710376,304.6002,True,,40,read
arangodb,mixed_c40,2884,9711261,272.1724,True,,40,read
arangodb,mixed_c40,2885,9711379,352.6304,True,,40,read
arangodb,mixed_c40,2886,9803439,346.0597,True,,40,read
arangodb,mixed_c40,2887,9804298,398.0568,True,,40,read
arangodb,mixed_c40,2888,9804313,521.8296,True,,40,read
arangodb,mixed_c40,2889,9804343,495.1463,True,,40,read
arangodb,mixed_c40,2890,,690.0584,True,,40,write
arangodb,mixed_c40,2891,9809529,524.1043,True,,40,read
arangodb,mixed_c40,2892,,631.6361,True,,40,write
arangodb,mixed_c40,2893,9811432,390.4391,True,,40,read
arangodb,mixed_c40,2894,9811469,375.1824,True,,40,read
arangodb,mixed_c40,2895,9812342,462.2095,True,,40,read
arangodb,mixed_c40,2896,9906506,553.7643,True,,40,read
arangodb,mixed_c40,2897,9907534,467.1891,True,,40,read
arangodb,mixed_c40,2898,9909234,472.0945,True,,40,read
arangodb,mixed_c40,2899,9909512,521.7728,True,,40,read
arangodb,mixed_c40,2900,2106,450.6323,True,,40,read
arangodb,mixed_c40,2901,6114,537.1627,True,,40,read
arangodb,mixed_c40,2902,6217,466.708,True,,40,read
arangodb,mixed_c40,2903,7077,459.297,True,,40,read
arangodb,mixed_c40,2904,7211,439.0159,True,,40,read
arangodb,mixed_c40,2905,7232,430.7692,True,,40,read
arangodb,mixed_c40,2906,,599.1998,True,,40,write
arangodb,mixed_c40,2907,10094,503.3304,True,,40,read
arangodb,mixed_c40,2908,10180,360.0934,True,,40,read
arangodb,mixed_c40,2909,12020,372.3497,True,,40,read
arangodb,mixed_c40,2910,101328,408.1395,True,,40,read
arangodb,mixed_c40,2911,102194,443.7663,True,,40,read
arangodb,mixed_c40,2912,102318,416.9826,True,,40,read
arangodb,mixed_c40,2913,104122,416.7793,True,,40,read
arangodb,mixed_c40,2914,104187,405.9413,True,,40,read
arangodb,mixed_c40,2915,105349,356.2912,True,,40,read
arangodb,mixed_c40,2916,106261,308.7769,True,,40,read
arangodb,mixed_c40,2917,107028,309.7516,True,,40,read
arangodb,mixed_c40,2918,107093,372.6484,True,,40,read
arangodb,mixed_c40,2919,107295,390.2442,True,,40,read
arangodb,mixed_c40,2920,108250,321.1093,True,,40,read
arangodb,mixed_c40,2921,109054,303.3738,True,,40,read
arangodb,mixed_c40,2922,109073,316.2807,True,,40,read
arangodb,mixed_c40,2923,110264,291.4393,True,,40,read
arangodb,mixed_c40,2924,110376,294.6878,True,,40,read
arangodb,mixed_c40,2925,201053,614.4442,True,,40,read
arangodb,mixed_c40,2926,204096,393.8447,True,,40,read
arangodb,mixed_c40,2927,,707.216,True,,40,write
arangodb,mixed_c40,2928,204182,622.5062,True,,40,read
arangodb,mixed_c40,2929,205038,641.3054,True,,40,read
arangodb,mixed_c40,2930,207048,610.5519,True,,40,read
arangodb,mixed_c40,2931,207227,623.9422,True,,40,read
arangodb,mixed_c40,2932,208138,391.8316,True,,40,read
arangodb,mixed_c40,2933,208159,607.6583,True,,40,read
arangodb,mixed_c40,2934,209058,585.9495,True,,40,read
arangodb,mixed_c40,2935,209108,368.5502,True,,40,read
arangodb,mixed_c40,2936,,653.2582,True,,40,write
arangodb,mixed_c40,2937,302080,615.3769,True,,40,read
arangodb,mixed_c40,2938,9208245,557.7712,True,,40,read
arangodb,mixed_c40,2939,,960.1478,True,,40,write
arangodb,mixed_c40,2940,9305258,528.5998,True,,40,read
arangodb,mixed_c40,2941,9306241,629.2208,True,,40,read
arangodb,mixed_c40,2942,9307320,538.6497,True,,40,read
arangodb,mixed_c40,2943,9309220,602.4796,True,,40,read
arangodb,mixed_c40,2944,9309273,638.0021,True,,40,read
arangodb,mixed_c40,2945,9309293,664.0078,True,,40,read
arangodb,mixed_c40,2946,,656.1711,True,,40,write
arangodb,mixed_c40,2947,9311240,500.9236,True,,40,read
arangodb,mixed_c40,2948,9401244,543.3413,True,,40,read
arangodb,mixed_c40,2949,9401326,578.8331,True,,40,read
arangodb,mixed_c40,2950,9403260,505.4297,True,,40,read
arangodb,mixed_c40,2951,9403269,1157.3675,True,,40,read
arangodb,mixed_c40,2952,,874.3926,True,,40,write
arangodb,mixed_c40,2953,,1582.2164,True,,40,write
arangodb,mixed_c40,2954,9407401,1115.1294,True,,40,read
arangodb,mixed_c40,2955,9501227,1044.9747,True,,40,read
arangodb,mixed_c40,2956,9501350,1061.187,True,,40,read
arangodb,mixed_c40,2957,9501376,528.8119,True,,40,read
arangodb,mixed_c40,2958,,852.9126,True,,40,write
arangodb,mixed_c40,2959,,846.014,True,,40,write
arangodb,mixed_c40,2960,9503294,526.1886,True,,40,read
arangodb,mixed_c40,2961,9504347,530.8608,True,,40,read
arangodb,mixed_c40,2962,9505303,494.3762,True,,40,read
arangodb,mixed_c40,2963,9505310,495.1499,True,,40,read
arangodb,mixed_c40,2964,9505324,515.7937,True,,40,read
arangodb,mixed_c40,2965,9508299,399.2232,True,,40,read
arangodb,mixed_c40,2966,9509349,325.6079,True,,40,read
arangodb,mixed_c40,2967,9603367,296.0142,True,,40,read
arangodb,mixed_c40,2968,,680.6816,True,,40,write
arangodb,mixed_c40,2969,9606252,594.0127,True,,40,read
arangodb,mixed_c40,2970,9609217,388.7758,True,,40,read
arangodb,mixed_c40,2971,9609470,424.5957,True,,40,read
arangodb,mixed_c40,2972,9610393,386.9037,True,,40,read
arangodb,mixed_c40,2973,9701246,654.1595,True,,40,read
arangodb,mixed_c40,2974,9702270,415.3889,True,,40,read
arangodb,mixed_c40,2975,9703209,467.8309,True,,40,read
arangodb,mixed_c40,2976,9703232,382.1101,True,,40,read
arangodb,mixed_c40,2977,,1471.3554,True,,40,write
arangodb,mixed_c40,2978,9705262,384.8913,True,,40,read
arangodb,mixed_c40,2979,9706541,545.6821,True,,40,read
arangodb,mixed_c40,2980,,746.2983,True,,40,write
arangodb,mixed_c40,2981,9707282,403.4894,True,,40,read
arangodb,mixed_c40,2982,,750.5751,True,,40,write
arangodb,mixed_c40,2983,9710376,535.9385,True,,40,read
arangodb,mixed_c40,2984,9711261,1014.7946,True,,40,read
arangodb,mixed_c40,2985,9711379,568.4054,True,,40,read
arangodb,mixed_c40,2986,9803439,511.8963,True,,40,read
arangodb,mixed_c40,2987,9804298,547.0265,True,,40,read
arangodb,mixed_c40,2988,9804313,493.8496,True,,40,read
arangodb,mixed_c40,2989,9804343,510.6245,True,,40,read
arangodb,mixed_c40,2990,9805465,486.0287,True,,40,read
arangodb,mixed_c40,2991,,897.1915,True,,40,write
arangodb,mixed_c40,2992,9810418,509.5033,True,,40,read
arangodb,mixed_c40,2993,,879.7137,True,,40,write
arangodb,mixed_c40,2994,9811469,528.6346,True,,40,read
arangodb,mixed_c40,2995,9812342,541.2727,True,,40,read
arangodb,mixed_c40,2996,9906506,953.6471,True,,40,read
arangodb,mixed_c40,2997,9907534,484.1136,True,,40,read
arangodb,mixed_c40,2998,9909234,442.0476,True,,40,read
arangodb,mixed_c40,2999,9909512,419.653,True,,40,read
arangodb,mixed_c40,3000,2106,415.9591,True,,40,read
arangodb,mixed_c40,3001,6114,390.7233,True,,40,read
arangodb,mixed_c40,3002,6217,416.0075,True,,40,read
arangodb,mixed_c40,3003,,682.1272,True,,40,write
arangodb,mixed_c40,3004,7211,393.0862,True,,40,read
arangodb,mixed_c40,3005,7232,389.1564,True,,40,read
arangodb,mixed_c40,3006,,675.3768,True,,40,write
arangodb,mixed_c40,3007,10094,391.9565,True,,40,read
arangodb,mixed_c40,3008,10180,357.8511,True,,40,read
arangodb,mixed_c40,3009,12020,343.997,True,,40,read
arangodb,mixed_c40,3010,101328,346.7694,True,,40,read
arangodb,mixed_c40,3011,102194,327.6975,True,,40,read
arangodb,mixed_c40,3012,102318,420.2238,True,,40,read
arangodb,mixed_c40,3013,104122,330.1782,True,,40,read
arangodb,mixed_c40,3014,104187,396.871,True,,40,read
arangodb,mixed_c40,3015,105349,384.9339,True,,40,read
arangodb,mixed_c40,3016,106261,391.3901,True,,40,read
arangodb,mixed_c40,3017,,695.1892,True,,40,write
arangodb,mixed_c40,3018,107093,412.3279,True,,40,read
arangodb,mixed_c40,3019,107295,458.2537,True,,40,read
arangodb,mixed_c40,3020,108250,395.8737,True,,40,read
arangodb,mixed_c40,3021,109054,359.3014,True,,40,read
arangodb,mixed_c40,3022,,769.5569,True,,40,write
arangodb,mixed_c40,3023,110264,371.352,True,,40,read
arangodb,mixed_c40,3024,110376,371.8753,True,,40,read
arangodb,mixed_c40,3025,201053,1031.0954,True,,40,read
arangodb,mixed_c40,3026,204096,959.4144,True,,40,read
arangodb,mixed_c40,3027,204176,418.638,True,,40,read
arangodb,mixed_c40,3028,204182,419.2442,True,,40,read
arangodb,mixed_c40,3029,205038,935.2701,True,,40,read
arangodb,mixed_c40,3030,207048,916.1168,True,,40,read
arangodb,mixed_c40,3031,,752.2824,True,,40,write
arangodb,mixed_c40,3032,208138,397.5077,True,,40,read
arangodb,mixed_c40,3033,208159,397.2592,True,,40,read
arangodb,mixed_c40,3034,209058,381.8221,True,,40,read
arangodb,mixed_c40,3035,,680.0772,True,,40,write
arangodb,mixed_c40,3036,210254,383.6433,True,,40,read
arangodb,mixed_c40,3037,302080,485.5609,True,,40,read
arangodb,mixed_c40,3038,9208245,382.7081,True,,40,read
arangodb,mixed_c40,3039,9304275,390.325,True,,40,read
arangodb,mixed_c40,3040,9305258,458.7798,True,,40,read
arangodb,mixed_c40,3041,9306241,458.6778,True,,40,read
arangodb,mixed_c40,3042,9307320,447.8415,True,,40,read
arangodb,mixed_c40,3043,9309220,377.3569,True,,40,read
arangodb,mixed_c40,3044,9309273,375.9599,True,,40,read
arangodb,mixed_c40,3045,9309293,511.3492,True,,40,read
arangodb,mixed_c40,3046,9310213,304.7149,True,,40,read
arangodb,mixed_c40,3047,9311240,416.4216,True,,40,read
arangodb,mixed_c40,3048,9401244,396.0201,True,,40,read
arangodb,mixed_c40,3049,,704.2962,True,,40,write
arangodb,mixed_c40,3050,,692.27,True,,40,write
arangodb,mixed_c40,3051,9403269,534.0984,True,,40,read
arangodb,mixed_c40,3052,,568.5661,True,,40,write
arangodb,mixed_c40,3053,9407278,371.653,True,,40,read
arangodb,mixed_c40,3054,,678.9765,True,,40,write
arangodb,mixed_c40,3055,9501227,356.9298,True,,40,read
arangodb,mixed_c40,3056,9501350,399.4592,True,,40,read
arangodb,mixed_c40,3057,9501376,437.667,True,,40,read
arangodb,mixed_c40,3058,9502306,442.3827,True,,40,read
arangodb,mixed_c40,3059,9502360,412.4502,True,,40,read
arangodb,mixed_c40,3060,9503294,456.1705,True,,40,read
arangodb,mixed_c40,3061,9504347,424.3815,True,,40,read
arangodb,mixed_c40,3062,9505303,410.461,True,,40,read
arangodb,mixed_c40,3063,9505310,401.3114,True,,40,read
arangodb,mixed_c40,3064,,719.7953,True,,40,write
arangodb,mixed_c40,3065,,726.2323,True,,40,write
arangodb,mixed_c40,3066,9509349,299.0185,True,,40,read
arangodb,mixed_c40,3067,9603367,339.6301,True,,40,read
arangodb,mixed_c40,3068,9603420,368.1963,True,,40,read
arangodb,mixed_c40,3069,9606252,295.618,True,,40,read
arangodb,mixed_c40,3070,9609217,434.3072,True,,40,read
arangodb,mixed_c40,3071,9609470,315.5357,True,,40,read
arangodb,mixed_c40,3072,,1241.6002,True,,40,write
arangodb,mixed_c40,3073,9701246,318.5528,True,,40,read
arangodb,mixed_c40,3074,,839.6822,True,,40,write
arangodb,mixed_c40,3075,,706.5243,True,,40,write
arangodb,mixed_c40,3076,,686.5264,True,,40,write
arangodb,mixed_c40,3077,9703423,368.3217,True,,40,read
arangodb,mixed_c40,3078,,721.51,True,,40,write
arangodb,mixed_c40,3079,9706541,341.8776,True,,40,read
arangodb,mixed_c40,3080,9707250,316.0333,True,,40,read
arangodb,mixed_c40,3081,9707282,286.5856,True,,40,read
arangodb,mixed_c40,3082,9707295,314.4742,True,,40,read
arangodb,mixed_c40,3083,9710376,450.2502,True,,40,read
arangodb,mixed_c40,3084,9711261,298.2259,True,,40,read
arangodb,mixed_c40,3085,9711379,297.8122,True,,40,read
arangodb,mixed_c40,3086,9803439,515.8778,True,,40,read
arangodb,mixed_c40,3087,,706.7922,True,,40,write
arangodb,mixed_c40,3088,9804313,392.7922,True,,40,read
arangodb,mixed_c40,3089,9804343,488.4573,True,,40,read
arangodb,mixed_c40,3090,9805465,375.0795,True,,40,read
arangodb,mixed_c40,3091,9809529,429.4788,True,,40,read
arangodb,mixed_c40,3092,9810418,459.3338,True,,40,read
arangodb,mixed_c40,3093,9811432,463.1028,True,,40,read
arangodb,mixed_c40,3094,9811469,376.1779,True,,40,read
arangodb,mixed_c40,3095,9812342,376.0762,True,,40,read
arangodb,mixed_c40,3096,9906506,352.8952,True,,40,read
arangodb,mixed_c40,3097,9907534,370.8893,True,,40,read
arangodb,mixed_c40,3098,9909234,1076.4418,True,,40,read
arangodb,mixed_c40,3099,9909512,431.5369,True,,40,read
arangodb,mixed_c40,3100,2106,346.9227,True,,40,read
arangodb,mixed_c40,3101,6114,533.2104,True,,40,read
arangodb,mixed_c40,3102,6217,480.7307,True,,40,read
arangodb,mixed_c40,3103,7077,412.404,True,,40,read
arangodb,mixed_c40,3104,7211,474.2573,True,,40,read
arangodb,mixed_c40,3105,,765.7181,True,,40,write
arangodb,mixed_c40,3106,9292,507.1535,True,,40,read
arangodb,mixed_c40,3107,,912.4198,True,,40,write
arangodb,mixed_c40,3108,10180,448.6298,True,,40,read
arangodb,mixed_c40,3109,12020,420.1475,True,,40,read
arangodb,mixed_c40,3110,101328,394.9215,True,,40,read
arangodb,mixed_c40,3111,102194,398.4231,True,,40,read
arangodb,mixed_c40,3112,102318,417.2004,True,,40,read
arangodb,mixed_c40,3113,104122,393.1149,True,,40,read
arangodb,mixed_c40,3114,104187,460.026,True,,40,read
arangodb,mixed_c40,3115,105349,355.224,True,,40,read
arangodb,mixed_c40,3116,106261,302.5985,True,,40,read
arangodb,mixed_c40,3117,,807.0042,True,,40,write
arangodb,mixed_c40,3118,,741.4153,True,,40,write
arangodb,mixed_c40,3119,107295,415.5703,True,,40,read
arangodb,mixed_c40,3120,108250,393.0313,True,,40,read
arangodb,mixed_c40,3121,109054,413.4871,True,,40,read
arangodb,mixed_c40,3122,,709.3888,True,,40,write
arangodb,mixed_c40,3123,110264,381.8247,True,,40,read
arangodb,mixed_c40,3124,110376,387.9731,True,,40,read
arangodb,mixed_c40,3125,201053,409.0279,True,,40,read
arangodb,mixed_c40,3126,204096,375.2217,True,,40,read
arangodb,mixed_c40,3127,204176,364.6269,True,,40,read
arangodb,mixed_c40,3128,204182,338.5166,True,,40,read
arangodb,mixed_c40,3129,205038,352.0952,True,,40,read
arangodb,mixed_c40,3130,207048,500.0739,True,,40,read
arangodb,mixed_c40,3131,207227,392.1842,True,,40,read
arangodb,mixed_c40,3132,208138,543.6593,True,,40,read
arangodb,mixed_c40,3133,208159,493.8126,True,,40,read
arangodb,mixed_c40,3134,209058,511.9676,True,,40,read
arangodb,mixed_c40,3135,209108,491.6103,True,,40,read
arangodb,mixed_c40,3136,,662.7213,True,,40,write
arangodb,mixed_c40,3137,,755.6792,True,,40,write
arangodb,mixed_c40,3138,9208245,536.4668,True,,40,read
arangodb,mixed_c40,3139,9304275,496.4237,True,,40,read
arangodb,mixed_c40,3140,9305258,496.8354,True,,40,read
arangodb,mixed_c40,3141,,752.8592,True,,40,write
arangodb,mixed_c40,3142,9307320,487.7455,True,,40,read
arangodb,mixed_c40,3143,9309220,502.1336,True,,40,read
arangodb,mixed_c40,3144,9309273,387.7108,True,,40,read
arangodb,mixed_c40,3145,9309293,998.1486,True,,40,read
arangodb,mixed_c40,3146,9310213,466.3418,True,,40,read
arangodb,mixed_c40,3147,9311240,985.3874,True,,40,read
arangodb,mixed_c40,3148,9401244,446.6471,True,,40,read
arangodb,mixed_c40,3149,9401326,350.5261,True,,40,read
arangodb,mixed_c40,3150,,668.3686,True,,40,write
arangodb,mixed_c40,3151,,611.9434,True,,40,write
arangodb,mixed_c40,3152,9407272,315.5373,True,,40,read
arangodb,mixed_c40,3153,9407278,399.5371,True,,40,read
arangodb,mixed_c40,3154,9407401,402.1605,True,,40,read
arangodb,mixed_c40,3155,9501227,416.2908,True,,40,read
arangodb,mixed_c40,3156,9501350,307.325,True,,40,read
arangodb,mixed_c40,3157,9501376,403.3709,True,,40,read
arangodb,mixed_c40,3158,9502306,389.0072,True,,40,read
arangodb,mixed_c40,3159,9502360,406.3537,True,,40,read
arangodb,mixed_c40,3160,9503294,413.3476,True,,40,read
arangodb,mixed_c40,3161,9504347,359.0242,True,,40,read
arangodb,mixed_c40,3162,,671.9833,True,,40,write
arangodb,mixed_c40,3163,9505310,335.604,True,,40,read
arangodb,mixed_c40,3164,9505324,314.2777,True,,40,read
arangodb,mixed_c40,3165,9508299,324.3795,True,,40,read
arangodb,mixed_c40,3166,9509349,318.244,True,,40,read
arangodb,mixed_c40,3167,9603367,310.9236,True,,40,read
arangodb,mixed_c40,3168,9603420,345.5151,True,,40,read
arangodb,mixed_c40,3169,9606252,352.8506,True,,40,read
arangodb,mixed_c40,3170,9609217,310.1323,True,,40,read
arangodb,mixed_c40,3171,9609470,294.8966,True,,40,read
arangodb,mixed_c40,3172,9610393,310.9578,True,,40,read
arangodb,mixed_c40,3173,9701246,294.0165,True,,40,read
arangodb,mixed_c40,3174,,740.5548,True,,40,write
arangodb,mixed_c40,3175,9703209,314.2689,True,,40,read
arangodb,mixed_c40,3176,9703232,406.6724,True,,40,read
arangodb,mixed_c40,3177,9703423,311.3727,True,,40,read
arangodb,mixed_c40,3178,9705262,419.9819,True,,40,read
arangodb,mixed_c40,3179,9706541,326.7061,True,,40,read
arangodb,mixed_c40,3180,9707250,328.8892,True,,40,read
arangodb,mixed_c40,3181,9707282,374.2797,True,,40,read
arangodb,mixed_c40,3182,9707295,306.6538,True,,40,read
arangodb,mixed_c40,3183,,665.8731,True,,40,write
arangodb,mixed_c40,3184,9711261,370.9402,True,,40,read
arangodb,mixed_c40,3185,,669.5225,True,,40,write
arangodb,mixed_c40,3186,9803439,379.7861,True,,40,read
arangodb,mixed_c40,3187,9804298,317.087,True,,40,read
arangodb,mixed_c40,3188,9804313,417.0247,True,,40,read
arangodb,mixed_c40,3189,9804343,423.2337,True,,40,read
arangodb,mixed_c40,3190,9805465,449.7218,True,,40,read
arangodb,mixed_c40,3191,9809529,393.4677,True,,40,read
arangodb,mixed_c40,3192,9810418,395.6264,True,,40,read
arangodb,mixed_c40,3193,9811432,399.5883,True,,40,read
arangodb,mixed_c40,3194,9811469,411.7431,True,,40,read
arangodb,mixed_c40,3195,9812342,366.5795,True,,40,read
arangodb,mixed_c40,3196,,664.7133,True,,40,write
arangodb,mixed_c40,3197,,779.7698,True,,40,write
arangodb,mixed_c40,3198,9909234,485.7639,True,,40,read
arangodb,mixed_c40,3199,9909512,537.2879,True,,40,read
arangodb,mixed_c40,3200,2106,326.1148,True,,40,read
arangodb,mixed_c40,3201,6114,564.2048,True,,40,read
arangodb,mixed_c40,3202,6217,492.0395,True,,40,read
arangodb,mixed_c40,3203,7077,324.5842,True,,40,read
arangodb,mixed_c40,3204,7211,514.7367,True,,40,read
arangodb,mixed_c40,3205,7232,516.767,True,,40,read
arangodb,mixed_c40,3206,9292,529.412,True,,40,read
arangodb,mixed_c40,3207,,655.2479,True,,40,write
arangodb,mixed_c40,3208,10180,479.2407,True,,40,read
arangodb,mixed_c40,3209,12020,448.8606,True,,40,read
arangodb,mixed_c40,3210,101328,468.0805,True,,40,read
arangodb,mixed_c40,3211,102194,418.859,True,,40,read
arangodb,mixed_c40,3212,102318,430.5175,True,,40,read
arangodb,mixed_c40,3213,,819.8048,True,,40,write
arangodb,mixed_c40,3214,104187,463.2405,True,,40,read
arangodb,mixed_c40,3215,,868.3125,True,,40,write
arangodb,mixed_c40,3216,106261,325.1876,True,,40,read
arangodb,mixed_c40,3217,107028,401.0201,True,,40,read
arangodb,mixed_c40,3218,107093,425.925,True,,40,read
arangodb,mixed_c40,3219,,692.2931,True,,40,write
arangodb,mixed_c40,3220,108250,392.1871,True,,40,read
arangodb,mixed_c40,3221,109054,391.8489,True,,40,read
arangodb,mixed_c40,3222,109073,391.4055,True,,40,read
arangodb,mixed_c40,3223,,799.5239,True,,40,write
arangodb,mixed_c40,3224,110376,406.0864,True,,40,read
arangodb,mixed_c40,3225,201053,418.8377,True,,40,read
arangodb,mixed_c40,3226,204096,423.0093,True,,40,read
arangodb,mixed_c40,3227,204176,414.588,True,,40,read
arangodb,mixed_c40,3228,204182,375.9437,True,,40,read
arangodb,mixed_c40,3229,205038,397.7471,True,,40,read
arangodb,mixed_c40,3230,207048,374.2884,True,,40,read
arangodb,mixed_c40,3231,,678.4992,True,,40,write
arangodb,mixed_c40,3232,208138,369.0177,True,,40,read
arangodb,mixed_c40,3233,208159,394.9824,True,,40,read
arangodb,mixed_c40,3234,209058,355.8883,True,,40,read
arangodb,mixed_c40,3235,209108,418.4932,True,,40,read
arangodb,mixed_c40,3236,210254,399.5795,True,,40,read
arangodb,mixed_c40,3237,302080,427.6809,True,,40,read
arangodb,mixed_c40,3238,9208245,395.6197,True,,40,read
arangodb,mixed_c40,3239,9304275,387.8498,True,,40,read
arangodb,mixed_c40,3240,9305258,410.7745,True,,40,read
arangodb,mixed_c40,3241,9306241,390.3976,True,,40,read
arangodb,mixed_c40,3242,9307320,388.7451,True,,40,read
arangodb,mixed_c40,3243,,759.0288,True,,40,write
arangodb,mixed_c40,3244,9309273,405.1566,True,,40,read
arangodb,mixed_c40,3245,,810.2565,True,,40,write
arangodb,mixed_c40,3246,9310213,440.3739,True,,40,read
arangodb,mixed_c40,3247,,733.2056,True,,40,write
arangodb,mixed_c40,3248,9401244,438.8937,True,,40,read
arangodb,mixed_c40,3249,,761.1681,True,,40,write
arangodb,mixed_c40,3250,9403260,410.7687,True,,40,read
arangodb,mixed_c40,3251,9403269,319.9519,True,,40,read
arangodb,mixed_c40,3252,9407272,1010.5369,True,,40,read
arangodb,mixed_c40,3253,,1334.6479,True,,40,write
arangodb,mixed_c40,3254,9407401,399.5354,True,,40,read
arangodb,mixed_c40,3255,9501227,888.9596,True,,40,read
arangodb,mixed_c40,3256,9501350,1007.0482,True,,40,read
arangodb,mixed_c40,3257,9501376,984.1761,True,,40,read
arangodb,mixed_c40,3258,,663.4044,True,,40,write
arangodb,mixed_c40,3259,9502360,406.6823,True,,40,read
arangodb,mixed_c40,3260,9503294,409.3676,True,,40,read
arangodb,mixed_c40,3261,,919.993,True,,40,write
arangodb,mixed_c40,3262,9505303,418.6769,True,,40,read
arangodb,mixed_c40,3263,9505310,408.0621,True,,40,read
arangodb,mixed_c40,3264,9505324,378.6903,True,,40,read
arangodb,mixed_c40,3265,9508299,395.3159,True,,40,read
arangodb,mixed_c40,3266,9509349,272.9827,True,,40,read
arangodb,mixed_c40,3267,9603367,370.9483,True,,40,read
arangodb,mixed_c40,3268,9603420,399.9875,True,,40,read
arangodb,mixed_c40,3269,,847.97,True,,40,write
arangodb,mixed_c40,3270,9609217,433.6898,True,,40,read
arangodb,mixed_c40,3271,9609470,410.7391,True,,40,read
arangodb,mixed_c40,3272,9610393,498.4738,True,,40,read
arangodb,mixed_c40,3273,9701246,389.9951,True,,40,read
arangodb,mixed_c40,3274,,781.6954,True,,40,write
arangodb,mixed_c40,3275,9703209,424.6254,True,,40,read
arangodb,mixed_c40,3276,9703232,1012.8372,True,,40,read
arangodb,mixed_c40,3277,9703423,414.7779,True,,40,read
arangodb,mixed_c40,3278,9705262,462.1228,True,,40,read
arangodb,mixed_c40,3279,9706541,1025.7831,True,,40,read
arangodb,mixed_c40,3280,9707250,380.6448,True,,40,read
arangodb,mixed_c40,3281,9707282,448.9339,True,,40,read
arangodb,mixed_c40,3282,9707295,352.4452,True,,40,read
arangodb,mixed_c40,3283,,806.5845,True,,40,write
arangodb,mixed_c40,3284,9711261,310.343,True,,40,read
arangodb,mixed_c40,3285,9711379,320.7401,True,,40,read
arangodb,mixed_c40,3286,,1376.2164,True,,40,write
arangodb,mixed_c40,3287,,805.7726,True,,40,write
arangodb,mixed_c40,3288,9804313,347.6646,True,,40,read
arangodb,mixed_c40,3289,9804343,509.4611,True,,40,read
arangodb,mixed_c40,3290,9805465,391.9779,True,,40,read
arangodb,mixed_c40,3291,9809529,307.5697,True,,40,read
arangodb,mixed_c40,3292,9810418,397.8044,True,,40,read
arangodb,mixed_c40,3293,9811432,504.5626,True,,40,read
arangodb,mixed_c40,3294,9811469,385.6789,True,,40,read
arangodb,mixed_c40,3295,9812342,509.5176,True,,40,read
arangodb,mixed_c40,3296,9906506,466.9374,True,,40,read
arangodb,mixed_c40,3297,9907534,361.8282,True,,40,read
arangodb,mixed_c40,3298,9909234,503.4334,True,,40,read
arangodb,mixed_c40,3299,9909512,532.3001,True,,40,read
arangodb,mixed_c40,3300,2106,532.2387,True,,40,read
arangodb,mixed_c40,3301,6114,563.4439,True,,40,read
arangodb,mixed_c40,3302,6217,546.602,True,,40,read
arangodb,mixed_c40,3303,7077,476.4756,True,,40,read
arangodb,mixed_c40,3304,7211,548.2201,True,,40,read
arangodb,mixed_c40,3305,7232,519.505,True,,40,read
arangodb,mixed_c40,3306,9292,520.9487,True,,40,read
arangodb,mixed_c40,3307,10094,472.5182,True,,40,read
arangodb,mixed_c40,3308,10180,492.3868,True,,40,read
arangodb,mixed_c40,3309,,1019.3455,True,,40,write
arangodb,mixed_c40,3310,101328,528.2996,True,,40,read
arangodb,mixed_c40,3311,,1364.4429,True,,40,write
arangodb,mixed_c40,3312,102318,476.5751,True,,40,read
arangodb,mixed_c40,3313,104122,413.82,True,,40,read
arangodb,mixed_c40,3314,104187,426.742,True,,40,read
arangodb,mixed_c40,3315,,742.7408,True,,40,write
arangodb,mixed_c40,3316,106261,382.1922,True,,40,read
arangodb,mixed_c40,3317,107028,406.8937,True,,40,read
arangodb,mixed_c40,3318,107093,450.8811,True,,40,read
arangodb,mixed_c40,3319,107295,409.0512,True,,40,read
arangodb,mixed_c40,3320,108250,373.45,True,,40,read
arangodb,mixed_c40,3321,,742.5839,True,,40,write
arangodb,mixed_c40,3322,109073,357.5691,True,,40,read
arangodb,mixed_c40,3323,,695.9405,True,,40,write
arangodb,mixed_c40,3324,,758.2611,True,,40,write
arangodb,mixed_c40,3325,,1294.5862,True,,40,write
arangodb,mixed_c40,3326,204096,340.7793,True,,40,read
arangodb,mixed_c40,3327,204176,312.7016,True,,40,read
arangodb,mixed_c40,3328,204182,281.0711,True,,40,read
arangodb,mixed_c40,3329,205038,361.5702,True,,40,read
arangodb,mixed_c40,3330,207048,343.9857,True,,40,read
arangodb,mixed_c40,3331,207227,292.7205,True,,40,read
arangodb,mixed_c40,3332,208138,427.5858,True,,40,read
arangodb,mixed_c40,3333,208159,277.8278,True,,40,read
arangodb,mixed_c40,3334,,800.9376,True,,40,write
arangodb,mixed_c40,3335,209108,397.277,True,,40,read
arangodb,mixed_c40,3336,210254,405.1851,True,,40,read
arangodb,mixed_c40,3337,302080,411.4033,True,,40,read
arangodb,mixed_c40,3338,9208245,414.1398,True,,40,read
arangodb,mixed_c40,3339,9304275,284.1204,True,,40,read
arangodb,mixed_c40,3340,,789.8746,True,,40,write
arangodb,mixed_c40,3341,9306241,366.8716,True,,40,read
arangodb,mixed_c40,3342,9307320,376.4429,True,,40,read
arangodb,mixed_c40,3343,9309220,397.1714,True,,40,read
arangodb,mixed_c40,3344,9309273,391.6752,True,,40,read
arangodb,mixed_c40,3345,9309293,459.7019,True,,40,read
arangodb,mixed_c40,3346,9310213,372.25,True,,40,read
arangodb,mixed_c40,3347,9311240,436.3533,True,,40,read
arangodb,mixed_c40,3348,,921.9496,True,,40,write
arangodb,mixed_c40,3349,9401326,459.2648,True,,40,read
arangodb,mixed_c40,3350,,923.9119,True,,40,write
arangodb,mixed_c40,3351,9403269,478.7287,True,,40,read
arangodb,mixed_c40,3352,,942.8454,True,,40,write
arangodb,mixed_c40,3353,9407278,409.8955,True,,40,read
arangodb,mixed_c40,3354,9407401,968.1494,True,,40,read
arangodb,mixed_c40,3355,9501227,393.2435,True,,40,read
arangodb,mixed_c40,3356,,887.0347,True,,40,write
arangodb,mixed_c40,3357,9501376,404.2601,True,,40,read
arangodb,mixed_c40,3358,,1252.9158,True,,40,write
arangodb,mixed_c40,3359,9502360,350.29,True,,40,read
arangodb,mixed_c40,3360,9503294,374.6722,True,,40,read
arangodb,mixed_c40,3361,9504347,353.0191,True,,40,read
arangodb,mixed_c40,3362,,1327.8254,True,,40,write
arangodb,mixed_c40,3363,,800.4385,True,,40,write
arangodb,mixed_c40,3364,9505324,324.4994,True,,40,read
arangodb,mixed_c40,3365,9508299,294.7712,True,,40,read
arangodb,mixed_c40,3366,,741.3929,True,,40,write
arangodb,mixed_c40,3367,,619.7217,True,,40,write
arangodb,mixed_c40,3368,9603420,419.6352,True,,40,read
arangodb,mixed_c40,3369,9606252,394.2542,True,,40,read
arangodb,mixed_c40,3370,,614.5192,True,,40,write
arangodb,mixed_c40,3371,9609470,407.5853,True,,40,read
arangodb,mixed_c40,3372,9610393,411.6353,True,,40,read
arangodb,mixed_c40,3373,9701246,416.5127,True,,40,read
arangodb,mixed_c40,3374,9702270,376.7167,True,,40,read
arangodb,mixed_c40,3375,,863.4528,True,,40,write
arangodb,mixed_c40,3376,9703232,373.9062,True,,40,read
arangodb,mixed_c40,3377,9703423,373.9975,True,,40,read
arangodb,mixed_c40,3378,9705262,507.9756,True,,40,read
arangodb,mixed_c40,3379,9706541,410.451,True,,40,read
arangodb,mixed_c40,3380,,822.0592,True,,40,write
arangodb,mixed_c40,3381,,841.1878,True,,40,write
arangodb,mixed_c40,3382,9707295,543.8527,True,,40,read
arangodb,mixed_c40,3383,9710376,393.8015,True,,40,read
arangodb,mixed_c40,3384,9711261,381.0309,True,,40,read
arangodb,mixed_c40,3385,,790.6514,True,,40,write
arangodb,mixed_c40,3386,9803439,499.935,True,,40,read
arangodb,mixed_c40,3387,9804298,383.8504,True,,40,read
arangodb,mixed_c40,3388,,742.7736,True,,40,write
arangodb,mixed_c40,3389,9804343,467.2415,True,,40,read
arangodb,mixed_c40,3390,9805465,434.9287,True,,40,read
arangodb,mixed_c40,3391,9809529,438.5813,True,,40,read
arangodb,mixed_c40,3392,,711.7671,True,,40,write
arangodb,mixed_c40,3393,9811432,469.1412,True,,40,read
arangodb,mixed_c40,3394,,634.9841,True,,40,write
arangodb,mixed_c40,3395,9812342,539.6859,True,,40,read
arangodb,mixed_c40,3396,9906506,383.8661,True,,40,read
arangodb,mixed_c40,3397,9907534,383.1125,True,,40,read
arangodb,mixed_c40,3398,9909234,522.2168,True,,40,read
arangodb,mixed_c40,3399,9909512,373.6711,True,,40,read
arangodb,mixed_c40,3400,2106,476.1526,True,,40,read
arangodb,mixed_c40,3401,6114,374.0725,True,,40,read
arangodb,mixed_c40,3402,6217,457.968,True,,40,read
arangodb,mixed_c40,3403,7077,449.8805,True,,40,read
arangodb,mixed_c40,3404,7211,404.1581,True,,40,read
arangodb,mixed_c40,3405,,778.0383,True,,40,write
arangodb,mixed_c40,3406,9292,399.4821,True,,40,read
arangodb,mixed_c40,3407,10094,427.0471,True,,40,read
arangodb,mixed_c40,3408,10180,377.9659,True,,40,read
arangodb,mixed_c40,3409,12020,498.8872,True,,40,read
arangodb,mixed_c40,3410,101328,431.7439,True,,40,read
arangodb,mixed_c40,3411,102194,497.9961,True,,40,read
arangodb,mixed_c40,3412,102318,411.8969,True,,40,read
arangodb,mixed_c40,3413,104122,492.0625,True,,40,read
arangodb,mixed_c40,3414,104187,583.388,True,,40,read
arangodb,mixed_c40,3415,105349,394.8908,True,,40,read
arangodb,mixed_c40,3416,106261,373.1001,True,,40,read
arangodb,mixed_c40,3417,107028,380.6,True,,40,read
arangodb,mixed_c40,3418,107093,370.1849,True,,40,read
arangodb,mixed_c40,3419,,777.2631,True,,40,write
arangodb,mixed_c40,3420,108250,544.315,True,,40,read
arangodb,mixed_c40,3421,,633.5767,True,,40,write
arangodb,mixed_c40,3422,109073,926.8399,True,,40,read
arangodb,mixed_c40,3423,110264,325.568,True,,40,read
arangodb,mixed_c40,3424,110376,398.2433,True,,40,read
arangodb,mixed_c40,3425,201053,330.5645,True,,40,read
arangodb,mixed_c40,3426,204096,405.3252,True,,40,read
arangodb,mixed_c40,3427,204176,314.1633,True,,40,read
arangodb,mixed_c40,3428,204182,406.5302,True,,40,read
arangodb,mixed_c40,3429,205038,412.2978,True,,40,read
arangodb,mixed_c40,3430,207048,421.2304,True,,40,read
arangodb,mixed_c40,3431,207227,479.6861,True,,40,read
arangodb,mixed_c40,3432,208138,446.7775,True,,40,read
arangodb,mixed_c40,3433,208159,448.3119,True,,40,read
arangodb,mixed_c40,3434,209058,387.8803,True,,40,read
arangodb,mixed_c40,3435,209108,431.5706,True,,40,read
arangodb,mixed_c40,3436,210254,410.2139,True,,40,read
arangodb,mixed_c40,3437,,814.343,True,,40,write
arangodb,mixed_c40,3438,9208245,299.3807,True,,40,read
arangodb,mixed_c40,3439,9304275,476.2203,True,,40,read
arangodb,mixed_c40,3440,9305258,389.0864,True,,40,read
arangodb,mixed_c40,3441,9306241,390.6957,True,,40,read
arangodb,mixed_c40,3442,9307320,356.741,True,,40,read
arangodb,mixed_c40,3443,9309220,405.5913,True,,40,read
arangodb,mixed_c40,3444,9309273,347.1699,True,,40,read
arangodb,mixed_c40,3445,,597.3755,True,,40,write
arangodb,mixed_c40,3446,9310213,498.5286,True,,40,read
arangodb,mixed_c40,3447,,773.9694,True,,40,write
arangodb,mixed_c40,3448,9401244,500.8769,True,,40,read
arangodb,mixed_c40,3449,9401326,437.008,True,,40,read
arangodb,mixed_c40,3450,9403260,376.3861,True,,40,read
arangodb,mixed_c40,3451,9403269,400.2408,True,,40,read
arangodb,mixed_c40,3452,9407272,398.8181,True,,40,read
arangodb,mixed_c40,3453,9407278,373.5098,True,,40,read
arangodb,mixed_c40,3454,9407401,385.1127,True,,40,read
arangodb,mixed_c40,3455,9501227,347.6352,True,,40,read
arangodb,mixed_c40,3456,9501350,356.039,True,,40,read
arangodb,mixed_c40,3457,9501376,308.515,True,,40,read
arangodb,mixed_c40,3458,9502306,326.3503,True,,40,read
arangodb,mixed_c40,3459,9502360,353.1118,True,,40,read
arangodb,mixed_c40,3460,9503294,309.7035,True,,40,read
arangodb,mixed_c40,3461,9504347,326.6858,True,,40,read
arangodb,mixed_c40,3462,9505303,329.8658,True,,40,read
arangodb,mixed_c40,3463,9505310,304.6866,True,,40,read
arangodb,mixed_c40,3464,9505324,291.9547,True,,40,read
arangodb,mixed_c40,3465,,588.9918,True,,40,write
arangodb,mixed_c40,3466,,593.8613,True,,40,write
arangodb,mixed_c40,3467,,582.8363,True,,40,write
arangodb,mixed_c40,3468,9603420,329.5984,True,,40,read
arangodb,mixed_c40,3469,9606252,412.7239,True,,40,read
arangodb,mixed_c40,3470,9609217,320.0464,True,,40,read
arangodb,mixed_c40,3471,9609470,388.6297,True,,40,read
arangodb,mixed_c40,3472,9610393,399.9481,True,,40,read
arangodb,mixed_c40,3473,9701246,375.8717,True,,40,read
arangodb,mixed_c40,3474,9702270,4645.636,True,,40,read
arangodb,mixed_c40,3475,9703209,390.2536,True,,40,read
arangodb,mixed_c40,3476,9703232,361.2586,True,,40,read
arangodb,mixed_c40,3477,9703423,379.556,True,,40,read
arangodb,mixed_c40,3478,9705262,378.3334,True,,40,read
arangodb,mixed_c40,3479,,651.6004,True,,40,write
arangodb,mixed_c40,3480,9707250,330.7108,True,,40,read
arangodb,mixed_c40,3481,,812.9218,True,,40,write
arangodb,mixed_c40,3482,9707295,425.5156,True,,40,read
arangodb,mixed_c40,3483,9710376,349.824,True,,40,read
arangodb,mixed_c40,3484,9711261,994.352,True,,40,read
arangodb,mixed_c40,3485,,886.5447,True,,40,write
arangodb,mixed_c40,3486,,703.2207,True,,40,write
arangodb,mixed_c40,3487,,719.4555,True,,40,write
arangodb,mixed_c40,3488,9804313,2968.4617,True,,40,read
arangodb,mixed_c40,3489,9804343,407.5287,True,,40,read
arangodb,mixed_c40,3490,9805465,385.7877,True,,40,read
arangodb,mixed_c40,3491,9809529,333.1595,True,,40,read
arangodb,mixed_c40,3492,9810418,357.5011,True,,40,read
arangodb,mixed_c40,3493,9811432,945.7895,True,,40,read
arangodb,mixed_c40,3494,9811469,866.522,True,,40,read
arangodb,mixed_c40,3495,9812342,301.3792,True,,40,read
arangodb,mixed_c40,3496,9906506,319.5283,True,,40,read
arangodb,mixed_c40,3497,9907534,287.3421,True,,40,read
arangodb,mixed_c40,3498,9909234,313.1058,True,,40,read
arangodb,mixed_c40,3499,,795.3518,True,,40,write
arangodb,mixed_c40,3500,2106,302.3562,True,,40,read
arangodb,mixed_c40,3501,6114,268.966,True,,40,read
arangodb,mixed_c40,3502,,609.2655,True,,40,write
arangodb,mixed_c40,3503,,626.7856,True,,40,write
arangodb,mixed_c40,3504,7211,267.9734,True,,40,read
arangodb,mixed_c40,3505,7232,425.5767,True,,40,read
arangodb,mixed_c40,3506,9292,414.4354,True,,40,read
arangodb,mixed_c40,3507,10094,434.486,True,,40,read
arangodb,mixed_c40,3508,10180,425.4364,True,,40,read
arangodb,mixed_c40,3509,12020,393.3261,True,,40,read
arangodb,mixed_c40,3510,101328,382.8086,True,,40,read
arangodb,mixed_c40,3511,102194,274.1132,True,,40,read
arangodb,mixed_c40,3512,,819.9272,True,,40,write
arangodb,mixed_c40,3513,104122,397.3235,True,,40,read
arangodb,mixed_c40,3514,104187,507.369,True,,40,read
arangodb,mixed_c40,3515,105349,548.9706,True,,40,read
arangodb,mixed_c40,3516,106261,334.3915,True,,40,read
arangodb,mixed_c40,3517,,611.0217,True,,40,write
arangodb,mixed_c40,3518,107093,340.7936,True,,40,read
arangodb,mixed_c40,3519,,713.8473,True,,40,write
arangodb,mixed_c40,3520,108250,427.6486,True,,40,read
arangodb,mixed_c40,3521,109054,508.444,True,,40,read
arangodb,mixed_c40,3522,109073,478.4408,True,,40,read
arangodb,mixed_c40,3523,110264,384.9306,True,,40,read
arangodb,mixed_c40,3524,110376,477.9202,True,,40,read
arangodb,mixed_c40,3525,201053,393.3249,True,,40,read
arangodb,mixed_c40,3526,204096,409.0698,True,,40,read
arangodb,mixed_c40,3527,204176,397.8312,True,,40,read
arangodb,mixed_c40,3528,204182,386.4461,True,,40,read
arangodb,mixed_c40,3529,205038,472.4191,True,,40,read
arangodb,mixed_c40,3530,207048,445.0852,True,,40,read
arangodb,mixed_c40,3531,207227,319.0325,True,,40,read
arangodb,mixed_c40,3532,208138,330.2779,True,,40,read
arangodb,mixed_c40,3533,208159,301.4128,True,,40,read
arangodb,mixed_c40,3534,209058,432.2654,True,,40,read
arangodb,mixed_c40,3535,209108,418.3896,True,,40,read
arangodb,mixed_c40,3536,,626.3528,True,,40,write
arangodb,mixed_c40,3537,,821.1514,True,,40,write
arangodb,mixed_c40,3538,9208245,390.6878,True,,40,read
arangodb,mixed_c40,3539,9304275,393.99,True,,40,read
arangodb,mixed_c40,3540,,816.6464,True,,40,write
arangodb,mixed_c40,3541,9306241,405.4681,True,,40,read
arangodb,mixed_c40,3542,,776.5756,True,,40,write
arangodb,mixed_c40,3543,9309220,358.8894,True,,40,read
arangodb,mixed_c40,3544,9309273,360.9275,True,,40,read
arangodb,mixed_c40,3545,9309293,911.2425,True,,40,read
arangodb,mixed_c40,3546,,694.1826,True,,40,write
arangodb,mixed_c40,3547,9311240,401.6168,True,,40,read
arangodb,mixed_c40,3548,,845.8641,True,,40,write
arangodb,mixed_c40,3549,9401326,412.0379,True,,40,read
arangodb,mixed_c40,3550,9403260,392.6858,True,,40,read
arangodb,mixed_c40,3551,9403269,390.0033,True,,40,read
arangodb,mixed_c40,3552,9407272,370.3048,True,,40,read
arangodb,mixed_c40,3553,,780.1992,True,,40,write
arangodb,mixed_c40,3554,9407401,386.1097,True,,40,read
arangodb,mixed_c40,3555,9501227,359.5172,True,,40,read
arangodb,mixed_c40,3556,9501350,339.5956,True,,40,read
arangodb,mixed_c40,3557,9501376,337.0142,True,,40,read
arangodb,mixed_c40,3558,,689.5517,True,,40,write
arangodb,mixed_c40,3559,9502360,338.2965,True,,40,read
arangodb,mixed_c40,3560,,783.4033,True,,40,write
arangodb,mixed_c40,3561,9504347,381.5437,True,,40,read
arangodb,mixed_c40,3562,9505303,332.5324,True,,40,read
arangodb,mixed_c40,3563,9505310,378.8459,True,,40,read
arangodb,mixed_c40,3564,9505324,395.5461,True,,40,read
arangodb,mixed_c40,3565,9508299,310.5612,True,,40,read
arangodb,mixed_c40,3566,,787.5212,True,,40,write
arangodb,mixed_c40,3567,9603367,315.4771,True,,40,read
arangodb,mixed_c40,3568,9603420,312.5677,True,,40,read
arangodb,mixed_c40,3569,,626.1536,True,,40,write
arangodb,mixed_c40,3570,9609217,295.822,True,,40,read
arangodb,mixed_c40,3571,9609470,392.393,True,,40,read
arangodb,mixed_c40,3572,,786.3124,True,,40,write
arangodb,mixed_c40,3573,,820.1147,True,,40,write
arangodb,mixed_c40,3574,,790.2158,True,,40,write
arangodb,mixed_c40,3575,9703209,401.7352,True,,40,read
arangodb,mixed_c40,3576,9703232,390.7417,True,,40,read
arangodb,mixed_c40,3577,,578.7735,True,,40,write
arangodb,mixed_c40,3578,9705262,392.1864,True,,40,read
arangodb,mixed_c40,3579,9706541,494.9848,True,,40,read
arangodb,mixed_c40,3580,9707250,401.7871,True,,40,read
arangodb,mixed_c40,3581,9707282,402.5038,True,,40,read
arangodb,mixed_c40,3582,9707295,386.8913,True,,40,read
arangodb,mixed_c40,3583,,778.8145,True,,40,write
arangodb,mixed_c40,3584,9711261,413.3527,True,,40,read
arangodb,mixed_c40,3585,,765.2228,True,,40,write
arangodb,mixed_c40,3586,9803439,487.1886,True,,40,read
arangodb,mixed_c40,3587,9804298,370.9737,True,,40,read
arangodb,mixed_c40,3588,,772.6649,True,,40,write
arangodb,mixed_c40,3589,9804343,384.5019,True,,40,read
arangodb,mixed_c40,3590,9805465,372.8013,True,,40,read
arangodb,mixed_c40,3591,9809529,329.6371,True,,40,read
arangodb,mixed_c40,3592,,731.37,True,,40,write
arangodb,mixed_c40,3593,9811432,415.0406,True,,40,read
arangodb,mixed_c40,3594,9811469,483.1615,True,,40,read
arangodb,mixed_c40,3595,9812342,378.138,True,,40,read
arangodb,mixed_c40,3596,9906506,375.5597,True,,40,read
arangodb,mixed_c40,3597,9907534,311.8734,True,,40,read
arangodb,mixed_c40,3598,9909234,408.901,True,,40,read
arangodb,mixed_c40,3599,9909512,421.794,True,,40,read
arangodb,mixed_c40,3600,2106,398.7868,True,,40,read
arangodb,mixed_c40,3601,6114,393.5265,True,,40,read
arangodb,mixed_c40,3602,6217,394.1091,True,,40,read
arangodb,mixed_c40,3603,7077,368.1958,True,,40,read
arangodb,mixed_c40,3604,7211,390.5769,True,,40,read
arangodb,mixed_c40,3605,7232,403.392,True,,40,read
arangodb,mixed_c40,3606,9292,344.9981,True,,40,read
arangodb,mixed_c40,3607,10094,353.5693,True,,40,read
arangodb,mixed_c40,3608,,657.3375,True,,40,write
arangodb,mixed_c40,3609,12020,398.4917,True,,40,read
arangodb,mixed_c40,3610,101328,388.8152,True,,40,read
arangodb,mixed_c40,3611,102194,442.1133,True,,40,read
arangodb,mixed_c40,3612,102318,430.7794,True,,40,read
arangodb,mixed_c40,3613,,652.6665,True,,40,write
arangodb,mixed_c40,3614,,661.4465,True,,40,write
arangodb,mixed_c40,3615,105349,402.2268,True,,40,read
arangodb,mixed_c40,3616,106261,377.2223,True,,40,read
arangodb,mixed_c40,3617,,1458.4264,True,,40,write
arangodb,mixed_c40,3618,107093,375.1767,True,,40,read
arangodb,mixed_c40,3619,,667.755,True,,40,write
arangodb,mixed_c40,3620,108250,334.8844,True,,40,read
arangodb,mixed_c40,3621,109054,360.3995,True,,40,read
arangodb,mixed_c40,3622,109073,352.3314,True,,40,read
arangodb,mixed_c40,3623,110264,336.1242,True,,40,read
arangodb,mixed_c40,3624,110376,355.6457,True,,40,read
arangodb,mixed_c40,3625,,665.6454,True,,40,write
arangodb,mixed_c40,3626,,647.3738,True,,40,write
arangodb,mixed_c40,3627,204176,298.0765,True,,40,read
arangodb,mixed_c40,3628,204182,301.1936,True,,40,read
arangodb,mixed_c40,3629,205038,339.7893,True,,40,read
arangodb,mixed_c40,3630,207048,339.2317,True,,40,read
arangodb,mixed_c40,3631,207227,320.5996,True,,40,read
arangodb,mixed_c40,3632,,565.8776,True,,40,write
arangodb,mixed_c40,3633,,581.7588,True,,40,write
arangodb,mixed_c40,3634,209058,297.7806,True,,40,read
arangodb,mixed_c40,3635,209108,287.9078,True,,40,read
arangodb,mixed_c40,3636,210254,328.9789,True,,40,read
arangodb,mixed_c40,3637,302080,339.737,True,,40,read
arangodb,mixed_c40,3638,9208245,350.1887,True,,40,read
arangodb,mixed_c40,3639,9304275,310.7929,True,,40,read
arangodb,mixed_c40,3640,9305258,310.8977,True,,40,read
arangodb,mixed_c40,3641,9306241,305.1894,True,,40,read
arangodb,mixed_c40,3642,9307320,321.8019,True,,40,read
arangodb,mixed_c40,3643,,625.86,True,,40,write
arangodb,mixed_c40,3644,,705.5716,True,,40,write
arangodb,mixed_c40,3645,9309293,303.25,True,,40,read
arangodb,mixed_c40,3646,9310213,340.4597,True,,40,read
arangodb,mixed_c40,3647,,678.2435,True,,40,write
arangodb,mixed_c40,3648,9401244,1088.9908,True,,40,read
arangodb,mixed_c40,3649,9401326,357.1083,True,,40,read
arangodb,mixed_c40,3650,,667.6412,True,,40,write
arangodb,mixed_c40,3651,9403269,303.5802,True,,40,read
arangodb,mixed_c40,3652,9407272,325.4196,True,,40,read
arangodb,mixed_c40,3653,9407278,978.9545,True,,40,read
arangodb,mixed_c40,3654,9407401,322.1815,True,,40,read
arangodb,mixed_c40,3655,9501227,304.8524,True,,40,read
arangodb,mixed_c40,3656,,1252.094,True,,40,write
arangodb,mixed_c40,3657,,641.8483,True,,40,write
arangodb,mixed_c40,3658,9502306,321.4278,True,,40,read
arangodb,mixed_c40,3659,9502360,310.7555,True,,40,read
arangodb,mixed_c40,3660,9503294,269.1311,True,,40,read
arangodb,mixed_c40,3661,9504347,271.4108,True,,40,read
arangodb,mixed_c40,3662,9505303,282.2012,True,,40,read
arangodb,mixed_c40,3663,9505310,301.5661,True,,40,read
arangodb,mixed_c40,3664,9505324,354.1366,True,,40,read
arangodb,mixed_c40,3665,9508299,367.0301,True,,40,read
arangodb,mixed_c40,3666,9509349,381.1954,True,,40,read
arangodb,mixed_c40,3667,9603367,369.5311,True,,40,read
arangodb,mixed_c40,3668,,757.7851,True,,40,write
arangodb,mixed_c40,3669,,772.9791,True,,40,write
arangodb,mixed_c40,3670,9609217,322.3822,True,,40,read
arangodb,mixed_c40,3671,9609470,338.7872,True,,40,read
arangodb,mixed_c40,3672,9610393,435.4925,True,,40,read
arangodb,mixed_c40,3673,,707.3326,True,,40,write
arangodb,mixed_c40,3674,9702270,296.6988,True,,40,read
arangodb,mixed_c40,3675,9703209,313.237,True,,40,read
arangodb,mixed_c40,3676,,750.9903,True,,40,write
arangodb,mixed_c40,3677,9703423,369.9632,True,,40,read
arangodb,mixed_c40,3678,9705262,351.6819,True,,40,read
arangodb,mixed_c40,3679,,730.7612,True,,40,write
arangodb,mixed_c40,3680,9707250,426.7253,True,,40,read
arangodb,mixed_c40,3681,9707282,423.8943,True,,40,read
arangodb,mixed_c40,3682,9707295,346.6424,True,,40,read
arangodb,mixed_c40,3683,9710376,319.625,True,,40,read
arangodb,mixed_c40,3684,9711261,343.2536,True,,40,read
arangodb,mixed_c40,3685,9711379,345.4053,True,,40,read
arangodb,mixed_c40,3686,9803439,306.445,True,,40,read
arangodb,mixed_c40,3687,9804298,317.9124,True,,40,read
arangodb,mixed_c40,3688,,629.4811,True,,40,write
arangodb,mixed_c40,3689,9804343,326.4538,True,,40,read
arangodb,mixed_c40,3690,9805465,301.4007,True,,40,read
arangodb,mixed_c40,3691,9809529,299.5721,True,,40,read
arangodb,mixed_c40,3692,9810418,280.6289,True,,40,read
arangodb,mixed_c40,3693,9811432,409.454,True,,40,read
arangodb,mixed_c40,3694,9811469,305.6529,True,,40,read
arangodb,mixed_c40,3695,9812342,298.0516,True,,40,read
arangodb,mixed_c40,3696,9906506,398.3264,True,,40,read
arangodb,mixed_c40,3697,9907534,515.5288,True,,40,read
arangodb,mixed_c40,3698,9909234,521.3631,True,,40,read
arangodb,mixed_c40,3699,9909512,377.297,True,,40,read
arangodb,mixed_c40,3700,2106,378.1116,True,,40,read
arangodb,mixed_c40,3701,6114,476.2597,True,,40,read
arangodb,mixed_c40,3702,6217,441.348,True,,40,read
arangodb,mixed_c40,3703,7077,419.8056,True,,40,read
arangodb,mixed_c40,3704,7211,514.8655,True,,40,read
arangodb,mixed_c40,3705,7232,441.3567,True,,40,read
arangodb,mixed_c40,3706,9292,480.8693,True,,40,read
arangodb,mixed_c40,3707,,807.8707,True,,40,write
arangodb,mixed_c40,3708,10180,482.0755,True,,40,read
arangodb,mixed_c40,3709,12020,485.7415,True,,40,read
arangodb,mixed_c40,3710,101328,586.8948,True,,40,read
arangodb,mixed_c40,3711,,765.5296,True,,40,write
arangodb,mixed_c40,3712,102318,978.8727,True,,40,read
arangodb,mixed_c40,3713,104122,363.7184,True,,40,read
arangodb,mixed_c40,3714,104187,501.8101,True,,40,read
arangodb,mixed_c40,3715,105349,414.9637,True,,40,read
arangodb,mixed_c40,3716,106261,419.4615,True,,40,read
arangodb,mixed_c40,3717,107028,315.1543,True,,40,read
arangodb,mixed_c40,3718,107093,317.474,True,,40,read
arangodb,mixed_c40,3719,,702.3547,True,,40,write
arangodb,mixed_c40,3720,108250,479.2812,True,,40,read
arangodb,mixed_c40,3721,109054,295.144,True,,40,read
arangodb,mixed_c40,3722,109073,306.1476,True,,40,read
arangodb,mixed_c40,3723,110264,417.7968,True,,40,read
arangodb,mixed_c40,3724,110376,404.4263,True,,40,read
arangodb,mixed_c40,3725,201053,327.6944,True,,40,read
arangodb,mixed_c40,3726,204096,303.0149,True,,40,read
arangodb,mixed_c40,3727,204176,390.4763,True,,40,read
arangodb,mixed_c40,3728,204182,408.5635,True,,40,read
arangodb,mixed_c40,3729,,688.2554,True,,40,write
arangodb,mixed_c40,3730,207048,373.5041,True,,40,read
arangodb,mixed_c40,3731,,685.4109,True,,40,write
arangodb,mixed_c40,3732,208138,492.5099,True,,40,read
arangodb,mixed_c40,3733,208159,406.5196,True,,40,read
arangodb,mixed_c40,3734,209058,432.9624,True,,40,read
arangodb,mixed_c40,3735,,619.3028,True,,40,write
arangodb,mixed_c40,3736,210254,496.4546,True,,40,read
arangodb,mixed_c40,3737,302080,461.1224,True,,40,read
arangodb,mixed_c40,3738,9208245,383.5419,True,,40,read
arangodb,mixed_c40,3739,9304275,399.9596,True,,40,read
arangodb,mixed_c40,3740,9305258,408.505,True,,40,read
arangodb,mixed_c40,3741,9306241,428.2694,True,,40,read
arangodb,mixed_c40,3742,9307320,430.6359,True,,40,read
arangodb,mixed_c40,3743,,887.931,True,,40,write
arangodb,mixed_c40,3744,9309273,356.2674,True,,40,read
arangodb,mixed_c40,3745,9309293,443.4704,True,,40,read
arangodb,mixed_c40,3746,,728.1406,True,,40,write
arangodb,mixed_c40,3747,9311240,427.0334,True,,40,read
arangodb,mixed_c40,3748,9401244,340.9102,True,,40,read
arangodb,mixed_c40,3749,9401326,339.371,True,,40,read
arangodb,mixed_c40,3750,9403260,408.4918,True,,40,read
arangodb,mixed_c40,3751,,813.5506,True,,40,write
arangodb,mixed_c40,3752,,802.155,True,,40,write
arangodb,mixed_c40,3753,9407278,340.7009,True,,40,read
arangodb,mixed_c40,3754,9407401,340.6349,True,,40,read
arangodb,mixed_c40,3755,9501227,316.6331,True,,40,read
arangodb,mixed_c40,3756,9501350,423.9536,True,,40,read
arangodb,mixed_c40,3757,9501376,300.3218,True,,40,read
arangodb,mixed_c40,3758,9502306,385.3537,True,,40,read
arangodb,mixed_c40,3759,9502360,365.1045,True,,40,read
arangodb,mixed_c40,3760,,710.4486,True,,40,write
arangodb,mixed_c40,3761,9504347,311.4955,True,,40,read
arangodb,mixed_c40,3762,9505303,294.4599,True,,40,read
arangodb,mixed_c40,3763,9505310,322.7663,True,,40,read
arangodb,mixed_c40,3764,9505324,294.1765,True,,40,read
arangodb,mixed_c40,3765,9508299,436.8533,True,,40,read
arangodb,mixed_c40,3766,,639.8624,True,,40,write
arangodb,mixed_c40,3767,9603367,503.2062,True,,40,read
arangodb,mixed_c40,3768,,703.8748,True,,40,write
arangodb,mixed_c40,3769,9606252,391.9877,True,,40,read
arangodb,mixed_c40,3770,9609217,408.1848,True,,40,read
arangodb,mixed_c40,3771,,673.1252,True,,40,write
arangodb,mixed_c40,3772,,761.8751,True,,40,write
arangodb,mixed_c40,3773,9701246,456.8735,True,,40,read
arangodb,mixed_c40,3774,9702270,362.5191,True,,40,read
arangodb,mixed_c40,3775,9703209,462.5092,True,,40,read
arangodb,mixed_c40,3776,9703232,342.8654,True,,40,read
arangodb,mixed_c40,3777,9703423,960.71,True,,40,read
arangodb,mixed_c40,3778,9705262,347.835,True,,40,read
arangodb,mixed_c40,3779,9706541,424.4439,True,,40,read
arangodb,mixed_c40,3780,9707250,416.6641,True,,40,read
arangodb,mixed_c40,3781,9707282,419.469,True,,40,read
arangodb,mixed_c40,3782,9707295,508.588,True,,40,read
arangodb,mixed_c40,3783,,820.3137,True,,40,write
arangodb,mixed_c40,3784,9711261,477.7949,True,,40,read
arangodb,mixed_c40,3785,9711379,1001.5841,True,,40,read
arangodb,mixed_c40,3786,9803439,511.505,True,,40,read
arangodb,mixed_c40,3787,9804298,462.6604,True,,40,read
arangodb,mixed_c40,3788,9804313,413.0767,True,,40,read
arangodb,mixed_c40,3789,,827.4699,True,,40,write
arangodb,mixed_c40,3790,9805465,445.1787,True,,40,read
arangodb,mixed_c40,3791,9809529,421.6602,True,,40,read
arangodb,mixed_c40,3792,9810418,393.9483,True,,40,read
arangodb,mixed_c40,3793,9811432,431.4703,True,,40,read
arangodb,mixed_c40,3794,,711.4388,True,,40,write
arangodb,mixed_c40,3795,9812342,402.6732,True,,40,read
arangodb,mixed_c40,3796,,786.1912,True,,40,write
arangodb,mixed_c40,3797,9907534,380.5577,True,,40,read
arangodb,mixed_c40,3798,,863.2224,True,,40,write
arangodb,mixed_c40,3799,,696.95,True,,40,write
arangodb,mixed_c40,3800,2106,410.4807,True,,40,read
arangodb,mixed_c40,3801,6114,300.4486,True,,40,read
arangodb,mixed_c40,3802,6217,483.0414,True,,40,read
arangodb,mixed_c40,3803,7077,385.2567,True,,40,read
arangodb,mixed_c40,3804,7211,375.2909,True,,40,read
arangodb,mixed_c40,3805,7232,270.7672,True,,40,read
arangodb,mixed_c40,3806,,617.9286,True,,40,write
arangodb,mixed_c40,3807,10094,404.948,True,,40,read
arangodb,mixed_c40,3808,10180,412.3854,True,,40,read
arangodb,mixed_c40,3809,12020,434.3545,True,,40,read
arangodb,mixed_c40,3810,101328,391.6429,True,,40,read
arangodb,mixed_c40,3811,102194,394.8824,True,,40,read
arangodb,mixed_c40,3812,,581.358,True,,40,write
arangodb,mixed_c40,3813,104122,392.1223,True,,40,read
arangodb,mixed_c40,3814,104187,396.5307,True,,40,read
arangodb,mixed_c40,3815,105349,403.8909,True,,40,read
arangodb,mixed_c40,3816,106261,356.099,True,,40,read
arangodb,mixed_c40,3817,,704.5266,True,,40,write
arangodb,mixed_c40,3818,107093,523.4498,True,,40,read
arangodb,mixed_c40,3819,107295,395.7439,True,,40,read
arangodb,mixed_c40,3820,108250,420.9958,True,,40,read
arangodb,mixed_c40,3821,109054,332.8517,True,,40,read
arangodb,mixed_c40,3822,,787.1553,True,,40,write
arangodb,mixed_c40,3823,,776.6412,True,,40,write
arangodb,mixed_c40,3824,110376,480.0948,True,,40,read
arangodb,mixed_c40,3825,201053,484.7296,True,,40,read
arangodb,mixed_c40,3826,204096,362.8944,True,,40,read
arangodb,mixed_c40,3827,204176,456.5338,True,,40,read
arangodb,mixed_c40,3828,204182,306.6735,True,,40,read
arangodb,mixed_c40,3829,205038,333.8427,True,,40,read
arangodb,mixed_c40,3830,207048,426.8295,True,,40,read
arangodb,mixed_c40,3831,207227,305.5393,True,,40,read
arangodb,mixed_c40,3832,208138,344.3467,True,,40,read
arangodb,mixed_c40,3833,208159,338.1842,True,,40,read
arangodb,mixed_c40,3834,209058,391.9476,True,,40,read
arangodb,mixed_c40,3835,,679.0227,True,,40,write
arangodb,mixed_c40,3836,210254,402.1208,True,,40,read
arangodb,mixed_c40,3837,,610.5805,True,,40,write
arangodb,mixed_c40,3838,9208245,389.0871,True,,40,read
arangodb,mixed_c40,3839,9304275,308.0432,True,,40,read
arangodb,mixed_c40,3840,9305258,483.1756,True,,40,read
arangodb,mixed_c40,3841,9306241,402.1525,True,,40,read
arangodb,mixed_c40,3842,9307320,403.9444,True,,40,read
arangodb,mixed_c40,3843,9309220,407.6322,True,,40,read
arangodb,mixed_c40,3844,9309273,367.93,True,,40,read
arangodb,mixed_c40,3845,9309293,364.6241,True,,40,read
arangodb,mixed_c40,3846,9310213,366.8535,True,,40,read
arangodb,mixed_c40,3847,9311240,353.2533,True,,40,read
arangodb,mixed_c40,3848,9401244,394.6156,True,,40,read
arangodb,mixed_c40,3849,9401326,400.2495,True,,40,read
arangodb,mixed_c40,3850,9403260,339.3882,True,,40,read
arangodb,mixed_c40,3851,,721.7738,True,,40,write
arangodb,mixed_c40,3852,9407272,491.6563,True,,40,read
arangodb,mixed_c40,3853,9407278,481.7079,True,,40,read
arangodb,mixed_c40,3854,9407401,403.9707,True,,40,read
arangodb,mixed_c40,3855,9501227,387.8599,True,,40,read
arangodb,mixed_c40,3856,9501350,366.1558,True,,40,read
arangodb,mixed_c40,3857,,678.4604,True,,40,write
arangodb,mixed_c40,3858,9502306,339.452,True,,40,read
arangodb,mixed_c40,3859,9502360,342.4053,True,,40,read
arangodb,mixed_c40,3860,9503294,322.4566,True,,40,read
arangodb,mixed_c40,3861,9504347,420.8504,True,,40,read
arangodb,mixed_c40,3862,9505303,321.7372,True,,40,read
arangodb,mixed_c40,3863,9505310,423.3152,True,,40,read
arangodb,mixed_c40,3864,9505324,413.9275,True,,40,read
arangodb,mixed_c40,3865,,794.1674,True,,40,write
arangodb,mixed_c40,3866,9509349,375.8076,True,,40,read
arangodb,mixed_c40,3867,9603367,376.0436,True,,40,read
arangodb,mixed_c40,3868,,761.4151,True,,40,write
arangodb,mixed_c40,3869,9606252,404.8231,True,,40,read
arangodb,mixed_c40,3870,,866.2835,True,,40,write
arangodb,mixed_c40,3871,9609470,327.1224,True,,40,read
arangodb,mixed_c40,3872,,689.4848,True,,40,write
arangodb,mixed_c40,3873,,698.4658,True,,40,write
arangodb,mixed_c40,3874,,711.3502,True,,40,write
arangodb,mixed_c40,3875,,622.0128,True,,40,write
arangodb,mixed_c40,3876,9703232,291.4592,True,,40,read
arangodb,mixed_c40,3877,,696.432,True,,40,write
arangodb,mixed_c40,3878,,796.5432,True,,40,write
arangodb,mixed_c40,3879,9706541,392.9954,True,,40,read
arangodb,mixed_c40,3880,9707250,289.6185,True,,40,read
arangodb,mixed_c40,3881,9707282,383.5934,True,,40,read
arangodb,mixed_c40,3882,9707295,358.8255,True,,40,read
arangodb,mixed_c40,3883,9710376,376.3152,True,,40,read
arangodb,mixed_c40,3884,,699.6667,True,,40,write
arangodb,mixed_c40,3885,9711379,400.3117,True,,40,read
arangodb,mixed_c40,3886,9803439,401.6646,True,,40,read
arangodb,mixed_c40,3887,,706.6257,True,,40,write
arangodb,mixed_c40,3888,9804313,386.5972,True,,40,read
arangodb,mixed_c40,3889,,784.2428,True,,40,write
arangodb,mixed_c40,3890,9805465,397.3806,True,,40,read
arangodb,mixed_c40,3891,9809529,520.6074,True,,40,read
arangodb,mixed_c40,3892,9810418,481.239,True,,40,read
arangodb,mixed_c40,3893,9811432,378.8617,True,,40,read
arangodb,mixed_c40,3894,9811469,468.5617,True,,40,read
arangodb,mixed_c40,3895,9812342,455.3552,True,,40,read
arangodb,mixed_c40,3896,,872.7568,True,,40,write
arangodb,mixed_c40,3897,9907534,447.5194,True,,40,read
arangodb,mixed_c40,3898,9909234,527.5133,True,,40,read
arangodb,mixed_c40,3899,,790.4278,True,,40,write
arangodb,mixed_c40,3900,2106,491.1005,True,,40,read
arangodb,mixed_c40,3901,,796.0337,True,,40,write
arangodb,mixed_c40,3902,6217,490.4606,True,,40,read
arangodb,mixed_c40,3903,7077,490.1545,True,,40,read
arangodb,mixed_c40,3904,7211,405.8114,True,,40,read
arangodb,mixed_c40,3905,,763.0066,True,,40,write
arangodb,mixed_c40,3906,9292,453.9576,True,,40,read
arangodb,mixed_c40,3907,,714.108,True,,40,write
arangodb,mixed_c40,3908,10180,307.72,True,,40,read
arangodb,mixed_c40,3909,12020,424.4121,True,,40,read
arangodb,mixed_c40,3910,101328,417.1663,True,,40,read
arangodb,mixed_c40,3911,102194,400.4744,True,,40,read
arangodb,mixed_c40,3912,102318,386.1564,True,,40,read
arangodb,mixed_c40,3913,104122,470.9257,True,,40,read
arangodb,mixed_c40,3914,,766.1556,True,,40,write
arangodb,mixed_c40,3915,105349,411.4773,True,,40,read
arangodb,mixed_c40,3916,,706.9577,True,,40,write
arangodb,mixed_c40,3917,107028,315.2126,True,,40,read
arangodb,mixed_c40,3918,107093,317.4729,True,,40,read
arangodb,mixed_c40,3919,,700.2521,True,,40,write
arangodb,mixed_c40,3920,108250,318.9061,True,,40,read
arangodb,mixed_c40,3921,109054,435.5511,True,,40,read
arangodb,mixed_c40,3922,109073,438.8224,True,,40,read
arangodb,mixed_c40,3923,,606.845,True,,40,write
arangodb,mixed_c40,3924,,624.4402,True,,40,write
arangodb,mixed_c40,3925,201053,388.5731,True,,40,read
arangodb,mixed_c40,3926,204096,409.2403,True,,40,read
arangodb,mixed_c40,3927,,1269.5484,True,,40,write
arangodb,mixed_c40,3928,204182,386.1169,True,,40,read
arangodb,mixed_c40,3929,,1282.9439,True,,40,write
arangodb,mixed_c40,3930,207048,1055.0853,True,,40,read
arangodb,mixed_c40,3931,207227,371.401,True,,40,read
arangodb,mixed_c40,3932,208138,405.9337,True,,40,read
arangodb,mixed_c40,3933,,701.6106,True,,40,write
arangodb,mixed_c40,3934,209058,375.9739,True,,40,read
arangodb,mixed_c40,3935,209108,336.5934,True,,40,read
arangodb,mixed_c40,3936,210254,324.748,True,,40,read
arangodb,mixed_c40,3937,302080,343.8059,True,,40,read
arangodb,mixed_c40,3938,,721.9724,True,,40,write
arangodb,mixed_c40,3939,9304275,320.7528,True,,40,read
arangodb,mixed_c40,3940,9305258,313.7267,True,,40,read
arangodb,mixed_c40,3941,9306241,443.0951,True,,40,read
arangodb,mixed_c40,3942,,619.7496,True,,40,write
arangodb,mixed_c40,3943,9309220,408.6271,True,,40,read
arangodb,mixed_c40,3944,,1284.9842,True,,40,write
arangodb,mixed_c40,3945,9309293,408.3868,True,,40,read
arangodb,mixed_c40,3946,9310213,417.8452,True,,40,read
arangodb,mixed_c40,3947,9311240,399.2947,True,,40,read
arangodb,mixed_c40,3948,9401244,375.8903,True,,40,read
arangodb,mixed_c40,3949,9401326,348.1761,True,,40,read
arangodb,mixed_c40,3950,9403260,368.2875,True,,40,read
arangodb,mixed_c40,3951,9403269,344.1533,True,,40,read
arangodb,mixed_c40,3952,9407272,304.3992,True,,40,read
arangodb,mixed_c40,3953,9407278,403.1966,True,,40,read
arangodb,mixed_c40,3954,,607.3353,True,,40,write
arangodb,mixed_c40,3955,,619.1545,True,,40,write
arangodb,mixed_c40,3956,9501350,412.1899,True,,40,read
arangodb,mixed_c40,3957,9501376,403.5143,True,,40,read
arangodb,mixed_c40,3958,,592.9398,True,,40,write
arangodb,mixed_c40,3959,9502360,895.2426,True,,40,read
arangodb,mixed_c40,3960,9503294,403.2664,True,,40,read
arangodb,mixed_c40,3961,9504347,459.7416,True,,40,read
arangodb,mixed_c40,3962,9505303,385.0952,True,,40,read
arangodb,mixed_c40,3963,,686.2423,True,,40,write
arangodb,mixed_c40,3964,9505324,368.011,True,,40,read
arangodb,mixed_c40,3965,9508299,349.2782,True,,40,read
arangodb,mixed_c40,3966,9509349,345.8522,True,,40,read
arangodb,mixed_c40,3967,9603367,431.37,True,,40,read
arangodb,mixed_c40,3968,,716.52,True,,40,write
arangodb,mixed_c40,3969,9606252,326.7132,True,,40,read
arangodb,mixed_c40,3970,9609217,334.6136,True,,40,read
arangodb,mixed_c40,3971,9609470,432.1987,True,,40,read
arangodb,mixed_c40,3972,,590.7825,True,,40,write
arangodb,mixed_c40,3973,9701246,411.5565,True,,40,read
arangodb,mixed_c40,3974,9702270,423.7743,True,,40,read
arangodb,mixed_c40,3975,9703209,485.8584,True,,40,read
arangodb,mixed_c40,3976,9703232,416.6057,True,,40,read
arangodb,mixed_c40,3977,9703423,392.1301,True,,40,read
arangodb,mixed_c40,3978,9705262,408.6184,True,,40,read
arangodb,mixed_c40,3979,9706541,878.592,True,,40,read
arangodb,mixed_c40,3980,9707250,377.009,True,,40,read
arangodb,mixed_c40,3981,9707282,360.3509,True,,40,read
arangodb,mixed_c40,3982,9707295,359.4334,True,,40,read
arangodb,mixed_c40,3983,9710376,373.8242,True,,40,read
arangodb,mixed_c40,3984,9711261,363.3744,True,,40,read
arangodb,mixed_c40,3985,,1130.1913,True,,40,write
arangodb,mixed_c40,3986,,615.5581,True,,40,write
arangodb,mixed_c40,3987,9804298,333.5122,True,,40,read
arangodb,mixed_c40,3988,,559.7753,True,,40,write
arangodb,mixed_c40,3989,9804343,331.8963,True,,40,read
arangodb,mixed_c40,3990,9805465,332.6289,True,,40,read
arangodb,mixed_c40,3991,9809529,299.306,True,,40,read
arangodb,mixed_c40,3992,9810418,382.216,True,,40,read
arangodb,mixed_c40,3993,,592.3459,True,,40,write
arangodb,mixed_c40,3994,9811469,312.4411,True,,40,read
arangodb,mixed_c40,3995,9812342,298.9346,True,,40,read
arangodb,mixed_c40,3996,9906506,307.153,True,,40,read
arangodb,mixed_c40,3997,9907534,290.8809,True,,40,read
arangodb,mixed_c40,3998,9909234,306.9483,True,,40,read
arangodb,mixed_c40,3999,9909512,306.4311,True,,40,read
