database,workload,iteration,start_node,latency_ms,success,error,concurrency,op_type
cognodb,mixed_c1,0,2106,309.3838,True,,1,read
cognodb,mixed_c1,1,6114,257.3914,True,,1,read
cognodb,mixed_c1,2,6217,367.3313,True,,1,read
cognodb,mixed_c1,3,7077,271.2874,True,,1,read
cognodb,mixed_c1,4,7211,343.7486,True,,1,read
cognodb,mixed_c1,5,7232,251.704,True,,1,read
cognodb,mixed_c1,6,9292,248.8972,True,,1,read
cognodb,mixed_c1,7,10094,247.4341,True,,1,read
cognodb,mixed_c1,8,10180,249.3439,True,,1,read
cognodb,mixed_c1,9,12020,249.7193,True,,1,read
cognodb,mixed_c1,10,101328,250.506,True,,1,read
cognodb,mixed_c1,11,,1173.7369,True,,1,write
cognodb,mixed_c1,12,102318,249.4397,True,,1,read
cognodb,mixed_c1,13,104122,248.4905,True,,1,read
cognodb,mixed_c1,14,104187,248.7943,True,,1,read
cognodb,mixed_c1,15,105349,249.6604,True,,1,read
cognodb,mixed_c1,16,,1231.9289,True,,1,write
cognodb,mixed_c1,17,,1102.8893,True,,1,write
cognodb,mixed_c1,18,107093,247.3729,True,,1,read
cognodb,mixed_c1,19,107295,263.4684,True,,1,read
cognodb,mixed_c1,20,108250,281.3668,True,,1,read
cognodb,mixed_c1,21,109054,298.9726,True,,1,read
cognodb,mixed_c1,22,109073,250.0579,True,,1,read
cognodb,mixed_c1,23,110264,247.5169,True,,1,read
cognodb,mixed_c1,24,110376,248.6037,True,,1,read
cognodb,mixed_c1,25,201053,248.0072,True,,1,read
cognodb,mixed_c1,26,204096,249.6807,True,,1,read
cognodb,mixed_c1,27,204176,250.1041,True,,1,read
cognodb,mixed_c1,28,204182,248.0267,True,,1,read
cognodb,mixed_c1,29,,1185.6009,True,,1,write
cognodb,mixed_c1,30,,990.319,True,,1,write
cognodb,mixed_c1,31,207227,249.2017,True,,1,read
cognodb,mixed_c1,32,,1094.311,True,,1,write
cognodb,mixed_c1,33,208159,247.5868,True,,1,read
cognodb,mixed_c1,34,209058,249.6771,True,,1,read
cognodb,mixed_c1,35,,1058.2003,True,,1,write
cognodb,mixed_c1,36,210254,249.1775,True,,1,read
cognodb,mixed_c1,37,,1072.0713,True,,1,write
cognodb,mixed_c1,38,9208245,702.0142,True,,1,read
cognodb,mixed_c1,39,9304275,248.0434,True,,1,read
cognodb,mixed_c1,40,9305258,250.3853,True,,1,read
cognodb,mixed_c1,41,9306241,248.5129,True,,1,read
cognodb,mixed_c1,42,,1184.5239,True,,1,write
cognodb,mixed_c1,43,9309220,250.5906,True,,1,read
cognodb,mixed_c1,44,9309273,249.9953,True,,1,read
cognodb,mixed_c1,45,9309293,250.8566,True,,1,read
cognodb,mixed_c1,46,9310213,253.9082,True,,1,read
cognodb,mixed_c1,47,,983.9575,True,,1,write
cognodb,mixed_c1,48,9401244,249.7715,True,,1,read
cognodb,mixed_c1,49,9401326,249.9989,True,,1,read
cognodb,mixed_c1,50,9403260,248.5108,True,,1,read
cognodb,mixed_c1,51,9403269,248.9961,True,,1,read
cognodb,mixed_c1,52,9407272,249.0521,True,,1,read
cognodb,mixed_c1,53,9407278,248.9917,True,,1,read
cognodb,mixed_c1,54,,1744.8279,True,,1,write
cognodb,mixed_c1,55,9501227,247.6516,True,,1,read
cognodb,mixed_c1,56,9501350,248.4382,True,,1,read
cognodb,mixed_c1,57,9501376,249.9282,True,,1,read
cognodb,mixed_c1,58,9502306,248.907,True,,1,read
cognodb,mixed_c1,59,,1094.9252,True,,1,write
cognodb,mixed_c1,60,9503294,248.1408,True,,1,read
cognodb,mixed_c1,61,9504347,249.2176,True,,1,read
cognodb,mixed_c1,62,,1124.462,True,,1,write
cognodb,mixed_c1,63,9505310,251.0953,True,,1,read
cognodb,mixed_c1,64,9505324,250.5994,True,,1,read
cognodb,mixed_c1,65,9508299,250.1081,True,,1,read
cognodb,mixed_c1,66,9509349,248.1914,True,,1,read
cognodb,mixed_c1,67,9603367,249.7951,True,,1,read
cognodb,mixed_c1,68,9603420,247.9325,True,,1,read
cognodb,mixed_c1,69,,1085.532,True,,1,write
cognodb,mixed_c1,70,9609217,248.9963,True,,1,read
cognodb,mixed_c1,71,9609470,247.4387,True,,1,read
cognodb,mixed_c1,72,9610393,248.1514,True,,1,read
cognodb,mixed_c1,73,9701246,247.9472,True,,1,read
cognodb,mixed_c1,74,9702270,248.0277,True,,1,read
cognodb,mixed_c1,75,,1068.7166,True,,1,write
cognodb,mixed_c1,76,,994.5896,True,,1,write
cognodb,mixed_c1,77,9703423,248.6875,True,,1,read
cognodb,mixed_c1,78,9705262,248.7491,True,,1,read
cognodb,mixed_c1,79,,1086.1853,True,,1,write
cognodb,mixed_c1,80,,1095.4226,True,,1,write
cognodb,mixed_c1,81,,1030.4616,True,,1,write
cognodb,mixed_c1,82,9707295,250.6093,True,,1,read
cognodb,mixed_c1,83,9710376,254.8614,True,,1,read
cognodb,mixed_c1,84,9711261,250.8967,True,,1,read
cognodb,mixed_c1,85,,1091.2115,True,,1,write
cognodb,mixed_c1,86,9803439,248.6134,True,,1,read
cognodb,mixed_c1,87,,1093.5575,True,,1,write
cognodb,mixed_c1,88,,1161.815,True,,1,write
cognodb,mixed_c1,89,9804343,250.6028,True,,1,read
cognodb,mixed_c1,90,9805465,250.035,True,,1,read
cognodb,mixed_c1,91,9809529,249.8662,True,,1,read
cognodb,mixed_c1,92,9810418,250.0897,True,,1,read
cognodb,mixed_c1,93,,1054.7007,True,,1,write
cognodb,mixed_c1,94,9811469,246.5019,True,,1,read
cognodb,mixed_c1,95,9812342,262.254,True,,1,read
cognodb,mixed_c1,96,9906506,248.7308,True,,1,read
cognodb,mixed_c1,97,9907534,250.4011,True,,1,read
cognodb,mixed_c1,98,9909234,268.0388,True,,1,read
cognodb,mixed_c1,99,,1569.7619,True,,1,write
cognodb,mixed_c10,0,,1129.513,True,,10,write
cognodb,mixed_c10,1,6114,1399.9843,True,,10,read
cognodb,mixed_c10,2,6217,1427.7854,True,,10,read
cognodb,mixed_c10,3,7077,1395.1694,True,,10,read
cognodb,mixed_c10,4,,2282.7472,True,,10,write
cognodb,mixed_c10,5,7232,1330.4582,True,,10,read
cognodb,mixed_c10,6,,2225.9216,True,,10,write
cognodb,mixed_c10,7,10094,1327.9467,True,,10,read
cognodb,mixed_c10,8,,3272.8057,True,,10,write
cognodb,mixed_c10,9,12020,1321.2524,True,,10,read
cognodb,mixed_c10,10,101328,299.466,True,,10,read
cognodb,mixed_c10,11,102194,253.4393,True,,10,read
cognodb,mixed_c10,12,102318,253.7582,True,,10,read
cognodb,mixed_c10,13,104122,255.0189,True,,10,read
cognodb,mixed_c10,14,104187,280.7376,True,,10,read
cognodb,mixed_c10,15,105349,279.5852,True,,10,read
cognodb,mixed_c10,16,106261,278.3025,True,,10,read
cognodb,mixed_c10,17,107028,277.4709,True,,10,read
cognodb,mixed_c10,18,107093,290.4609,True,,10,read
cognodb,mixed_c10,19,107295,290.9037,True,,10,read
cognodb,mixed_c10,20,108250,246.5227,True,,10,read
cognodb,mixed_c10,21,109054,261.9825,True,,10,read
cognodb,mixed_c10,22,,615.7223,True,,10,write
cognodb,mixed_c10,23,,600.6182,True,,10,write
cognodb,mixed_c10,24,,607.8082,True,,10,write
cognodb,mixed_c10,25,,487.8278,True,,10,write
cognodb,mixed_c10,26,204096,298.7368,True,,10,read
cognodb,mixed_c10,27,204176,296.4854,True,,10,read
cognodb,mixed_c10,28,,394.7109,True,,10,write
cognodb,mixed_c10,29,205038,262.2441,True,,10,read
cognodb,mixed_c10,30,207048,258.0633,True,,10,read
cognodb,mixed_c10,31,207227,293.7505,True,,10,read
cognodb,mixed_c10,32,208138,297.492,True,,10,read
cognodb,mixed_c10,33,208159,283.6604,True,,10,read
cognodb,mixed_c10,34,209058,281.8708,True,,10,read
cognodb,mixed_c10,35,209108,267.9065,True,,10,read
cognodb,mixed_c10,36,210254,259.764,True,,10,read
cognodb,mixed_c10,37,,1791.0556,True,,10,write
cognodb,mixed_c10,38,9208245,250.4957,True,,10,read
cognodb,mixed_c10,39,9304275,247.9759,True,,10,read
cognodb,mixed_c10,40,9305258,272.8723,True,,10,read
cognodb,mixed_c10,41,9306241,299.1929,True,,10,read
cognodb,mixed_c10,42,9307320,308.8967,True,,10,read
cognodb,mixed_c10,43,9309220,295.2112,True,,10,read
cognodb,mixed_c10,44,9309273,293.9273,True,,10,read
cognodb,mixed_c10,45,9309293,289.6144,True,,10,read
cognodb,mixed_c10,46,9310213,253.6738,True,,10,read
cognodb,mixed_c10,47,9311240,251.0803,True,,10,read
cognodb,mixed_c10,48,9401244,277.6682,True,,10,read
cognodb,mixed_c10,49,9401326,313.9102,True,,10,read
cognodb,mixed_c10,50,9403260,310.4397,True,,10,read
cognodb,mixed_c10,51,9403269,300.9149,True,,10,read
cognodb,mixed_c10,52,9407272,304.3791,True,,10,read
cognodb,mixed_c10,53,9407278,307.6814,True,,10,read
cognodb,mixed_c10,54,9407401,277.8638,True,,10,read
cognodb,mixed_c10,55,9501227,273.6567,True,,10,read
cognodb,mixed_c10,56,9501350,260.8105,True,,10,read
cognodb,mixed_c10,57,,964.9665,True,,10,write
cognodb,mixed_c10,58,,1892.097,True,,10,write
cognodb,mixed_c10,59,,993.4602,True,,10,write
cognodb,mixed_c10,60,9503294,301.5126,True,,10,read
cognodb,mixed_c10,61,,992.5438,True,,10,write
cognodb,mixed_c10,62,,988.5064,True,,10,write
cognodb,mixed_c10,63,9505310,274.9208,True,,10,read
cognodb,mixed_c10,64,9505324,293.4479,True,,10,read
cognodb,mixed_c10,65,,873.985,True,,10,write
cognodb,mixed_c10,66,9509349,295.048,True,,10,read
cognodb,mixed_c10,67,,728.6986,True,,10,write
cognodb,mixed_c10,68,9603420,256.4183,True,,10,read
cognodb,mixed_c10,69,9606252,251.4252,True,,10,read
cognodb,mixed_c10,70,9609217,267.5493,True,,10,read
cognodb,mixed_c10,71,9609470,258.1763,True,,10,read
cognodb,mixed_c10,72,9610393,275.9823,True,,10,read
cognodb,mixed_c10,73,9701246,266.059,True,,10,read
cognodb,mixed_c10,74,,1897.6166,True,,10,write
cognodb,mixed_c10,75,9703209,297.3745,True,,10,read
cognodb,mixed_c10,76,9703232,286.891,True,,10,read
cognodb,mixed_c10,77,9703423,275.1759,True,,10,read
cognodb,mixed_c10,78,9705262,267.3018,True,,10,read
cognodb,mixed_c10,79,9706541,255.7547,True,,10,read
cognodb,mixed_c10,80,9707250,280.7365,True,,10,read
cognodb,mixed_c10,81,9707282,253.7462,True,,10,read
cognodb,mixed_c10,82,9707295,285.0027,True,,10,read
cognodb,mixed_c10,83,9710376,264.8035,True,,10,read
cognodb,mixed_c10,84,9711261,259.6945,True,,10,read
cognodb,mixed_c10,85,9711379,298.9763,True,,10,read
cognodb,mixed_c10,86,9803439,260.2328,True,,10,read
cognodb,mixed_c10,87,9804298,260.7401,True,,10,read
cognodb,mixed_c10,88,9804313,315.1019,True,,10,read
cognodb,mixed_c10,89,9804343,287.5685,True,,10,read
cognodb,mixed_c10,90,9805465,258.7253,True,,10,read
cognodb,mixed_c10,91,,364.1747,True,,10,write
cognodb,mixed_c10,92,9810418,263.2098,True,,10,read
cognodb,mixed_c10,93,9811432,257.8617,True,,10,read
cognodb,mixed_c10,94,9811469,258.839,True,,10,read
cognodb,mixed_c10,95,,344.2546,True,,10,write
cognodb,mixed_c10,96,9906506,289.1862,True,,10,read
cognodb,mixed_c10,97,9907534,300.4012,True,,10,read
cognodb,mixed_c10,98,9909234,281.3394,True,,10,read
cognodb,mixed_c10,99,9909512,290.1828,True,,10,read
cognodb,mixed_c10,100,,1897.1271,True,,10,write
cognodb,mixed_c10,101,,1042.7224,True,,10,write
cognodb,mixed_c10,102,6217,249.6036,True,,10,read
cognodb,mixed_c10,103,7077,275.078,True,,10,read
cognodb,mixed_c10,104,7211,275.641,True,,10,read
cognodb,mixed_c10,105,,901.9316,True,,10,write
cognodb,mixed_c10,106,9292,270.5095,True,,10,read
cognodb,mixed_c10,107,10094,257.0797,True,,10,read
cognodb,mixed_c10,108,10180,308.189,True,,10,read
cognodb,mixed_c10,109,12020,289.1776,True,,10,read
cognodb,mixed_c10,110,101328,256.4809,True,,10,read
cognodb,mixed_c10,111,102194,279.1836,True,,10,read
cognodb,mixed_c10,112,102318,260.6874,True,,10,read
cognodb,mixed_c10,113,104122,289.3496,True,,10,read
cognodb,mixed_c10,114,,497.873,True,,10,write
cognodb,mixed_c10,115,105349,276.8198,True,,10,read
cognodb,mixed_c10,116,106261,261.0765,True,,10,read
cognodb,mixed_c10,117,107028,270.0151,True,,10,read
cognodb,mixed_c10,118,107093,250.0911,True,,10,read
cognodb,mixed_c10,119,107295,262.6181,True,,10,read
cognodb,mixed_c10,120,108250,284.3035,True,,10,read
cognodb,mixed_c10,121,,1887.9749,True,,10,write
cognodb,mixed_c10,122,109073,279.8881,True,,10,read
cognodb,mixed_c10,123,110264,299.7937,True,,10,read
cognodb,mixed_c10,124,110376,263.3388,True,,10,read
cognodb,mixed_c10,125,201053,259.3419,True,,10,read
cognodb,mixed_c10,126,,894.9393,True,,10,write
cognodb,mixed_c10,127,204176,292.6477,True,,10,read
cognodb,mixed_c10,128,204182,283.2794,True,,10,read
cognodb,mixed_c10,129,,802.47,True,,10,write
cognodb,mixed_c10,130,207048,301.2194,True,,10,read
cognodb,mixed_c10,131,207227,291.0392,True,,10,read
cognodb,mixed_c10,132,,677.5536,True,,10,write
cognodb,mixed_c10,133,208159,275.0821,True,,10,read
cognodb,mixed_c10,134,209058,269.0473,True,,10,read
cognodb,mixed_c10,135,209108,266.7136,True,,10,read
cognodb,mixed_c10,136,210254,271.5479,True,,10,read
cognodb,mixed_c10,137,302080,263.2234,True,,10,read
cognodb,mixed_c10,138,,407.0939,True,,10,write
cognodb,mixed_c10,139,9304275,270.8454,True,,10,read
cognodb,mixed_c10,140,9305258,252.689,True,,10,read
cognodb,mixed_c10,141,9306241,278.5123,True,,10,read
cognodb,mixed_c10,142,9307320,256.6856,True,,10,read
cognodb,mixed_c10,143,9309220,294.3182,True,,10,read
cognodb,mixed_c10,144,9309273,296.4147,True,,10,read
cognodb,mixed_c10,145,,1780.7016,True,,10,write
cognodb,mixed_c10,146,9310213,255.6551,True,,10,read
cognodb,mixed_c10,147,9311240,254.0126,True,,10,read
cognodb,mixed_c10,148,9401244,251.0156,True,,10,read
cognodb,mixed_c10,149,9401326,296.2361,True,,10,read
cognodb,mixed_c10,150,9403260,300.0736,True,,10,read
cognodb,mixed_c10,151,9403269,279.2685,True,,10,read
cognodb,mixed_c10,152,9407272,285.688,True,,10,read
cognodb,mixed_c10,153,9407278,282.1841,True,,10,read
cognodb,mixed_c10,154,,618.8698,True,,10,write
cognodb,mixed_c10,155,,605.6496,True,,10,write
cognodb,mixed_c10,156,,605.0478,True,,10,write
cognodb,mixed_c10,157,9501376,305.6866,True,,10,read
cognodb,mixed_c10,158,9502306,251.431,True,,10,read
cognodb,mixed_c10,159,9502360,300.39,True,,10,read
cognodb,mixed_c10,160,9503294,260.3844,True,,10,read
cognodb,mixed_c10,161,9504347,270.0619,True,,10,read
cognodb,mixed_c10,162,9505303,293.8246,True,,10,read
cognodb,mixed_c10,163,9505310,270.5207,True,,10,read
cognodb,mixed_c10,164,9505324,298.4154,True,,10,read
cognodb,mixed_c10,165,9508299,260.4369,True,,10,read
cognodb,mixed_c10,166,9509349,269.3629,True,,10,read
cognodb,mixed_c10,167,9603367,254.9173,True,,10,read
cognodb,mixed_c10,168,9603420,262.0459,True,,10,read
cognodb,mixed_c10,169,9606252,250.8247,True,,10,read
cognodb,mixed_c10,170,,1880.1973,True,,10,write
cognodb,mixed_c10,171,9609470,295.6445,True,,10,read
cognodb,mixed_c10,172,9610393,279.2522,True,,10,read
cognodb,mixed_c10,173,9701246,299.8877,True,,10,read
cognodb,mixed_c10,174,9702270,281.5612,True,,10,read
cognodb,mixed_c10,175,9703209,264.84,True,,10,read
cognodb,mixed_c10,176,9703232,255.8702,True,,10,read
cognodb,mixed_c10,177,9703423,315.9389,True,,10,read
cognodb,mixed_c10,178,9705262,308.0241,True,,10,read
cognodb,mixed_c10,179,,560.2875,True,,10,write
cognodb,mixed_c10,180,9707250,254.3256,True,,10,read
cognodb,mixed_c10,181,,509.37,True,,10,write
cognodb,mixed_c10,182,,535.9792,True,,10,write
cognodb,mixed_c10,183,,532.8614,True,,10,write
cognodb,mixed_c10,184,9711261,299.4152,True,,10,read
cognodb,mixed_c10,185,9711379,283.6207,True,,10,read
cognodb,mixed_c10,186,,422.5905,True,,10,write
cognodb,mixed_c10,187,9804298,284.0939,True,,10,read
cognodb,mixed_c10,188,9804313,323.7925,True,,10,read
cognodb,mixed_c10,189,9804343,256.1702,True,,10,read
cognodb,mixed_c10,190,9805465,295.5841,True,,10,read
cognodb,mixed_c10,191,9809529,275.1911,True,,10,read
cognodb,mixed_c10,192,9810418,276.7299,True,,10,read
cognodb,mixed_c10,193,,1802.1497,True,,10,write
cognodb,mixed_c10,194,9811469,273.8018,True,,10,read
cognodb,mixed_c10,195,9812342,271.5889,True,,10,read
cognodb,mixed_c10,196,9906506,296.4427,True,,10,read
cognodb,mixed_c10,197,9907534,260.2318,True,,10,read
cognodb,mixed_c10,198,9909234,256.0222,True,,10,read
cognodb,mixed_c10,199,9909512,300.6208,True,,10,read
cognodb,mixed_c10,200,2106,298.2187,True,,10,read
cognodb,mixed_c10,201,6114,279.2037,True,,10,read
cognodb,mixed_c10,202,6217,289.0878,True,,10,read
cognodb,mixed_c10,203,7077,289.509,True,,10,read
cognodb,mixed_c10,204,,621.6798,True,,10,write
cognodb,mixed_c10,205,7232,259.4352,True,,10,read
cognodb,mixed_c10,206,9292,286.8563,True,,10,read
cognodb,mixed_c10,207,10094,287.981,True,,10,read
cognodb,mixed_c10,208,10180,284.1789,True,,10,read
cognodb,mixed_c10,209,,448.3061,True,,10,write
cognodb,mixed_c10,210,,403.7941,True,,10,write
cognodb,mixed_c10,211,102194,299.0365,True,,10,read
cognodb,mixed_c10,212,102318,254.4018,True,,10,read
cognodb,mixed_c10,213,104122,254.2188,True,,10,read
cognodb,mixed_c10,214,104187,261.6683,True,,10,read
cognodb,mixed_c10,215,,1953.0864,True,,10,write
cognodb,mixed_c10,216,106261,251.5224,True,,10,read
cognodb,mixed_c10,217,107028,291.2384,True,,10,read
cognodb,mixed_c10,218,107093,262.1474,True,,10,read
cognodb,mixed_c10,219,107295,247.4884,True,,10,read
cognodb,mixed_c10,220,108250,260.9769,True,,10,read
cognodb,mixed_c10,221,109054,277.0212,True,,10,read
cognodb,mixed_c10,222,109073,605.5017,True,,10,read
cognodb,mixed_c10,223,,782.0452,True,,10,write
cognodb,mixed_c10,224,110376,585.2021,True,,10,read
cognodb,mixed_c10,225,,653.1915,True,,10,write
cognodb,mixed_c10,226,204096,298.1168,True,,10,read
cognodb,mixed_c10,227,204176,294.6599,True,,10,read
cognodb,mixed_c10,228,204182,282.7584,True,,10,read
cognodb,mixed_c10,229,205038,277.5351,True,,10,read
cognodb,mixed_c10,230,207048,256.5565,True,,10,read
cognodb,mixed_c10,231,207227,253.3281,True,,10,read
cognodb,mixed_c10,232,,359.2703,True,,10,write
cognodb,mixed_c10,233,,352.6401,True,,10,write
cognodb,mixed_c10,234,209058,290.3217,True,,10,read
cognodb,mixed_c10,235,,2010.1292,True,,10,write
cognodb,mixed_c10,236,,1053.0158,True,,10,write
cognodb,mixed_c10,237,,1059.7756,True,,10,write
cognodb,mixed_c10,238,9208245,302.6577,True,,10,read
cognodb,mixed_c10,239,9304275,282.4057,True,,10,read
cognodb,mixed_c10,240,9305258,269.9925,True,,10,read
cognodb,mixed_c10,241,9306241,249.2484,True,,10,read
cognodb,mixed_c10,242,9307320,271.2919,True,,10,read
cognodb,mixed_c10,243,,925.5185,True,,10,write
cognodb,mixed_c10,244,9309273,247.9973,True,,10,read
cognodb,mixed_c10,245,9309293,285.0507,True,,10,read
cognodb,mixed_c10,246,,711.1497,True,,10,write
cognodb,mixed_c10,247,9311240,275.4305,True,,10,read
cognodb,mixed_c10,248,9401244,267.7083,True,,10,read
cognodb,mixed_c10,249,9401326,280.7644,True,,10,read
cognodb,mixed_c10,250,9403260,306.2965,True,,10,read
cognodb,mixed_c10,251,9403269,307.4827,True,,10,read
cognodb,mixed_c10,252,9407272,295.667,True,,10,read
cognodb,mixed_c10,253,9407278,258.6259,True,,10,read
cognodb,mixed_c10,254,9407401,310.3206,True,,10,read
cognodb,mixed_c10,255,,1952.5316,True,,10,write
cognodb,mixed_c10,256,9501350,308.8494,True,,10,read
cognodb,mixed_c10,257,9501376,282.7893,True,,10,read
cognodb,mixed_c10,258,9502306,247.7008,True,,10,read
cognodb,mixed_c10,259,9502360,287.5219,True,,10,read
cognodb,mixed_c10,260,9503294,277.1337,True,,10,read
cognodb,mixed_c10,261,9504347,266.0725,True,,10,read
cognodb,mixed_c10,262,9505303,259.6192,True,,10,read
cognodb,mixed_c10,263,9505310,303.6232,True,,10,read
cognodb,mixed_c10,264,9505324,303.9031,True,,10,read
cognodb,mixed_c10,265,9508299,287.3596,True,,10,read
cognodb,mixed_c10,266,9509349,260.7691,True,,10,read
cognodb,mixed_c10,267,9603367,258.8794,True,,10,read
cognodb,mixed_c10,268,9603420,262.5108,True,,10,read
cognodb,mixed_c10,269,9606252,257.7067,True,,10,read
cognodb,mixed_c10,270,,604.1222,True,,10,write
cognodb,mixed_c10,271,9609470,282.4827,True,,10,read
cognodb,mixed_c10,272,9610393,280.3165,True,,10,read
cognodb,mixed_c10,273,9701246,278.0983,True,,10,read
cognodb,mixed_c10,274,,477.0941,True,,10,write
cognodb,mixed_c10,275,9703209,256.8066,True,,10,read
cognodb,mixed_c10,276,9703232,253.9544,True,,10,read
cognodb,mixed_c10,277,9703423,250.1443,True,,10,read
cognodb,mixed_c10,278,,2050.7001,True,,10,write
cognodb,mixed_c10,279,9706541,283.8833,True,,10,read
cognodb,mixed_c10,280,9707250,310.0657,True,,10,read
cognodb,mixed_c10,281,9707282,248.2483,True,,10,read
cognodb,mixed_c10,282,9707295,293.5336,True,,10,read
cognodb,mixed_c10,283,9710376,295.7146,True,,10,read
cognodb,mixed_c10,284,9711261,302.6239,True,,10,read
cognodb,mixed_c10,285,9711379,285.2607,True,,10,read
cognodb,mixed_c10,286,9803439,296.4637,True,,10,read
cognodb,mixed_c10,287,9804298,253.8331,True,,10,read
cognodb,mixed_c10,288,9804313,273.7725,True,,10,read
cognodb,mixed_c10,289,9804343,299.7872,True,,10,read
cognodb,mixed_c10,290,9805465,300.4258,True,,10,read
cognodb,mixed_c10,291,9809529,297.4592,True,,10,read
cognodb,mixed_c10,292,9810418,263.4439,True,,10,read
cognodb,mixed_c10,293,9811432,259.9966,True,,10,read
cognodb,mixed_c10,294,9811469,250.7951,True,,10,read
cognodb,mixed_c10,295,9812342,282.5457,True,,10,read
cognodb,mixed_c10,296,9906506,280.9802,True,,10,read
cognodb,mixed_c10,297,9907534,295.7556,True,,10,read
cognodb,mixed_c10,298,,527.8911,True,,10,write
cognodb,mixed_c10,299,9909512,297.086,True,,10,read
cognodb,mixed_c10,300,2106,291.2207,True,,10,read
cognodb,mixed_c10,301,6114,287.0006,True,,10,read
cognodb,mixed_c10,302,6217,264.1736,True,,10,read
cognodb,mixed_c10,303,7077,257.7971,True,,10,read
cognodb,mixed_c10,304,7211,283.1184,True,,10,read
cognodb,mixed_c10,305,7232,313.4044,True,,10,read
cognodb,mixed_c10,306,9292,312.5474,True,,10,read
cognodb,mixed_c10,307,10094,249.7875,True,,10,read
cognodb,mixed_c10,308,10180,298.7397,True,,10,read
cognodb,mixed_c10,309,12020,287.595,True,,10,read
cognodb,mixed_c10,310,101328,264.9145,True,,10,read
cognodb,mixed_c10,311,102194,263.7686,True,,10,read
cognodb,mixed_c10,312,102318,281.4131,True,,10,read
cognodb,mixed_c10,313,104122,263.4168,True,,10,read
cognodb,mixed_c10,314,104187,302.482,True,,10,read
cognodb,mixed_c10,315,105349,298.8803,True,,10,read
cognodb,mixed_c10,316,106261,302.5991,True,,10,read
cognodb,mixed_c10,317,,3973.0803,True,,10,write
cognodb,mixed_c10,318,107093,258.1127,True,,10,read
cognodb,mixed_c10,319,107295,276.8679,True,,10,read
cognodb,mixed_c10,320,108250,278.2316,True,,10,read
cognodb,mixed_c10,321,,663.8199,True,,10,write
cognodb,mixed_c10,322,,704.4909,True,,10,write
cognodb,mixed_c10,323,110264,284.0808,True,,10,read
cognodb,mixed_c10,324,110376,278.598,True,,10,read
cognodb,mixed_c10,325,,567.0472,True,,10,write
cognodb,mixed_c10,326,204096,258.1573,True,,10,read
cognodb,mixed_c10,327,204176,247.1444,True,,10,read
cognodb,mixed_c10,328,204182,306.2958,True,,10,read
cognodb,mixed_c10,329,,1405.5004,True,,10,write
cognodb,mixed_c10,330,,2208.6618,True,,10,write
cognodb,mixed_c10,331,207227,281.2978,True,,10,read
cognodb,mixed_c10,332,208138,291.0509,True,,10,read
cognodb,mixed_c10,333,208159,301.0929,True,,10,read
cognodb,mixed_c10,334,,1164.6382,True,,10,write
cognodb,mixed_c10,335,209108,271.4247,True,,10,read
cognodb,mixed_c10,336,210254,259.4918,True,,10,read
cognodb,mixed_c10,337,302080,309.0436,True,,10,read
cognodb,mixed_c10,338,9208245,296.3619,True,,10,read
cognodb,mixed_c10,339,,1084.8025,True,,10,write
cognodb,mixed_c10,340,9305258,289.4686,True,,10,read
cognodb,mixed_c10,341,9306241,262.0602,True,,10,read
cognodb,mixed_c10,342,9307320,260.5967,True,,10,read
cognodb,mixed_c10,343,9309220,297.0185,True,,10,read
cognodb,mixed_c10,344,9309273,4008.0771,True,,10,read
cognodb,mixed_c10,345,,733.9736,True,,10,write
cognodb,mixed_c10,346,,645.9782,True,,10,write
cognodb,mixed_c10,347,9311240,286.1078,True,,10,read
cognodb,mixed_c10,348,9401244,286.2542,True,,10,read
cognodb,mixed_c10,349,9401326,949.7768,True,,10,read
cognodb,mixed_c10,350,9403260,1160.8156,True,,10,read
cognodb,mixed_c10,351,9403269,303.6753,True,,10,read
cognodb,mixed_c10,352,9407272,291.873,True,,10,read
cognodb,mixed_c10,353,9407278,282.048,True,,10,read
cognodb,mixed_c10,354,9407401,267.1897,True,,10,read
cognodb,mixed_c10,355,9501227,256.4189,True,,10,read
cognodb,mixed_c10,356,9501350,302.5197,True,,10,read
cognodb,mixed_c10,357,,1722.5608,True,,10,write
cognodb,mixed_c10,358,9502306,250.3926,True,,10,read
cognodb,mixed_c10,359,9502360,247.2712,True,,10,read
cognodb,mixed_c10,360,9503294,290.1292,True,,10,read
cognodb,mixed_c10,361,9504347,283.9734,True,,10,read
cognodb,mixed_c10,362,9505303,284.75,True,,10,read
cognodb,mixed_c10,363,9505310,562.0656,True,,10,read
cognodb,mixed_c10,364,,1955.4298,True,,10,write
cognodb,mixed_c10,365,9508299,254.1971,True,,10,read
cognodb,mixed_c10,366,,914.6798,True,,10,write
cognodb,mixed_c10,367,,1362.6076,True,,10,write
cognodb,mixed_c10,368,9603420,2386.4425,True,,10,read
cognodb,mixed_c10,369,9606252,248.3224,True,,10,read
cognodb,mixed_c10,370,9609217,285.5021,True,,10,read
cognodb,mixed_c10,371,,1129.8436,True,,10,write
cognodb,mixed_c10,372,,648.4964,True,,10,write
cognodb,mixed_c10,373,9701246,2110.2176,True,,10,read
cognodb,mixed_c10,374,9702270,294.0274,True,,10,read
cognodb,mixed_c10,375,9703209,288.6182,True,,10,read
cognodb,mixed_c10,376,9703232,278.003,True,,10,read
cognodb,mixed_c10,377,9703423,276.9485,True,,10,read
cognodb,mixed_c10,378,9705262,590.9975,True,,10,read
cognodb,mixed_c10,379,9706541,757.1448,True,,10,read
cognodb,mixed_c10,380,9707250,298.7222,True,,10,read
cognodb,mixed_c10,381,9707282,261.2727,True,,10,read
cognodb,mixed_c10,382,9707295,257.1707,True,,10,read
cognodb,mixed_c10,383,9710376,258.7221,True,,10,read
cognodb,mixed_c10,384,9711261,244.8952,True,,10,read
cognodb,mixed_c10,385,9711379,248.6892,True,,10,read
cognodb,mixed_c10,386,9803439,255.4118,True,,10,read
cognodb,mixed_c10,387,9804298,257.4399,True,,10,read
cognodb,mixed_c10,388,9804313,246.8965,True,,10,read
cognodb,mixed_c10,389,9804343,249.9808,True,,10,read
cognodb,mixed_c10,390,,1200.6996,True,,10,write
cognodb,mixed_c10,391,9809529,301.3445,True,,10,read
cognodb,mixed_c10,392,9810418,311.7917,True,,10,read
cognodb,mixed_c10,393,9811432,309.6816,True,,10,read
cognodb,mixed_c10,394,,2140.8673,True,,10,write
cognodb,mixed_c10,395,9812342,269.8487,True,,10,read
cognodb,mixed_c10,396,9906506,284.1436,True,,10,read
cognodb,mixed_c10,397,9907534,259.4433,True,,10,read
cognodb,mixed_c10,398,9909234,281.1917,True,,10,read
cognodb,mixed_c10,399,9909512,281.8646,True,,10,read
cognodb,mixed_c10,400,2106,276.0478,True,,10,read
cognodb,mixed_c10,401,6114,318.9879,True,,10,read
cognodb,mixed_c10,402,6217,294.9068,True,,10,read
cognodb,mixed_c10,403,7077,290.4483,True,,10,read
cognodb,mixed_c10,404,7211,259.1468,True,,10,read
cognodb,mixed_c10,405,7232,252.1854,True,,10,read
cognodb,mixed_c10,406,,621.7075,True,,10,write
cognodb,mixed_c10,407,,609.4264,True,,10,write
cognodb,mixed_c10,408,10180,294.471,True,,10,read
cognodb,mixed_c10,409,12020,294.2311,True,,10,read
cognodb,mixed_c10,410,101328,296.859,True,,10,read
cognodb,mixed_c10,411,102194,296.426,True,,10,read
cognodb,mixed_c10,412,102318,287.2089,True,,10,read
cognodb,mixed_c10,413,104122,528.9024,True,,10,read
cognodb,mixed_c10,414,,333.7686,True,,10,write
cognodb,mixed_c10,415,105349,301.8099,True,,10,read
cognodb,mixed_c10,416,106261,303.5637,True,,10,read
cognodb,mixed_c10,417,107028,299.576,True,,10,read
cognodb,mixed_c10,418,107093,249.7764,True,,10,read
cognodb,mixed_c10,419,107295,264.7541,True,,10,read
cognodb,mixed_c10,420,108250,308.2304,True,,10,read
cognodb,mixed_c10,421,109054,299.1801,True,,10,read
cognodb,mixed_c10,422,109073,290.5286,True,,10,read
cognodb,mixed_c10,423,110264,287.3783,True,,10,read
cognodb,mixed_c10,424,,1901.6574,True,,10,write
cognodb,mixed_c10,425,201053,281.644,True,,10,read
cognodb,mixed_c10,426,204096,270.4098,True,,10,read
cognodb,mixed_c10,427,204176,263.6008,True,,10,read
cognodb,mixed_c10,428,204182,288.1818,True,,10,read
cognodb,mixed_c10,429,205038,299.7064,True,,10,read
cognodb,mixed_c10,430,207048,301.8078,True,,10,read
cognodb,mixed_c10,431,207227,294.9534,True,,10,read
cognodb,mixed_c10,432,,613.8076,True,,10,write
cognodb,mixed_c10,433,208159,256.4147,True,,10,read
cognodb,mixed_c10,434,209058,300.6125,True,,10,read
cognodb,mixed_c10,435,209108,295.8675,True,,10,read
cognodb,mixed_c10,436,210254,313.7548,True,,10,read
cognodb,mixed_c10,437,,428.7757,True,,10,write
cognodb,mixed_c10,438,,408.5865,True,,10,write
cognodb,mixed_c10,439,9304275,274.5378,True,,10,read
cognodb,mixed_c10,440,,401.0238,True,,10,write
cognodb,mixed_c10,441,9306241,291.3624,True,,10,read
cognodb,mixed_c10,442,9307320,285.0903,True,,10,read
cognodb,mixed_c10,443,9309220,285.9902,True,,10,read
cognodb,mixed_c10,444,9309273,300.1492,True,,10,read
cognodb,mixed_c10,445,9309293,280.2946,True,,10,read
cognodb,mixed_c10,446,9310213,259.9255,True,,10,read
cognodb,mixed_c10,447,9311240,256.084,True,,10,read
cognodb,mixed_c10,448,9401244,286.8417,True,,10,read
cognodb,mixed_c10,449,9401326,270.2894,True,,10,read
cognodb,mixed_c10,450,9403260,274.7504,True,,10,read
cognodb,mixed_c10,451,9403269,261.0002,True,,10,read
cognodb,mixed_c10,452,9407272,260.9829,True,,10,read
cognodb,mixed_c10,453,9407278,253.0007,True,,10,read
cognodb,mixed_c10,454,9407401,309.0929,True,,10,read
cognodb,mixed_c10,455,9501227,287.3113,True,,10,read
cognodb,mixed_c10,456,9501350,290.5048,True,,10,read
cognodb,mixed_c10,457,9501376,299.7897,True,,10,read
cognodb,mixed_c10,458,9502306,298.9995,True,,10,read
cognodb,mixed_c10,459,,1699.898,True,,10,write
cognodb,mixed_c10,460,,725.3714,True,,10,write
cognodb,mixed_c10,461,,697.3046,True,,10,write
cognodb,mixed_c10,462,9505303,267.5145,True,,10,read
cognodb,mixed_c10,463,9505310,255.3103,True,,10,read
cognodb,mixed_c10,464,9505324,275.0078,True,,10,read
cognodb,mixed_c10,465,9508299,249.8963,True,,10,read
cognodb,mixed_c10,466,9509349,299.5451,True,,10,read
cognodb,mixed_c10,467,,465.2772,True,,10,write
cognodb,mixed_c10,468,,391.7276,True,,10,write
cognodb,mixed_c10,469,9606252,300.6256,True,,10,read
cognodb,mixed_c10,470,9609217,301.3149,True,,10,read
cognodb,mixed_c10,471,,2183.4985,True,,10,write
cognodb,mixed_c10,472,,1153.6661,True,,10,write
cognodb,mixed_c10,473,9701246,280.5421,True,,10,read
cognodb,mixed_c10,474,9702270,270.4509,True,,10,read
cognodb,mixed_c10,475,9703209,259.8409,True,,10,read
cognodb,mixed_c10,476,9703232,248.7158,True,,10,read
cognodb,mixed_c10,477,9703423,254.1724,True,,10,read
cognodb,mixed_c10,478,,959.9075,True,,10,write
cognodb,mixed_c10,479,,963.4685,True,,10,write
cognodb,mixed_c10,480,9707250,258.0447,True,,10,read
cognodb,mixed_c10,481,9707282,299.5286,True,,10,read
cognodb,mixed_c10,482,9707295,300.1765,True,,10,read
cognodb,mixed_c10,483,9710376,294.268,True,,10,read
cognodb,mixed_c10,484,9711261,261.2746,True,,10,read
cognodb,mixed_c10,485,,549.4414,True,,10,write
cognodb,mixed_c10,486,9803439,294.4979,True,,10,read
cognodb,mixed_c10,487,9804298,296.248,True,,10,read
cognodb,mixed_c10,488,9804313,293.5182,True,,10,read
cognodb,mixed_c10,489,9804343,297.5054,True,,10,read
cognodb,mixed_c10,490,9805465,309.1265,True,,10,read
cognodb,mixed_c10,491,9809529,308.3698,True,,10,read
cognodb,mixed_c10,492,,2097.2158,True,,10,write
cognodb,mixed_c10,493,9811432,305.448,True,,10,read
cognodb,mixed_c10,494,9811469,279.1026,True,,10,read
cognodb,mixed_c10,495,9812342,258.0443,True,,10,read
cognodb,mixed_c10,496,,975.8165,True,,10,write
cognodb,mixed_c10,497,9907534,262.7298,True,,10,read
cognodb,mixed_c10,498,,941.8556,True,,10,write
cognodb,mixed_c10,499,9909512,284.031,True,,10,read
cognodb,mixed_c10,500,2106,281.2182,True,,10,read
cognodb,mixed_c10,501,6114,280.7055,True,,10,read
cognodb,mixed_c10,502,6217,260.4245,True,,10,read
cognodb,mixed_c10,503,7077,299.8033,True,,10,read
cognodb,mixed_c10,504,,712.3296,True,,10,write
cognodb,mixed_c10,505,7232,253.6502,True,,10,read
cognodb,mixed_c10,506,,598.1851,True,,10,write
cognodb,mixed_c10,507,10094,249.4026,True,,10,read
cognodb,mixed_c10,508,10180,278.2179,True,,10,read
cognodb,mixed_c10,509,,502.2494,True,,10,write
cognodb,mixed_c10,510,101328,269.7863,True,,10,read
cognodb,mixed_c10,511,102194,251.056,True,,10,read
cognodb,mixed_c10,512,102318,261.8457,True,,10,read
cognodb,mixed_c10,513,104122,255.5456,True,,10,read
cognodb,mixed_c10,514,,1019.337,True,,10,write
cognodb,mixed_c10,515,,1932.7817,True,,10,write
cognodb,mixed_c10,516,,1011.8604,True,,10,write
cognodb,mixed_c10,517,107028,264.3601,True,,10,read
cognodb,mixed_c10,518,107093,260.6819,True,,10,read
cognodb,mixed_c10,519,107295,263.5376,True,,10,read
cognodb,mixed_c10,520,108250,260.3232,True,,10,read
cognodb,mixed_c10,521,,1090.5053,True,,10,write
cognodb,mixed_c10,522,109073,263.0833,True,,10,read
cognodb,mixed_c10,523,,834.8486,True,,10,write
cognodb,mixed_c10,524,110376,300.8465,True,,10,read
cognodb,mixed_c10,525,201053,250.5884,True,,10,read
cognodb,mixed_c10,526,204096,275.7028,True,,10,read
cognodb,mixed_c10,527,204176,295.8176,True,,10,read
cognodb,mixed_c10,528,204182,288.228,True,,10,read
cognodb,mixed_c10,529,205038,298.4049,True,,10,read
cognodb,mixed_c10,530,207048,272.246,True,,10,read
cognodb,mixed_c10,531,207227,297.817,True,,10,read
cognodb,mixed_c10,532,208138,247.8579,True,,10,read
cognodb,mixed_c10,533,208159,290.6298,True,,10,read
cognodb,mixed_c10,534,,2000.1499,True,,10,write
cognodb,mixed_c10,535,209108,253.0623,True,,10,read
cognodb,mixed_c10,536,210254,275.3141,True,,10,read
cognodb,mixed_c10,537,302080,251.6812,True,,10,read
cognodb,mixed_c10,538,9208245,291.8198,True,,10,read
cognodb,mixed_c10,539,9304275,276.9709,True,,10,read
cognodb,mixed_c10,540,9305258,276.9801,True,,10,read
cognodb,mixed_c10,541,,807.4772,True,,10,write
cognodb,mixed_c10,542,9307320,295.8786,True,,10,read
cognodb,mixed_c10,543,9309220,254.3162,True,,10,read
cognodb,mixed_c10,544,9309273,260.3645,True,,10,read
cognodb,mixed_c10,545,9309293,257.4936,True,,10,read
cognodb,mixed_c10,546,9310213,250.8561,True,,10,read
cognodb,mixed_c10,547,9311240,276.6322,True,,10,read
cognodb,mixed_c10,548,9401244,274.8477,True,,10,read
cognodb,mixed_c10,549,9401326,251.3392,True,,10,read
cognodb,mixed_c10,550,9403260,286.8245,True,,10,read
cognodb,mixed_c10,551,,463.7223,True,,10,write
cognodb,mixed_c10,552,9407272,261.4363,True,,10,read
cognodb,mixed_c10,553,9407278,249.6792,True,,10,read
cognodb,mixed_c10,554,9407401,251.803,True,,10,read
cognodb,mixed_c10,555,9501227,252.0284,True,,10,read
cognodb,mixed_c10,556,9501350,258.1019,True,,10,read
cognodb,mixed_c10,557,9501376,296.6454,True,,10,read
cognodb,mixed_c10,558,9502306,289.4724,True,,10,read
cognodb,mixed_c10,559,9502360,249.6848,True,,10,read
cognodb,mixed_c10,560,9503294,265.7779,True,,10,read
cognodb,mixed_c10,561,9504347,266.1945,True,,10,read
cognodb,mixed_c10,562,9505303,263.8756,True,,10,read
cognodb,mixed_c10,563,9505310,289.887,True,,10,read
cognodb,mixed_c10,564,9505324,248.2974,True,,10,read
cognodb,mixed_c10,565,9508299,277.3915,True,,10,read
cognodb,mixed_c10,566,9509349,316.0712,True,,10,read
cognodb,mixed_c10,567,9603367,337.6039,True,,10,read
cognodb,mixed_c10,568,9603420,288.9019,True,,10,read
cognodb,mixed_c10,569,9606252,286.9415,True,,10,read
cognodb,mixed_c10,570,9609217,287.9878,True,,10,read
cognodb,mixed_c10,571,9609470,285.0456,True,,10,read
cognodb,mixed_c10,572,9610393,259.3436,True,,10,read
cognodb,mixed_c10,573,9701246,259.6134,True,,10,read
cognodb,mixed_c10,574,9702270,258.7164,True,,10,read
cognodb,mixed_c10,575,9703209,294.7516,True,,10,read
cognodb,mixed_c10,576,9703232,263.7166,True,,10,read
cognodb,mixed_c10,577,9703423,263.3938,True,,10,read
cognodb,mixed_c10,578,9705262,248.7689,True,,10,read
cognodb,mixed_c10,579,9706541,249.6417,True,,10,read
cognodb,mixed_c10,580,9707250,245.4323,True,,10,read
cognodb,mixed_c10,581,9707282,282.5672,True,,10,read
cognodb,mixed_c10,582,,1388.3981,True,,10,write
cognodb,mixed_c10,583,9710376,262.4461,True,,10,read
cognodb,mixed_c10,584,,2214.0317,True,,10,write
cognodb,mixed_c10,585,9711379,286.3366,True,,10,read
cognodb,mixed_c10,586,9803439,285.8347,True,,10,read
cognodb,mixed_c10,587,9804298,288.4933,True,,10,read
cognodb,mixed_c10,588,9804313,286.1986,True,,10,read
cognodb,mixed_c10,589,9804343,285.122,True,,10,read
cognodb,mixed_c10,590,9805465,249.8834,True,,10,read
cognodb,mixed_c10,591,9809529,290.0329,True,,10,read
cognodb,mixed_c10,592,,1085.6594,True,,10,write
cognodb,mixed_c10,593,,1010.789,True,,10,write
cognodb,mixed_c10,594,,1014.8966,True,,10,write
cognodb,mixed_c10,595,9812342,272.8101,True,,10,read
cognodb,mixed_c10,596,9906506,281.2213,True,,10,read
cognodb,mixed_c10,597,9907534,275.3934,True,,10,read
cognodb,mixed_c10,598,9909234,267.2903,True,,10,read
cognodb,mixed_c10,599,9909512,305.5902,True,,10,read
cognodb,mixed_c10,600,,713.1357,True,,10,write
cognodb,mixed_c10,601,6114,284.2639,True,,10,read
cognodb,mixed_c10,602,6217,307.4611,True,,10,read
cognodb,mixed_c10,603,7077,305.7361,True,,10,read
cognodb,mixed_c10,604,7211,287.4528,True,,10,read
cognodb,mixed_c10,605,,443.9796,True,,10,write
cognodb,mixed_c10,606,9292,280.6683,True,,10,read
cognodb,mixed_c10,607,10094,282.8929,True,,10,read
cognodb,mixed_c10,608,10180,256.7656,True,,10,read
cognodb,mixed_c10,609,12020,311.6032,True,,10,read
cognodb,mixed_c10,610,101328,310.2943,True,,10,read
cognodb,mixed_c10,611,,1811.7671,True,,10,write
cognodb,mixed_c10,612,102318,284.7836,True,,10,read
cognodb,mixed_c10,613,,959.1271,True,,10,write
cognodb,mixed_c10,614,104187,293.4063,True,,10,read
cognodb,mixed_c10,615,105349,290.3132,True,,10,read
cognodb,mixed_c10,616,106261,276.2556,True,,10,read
cognodb,mixed_c10,617,107028,263.3043,True,,10,read
cognodb,mixed_c10,618,,749.7547,True,,10,write
cognodb,mixed_c10,619,107295,300.0037,True,,10,read
cognodb,mixed_c10,620,108250,274.439,True,,10,read
cognodb,mixed_c10,621,109054,311.8382,True,,10,read
cognodb,mixed_c10,622,109073,301.1104,True,,10,read
cognodb,mixed_c10,623,110264,305.6674,True,,10,read
cognodb,mixed_c10,624,110376,299.1398,True,,10,read
cognodb,mixed_c10,625,201053,299.2019,True,,10,read
cognodb,mixed_c10,626,204096,294.9082,True,,10,read
cognodb,mixed_c10,627,204176,296.899,True,,10,read
cognodb,mixed_c10,628,204182,295.0064,True,,10,read
cognodb,mixed_c10,629,205038,291.1547,True,,10,read
cognodb,mixed_c10,630,207048,286.2766,True,,10,read
cognodb,mixed_c10,631,207227,282.1606,True,,10,read
cognodb,mixed_c10,632,208138,280.9707,True,,10,read
cognodb,mixed_c10,633,,1904.9413,True,,10,write
cognodb,mixed_c10,634,209058,253.0327,True,,10,read
cognodb,mixed_c10,635,209108,254.1378,True,,10,read
cognodb,mixed_c10,636,210254,318.1044,True,,10,read
cognodb,mixed_c10,637,302080,299.0347,True,,10,read
cognodb,mixed_c10,638,9208245,264.0176,True,,10,read
cognodb,mixed_c10,639,9304275,250.3382,True,,10,read
cognodb,mixed_c10,640,9305258,257.1355,True,,10,read
cognodb,mixed_c10,641,9306241,254.8461,True,,10,read
cognodb,mixed_c10,642,9307320,259.6568,True,,10,read
cognodb,mixed_c10,643,9309220,260.2495,True,,10,read
cognodb,mixed_c10,644,,606.9281,True,,10,write
cognodb,mixed_c10,645,,700.9505,True,,10,write
cognodb,mixed_c10,646,9310213,276.9717,True,,10,read
cognodb,mixed_c10,647,9311240,290.8461,True,,10,read
cognodb,mixed_c10,648,,497.2714,True,,10,write
cognodb,mixed_c10,649,9401326,284.4703,True,,10,read
cognodb,mixed_c10,650,,505.5109,True,,10,write
cognodb,mixed_c10,651,9403269,301.7517,True,,10,read
cognodb,mixed_c10,652,,450.3417,True,,10,write
cognodb,mixed_c10,653,9407278,284.7294,True,,10,read
cognodb,mixed_c10,654,9407401,307.4805,True,,10,read
cognodb,mixed_c10,655,9501227,287.2773,True,,10,read
cognodb,mixed_c10,656,9501350,258.2075,True,,10,read
cognodb,mixed_c10,657,,1949.701,True,,10,write
cognodb,mixed_c10,658,9502306,273.7643,True,,10,read
cognodb,mixed_c10,659,9502360,257.7288,True,,10,read
cognodb,mixed_c10,660,9503294,302.5706,True,,10,read
cognodb,mixed_c10,661,,917.7055,True,,10,write
cognodb,mixed_c10,662,9505303,296.3447,True,,10,read
cognodb,mixed_c10,663,,900.9516,True,,10,write
cognodb,mixed_c10,664,9505324,295.1647,True,,10,read
cognodb,mixed_c10,665,9508299,282.3287,True,,10,read
cognodb,mixed_c10,666,9509349,255.4394,True,,10,read
cognodb,mixed_c10,667,,738.6012,True,,10,write
cognodb,mixed_c10,668,,642.9584,True,,10,write
cognodb,mixed_c10,669,9606252,271.4289,True,,10,read
cognodb,mixed_c10,670,,563.7527,True,,10,write
cognodb,mixed_c10,671,9609470,299.1887,True,,10,read
cognodb,mixed_c10,672,9610393,262.1846,True,,10,read
cognodb,mixed_c10,673,,383.9163,True,,10,write
cognodb,mixed_c10,674,9702270,307.4119,True,,10,read
cognodb,mixed_c10,675,9703209,287.4244,True,,10,read
cognodb,mixed_c10,676,9703232,255.7539,True,,10,read
cognodb,mixed_c10,677,9703423,271.9443,True,,10,read
cognodb,mixed_c10,678,9705262,265.0105,True,,10,read
cognodb,mixed_c10,679,,2009.0922,True,,10,write
cognodb,mixed_c10,680,,902.0614,True,,10,write
cognodb,mixed_c10,681,,941.5498,True,,10,write
cognodb,mixed_c10,682,9707295,250.809,True,,10,read
cognodb,mixed_c10,683,9710376,294.4504,True,,10,read
cognodb,mixed_c10,684,9711261,292.5187,True,,10,read
cognodb,mixed_c10,685,,755.9495,True,,10,write
cognodb,mixed_c10,686,9803439,289.5623,True,,10,read
cognodb,mixed_c10,687,,710.9142,True,,10,write
cognodb,mixed_c10,688,9804313,251.4762,True,,10,read
cognodb,mixed_c10,689,9804343,253.6742,True,,10,read
cognodb,mixed_c10,690,9805465,255.5315,True,,10,read
cognodb,mixed_c10,691,,445.4172,True,,10,write
cognodb,mixed_c10,692,,429.879,True,,10,write
cognodb,mixed_c10,693,,402.9561,True,,10,write
cognodb,mixed_c10,694,,410.2379,True,,10,write
cognodb,mixed_c10,695,,2075.7746,True,,10,write
cognodb,mixed_c10,696,9906506,272.1005,True,,10,read
cognodb,mixed_c10,697,9907534,314.1819,True,,10,read
cognodb,mixed_c10,698,9909234,302.4368,True,,10,read
cognodb,mixed_c10,699,9909512,297.7624,True,,10,read
cognodb,mixed_c10,700,2106,290.7158,True,,10,read
cognodb,mixed_c10,701,6114,353.1184,True,,10,read
cognodb,mixed_c10,702,,1061.6318,True,,10,write
cognodb,mixed_c10,703,7077,335.1486,True,,10,read
cognodb,mixed_c10,704,7211,274.9275,True,,10,read
cognodb,mixed_c10,705,7232,304.9695,True,,10,read
cognodb,mixed_c10,706,9292,299.4321,True,,10,read
cognodb,mixed_c10,707,10094,302.9237,True,,10,read
cognodb,mixed_c10,708,10180,300.41,True,,10,read
cognodb,mixed_c10,709,12020,310.488,True,,10,read
cognodb,mixed_c10,710,101328,247.9035,True,,10,read
cognodb,mixed_c10,711,102194,287.4557,True,,10,read
cognodb,mixed_c10,712,102318,310.7916,True,,10,read
cognodb,mixed_c10,713,104122,300.976,True,,10,read
cognodb,mixed_c10,714,104187,305.077,True,,10,read
cognodb,mixed_c10,715,105349,301.3989,True,,10,read
cognodb,mixed_c10,716,106261,252.1432,True,,10,read
cognodb,mixed_c10,717,,416.0414,True,,10,write
cognodb,mixed_c10,718,,336.7338,True,,10,write
cognodb,mixed_c10,719,107295,249.1142,True,,10,read
cognodb,mixed_c10,720,108250,276.5113,True,,10,read
cognodb,mixed_c10,721,109054,272.3399,True,,10,read
cognodb,mixed_c10,722,109073,270.8168,True,,10,read
cognodb,mixed_c10,723,110264,267.3088,True,,10,read
cognodb,mixed_c10,724,110376,280.4245,True,,10,read
cognodb,mixed_c10,725,,937.3952,True,,10,write
cognodb,mixed_c10,726,204096,287.7397,True,,10,read
cognodb,mixed_c10,727,,1775.4165,True,,10,write
cognodb,mixed_c10,728,204182,260.6996,True,,10,read
cognodb,mixed_c10,729,205038,258.6129,True,,10,read
cognodb,mixed_c10,730,207048,255.5137,True,,10,read
cognodb,mixed_c10,731,207227,259.9076,True,,10,read
cognodb,mixed_c10,732,208138,250.9597,True,,10,read
cognodb,mixed_c10,733,208159,282.111,True,,10,read
cognodb,mixed_c10,734,,652.2367,True,,10,write
cognodb,mixed_c10,735,,690.106,True,,10,write
cognodb,mixed_c10,736,210254,265.1472,True,,10,read
cognodb,mixed_c10,737,302080,259.0762,True,,10,read
cognodb,mixed_c10,738,9208245,262.1324,True,,10,read
cognodb,mixed_c10,739,9304275,258.2224,True,,10,read
cognodb,mixed_c10,740,9305258,297.9757,True,,10,read
cognodb,mixed_c10,741,9306241,294.6946,True,,10,read
cognodb,mixed_c10,742,9307320,286.3151,True,,10,read
cognodb,mixed_c10,743,,396.8472,True,,10,write
cognodb,mixed_c10,744,9309273,286.2334,True,,10,read
cognodb,mixed_c10,745,9309293,278.9451,True,,10,read
cognodb,mixed_c10,746,9310213,255.595,True,,10,read
cognodb,mixed_c10,747,9311240,254.3262,True,,10,read
cognodb,mixed_c10,748,,2000.299,True,,10,write
cognodb,mixed_c10,749,9401326,290.6645,True,,10,read
cognodb,mixed_c10,750,9403260,259.5681,True,,10,read
cognodb,mixed_c10,751,,887.6649,True,,10,write
cognodb,mixed_c10,752,9407272,295.7305,True,,10,read
cognodb,mixed_c10,753,,843.9624,True,,10,write
cognodb,mixed_c10,754,9407401,300.0737,True,,10,read
cognodb,mixed_c10,755,9501227,254.0978,True,,10,read
cognodb,mixed_c10,756,9501350,251.6275,True,,10,read
cognodb,mixed_c10,757,9501376,284.2488,True,,10,read
cognodb,mixed_c10,758,9502306,285.0999,True,,10,read
cognodb,mixed_c10,759,,560.4269,True,,10,write
cognodb,mixed_c10,760,9503294,309.3972,True,,10,read
cognodb,mixed_c10,761,,446.1769,True,,10,write
cognodb,mixed_c10,762,9505303,293.3453,True,,10,read
cognodb,mixed_c10,763,9505310,299.5756,True,,10,read
cognodb,mixed_c10,764,,398.5115,True,,10,write
cognodb,mixed_c10,765,9508299,295.9308,True,,10,read
cognodb,mixed_c10,766,9509349,291.256,True,,10,read
cognodb,mixed_c10,767,9603367,316.0724,True,,10,read
cognodb,mixed_c10,768,9603420,303.8315,True,,10,read
cognodb,mixed_c10,769,,1089.33,True,,10,write
cognodb,mixed_c10,770,,1984.6311,True,,10,write
cognodb,mixed_c10,771,9609470,257.9624,True,,10,read
cognodb,mixed_c10,772,9610393,278.3231,True,,10,read
cognodb,mixed_c10,773,,1050.6161,True,,10,write
cognodb,mixed_c10,774,9702270,259.3977,True,,10,read
cognodb,mixed_c10,775,9703209,257.8756,True,,10,read
cognodb,mixed_c10,776,,843.5682,True,,10,write
cognodb,mixed_c10,777,9703423,299.2986,True,,10,read
cognodb,mixed_c10,778,9705262,296.8657,True,,10,read
cognodb,mixed_c10,779,9706541,273.2297,True,,10,read
cognodb,mixed_c10,780,9707250,258.1075,True,,10,read
cognodb,mixed_c10,781,9707282,256.3761,True,,10,read
cognodb,mixed_c10,782,9707295,297.3852,True,,10,read
cognodb,mixed_c10,783,9710376,298.373,True,,10,read
cognodb,mixed_c10,784,,551.0584,True,,10,write
cognodb,mixed_c10,785,9711379,302.5711,True,,10,read
cognodb,mixed_c10,786,9803439,304.6,True,,10,read
cognodb,mixed_c10,787,9804298,291.096,True,,10,read
cognodb,mixed_c10,788,9804313,286.6141,True,,10,read
cognodb,mixed_c10,789,9804343,279.5348,True,,10,read
cognodb,mixed_c10,790,,1837.2105,True,,10,write
cognodb,mixed_c10,791,9809529,305.6433,True,,10,read
cognodb,mixed_c10,792,9810418,276.0093,True,,10,read
cognodb,mixed_c10,793,9811432,299.2571,True,,10,read
cognodb,mixed_c10,794,9811469,289.765,True,,10,read
cognodb,mixed_c10,795,9812342,281.7451,True,,10,read
cognodb,mixed_c10,796,9906506,317.14,True,,10,read
cognodb,mixed_c10,797,9907534,298.759,True,,10,read
cognodb,mixed_c10,798,9909234,260.7161,True,,10,read
cognodb,mixed_c10,799,9909512,284.9755,True,,10,read
cognodb,mixed_c10,800,2106,299.4284,True,,10,read
cognodb,mixed_c10,801,6114,264.242,True,,10,read
cognodb,mixed_c10,802,6217,265.1546,True,,10,read
cognodb,mixed_c10,803,,659.8661,True,,10,write
cognodb,mixed_c10,804,,647.1539,True,,10,write
cognodb,mixed_c10,805,7232,287.6125,True,,10,read
cognodb,mixed_c10,806,9292,276.8844,True,,10,read
cognodb,mixed_c10,807,10094,250.3048,True,,10,read
cognodb,mixed_c10,808,10180,287.1913,True,,10,read
cognodb,mixed_c10,809,12020,288.8565,True,,10,read
cognodb,mixed_c10,810,101328,328.6534,True,,10,read
cognodb,mixed_c10,811,102194,255.9387,True,,10,read
cognodb,mixed_c10,812,102318,303.7978,True,,10,read
cognodb,mixed_c10,813,104122,260.8747,True,,10,read
cognodb,mixed_c10,814,104187,250.9784,True,,10,read
cognodb,mixed_c10,815,105349,295.7429,True,,10,read
cognodb,mixed_c10,816,106261,268.0517,True,,10,read
cognodb,mixed_c10,817,107028,267.6328,True,,10,read
cognodb,mixed_c10,818,107093,251.3014,True,,10,read
cognodb,mixed_c10,819,107295,311.1217,True,,10,read
cognodb,mixed_c10,820,108250,278.6027,True,,10,read
cognodb,mixed_c10,821,109054,292.8204,True,,10,read
cognodb,mixed_c10,822,109073,287.8233,True,,10,read
cognodb,mixed_c10,823,110264,262.3777,True,,10,read
cognodb,mixed_c10,824,110376,255.355,True,,10,read
cognodb,mixed_c10,825,201053,288.6479,True,,10,read
cognodb,mixed_c10,826,204096,287.0841,True,,10,read
cognodb,mixed_c10,827,204176,287.8989,True,,10,read
cognodb,mixed_c10,828,204182,318.8952,True,,10,read
cognodb,mixed_c10,829,205038,317.5979,True,,10,read
cognodb,mixed_c10,830,207048,300.4322,True,,10,read
cognodb,mixed_c10,831,207227,257.6063,True,,10,read
cognodb,mixed_c10,832,,1287.3215,True,,10,write
cognodb,mixed_c10,833,208159,263.9392,True,,10,read
cognodb,mixed_c10,834,,319.3648,True,,10,write
cognodb,mixed_c10,835,209108,300.4649,True,,10,read
cognodb,mixed_c10,836,210254,306.3108,True,,10,read
cognodb,mixed_c10,837,302080,261.4113,True,,10,read
cognodb,mixed_c10,838,,2059.4079,True,,10,write
cognodb,mixed_c10,839,9304275,260.2024,True,,10,read
cognodb,mixed_c10,840,9305258,253.8692,True,,10,read
cognodb,mixed_c10,841,9306241,280.8287,True,,10,read
cognodb,mixed_c10,842,9307320,284.1829,True,,10,read
cognodb,mixed_c10,843,9309220,318.6389,True,,10,read
cognodb,mixed_c10,844,9309273,313.3228,True,,10,read
cognodb,mixed_c10,845,,926.7206,True,,10,write
cognodb,mixed_c10,846,9310213,301.796,True,,10,read
cognodb,mixed_c10,847,9311240,303.9375,True,,10,read
cognodb,mixed_c10,848,9401244,289.1097,True,,10,read
cognodb,mixed_c10,849,9401326,314.916,True,,10,read
cognodb,mixed_c10,850,9403260,306.342,True,,10,read
cognodb,mixed_c10,851,9403269,279.4811,True,,10,read
cognodb,mixed_c10,852,,626.1107,True,,10,write
cognodb,mixed_c10,853,,609.9728,True,,10,write
cognodb,mixed_c10,854,,607.0364,True,,10,write
cognodb,mixed_c10,855,9501227,294.7091,True,,10,read
cognodb,mixed_c10,856,9501350,294.9871,True,,10,read
cognodb,mixed_c10,857,9501376,286.7674,True,,10,read
cognodb,mixed_c10,858,9502306,258.3391,True,,10,read
cognodb,mixed_c10,859,9502360,306.0779,True,,10,read
cognodb,mixed_c10,860,9503294,308.74,True,,10,read
cognodb,mixed_c10,861,9504347,282.212,True,,10,read
cognodb,mixed_c10,862,,1894.1487,True,,10,write
cognodb,mixed_c10,863,,1020.6875,True,,10,write
cognodb,mixed_c10,864,9505324,264.6085,True,,10,read
cognodb,mixed_c10,865,9508299,264.0067,True,,10,read
cognodb,mixed_c10,866,,993.3857,True,,10,write
cognodb,mixed_c10,867,,990.8054,True,,10,write
cognodb,mixed_c10,868,,944.4556,True,,10,write
cognodb,mixed_c10,869,9606252,282.212,True,,10,read
cognodb,mixed_c10,870,9609217,281.7558,True,,10,read
cognodb,mixed_c10,871,9609470,289.9167,True,,10,read
cognodb,mixed_c10,872,9610393,291.4199,True,,10,read
cognodb,mixed_c10,873,9701246,299.1261,True,,10,read
cognodb,mixed_c10,874,9702270,297.1276,True,,10,read
cognodb,mixed_c10,875,9703209,254.3141,True,,10,read
cognodb,mixed_c10,876,,500.4924,True,,10,write
cognodb,mixed_c10,877,9703423,305.2587,True,,10,read
cognodb,mixed_c10,878,9705262,304.2867,True,,10,read
cognodb,mixed_c10,879,9706541,264.3088,True,,10,read
cognodb,mixed_c10,880,,1805.3488,True,,10,write
cognodb,mixed_c10,881,9707282,281.4079,True,,10,read
cognodb,mixed_c10,882,9707295,252.1033,True,,10,read
cognodb,mixed_c10,883,9710376,326.9674,True,,10,read
cognodb,mixed_c10,884,9711261,321.6291,True,,10,read
cognodb,mixed_c10,885,,802.8874,True,,10,write
cognodb,mixed_c10,886,,807.8238,True,,10,write
cognodb,mixed_c10,887,9804298,319.814,True,,10,read
cognodb,mixed_c10,888,,800.564,True,,10,write
cognodb,mixed_c10,889,9804343,256.3955,True,,10,read
cognodb,mixed_c10,890,,619.8679,True,,10,write
cognodb,mixed_c10,891,9809529,298.8669,True,,10,read
cognodb,mixed_c10,892,,520.3212,True,,10,write
cognodb,mixed_c10,893,,510.5753,True,,10,write
cognodb,mixed_c10,894,9811469,251.1095,True,,10,read
cognodb,mixed_c10,895,9812342,278.4943,True,,10,read
cognodb,mixed_c10,896,,1902.6949,True,,10,write
cognodb,mixed_c10,897,9907534,259.5985,True,,10,read
cognodb,mixed_c10,898,9909234,294.3118,True,,10,read
cognodb,mixed_c10,899,9909512,293.9599,True,,10,read
cognodb,mixed_c10,900,2106,285.5298,True,,10,read
cognodb,mixed_c10,901,6114,275.7942,True,,10,read
cognodb,mixed_c10,902,6217,264.4725,True,,10,read
cognodb,mixed_c10,903,7077,277.3181,True,,10,read
cognodb,mixed_c10,904,,830.272,True,,10,write
cognodb,mixed_c10,905,,746.2644,True,,10,write
cognodb,mixed_c10,906,9292,255.9411,True,,10,read
cognodb,mixed_c10,907,10094,304.0965,True,,10,read
cognodb,mixed_c10,908,10180,254.4714,True,,10,read
cognodb,mixed_c10,909,,743.0952,True,,10,write
cognodb,mixed_c10,910,101328,297.5155,True,,10,read
cognodb,mixed_c10,911,102194,278.7254,True,,10,read
cognodb,mixed_c10,912,102318,262.8398,True,,10,read
cognodb,mixed_c10,913,,491.9704,True,,10,write
cognodb,mixed_c10,914,104187,261.5085,True,,10,read
cognodb,mixed_c10,915,105349,256.1268,True,,10,read
cognodb,mixed_c10,916,106261,294.383,True,,10,read
cognodb,mixed_c10,917,,1923.7114,True,,10,write
cognodb,mixed_c10,918,107093,278.9461,True,,10,read
cognodb,mixed_c10,919,,978.1792,True,,10,write
cognodb,mixed_c10,920,108250,301.9571,True,,10,read
cognodb,mixed_c10,921,,946.5848,True,,10,write
cognodb,mixed_c10,922,109073,273.0754,True,,10,read
cognodb,mixed_c10,923,110264,257.7826,True,,10,read
cognodb,mixed_c10,924,,852.792,True,,10,write
cognodb,mixed_c10,925,201053,273.6155,True,,10,read
cognodb,mixed_c10,926,,801.1656,True,,10,write
cognodb,mixed_c10,927,204176,299.285,True,,10,read
cognodb,mixed_c10,928,204182,252.6381,True,,10,read
cognodb,mixed_c10,929,205038,283.5787,True,,10,read
cognodb,mixed_c10,930,207048,323.828,True,,10,read
cognodb,mixed_c10,931,207227,262.602,True,,10,read
cognodb,mixed_c10,932,208138,264.2756,True,,10,read
cognodb,mixed_c10,933,208159,258.4955,True,,10,read
cognodb,mixed_c10,934,209058,254.6849,True,,10,read
cognodb,mixed_c10,935,209108,281.4348,True,,10,read
cognodb,mixed_c10,936,210254,278.1146,True,,10,read
cognodb,mixed_c10,937,302080,248.3791,True,,10,read
cognodb,mixed_c10,938,9208245,286.2114,True,,10,read
cognodb,mixed_c10,939,,1812.0258,True,,10,write
cognodb,mixed_c10,940,9305258,268.3549,True,,10,read
cognodb,mixed_c10,941,9306241,301.5432,True,,10,read
cognodb,mixed_c10,942,9307320,303.1514,True,,10,read
cognodb,mixed_c10,943,9309220,281.0678,True,,10,read
cognodb,mixed_c10,944,9309273,262.906,True,,10,read
cognodb,mixed_c10,945,9309293,251.5008,True,,10,read
cognodb,mixed_c10,946,9310213,273.9658,True,,10,read
cognodb,mixed_c10,947,,657.9105,True,,10,write
cognodb,mixed_c10,948,9401244,279.3077,True,,10,read
cognodb,mixed_c10,949,,563.0879,True,,10,write
cognodb,mixed_c10,950,9403260,294.6136,True,,10,read
cognodb,mixed_c10,951,,587.6087,True,,10,write
cognodb,mixed_c10,952,9407272,250.5402,True,,10,read
cognodb,mixed_c10,953,9407278,282.5183,True,,10,read
cognodb,mixed_c10,954,,507.5836,True,,10,write
cognodb,mixed_c10,955,9501227,252.9654,True,,10,read
cognodb,mixed_c10,956,9501350,331.2071,True,,10,read
cognodb,mixed_c10,957,9501376,318.4841,True,,10,read
cognodb,mixed_c10,958,9502306,283.8608,True,,10,read
cognodb,mixed_c10,959,9502360,294.0075,True,,10,read
cognodb,mixed_c10,960,9503294,256.4891,True,,10,read
cognodb,mixed_c10,961,9504347,254.8604,True,,10,read
cognodb,mixed_c10,962,9505303,274.1552,True,,10,read
cognodb,mixed_c10,963,9505310,290.6354,True,,10,read
cognodb,mixed_c10,964,9505324,281.5489,True,,10,read
cognodb,mixed_c10,965,,1775.4838,True,,10,write
cognodb,mixed_c10,966,9509349,274.6202,True,,10,read
cognodb,mixed_c10,967,9603367,271.1667,True,,10,read
cognodb,mixed_c10,968,9603420,263.4479,True,,10,read
cognodb,mixed_c10,969,9606252,257.4523,True,,10,read
cognodb,mixed_c10,970,9609217,286.3155,True,,10,read
cognodb,mixed_c10,971,9609470,260.3542,True,,10,read
cognodb,mixed_c10,972,9610393,264.5875,True,,10,read
cognodb,mixed_c10,973,9701246,267.1725,True,,10,read
cognodb,mixed_c10,974,9702270,262.9098,True,,10,read
cognodb,mixed_c10,975,9703209,256.0226,True,,10,read
cognodb,mixed_c10,976,9703232,289.1989,True,,10,read
cognodb,mixed_c10,977,9703423,253.9381,True,,10,read
cognodb,mixed_c10,978,9705262,251.161,True,,10,read
cognodb,mixed_c10,979,9706541,250.8961,True,,10,read
cognodb,mixed_c10,980,9707250,250.7167,True,,10,read
cognodb,mixed_c10,981,9707282,275.1565,True,,10,read
cognodb,mixed_c10,982,9707295,276.2077,True,,10,read
cognodb,mixed_c10,983,,339.593,True,,10,write
cognodb,mixed_c10,984,,2120.7716,True,,10,write
cognodb,mixed_c10,985,9711379,248.8769,True,,10,read
cognodb,mixed_c10,986,9803439,260.8166,True,,10,read
cognodb,mixed_c10,987,9804298,260.7066,True,,10,read
cognodb,mixed_c10,988,9804313,307.4366,True,,10,read
cognodb,mixed_c10,989,,983.1079,True,,10,write
cognodb,mixed_c10,990,9805465,296.6621,True,,10,read
cognodb,mixed_c10,991,,979.4395,True,,10,write
cognodb,mixed_c10,992,,938.4274,True,,10,write
cognodb,mixed_c10,993,,895.7506,True,,10,write
cognodb,mixed_c10,994,9811469,287.8591,True,,10,read
cognodb,mixed_c10,995,9812342,289.3076,True,,10,read
cognodb,mixed_c10,996,9906506,296.4729,True,,10,read
cognodb,mixed_c10,997,9907534,277.6975,True,,10,read
cognodb,mixed_c10,998,9909234,312.4436,True,,10,read
cognodb,mixed_c10,999,,563.1655,True,,10,write
cognodb,mixed_c40,0,2106,249.1677,True,,40,read
cognodb,mixed_c40,1,6114,246.3023,True,,40,read
cognodb,mixed_c40,2,6217,263.7089,True,,40,read
cognodb,mixed_c40,3,,1075.7549,True,,40,write
cognodb,mixed_c40,4,,291.0186,True,,40,write
cognodb,mixed_c40,5,7232,254.4648,True,,40,read
cognodb,mixed_c40,6,9292,258.0328,True,,40,read
cognodb,mixed_c40,7,10094,291.5383,True,,40,read
cognodb,mixed_c40,8,,5897.4462,True,,40,write
cognodb,mixed_c40,9,12020,281.1191,True,,40,read
cognodb,mixed_c40,10,101328,1561.0067,True,,40,read
cognodb,mixed_c40,11,102194,1400.5712,True,,40,read
cognodb,mixed_c40,12,102318,1455.3019,True,,40,read
cognodb,mixed_c40,13,,3588.6892,True,,40,write
cognodb,mixed_c40,14,104187,1554.4778,True,,40,read
cognodb,mixed_c40,15,105349,1403.8114,True,,40,read
cognodb,mixed_c40,16,106261,1401.0024,True,,40,read
cognodb,mixed_c40,17,107028,1396.6267,True,,40,read
cognodb,mixed_c40,18,107093,1403.3774,True,,40,read
cognodb,mixed_c40,19,107295,1447.0235,True,,40,read
cognodb,mixed_c40,20,108250,1402.8916,True,,40,read
cognodb,mixed_c40,21,109054,1556.7246,True,,40,read
cognodb,mixed_c40,22,109073,1552.1913,True,,40,read
cognodb,mixed_c40,23,110264,1550.3676,True,,40,read
cognodb,mixed_c40,24,110376,1554.6644,True,,40,read
cognodb,mixed_c40,25,201053,1397.9031,True,,40,read
cognodb,mixed_c40,26,204096,1397.1499,True,,40,read
cognodb,mixed_c40,27,204176,1552.9142,True,,40,read
cognodb,mixed_c40,28,204182,1386.498,True,,40,read
cognodb,mixed_c40,29,205038,1544.9448,True,,40,read
cognodb,mixed_c40,30,,3061.1551,True,,40,write
cognodb,mixed_c40,31,207227,1439.0203,True,,40,read
cognodb,mixed_c40,32,208138,1386.937,True,,40,read
cognodb,mixed_c40,33,208159,1388.2055,True,,40,read
cognodb,mixed_c40,34,,2223.5517,True,,40,write
cognodb,mixed_c40,35,,2220.7355,True,,40,write
cognodb,mixed_c40,36,210254,1535.7853,True,,40,read
cognodb,mixed_c40,37,302080,1433.0707,True,,40,read
cognodb,mixed_c40,38,9208245,1422.9354,True,,40,read
cognodb,mixed_c40,39,9304275,1539.4879,True,,40,read
cognodb,mixed_c40,40,9305258,269.408,True,,40,read
cognodb,mixed_c40,41,,851.2882,True,,40,write
cognodb,mixed_c40,42,,857.8398,True,,40,write
cognodb,mixed_c40,43,9309220,295.2259,True,,40,read
cognodb,mixed_c40,44,9309273,296.1825,True,,40,read
cognodb,mixed_c40,45,,874.4295,True,,40,write
cognodb,mixed_c40,46,9310213,267.4826,True,,40,read
cognodb,mixed_c40,47,,861.61,True,,40,write
cognodb,mixed_c40,48,9401244,249.0951,True,,40,read
cognodb,mixed_c40,49,,616.8306,True,,40,write
cognodb,mixed_c40,50,,623.3008,True,,40,write
cognodb,mixed_c40,51,9403269,303.7545,True,,40,read
cognodb,mixed_c40,52,9407272,288.9262,True,,40,read
cognodb,mixed_c40,53,9407278,285.592,True,,40,read
cognodb,mixed_c40,54,9407401,262.4979,True,,40,read
cognodb,mixed_c40,55,,2827.2853,True,,40,write
cognodb,mixed_c40,56,9501350,254.5557,True,,40,read
cognodb,mixed_c40,57,9501376,248.9804,True,,40,read
cognodb,mixed_c40,58,9502306,265.4094,True,,40,read
cognodb,mixed_c40,59,9502360,298.396,True,,40,read
cognodb,mixed_c40,60,,2306.6585,True,,40,write
cognodb,mixed_c40,61,9504347,282.7132,True,,40,read
cognodb,mixed_c40,62,9505303,276.5672,True,,40,read
cognodb,mixed_c40,63,9505310,275.4772,True,,40,read
cognodb,mixed_c40,64,9505324,312.4355,True,,40,read
cognodb,mixed_c40,65,9508299,251.8531,True,,40,read
cognodb,mixed_c40,66,9509349,258.5524,True,,40,read
cognodb,mixed_c40,67,9603367,259.8242,True,,40,read
cognodb,mixed_c40,68,9603420,282.4325,True,,40,read
cognodb,mixed_c40,69,9606252,252.7549,True,,40,read
cognodb,mixed_c40,70,,853.2557,True,,40,write
cognodb,mixed_c40,71,,3207.3591,True,,40,write
cognodb,mixed_c40,72,9610393,248.1968,True,,40,read
cognodb,mixed_c40,73,9701246,273.4058,True,,40,read
cognodb,mixed_c40,74,9702270,278.4345,True,,40,read
cognodb,mixed_c40,75,9703209,266.4298,True,,40,read
cognodb,mixed_c40,76,9703232,268.2807,True,,40,read
cognodb,mixed_c40,77,9703423,262.6116,True,,40,read
cognodb,mixed_c40,78,9705262,256.5854,True,,40,read
cognodb,mixed_c40,79,9706541,256.7965,True,,40,read
cognodb,mixed_c40,80,,828.4139,True,,40,write
cognodb,mixed_c40,81,,839.0447,True,,40,write
cognodb,mixed_c40,82,9707295,292.0934,True,,40,read
cognodb,mixed_c40,83,9710376,293.8945,True,,40,read
cognodb,mixed_c40,84,9711261,287.2297,True,,40,read
cognodb,mixed_c40,85,9711379,291.0887,True,,40,read
cognodb,mixed_c40,86,9803439,297.0954,True,,40,read
cognodb,mixed_c40,87,9804298,305.9963,True,,40,read
cognodb,mixed_c40,88,,2286.5337,True,,40,write
cognodb,mixed_c40,89,9804343,300.5435,True,,40,read
cognodb,mixed_c40,90,9805465,287.3144,True,,40,read
cognodb,mixed_c40,91,9809529,281.7645,True,,40,read
cognodb,mixed_c40,92,9810418,293.2181,True,,40,read
cognodb,mixed_c40,93,9811432,276.075,True,,40,read
cognodb,mixed_c40,94,9811469,300.4964,True,,40,read
cognodb,mixed_c40,95,9812342,286.0799,True,,40,read
cognodb,mixed_c40,96,,1644.7679,True,,40,write
cognodb,mixed_c40,97,9907534,263.5966,True,,40,read
cognodb,mixed_c40,98,,705.8246,True,,40,write
cognodb,mixed_c40,99,,3152.2624,True,,40,write
cognodb,mixed_c40,100,2106,284.7254,True,,40,read
cognodb,mixed_c40,101,6114,280.7138,True,,40,read
cognodb,mixed_c40,102,6217,280.9911,True,,40,read
cognodb,mixed_c40,103,7077,276.7253,True,,40,read
cognodb,mixed_c40,104,,693.7647,True,,40,write
cognodb,mixed_c40,105,7232,267.3863,True,,40,read
cognodb,mixed_c40,106,9292,262.9818,True,,40,read
cognodb,mixed_c40,107,,1585.1039,True,,40,write
cognodb,mixed_c40,108,10180,287.3594,True,,40,read
cognodb,mixed_c40,109,12020,275.7936,True,,40,read
cognodb,mixed_c40,110,101328,276.3706,True,,40,read
cognodb,mixed_c40,111,102194,303.3411,True,,40,read
cognodb,mixed_c40,112,,1452.1685,True,,40,write
cognodb,mixed_c40,113,104122,296.3263,True,,40,read
cognodb,mixed_c40,114,104187,291.7711,True,,40,read
cognodb,mixed_c40,115,105349,262.2939,True,,40,read
cognodb,mixed_c40,116,,615.0922,True,,40,write
cognodb,mixed_c40,117,,566.863,True,,40,write
cognodb,mixed_c40,118,107093,287.6191,True,,40,read
cognodb,mixed_c40,119,107295,2888.8433,True,,40,read
cognodb,mixed_c40,120,108250,2439.7943,True,,40,read
cognodb,mixed_c40,121,,3327.8266,True,,40,write
cognodb,mixed_c40,122,109073,277.4114,True,,40,read
cognodb,mixed_c40,123,110264,274.469,True,,40,read
cognodb,mixed_c40,124,110376,592.0248,True,,40,read
cognodb,mixed_c40,125,201053,260.2495,True,,40,read
cognodb,mixed_c40,126,,2612.4699,True,,40,write
cognodb,mixed_c40,127,204176,2543.2574,True,,40,read
cognodb,mixed_c40,128,204182,2412.6965,True,,40,read
cognodb,mixed_c40,129,205038,300.3818,True,,40,read
cognodb,mixed_c40,130,,1507.7509,True,,40,write
cognodb,mixed_c40,131,,2575.7057,True,,40,write
cognodb,mixed_c40,132,,1487.6733,True,,40,write
cognodb,mixed_c40,133,,2764.9788,True,,40,write
cognodb,mixed_c40,134,,2061.5648,True,,40,write
cognodb,mixed_c40,135,,1461.4499,True,,40,write
cognodb,mixed_c40,136,210254,293.3294,True,,40,read
cognodb,mixed_c40,137,,2002.7617,True,,40,write
cognodb,mixed_c40,138,9208245,301.4844,True,,40,read
cognodb,mixed_c40,139,9304275,316.9073,True,,40,read
cognodb,mixed_c40,140,,1407.2314,True,,40,write
cognodb,mixed_c40,141,9306241,1181.1317,True,,40,read
cognodb,mixed_c40,142,9307320,299.0288,True,,40,read
cognodb,mixed_c40,143,9309220,963.1857,True,,40,read
cognodb,mixed_c40,144,9309273,1407.2366,True,,40,read
cognodb,mixed_c40,145,9309293,283.7547,True,,40,read
cognodb,mixed_c40,146,,2209.6543,True,,40,write
cognodb,mixed_c40,147,9311240,702.6767,True,,40,read
cognodb,mixed_c40,148,,1764.1548,True,,40,write
cognodb,mixed_c40,149,9401326,752.5202,True,,40,read
cognodb,mixed_c40,150,9403260,2178.945,True,,40,read
cognodb,mixed_c40,151,,1814.1957,True,,40,write
cognodb,mixed_c40,152,9407272,309.2988,True,,40,read
cognodb,mixed_c40,153,9407278,294.3125,True,,40,read
cognodb,mixed_c40,154,9407401,290.7223,True,,40,read
cognodb,mixed_c40,155,9501227,285.1635,True,,40,read
cognodb,mixed_c40,156,9501350,298.9849,True,,40,read
cognodb,mixed_c40,157,,1623.4779,True,,40,write
cognodb,mixed_c40,158,9502306,959.09,True,,40,read
cognodb,mixed_c40,159,,1737.2289,True,,40,write
cognodb,mixed_c40,160,,1415.0655,True,,40,write
cognodb,mixed_c40,161,9504347,789.6067,True,,40,read
cognodb,mixed_c40,162,9505303,1580.3402,True,,40,read
cognodb,mixed_c40,163,,2072.3929,True,,40,write
cognodb,mixed_c40,164,9505324,271.0887,True,,40,read
cognodb,mixed_c40,165,9508299,1700.7266,True,,40,read
cognodb,mixed_c40,166,9509349,1149.9195,True,,40,read
cognodb,mixed_c40,167,9603367,1005.6475,True,,40,read
cognodb,mixed_c40,168,9603420,563.1596,True,,40,read
cognodb,mixed_c40,169,9606252,269.542,True,,40,read
cognodb,mixed_c40,170,9609217,1008.4168,True,,40,read
cognodb,mixed_c40,171,9609470,278.3475,True,,40,read
cognodb,mixed_c40,172,9610393,282.8239,True,,40,read
cognodb,mixed_c40,173,9701246,279.4892,True,,40,read
cognodb,mixed_c40,174,,2242.2381,True,,40,write
cognodb,mixed_c40,175,9703209,788.242,True,,40,read
cognodb,mixed_c40,176,9703232,260.1824,True,,40,read
cognodb,mixed_c40,177,9703423,585.7869,True,,40,read
cognodb,mixed_c40,178,9705262,616.5881,True,,40,read
cognodb,mixed_c40,179,,1010.8444,True,,40,write
cognodb,mixed_c40,180,,1002.7123,True,,40,write
cognodb,mixed_c40,181,,1004.1597,True,,40,write
cognodb,mixed_c40,182,,960.6898,True,,40,write
cognodb,mixed_c40,183,9710376,334.3408,True,,40,read
cognodb,mixed_c40,184,9711261,334.5809,True,,40,read
cognodb,mixed_c40,185,,877.5027,True,,40,write
cognodb,mixed_c40,186,9803439,276.0423,True,,40,read
cognodb,mixed_c40,187,9804298,622.4571,True,,40,read
cognodb,mixed_c40,188,9804313,260.5019,True,,40,read
cognodb,mixed_c40,189,9804343,293.5561,True,,40,read
cognodb,mixed_c40,190,9805465,292.7845,True,,40,read
cognodb,mixed_c40,191,9809529,293.1876,True,,40,read
cognodb,mixed_c40,192,9810418,335.4888,True,,40,read
cognodb,mixed_c40,193,9811432,356.506,True,,40,read
cognodb,mixed_c40,194,9811469,260.9707,True,,40,read
cognodb,mixed_c40,195,9812342,312.0712,True,,40,read
cognodb,mixed_c40,196,9906506,307.2088,True,,40,read
cognodb,mixed_c40,197,9907534,297.1768,True,,40,read
cognodb,mixed_c40,198,,509.9181,True,,40,write
cognodb,mixed_c40,199,,499.9839,True,,40,write
cognodb,mixed_c40,200,2106,286.3835,True,,40,read
cognodb,mixed_c40,201,6114,270.6574,True,,40,read
cognodb,mixed_c40,202,,380.3748,True,,40,write
cognodb,mixed_c40,203,7077,502.3993,True,,40,read
cognodb,mixed_c40,204,7211,251.3799,True,,40,read
cognodb,mixed_c40,205,7232,296.8407,True,,40,read
cognodb,mixed_c40,206,,2647.923,True,,40,write
cognodb,mixed_c40,207,10094,285.8556,True,,40,read
cognodb,mixed_c40,208,10180,289.5629,True,,40,read
cognodb,mixed_c40,209,12020,273.2874,True,,40,read
cognodb,mixed_c40,210,101328,270.4598,True,,40,read
cognodb,mixed_c40,211,102194,280.5209,True,,40,read
cognodb,mixed_c40,212,,1319.2163,True,,40,write
cognodb,mixed_c40,213,,1327.4357,True,,40,write
cognodb,mixed_c40,214,104187,277.8639,True,,40,read
cognodb,mixed_c40,215,,1313.8635,True,,40,write
cognodb,mixed_c40,216,,1319.7549,True,,40,write
cognodb,mixed_c40,217,107028,271.6662,True,,40,read
cognodb,mixed_c40,218,,1354.406,True,,40,write
cognodb,mixed_c40,219,107295,272.2887,True,,40,read
cognodb,mixed_c40,220,,1304.4313,True,,40,write
cognodb,mixed_c40,221,109054,257.0405,True,,40,read
cognodb,mixed_c40,222,109073,304.6763,True,,40,read
cognodb,mixed_c40,223,110264,495.9957,True,,40,read
cognodb,mixed_c40,224,110376,252.8738,True,,40,read
cognodb,mixed_c40,225,201053,284.5034,True,,40,read
cognodb,mixed_c40,226,204096,254.1259,True,,40,read
cognodb,mixed_c40,227,204176,255.41,True,,40,read
cognodb,mixed_c40,228,204182,286.372,True,,40,read
cognodb,mixed_c40,229,,1203.7366,True,,40,write
cognodb,mixed_c40,230,207048,297.6377,True,,40,read
cognodb,mixed_c40,231,207227,298.8702,True,,40,read
cognodb,mixed_c40,232,208138,247.1109,True,,40,read
cognodb,mixed_c40,233,208159,300.0045,True,,40,read
cognodb,mixed_c40,234,209058,286.3657,True,,40,read
cognodb,mixed_c40,235,,1192.8553,True,,40,write
cognodb,mixed_c40,236,210254,290.1899,True,,40,read
cognodb,mixed_c40,237,302080,286.7452,True,,40,read
cognodb,mixed_c40,238,9208245,274.4026,True,,40,read
cognodb,mixed_c40,239,9304275,274.212,True,,40,read
cognodb,mixed_c40,240,9305258,271.1519,True,,40,read
cognodb,mixed_c40,241,9306241,274.7262,True,,40,read
cognodb,mixed_c40,242,,1126.1754,True,,40,write
cognodb,mixed_c40,243,9309220,301.7049,True,,40,read
cognodb,mixed_c40,244,9309273,297.6372,True,,40,read
cognodb,mixed_c40,245,9309293,498.5238,True,,40,read
cognodb,mixed_c40,246,9310213,282.4473,True,,40,read
cognodb,mixed_c40,247,9311240,284.8255,True,,40,read
cognodb,mixed_c40,248,9401244,261.3874,True,,40,read
cognodb,mixed_c40,249,,1069.8808,True,,40,write
cognodb,mixed_c40,250,,1076.962,True,,40,write
cognodb,mixed_c40,251,9403269,250.845,True,,40,read
cognodb,mixed_c40,252,9407272,289.0202,True,,40,read
cognodb,mixed_c40,253,9407278,261.0218,True,,40,read
cognodb,mixed_c40,254,9407401,283.6649,True,,40,read
cognodb,mixed_c40,255,,1034.576,True,,40,write
cognodb,mixed_c40,256,9501350,251.6722,True,,40,read
cognodb,mixed_c40,257,9501376,249.3946,True,,40,read
cognodb,mixed_c40,258,,959.0378,True,,40,write
cognodb,mixed_c40,259,9502360,262.3148,True,,40,read
cognodb,mixed_c40,260,9503294,255.937,True,,40,read
cognodb,mixed_c40,261,9504347,294.378,True,,40,read
cognodb,mixed_c40,262,9505303,252.9777,True,,40,read
cognodb,mixed_c40,263,,956.9316,True,,40,write
cognodb,mixed_c40,264,9505324,251.9544,True,,40,read
cognodb,mixed_c40,265,,992.6887,True,,40,write
cognodb,mixed_c40,266,9509349,283.3353,True,,40,read
cognodb,mixed_c40,267,9603367,264.7449,True,,40,read
cognodb,mixed_c40,268,9603420,298.7338,True,,40,read
cognodb,mixed_c40,269,9606252,326.3736,True,,40,read
cognodb,mixed_c40,270,9609217,319.0395,True,,40,read
cognodb,mixed_c40,271,,910.0738,True,,40,write
cognodb,mixed_c40,272,9610393,319.37,True,,40,read
cognodb,mixed_c40,273,,910.5029,True,,40,write
cognodb,mixed_c40,274,,901.9289,True,,40,write
cognodb,mixed_c40,275,9703209,542.2803,True,,40,read
cognodb,mixed_c40,276,,878.2024,True,,40,write
cognodb,mixed_c40,277,,887.6809,True,,40,write
cognodb,mixed_c40,278,9705262,261.2528,True,,40,read
cognodb,mixed_c40,279,9706541,249.5532,True,,40,read
cognodb,mixed_c40,280,,852.3984,True,,40,write
cognodb,mixed_c40,281,9707282,267.9058,True,,40,read
cognodb,mixed_c40,282,9707295,264.1525,True,,40,read
cognodb,mixed_c40,283,9710376,264.5743,True,,40,read
cognodb,mixed_c40,284,9711261,256.9103,True,,40,read
cognodb,mixed_c40,285,9711379,257.4872,True,,40,read
cognodb,mixed_c40,286,9803439,317.7308,True,,40,read
cognodb,mixed_c40,287,9804298,565.6867,True,,40,read
cognodb,mixed_c40,288,9804313,310.6891,True,,40,read
cognodb,mixed_c40,289,9804343,312.3429,True,,40,read
cognodb,mixed_c40,290,9805465,273.0303,True,,40,read
cognodb,mixed_c40,291,9809529,294.6113,True,,40,read
cognodb,mixed_c40,292,,647.0564,True,,40,write
cognodb,mixed_c40,293,9811432,286.1681,True,,40,read
cognodb,mixed_c40,294,,651.2999,True,,40,write
cognodb,mixed_c40,295,9812342,258.4757,True,,40,read
cognodb,mixed_c40,296,9906506,283.691,True,,40,read
cognodb,mixed_c40,297,,593.6718,True,,40,write
cognodb,mixed_c40,298,9909234,282.1807,True,,40,read
cognodb,mixed_c40,299,9909512,278.2557,True,,40,read
cognodb,mixed_c40,300,2106,276.6094,True,,40,read
cognodb,mixed_c40,301,,1495.977,True,,40,write
cognodb,mixed_c40,302,,2587.4846,True,,40,write
cognodb,mixed_c40,303,,1498.7723,True,,40,write
cognodb,mixed_c40,304,7211,335.8221,True,,40,read
cognodb,mixed_c40,305,,1453.2568,True,,40,write
cognodb,mixed_c40,306,9292,287.8696,True,,40,read
cognodb,mixed_c40,307,10094,286.1217,True,,40,read
cognodb,mixed_c40,308,10180,285.6168,True,,40,read
cognodb,mixed_c40,309,12020,333.1092,True,,40,read
cognodb,mixed_c40,310,101328,308.5141,True,,40,read
cognodb,mixed_c40,311,102194,307.2798,True,,40,read
cognodb,mixed_c40,312,102318,299.6333,True,,40,read
cognodb,mixed_c40,313,104122,298.9917,True,,40,read
cognodb,mixed_c40,314,104187,284.5257,True,,40,read
cognodb,mixed_c40,315,105349,279.4667,True,,40,read
cognodb,mixed_c40,316,106261,272.5786,True,,40,read
cognodb,mixed_c40,317,107028,285.5241,True,,40,read
cognodb,mixed_c40,318,107093,275.5745,True,,40,read
cognodb,mixed_c40,319,,1269.5677,True,,40,write
cognodb,mixed_c40,320,108250,259.5106,True,,40,read
cognodb,mixed_c40,321,109054,256.5707,True,,40,read
cognodb,mixed_c40,322,109073,283.9825,True,,40,read
cognodb,mixed_c40,323,110264,277.5593,True,,40,read
cognodb,mixed_c40,324,110376,271.367,True,,40,read
cognodb,mixed_c40,325,201053,264.2526,True,,40,read
cognodb,mixed_c40,326,204096,273.2063,True,,40,read
cognodb,mixed_c40,327,204176,268.258,True,,40,read
cognodb,mixed_c40,328,204182,260.2985,True,,40,read
cognodb,mixed_c40,329,205038,293.6623,True,,40,read
cognodb,mixed_c40,330,,1143.8125,True,,40,write
cognodb,mixed_c40,331,207227,263.8813,True,,40,read
cognodb,mixed_c40,332,208138,296.5311,True,,40,read
cognodb,mixed_c40,333,208159,261.7666,True,,40,read
cognodb,mixed_c40,334,209058,256.9751,True,,40,read
cognodb,mixed_c40,335,209108,289.3492,True,,40,read
cognodb,mixed_c40,336,210254,282.0809,True,,40,read
cognodb,mixed_c40,337,302080,271.7787,True,,40,read
cognodb,mixed_c40,338,,1115.7464,True,,40,write
cognodb,mixed_c40,339,9304275,274.0669,True,,40,read
cognodb,mixed_c40,340,9305258,260.1743,True,,40,read
cognodb,mixed_c40,341,9306241,252.3342,True,,40,read
cognodb,mixed_c40,342,9307320,299.5948,True,,40,read
cognodb,mixed_c40,343,9309220,302.6247,True,,40,read
cognodb,mixed_c40,344,9309273,302.2748,True,,40,read
cognodb,mixed_c40,345,9309293,299.4635,True,,40,read
cognodb,mixed_c40,346,9310213,307.2456,True,,40,read
cognodb,mixed_c40,347,9311240,294.48,True,,40,read
cognodb,mixed_c40,348,,1057.9104,True,,40,write
cognodb,mixed_c40,349,9401326,301.4018,True,,40,read
cognodb,mixed_c40,350,9403260,288.054,True,,40,read
cognodb,mixed_c40,351,9403269,297.8466,True,,40,read
cognodb,mixed_c40,352,9407272,274.5265,True,,40,read
cognodb,mixed_c40,353,9407278,276.0615,True,,40,read
cognodb,mixed_c40,354,9407401,274.7094,True,,40,read
cognodb,mixed_c40,355,9501227,254.2517,True,,40,read
cognodb,mixed_c40,356,9501350,262.0186,True,,40,read
cognodb,mixed_c40,357,9501376,257.6117,True,,40,read
cognodb,mixed_c40,358,,1014.5478,True,,40,write
cognodb,mixed_c40,359,,1020.4225,True,,40,write
cognodb,mixed_c40,360,9503294,284.6232,True,,40,read
cognodb,mixed_c40,361,9504347,282.0897,True,,40,read
cognodb,mixed_c40,362,,1003.8574,True,,40,write
cognodb,mixed_c40,363,9505310,262.5372,True,,40,read
cognodb,mixed_c40,364,,960.4368,True,,40,write
cognodb,mixed_c40,365,,978.5193,True,,40,write
cognodb,mixed_c40,366,9509349,258.9357,True,,40,read
cognodb,mixed_c40,367,9603367,263.4839,True,,40,read
cognodb,mixed_c40,368,9603420,262.8252,True,,40,read
cognodb,mixed_c40,369,9606252,262.1236,True,,40,read
cognodb,mixed_c40,370,9609217,261.3787,True,,40,read
cognodb,mixed_c40,371,9609470,277.4185,True,,40,read
cognodb,mixed_c40,372,9610393,274.5947,True,,40,read
cognodb,mixed_c40,373,9701246,276.5583,True,,40,read
cognodb,mixed_c40,374,9702270,264.8965,True,,40,read
cognodb,mixed_c40,375,9703209,261.6156,True,,40,read
cognodb,mixed_c40,376,,840.9307,True,,40,write
cognodb,mixed_c40,377,9703423,263.137,True,,40,read
cognodb,mixed_c40,378,9705262,263.1702,True,,40,read
cognodb,mixed_c40,379,9706541,294.8119,True,,40,read
cognodb,mixed_c40,380,9707250,254.612,True,,40,read
cognodb,mixed_c40,381,9707282,257.5566,True,,40,read
cognodb,mixed_c40,382,9707295,290.0059,True,,40,read
cognodb,mixed_c40,383,9710376,290.1182,True,,40,read
cognodb,mixed_c40,384,9711261,292.6663,True,,40,read
cognodb,mixed_c40,385,9711379,289.4405,True,,40,read
cognodb,mixed_c40,386,9803439,274.6656,True,,40,read
cognodb,mixed_c40,387,,802.2404,True,,40,write
cognodb,mixed_c40,388,9804313,253.6241,True,,40,read
cognodb,mixed_c40,389,9804343,256.4359,True,,40,read
cognodb,mixed_c40,390,9805465,295.8959,True,,40,read
cognodb,mixed_c40,391,9809529,277.5491,True,,40,read
cognodb,mixed_c40,392,9810418,278.4761,True,,40,read
cognodb,mixed_c40,393,,702.9762,True,,40,write
cognodb,mixed_c40,394,9811469,264.2674,True,,40,read
cognodb,mixed_c40,395,9812342,260.9037,True,,40,read
cognodb,mixed_c40,396,9906506,258.19,True,,40,read
cognodb,mixed_c40,397,9907534,262.4204,True,,40,read
cognodb,mixed_c40,398,9909234,265.0007,True,,40,read
cognodb,mixed_c40,399,9909512,262.4358,True,,40,read
cognodb,mixed_c40,400,2106,261.331,True,,40,read
cognodb,mixed_c40,401,,612.3683,True,,40,write
cognodb,mixed_c40,402,6217,250.4177,True,,40,read
cognodb,mixed_c40,403,7077,268.9198,True,,40,read
cognodb,mixed_c40,404,7211,269.7284,True,,40,read
cognodb,mixed_c40,405,7232,270.7651,True,,40,read
cognodb,mixed_c40,406,9292,321.2059,True,,40,read
cognodb,mixed_c40,407,10094,299.174,True,,40,read
cognodb,mixed_c40,408,10180,262.9613,True,,40,read
cognodb,mixed_c40,409,12020,313.548,True,,40,read
cognodb,mixed_c40,410,101328,260.2209,True,,40,read
cognodb,mixed_c40,411,102194,258.7425,True,,40,read
cognodb,mixed_c40,412,102318,287.4943,True,,40,read
cognodb,mixed_c40,413,104122,261.8247,True,,40,read
cognodb,mixed_c40,414,104187,260.585,True,,40,read
cognodb,mixed_c40,415,105349,257.2913,True,,40,read
cognodb,mixed_c40,416,,507.1529,True,,40,write
cognodb,mixed_c40,417,107028,276.1895,True,,40,read
cognodb,mixed_c40,418,,2742.432,True,,40,write
cognodb,mixed_c40,419,107295,270.2719,True,,40,read
cognodb,mixed_c40,420,108250,337.94,True,,40,read
cognodb,mixed_c40,421,109054,350.363,True,,40,read
cognodb,mixed_c40,422,109073,339.5724,True,,40,read
cognodb,mixed_c40,423,110264,287.5273,True,,40,read
cognodb,mixed_c40,424,110376,287.4616,True,,40,read
cognodb,mixed_c40,425,201053,278.2822,True,,40,read
cognodb,mixed_c40,426,204096,271.6291,True,,40,read
cognodb,mixed_c40,427,204176,277.88,True,,40,read
cognodb,mixed_c40,428,204182,255.4739,True,,40,read
cognodb,mixed_c40,429,205038,296.474,True,,40,read
cognodb,mixed_c40,430,207048,293.7832,True,,40,read
cognodb,mixed_c40,431,207227,300.6704,True,,40,read
cognodb,mixed_c40,432,208138,296.1261,True,,40,read
cognodb,mixed_c40,433,208159,286.6565,True,,40,read
cognodb,mixed_c40,434,209058,283.2759,True,,40,read
cognodb,mixed_c40,435,209108,280.0924,True,,40,read
cognodb,mixed_c40,436,210254,265.079,True,,40,read
cognodb,mixed_c40,437,302080,268.3882,True,,40,read
cognodb,mixed_c40,438,9208245,261.1362,True,,40,read
cognodb,mixed_c40,439,9304275,260.5821,True,,40,read
cognodb,mixed_c40,440,9305258,261.4106,True,,40,read
cognodb,mixed_c40,441,,1112.3212,True,,40,write
cognodb,mixed_c40,442,9307320,287.3094,True,,40,read
cognodb,mixed_c40,443,9309220,273.4206,True,,40,read
cognodb,mixed_c40,444,9309273,270.499,True,,40,read
cognodb,mixed_c40,445,9309293,257.8016,True,,40,read
cognodb,mixed_c40,446,,1078.0362,True,,40,write
cognodb,mixed_c40,447,,1073.7899,True,,40,write
cognodb,mixed_c40,448,9401244,301.6479,True,,40,read
cognodb,mixed_c40,449,9401326,300.8279,True,,40,read
cognodb,mixed_c40,450,9403260,303.9356,True,,40,read
cognodb,mixed_c40,451,9403269,308.5038,True,,40,read
cognodb,mixed_c40,452,9407272,298.3884,True,,40,read
cognodb,mixed_c40,453,9407278,248.3251,True,,40,read
cognodb,mixed_c40,454,9407401,247.8333,True,,40,read
cognodb,mixed_c40,455,9501227,295.8461,True,,40,read
cognodb,mixed_c40,456,,1031.0685,True,,40,write
cognodb,mixed_c40,457,9501376,291.7691,True,,40,read
cognodb,mixed_c40,458,9502306,285.0111,True,,40,read
cognodb,mixed_c40,459,9502360,291.5376,True,,40,read
cognodb,mixed_c40,460,9503294,303.2617,True,,40,read
cognodb,mixed_c40,461,9504347,290.5131,True,,40,read
cognodb,mixed_c40,462,,1026.1643,True,,40,write
cognodb,mixed_c40,463,,1043.1841,True,,40,write
cognodb,mixed_c40,464,,1056.4137,True,,40,write
cognodb,mixed_c40,465,9508299,271.3344,True,,40,read
cognodb,mixed_c40,466,9509349,264.7616,True,,40,read
cognodb,mixed_c40,467,9603367,252.0055,True,,40,read
cognodb,mixed_c40,468,9603420,271.3191,True,,40,read
cognodb,mixed_c40,469,,1026.3692,True,,40,write
cognodb,mixed_c40,470,9609217,269.7274,True,,40,read
cognodb,mixed_c40,471,9609470,265.337,True,,40,read
cognodb,mixed_c40,472,9610393,269.893,True,,40,read
cognodb,mixed_c40,473,,1031.27,True,,40,write
cognodb,mixed_c40,474,,1027.1997,True,,40,write
cognodb,mixed_c40,475,9703209,273.5438,True,,40,read
cognodb,mixed_c40,476,9703232,268.6955,True,,40,read
cognodb,mixed_c40,477,9703423,251.4073,True,,40,read
cognodb,mixed_c40,478,9705262,268.4311,True,,40,read
cognodb,mixed_c40,479,9706541,262.944,True,,40,read
cognodb,mixed_c40,480,9707250,257.3933,True,,40,read
cognodb,mixed_c40,481,9707282,295.6251,True,,40,read
cognodb,mixed_c40,482,,964.3532,True,,40,write
cognodb,mixed_c40,483,9710376,259.6706,True,,40,read
cognodb,mixed_c40,484,9711261,259.7995,True,,40,read
cognodb,mixed_c40,485,,920.789,True,,40,write
cognodb,mixed_c40,486,9803439,259.6826,True,,40,read
cognodb,mixed_c40,487,9804298,256.7679,True,,40,read
cognodb,mixed_c40,488,9804313,259.7513,True,,40,read
cognodb,mixed_c40,489,9804343,301.9982,True,,40,read
cognodb,mixed_c40,490,9805465,254.8304,True,,40,read
cognodb,mixed_c40,491,9809529,297.0719,True,,40,read
cognodb,mixed_c40,492,9810418,292.793,True,,40,read
cognodb,mixed_c40,493,,915.0347,True,,40,write
cognodb,mixed_c40,494,,899.7809,True,,40,write
cognodb,mixed_c40,495,9812342,269.4678,True,,40,read
cognodb,mixed_c40,496,9906506,274.5439,True,,40,read
cognodb,mixed_c40,497,9907534,271.1313,True,,40,read
cognodb,mixed_c40,498,9909234,286.265,True,,40,read
cognodb,mixed_c40,499,9909512,293.7432,True,,40,read
cognodb,mixed_c40,500,2106,252.7063,True,,40,read
cognodb,mixed_c40,501,6114,293.0452,True,,40,read
cognodb,mixed_c40,502,6217,289.0471,True,,40,read
cognodb,mixed_c40,503,,844.4163,True,,40,write
cognodb,mixed_c40,504,7211,259.9679,True,,40,read
cognodb,mixed_c40,505,7232,248.284,True,,40,read
cognodb,mixed_c40,506,,840.0279,True,,40,write
cognodb,mixed_c40,507,10094,255.9191,True,,40,read
cognodb,mixed_c40,508,10180,253.0478,True,,40,read
cognodb,mixed_c40,509,,805.4478,True,,40,write
cognodb,mixed_c40,510,101328,280.0268,True,,40,read
cognodb,mixed_c40,511,102194,280.4914,True,,40,read
cognodb,mixed_c40,512,102318,258.2542,True,,40,read
cognodb,mixed_c40,513,104122,251.8328,True,,40,read
cognodb,mixed_c40,514,104187,251.3144,True,,40,read
cognodb,mixed_c40,515,105349,265.0047,True,,40,read
cognodb,mixed_c40,516,106261,315.5399,True,,40,read
cognodb,mixed_c40,517,107028,323.961,True,,40,read
cognodb,mixed_c40,518,107093,295.9546,True,,40,read
cognodb,mixed_c40,519,107295,305.5833,True,,40,read
cognodb,mixed_c40,520,108250,306.7205,True,,40,read
cognodb,mixed_c40,521,109054,299.8182,True,,40,read
cognodb,mixed_c40,522,109073,284.2292,True,,40,read
cognodb,mixed_c40,523,110264,286.2182,True,,40,read
cognodb,mixed_c40,524,110376,263.7099,True,,40,read
cognodb,mixed_c40,525,201053,268.6602,True,,40,read
cognodb,mixed_c40,526,204096,306.2552,True,,40,read
cognodb,mixed_c40,527,204176,256.0344,True,,40,read
cognodb,mixed_c40,528,204182,260.1162,True,,40,read
cognodb,mixed_c40,529,205038,251.4693,True,,40,read
cognodb,mixed_c40,530,207048,255.3984,True,,40,read
cognodb,mixed_c40,531,207227,265.9679,True,,40,read
cognodb,mixed_c40,532,208138,265.5724,True,,40,read
cognodb,mixed_c40,533,208159,255.9518,True,,40,read
cognodb,mixed_c40,534,209058,255.4878,True,,40,read
cognodb,mixed_c40,535,209108,279.4891,True,,40,read
cognodb,mixed_c40,536,210254,268.7553,True,,40,read
cognodb,mixed_c40,537,302080,311.9224,True,,40,read
cognodb,mixed_c40,538,9208245,313.9772,True,,40,read
cognodb,mixed_c40,539,,2593.7596,True,,40,write
cognodb,mixed_c40,540,9305258,312.645,True,,40,read
cognodb,mixed_c40,541,9306241,298.7382,True,,40,read
cognodb,mixed_c40,542,9307320,300.7568,True,,40,read
cognodb,mixed_c40,543,9309220,293.2652,True,,40,read
cognodb,mixed_c40,544,9309273,283.269,True,,40,read
cognodb,mixed_c40,545,9309293,278.5895,True,,40,read
cognodb,mixed_c40,546,,1492.2477,True,,40,write
cognodb,mixed_c40,547,9311240,278.1855,True,,40,read
cognodb,mixed_c40,548,9401244,293.1423,True,,40,read
cognodb,mixed_c40,549,9401326,294.027,True,,40,read
cognodb,mixed_c40,550,9403260,292.8788,True,,40,read
cognodb,mixed_c40,551,9403269,294.8506,True,,40,read
cognodb,mixed_c40,552,9407272,261.0497,True,,40,read
cognodb,mixed_c40,553,9407278,280.1236,True,,40,read
cognodb,mixed_c40,554,9407401,266.3085,True,,40,read
cognodb,mixed_c40,555,9501227,278.8772,True,,40,read
cognodb,mixed_c40,556,9501350,268.438,True,,40,read
cognodb,mixed_c40,557,9501376,252.7822,True,,40,read
cognodb,mixed_c40,558,9502306,251.2582,True,,40,read
cognodb,mixed_c40,559,9502360,272.2957,True,,40,read
cognodb,mixed_c40,560,9503294,272.2382,True,,40,read
cognodb,mixed_c40,561,,1354.2949,True,,40,write
cognodb,mixed_c40,562,9505303,270.359,True,,40,read
cognodb,mixed_c40,563,,1333.6329,True,,40,write
cognodb,mixed_c40,564,9505324,264.2115,True,,40,read
cognodb,mixed_c40,565,,1326.459,True,,40,write
cognodb,mixed_c40,566,9509349,283.6529,True,,40,read
cognodb,mixed_c40,567,9603367,270.8253,True,,40,read
cognodb,mixed_c40,568,9603420,276.2542,True,,40,read
cognodb,mixed_c40,569,9606252,302.6432,True,,40,read
cognodb,mixed_c40,570,9609217,273.8535,True,,40,read
cognodb,mixed_c40,571,9609470,294.8816,True,,40,read
cognodb,mixed_c40,572,,1247.8901,True,,40,write
cognodb,mixed_c40,573,9701246,305.1373,True,,40,read
cognodb,mixed_c40,574,9702270,304.801,True,,40,read
cognodb,mixed_c40,575,9703209,299.7099,True,,40,read
cognodb,mixed_c40,576,9703232,314.4564,True,,40,read
cognodb,mixed_c40,577,9703423,304.9569,True,,40,read
cognodb,mixed_c40,578,9705262,289.5439,True,,40,read
cognodb,mixed_c40,579,9706541,309.9489,True,,40,read
cognodb,mixed_c40,580,,1243.5865,True,,40,write
cognodb,mixed_c40,581,9707282,295.0976,True,,40,read
cognodb,mixed_c40,582,9707295,291.7284,True,,40,read
cognodb,mixed_c40,583,9710376,283.2254,True,,40,read
cognodb,mixed_c40,584,9711261,269.1641,True,,40,read
cognodb,mixed_c40,585,9711379,278.1333,True,,40,read
cognodb,mixed_c40,586,9803439,263.6266,True,,40,read
cognodb,mixed_c40,587,9804298,270.2174,True,,40,read
cognodb,mixed_c40,588,9804313,267.2468,True,,40,read
cognodb,mixed_c40,589,9804343,272.0993,True,,40,read
cognodb,mixed_c40,590,,1176.685,True,,40,write
cognodb,mixed_c40,591,9809529,270.9477,True,,40,read
cognodb,mixed_c40,592,,1199.0765,True,,40,write
cognodb,mixed_c40,593,9811432,255.8914,True,,40,read
cognodb,mixed_c40,594,9811469,254.2112,True,,40,read
cognodb,mixed_c40,595,9812342,289.2853,True,,40,read
cognodb,mixed_c40,596,,1176.7884,True,,40,write
cognodb,mixed_c40,597,9907534,263.6799,True,,40,read
cognodb,mixed_c40,598,9909234,261.8901,True,,40,read
cognodb,mixed_c40,599,9909512,259.0279,True,,40,read
cognodb,mixed_c40,600,2106,286.0247,True,,40,read
cognodb,mixed_c40,601,,1112.3166,True,,40,write
cognodb,mixed_c40,602,6217,269.9299,True,,40,read
cognodb,mixed_c40,603,7077,325.8189,True,,40,read
cognodb,mixed_c40,604,,1059.1367,True,,40,write
cognodb,mixed_c40,605,7232,302.0526,True,,40,read
cognodb,mixed_c40,606,9292,287.9806,True,,40,read
cognodb,mixed_c40,607,10094,306.4669,True,,40,read
cognodb,mixed_c40,608,10180,297.994,True,,40,read
cognodb,mixed_c40,609,12020,296.4891,True,,40,read
cognodb,mixed_c40,610,101328,291.0113,True,,40,read
cognodb,mixed_c40,611,102194,299.5017,True,,40,read
cognodb,mixed_c40,612,102318,296.757,True,,40,read
cognodb,mixed_c40,613,104122,289.5927,True,,40,read
cognodb,mixed_c40,614,104187,284.1435,True,,40,read
cognodb,mixed_c40,615,105349,290.2272,True,,40,read
cognodb,mixed_c40,616,106261,287.6356,True,,40,read
cognodb,mixed_c40,617,107028,284.479,True,,40,read
cognodb,mixed_c40,618,107093,280.5229,True,,40,read
cognodb,mixed_c40,619,107295,287.1309,True,,40,read
cognodb,mixed_c40,620,108250,280.4024,True,,40,read
cognodb,mixed_c40,621,109054,263.3144,True,,40,read
cognodb,mixed_c40,622,,972.8594,True,,40,write
cognodb,mixed_c40,623,110264,259.5325,True,,40,read
cognodb,mixed_c40,624,110376,333.0298,True,,40,read
cognodb,mixed_c40,625,201053,307.1767,True,,40,read
cognodb,mixed_c40,626,,946.984,True,,40,write
cognodb,mixed_c40,627,204176,284.47,True,,40,read
cognodb,mixed_c40,628,204182,285.9529,True,,40,read
cognodb,mixed_c40,629,205038,261.7104,True,,40,read
cognodb,mixed_c40,630,207048,261.1027,True,,40,read
cognodb,mixed_c40,631,207227,271.5951,True,,40,read
cognodb,mixed_c40,632,208138,269.9804,True,,40,read
cognodb,mixed_c40,633,208159,265.5215,True,,40,read
cognodb,mixed_c40,634,209058,256.3733,True,,40,read
cognodb,mixed_c40,635,209108,249.1275,True,,40,read
cognodb,mixed_c40,636,,752.8179,True,,40,write
cognodb,mixed_c40,637,302080,286.0411,True,,40,read
cognodb,mixed_c40,638,9208245,319.8561,True,,40,read
cognodb,mixed_c40,639,9304275,309.2016,True,,40,read
cognodb,mixed_c40,640,9305258,293.7508,True,,40,read
cognodb,mixed_c40,641,9306241,300.8215,True,,40,read
cognodb,mixed_c40,642,9307320,311.0699,True,,40,read
cognodb,mixed_c40,643,9309220,317.569,True,,40,read
cognodb,mixed_c40,644,9309273,295.3089,True,,40,read
cognodb,mixed_c40,645,9309293,301.582,True,,40,read
cognodb,mixed_c40,646,9310213,280.7046,True,,40,read
cognodb,mixed_c40,647,9311240,303.8271,True,,40,read
cognodb,mixed_c40,648,9401244,273.0107,True,,40,read
cognodb,mixed_c40,649,9401326,299.9906,True,,40,read
cognodb,mixed_c40,650,9403260,301.9046,True,,40,read
cognodb,mixed_c40,651,9403269,296.4558,True,,40,read
cognodb,mixed_c40,652,9407272,297.1126,True,,40,read
cognodb,mixed_c40,653,9407278,296.1568,True,,40,read
cognodb,mixed_c40,654,9407401,273.2186,True,,40,read
cognodb,mixed_c40,655,9501227,271.3353,True,,40,read
cognodb,mixed_c40,656,9501350,274.9426,True,,40,read
cognodb,mixed_c40,657,9501376,272.8329,True,,40,read
cognodb,mixed_c40,658,9502306,273.0262,True,,40,read
cognodb,mixed_c40,659,9502360,264.6171,True,,40,read
cognodb,mixed_c40,660,9503294,261.7802,True,,40,read
cognodb,mixed_c40,661,9504347,306.7947,True,,40,read
cognodb,mixed_c40,662,9505303,262.6157,True,,40,read
cognodb,mixed_c40,663,9505310,290.9351,True,,40,read
cognodb,mixed_c40,664,,498.0819,True,,40,write
cognodb,mixed_c40,665,,484.6415,True,,40,write
cognodb,mixed_c40,666,9509349,283.9466,True,,40,read
cognodb,mixed_c40,667,9603367,284.8735,True,,40,read
cognodb,mixed_c40,668,9603420,288.0508,True,,40,read
cognodb,mixed_c40,669,9606252,282.9966,True,,40,read
cognodb,mixed_c40,670,9609217,271.0012,True,,40,read
cognodb,mixed_c40,671,9609470,275.4724,True,,40,read
cognodb,mixed_c40,672,9610393,374.7832,True,,40,read
cognodb,mixed_c40,673,9701246,363.9851,True,,40,read
cognodb,mixed_c40,674,,2557.7272,True,,40,write
cognodb,mixed_c40,675,9703209,294.9242,True,,40,read
cognodb,mixed_c40,676,9703232,302.7583,True,,40,read
cognodb,mixed_c40,677,9703423,290.7753,True,,40,read
cognodb,mixed_c40,678,9705262,276.523,True,,40,read
cognodb,mixed_c40,679,9706541,279.9769,True,,40,read
cognodb,mixed_c40,680,,1195.5954,True,,40,write
cognodb,mixed_c40,681,9707282,265.3706,True,,40,read
cognodb,mixed_c40,682,9707295,265.3855,True,,40,read
cognodb,mixed_c40,683,9710376,266.8967,True,,40,read
cognodb,mixed_c40,684,9711261,263.2768,True,,40,read
cognodb,mixed_c40,685,9711379,294.1029,True,,40,read
cognodb,mixed_c40,686,9803439,253.983,True,,40,read
cognodb,mixed_c40,687,9804298,261.9327,True,,40,read
cognodb,mixed_c40,688,,1139.5003,True,,40,write
cognodb,mixed_c40,689,9804343,305.7384,True,,40,read
cognodb,mixed_c40,690,9805465,298.3579,True,,40,read
cognodb,mixed_c40,691,9809529,310.8677,True,,40,read
cognodb,mixed_c40,692,9810418,304.1184,True,,40,read
cognodb,mixed_c40,693,9811432,299.7385,True,,40,read
cognodb,mixed_c40,694,9811469,289.9455,True,,40,read
cognodb,mixed_c40,695,9812342,282.7511,True,,40,read
cognodb,mixed_c40,696,9906506,280.4423,True,,40,read
cognodb,mixed_c40,697,9907534,285.9268,True,,40,read
cognodb,mixed_c40,698,9909234,273.7455,True,,40,read
cognodb,mixed_c40,699,9909512,262.202,True,,40,read
cognodb,mixed_c40,700,2106,264.9339,True,,40,read
cognodb,mixed_c40,701,6114,281.5882,True,,40,read
cognodb,mixed_c40,702,6217,314.9866,True,,40,read
cognodb,mixed_c40,703,7077,323.1214,True,,40,read
cognodb,mixed_c40,704,7211,312.9076,True,,40,read
cognodb,mixed_c40,705,7232,316.1378,True,,40,read
cognodb,mixed_c40,706,9292,318.7282,True,,40,read
cognodb,mixed_c40,707,10094,300.521,True,,40,read
cognodb,mixed_c40,708,10180,310.4297,True,,40,read
cognodb,mixed_c40,709,12020,314.5854,True,,40,read
cognodb,mixed_c40,710,101328,315.6223,True,,40,read
cognodb,mixed_c40,711,102194,294.7936,True,,40,read
cognodb,mixed_c40,712,102318,301.3718,True,,40,read
cognodb,mixed_c40,713,104122,281.8531,True,,40,read
cognodb,mixed_c40,714,,988.2357,True,,40,write
cognodb,mixed_c40,715,105349,296.4498,True,,40,read
cognodb,mixed_c40,716,106261,260.0349,True,,40,read
cognodb,mixed_c40,717,107028,298.5783,True,,40,read
cognodb,mixed_c40,718,,939.8282,True,,40,write
cognodb,mixed_c40,719,107295,297.3778,True,,40,read
cognodb,mixed_c40,720,108250,259.7058,True,,40,read
cognodb,mixed_c40,721,109054,257.5255,True,,40,read
cognodb,mixed_c40,722,109073,281.0525,True,,40,read
cognodb,mixed_c40,723,,899.052,True,,40,write
cognodb,mixed_c40,724,110376,298.2276,True,,40,read
cognodb,mixed_c40,725,201053,316.7747,True,,40,read
cognodb,mixed_c40,726,204096,311.2847,True,,40,read
cognodb,mixed_c40,727,204176,306.4197,True,,40,read
cognodb,mixed_c40,728,,859.9117,True,,40,write
cognodb,mixed_c40,729,205038,301.4198,True,,40,read
cognodb,mixed_c40,730,207048,295.6246,True,,40,read
cognodb,mixed_c40,731,,897.6098,True,,40,write
cognodb,mixed_c40,732,208138,283.9465,True,,40,read
cognodb,mixed_c40,733,208159,300.9796,True,,40,read
cognodb,mixed_c40,734,209058,282.9497,True,,40,read
cognodb,mixed_c40,735,209108,292.1968,True,,40,read
cognodb,mixed_c40,736,,880.6439,True,,40,write
cognodb,mixed_c40,737,302080,263.0297,True,,40,read
cognodb,mixed_c40,738,9208245,288.0713,True,,40,read
cognodb,mixed_c40,739,9304275,289.3627,True,,40,read
cognodb,mixed_c40,740,9305258,292.0007,True,,40,read
cognodb,mixed_c40,741,9306241,284.6259,True,,40,read
cognodb,mixed_c40,742,,816.0709,True,,40,write
cognodb,mixed_c40,743,9309220,278.4995,True,,40,read
cognodb,mixed_c40,744,9309273,287.1952,True,,40,read
cognodb,mixed_c40,745,,794.7014,True,,40,write
cognodb,mixed_c40,746,9310213,273.1855,True,,40,read
cognodb,mixed_c40,747,,798.8971,True,,40,write
cognodb,mixed_c40,748,9401244,274.7636,True,,40,read
cognodb,mixed_c40,749,,810.1208,True,,40,write
cognodb,mixed_c40,750,,854.7745,True,,40,write
cognodb,mixed_c40,751,,809.3239,True,,40,write
cognodb,mixed_c40,752,,797.0702,True,,40,write
cognodb,mixed_c40,753,9407278,251.0506,True,,40,read
cognodb,mixed_c40,754,,819.5414,True,,40,write
cognodb,mixed_c40,755,9501227,257.4734,True,,40,read
cognodb,mixed_c40,756,9501350,256.9363,True,,40,read
cognodb,mixed_c40,757,,778.6754,True,,40,write
cognodb,mixed_c40,758,9502306,311.9689,True,,40,read
cognodb,mixed_c40,759,9502360,317.4874,True,,40,read
cognodb,mixed_c40,760,9503294,322.7521,True,,40,read
cognodb,mixed_c40,761,9504347,315.163,True,,40,read
cognodb,mixed_c40,762,9505303,306.3639,True,,40,read
cognodb,mixed_c40,763,9505310,310.2843,True,,40,read
cognodb,mixed_c40,764,9505324,299.5889,True,,40,read
cognodb,mixed_c40,765,9508299,299.3192,True,,40,read
cognodb,mixed_c40,766,9509349,307.6,True,,40,read
cognodb,mixed_c40,767,9603367,306.1571,True,,40,read
cognodb,mixed_c40,768,9603420,307.6242,True,,40,read
cognodb,mixed_c40,769,9606252,269.8355,True,,40,read
cognodb,mixed_c40,770,9609217,295.8864,True,,40,read
cognodb,mixed_c40,771,,697.0474,True,,40,write
cognodb,mixed_c40,772,9610393,321.7876,True,,40,read
cognodb,mixed_c40,773,9701246,315.5719,True,,40,read
cognodb,mixed_c40,774,9702270,317.7886,True,,40,read
cognodb,mixed_c40,775,9703209,312.1756,True,,40,read
cognodb,mixed_c40,776,9703232,292.0452,True,,40,read
cognodb,mixed_c40,777,9703423,251.8528,True,,40,read
cognodb,mixed_c40,778,,642.846,True,,40,write
cognodb,mixed_c40,779,9706541,295.3108,True,,40,read
cognodb,mixed_c40,780,9707250,285.041,True,,40,read
cognodb,mixed_c40,781,9707282,294.3023,True,,40,read
cognodb,mixed_c40,782,9707295,284.6497,True,,40,read
cognodb,mixed_c40,783,9710376,286.664,True,,40,read
cognodb,mixed_c40,784,9711261,276.7874,True,,40,read
cognodb,mixed_c40,785,9711379,279.0858,True,,40,read
cognodb,mixed_c40,786,9803439,278.634,True,,40,read
cognodb,mixed_c40,787,9804298,280.6272,True,,40,read
cognodb,mixed_c40,788,9804313,280.4799,True,,40,read
cognodb,mixed_c40,789,9804343,339.8169,True,,40,read
cognodb,mixed_c40,790,9805465,298.9303,True,,40,read
cognodb,mixed_c40,791,9809529,298.3486,True,,40,read
cognodb,mixed_c40,792,9810418,294.6967,True,,40,read
cognodb,mixed_c40,793,9811432,289.918,True,,40,read
cognodb,mixed_c40,794,9811469,283.4341,True,,40,read
cognodb,mixed_c40,795,9812342,279.7591,True,,40,read
cognodb,mixed_c40,796,9906506,274.6527,True,,40,read
cognodb,mixed_c40,797,9907534,287.6446,True,,40,read
cognodb,mixed_c40,798,9909234,255.9628,True,,40,read
cognodb,mixed_c40,799,9909512,272.8029,True,,40,read
cognodb,mixed_c40,800,,2672.0301,True,,40,write
cognodb,mixed_c40,801,6114,259.8787,True,,40,read
cognodb,mixed_c40,802,,1269.515,True,,40,write
cognodb,mixed_c40,803,7077,261.2114,True,,40,read
cognodb,mixed_c40,804,7211,292.9115,True,,40,read
cognodb,mixed_c40,805,7232,302.6992,True,,40,read
cognodb,mixed_c40,806,9292,302.7316,True,,40,read
cognodb,mixed_c40,807,10094,299.3073,True,,40,read
cognodb,mixed_c40,808,10180,293.5768,True,,40,read
cognodb,mixed_c40,809,12020,293.8368,True,,40,read
cognodb,mixed_c40,810,,1216.4258,True,,40,write
cognodb,mixed_c40,811,102194,301.2527,True,,40,read
cognodb,mixed_c40,812,,1235.1332,True,,40,write
cognodb,mixed_c40,813,,1225.1025,True,,40,write
cognodb,mixed_c40,814,104187,247.7316,True,,40,read
cognodb,mixed_c40,815,105349,294.9655,True,,40,read
cognodb,mixed_c40,816,106261,288.1256,True,,40,read
cognodb,mixed_c40,817,107028,282.5198,True,,40,read
cognodb,mixed_c40,818,,1221.0609,True,,40,write
cognodb,mixed_c40,819,107295,268.1516,True,,40,read
cognodb,mixed_c40,820,108250,263.6241,True,,40,read
cognodb,mixed_c40,821,109054,254.8399,True,,40,read
cognodb,mixed_c40,822,109073,290.1502,True,,40,read
cognodb,mixed_c40,823,110264,266.3313,True,,40,read
cognodb,mixed_c40,824,110376,268.7811,True,,40,read
cognodb,mixed_c40,825,201053,270.8573,True,,40,read
cognodb,mixed_c40,826,,1162.1951,True,,40,write
cognodb,mixed_c40,827,204176,265.4556,True,,40,read
cognodb,mixed_c40,828,204182,261.324,True,,40,read
cognodb,mixed_c40,829,205038,291.9282,True,,40,read
cognodb,mixed_c40,830,207048,290.4236,True,,40,read
cognodb,mixed_c40,831,207227,284.9792,True,,40,read
cognodb,mixed_c40,832,,1185.7137,True,,40,write
cognodb,mixed_c40,833,,1194.4773,True,,40,write
cognodb,mixed_c40,834,209058,266.3434,True,,40,read
cognodb,mixed_c40,835,,1162.9152,True,,40,write
cognodb,mixed_c40,836,210254,257.9187,True,,40,read
cognodb,mixed_c40,837,,1128.0824,True,,40,write
cognodb,mixed_c40,838,9208245,257.8483,True,,40,read
cognodb,mixed_c40,839,9304275,257.8791,True,,40,read
cognodb,mixed_c40,840,9305258,280.4896,True,,40,read
cognodb,mixed_c40,841,9306241,259.3808,True,,40,read
cognodb,mixed_c40,842,9307320,258.6463,True,,40,read
cognodb,mixed_c40,843,9309220,261.5793,True,,40,read
cognodb,mixed_c40,844,9309273,266.0623,True,,40,read
cognodb,mixed_c40,845,9309293,260.0394,True,,40,read
cognodb,mixed_c40,846,9310213,266.4455,True,,40,read
cognodb,mixed_c40,847,9311240,260.6214,True,,40,read
cognodb,mixed_c40,848,,1046.9325,True,,40,write
cognodb,mixed_c40,849,9401326,261.3385,True,,40,read
cognodb,mixed_c40,850,,1033.2777,True,,40,write
cognodb,mixed_c40,851,9403269,301.8443,True,,40,read
cognodb,mixed_c40,852,,1047.6282,True,,40,write
cognodb,mixed_c40,853,9407278,254.5859,True,,40,read
cognodb,mixed_c40,854,,1050.1243,True,,40,write
cognodb,mixed_c40,855,9501227,299.0441,True,,40,read
cognodb,mixed_c40,856,,1052.07,True,,40,write
cognodb,mixed_c40,857,9501376,297.6571,True,,40,read
cognodb,mixed_c40,858,9502306,290.3372,True,,40,read
cognodb,mixed_c40,859,9502360,294.1505,True,,40,read
cognodb,mixed_c40,860,9503294,289.5219,True,,40,read
cognodb,mixed_c40,861,9504347,265.1408,True,,40,read
cognodb,mixed_c40,862,9505303,261.5937,True,,40,read
cognodb,mixed_c40,863,9505310,305.4861,True,,40,read
cognodb,mixed_c40,864,,1014.9294,True,,40,write
cognodb,mixed_c40,865,9508299,251.3924,True,,40,read
cognodb,mixed_c40,866,9509349,251.1774,True,,40,read
cognodb,mixed_c40,867,9603367,269.0279,True,,40,read
cognodb,mixed_c40,868,9603420,268.415,True,,40,read
cognodb,mixed_c40,869,9606252,281.2797,True,,40,read
cognodb,mixed_c40,870,,906.743,True,,40,write
cognodb,mixed_c40,871,9609470,260.1964,True,,40,read
cognodb,mixed_c40,872,,872.6534,True,,40,write
cognodb,mixed_c40,873,9701246,259.0904,True,,40,read
cognodb,mixed_c40,874,9702270,261.6347,True,,40,read
cognodb,mixed_c40,875,9703209,263.7812,True,,40,read
cognodb,mixed_c40,876,9703232,266.974,True,,40,read
cognodb,mixed_c40,877,9703423,262.9877,True,,40,read
cognodb,mixed_c40,878,,833.6109,True,,40,write
cognodb,mixed_c40,879,9706541,250.377,True,,40,read
cognodb,mixed_c40,880,9707250,248.5258,True,,40,read
cognodb,mixed_c40,881,9707282,271.6517,True,,40,read
cognodb,mixed_c40,882,9707295,270.0529,True,,40,read
cognodb,mixed_c40,883,,801.2042,True,,40,write
cognodb,mixed_c40,884,,788.54,True,,40,write
cognodb,mixed_c40,885,9711379,264.366,True,,40,read
cognodb,mixed_c40,886,,813.0946,True,,40,write
cognodb,mixed_c40,887,,767.7209,True,,40,write
cognodb,mixed_c40,888,9804313,246.845,True,,40,read
cognodb,mixed_c40,889,9804343,268.1895,True,,40,read
cognodb,mixed_c40,890,9805465,291.7597,True,,40,read
cognodb,mixed_c40,891,9809529,303.2225,True,,40,read
cognodb,mixed_c40,892,9810418,289.4139,True,,40,read
cognodb,mixed_c40,893,9811432,278.5077,True,,40,read
cognodb,mixed_c40,894,9811469,275.6653,True,,40,read
cognodb,mixed_c40,895,9812342,279.3369,True,,40,read
cognodb,mixed_c40,896,9906506,275.2747,True,,40,read
cognodb,mixed_c40,897,9907534,274.1221,True,,40,read
cognodb,mixed_c40,898,9909234,249.8542,True,,40,read
cognodb,mixed_c40,899,,608.4211,True,,40,write
cognodb,mixed_c40,900,2106,266.7606,True,,40,read
cognodb,mixed_c40,901,6114,265.0756,True,,40,read
cognodb,mixed_c40,902,6217,265.0082,True,,40,read
cognodb,mixed_c40,903,7077,313.3768,True,,40,read
cognodb,mixed_c40,904,7211,271.8001,True,,40,read
cognodb,mixed_c40,905,7232,353.3476,True,,40,read
cognodb,mixed_c40,906,9292,305.593,True,,40,read
cognodb,mixed_c40,907,10094,302.1813,True,,40,read
cognodb,mixed_c40,908,10180,306.6006,True,,40,read
cognodb,mixed_c40,909,,2710.3505,True,,40,write
cognodb,mixed_c40,910,101328,294.3735,True,,40,read
cognodb,mixed_c40,911,102194,306.7499,True,,40,read
cognodb,mixed_c40,912,102318,302.3169,True,,40,read
cognodb,mixed_c40,913,104122,338.1592,True,,40,read
cognodb,mixed_c40,914,104187,342.2704,True,,40,read
cognodb,mixed_c40,915,105349,310.4313,True,,40,read
cognodb,mixed_c40,916,106261,303.2932,True,,40,read
cognodb,mixed_c40,917,107028,312.6072,True,,40,read
cognodb,mixed_c40,918,107093,291.9435,True,,40,read
cognodb,mixed_c40,919,107295,300.3998,True,,40,read
cognodb,mixed_c40,920,108250,279.8628,True,,40,read
cognodb,mixed_c40,921,,1389.9948,True,,40,write
cognodb,mixed_c40,922,109073,278.8277,True,,40,read
cognodb,mixed_c40,923,110264,268.163,True,,40,read
cognodb,mixed_c40,924,110376,267.1657,True,,40,read
cognodb,mixed_c40,925,201053,268.2661,True,,40,read
cognodb,mixed_c40,926,204096,297.0923,True,,40,read
cognodb,mixed_c40,927,204176,288.767,True,,40,read
cognodb,mixed_c40,928,204182,279.0125,True,,40,read
cognodb,mixed_c40,929,205038,268.316,True,,40,read
cognodb,mixed_c40,930,207048,262.9449,True,,40,read
cognodb,mixed_c40,931,,1292.5975,True,,40,write
cognodb,mixed_c40,932,208138,275.5513,True,,40,read
cognodb,mixed_c40,933,208159,267.1028,True,,40,read
cognodb,mixed_c40,934,209058,257.679,True,,40,read
cognodb,mixed_c40,935,,1258.4079,True,,40,write
cognodb,mixed_c40,936,,1266.9168,True,,40,write
cognodb,mixed_c40,937,302080,297.6867,True,,40,read
cognodb,mixed_c40,938,9208245,295.926,True,,40,read
cognodb,mixed_c40,939,9304275,287.906,True,,40,read
cognodb,mixed_c40,940,9305258,289.9433,True,,40,read
cognodb,mixed_c40,941,9306241,283.9183,True,,40,read
cognodb,mixed_c40,942,9307320,283.4301,True,,40,read
cognodb,mixed_c40,943,9309220,274.3785,True,,40,read
cognodb,mixed_c40,944,9309273,269.7819,True,,40,read
cognodb,mixed_c40,945,,1263.5405,True,,40,write
cognodb,mixed_c40,946,,1262.3002,True,,40,write
cognodb,mixed_c40,947,9311240,267.7056,True,,40,read
cognodb,mixed_c40,948,9401244,256.1474,True,,40,read
cognodb,mixed_c40,949,9401326,259.4079,True,,40,read
cognodb,mixed_c40,950,9403260,333.6646,True,,40,read
cognodb,mixed_c40,951,9403269,305.2823,True,,40,read
cognodb,mixed_c40,952,,1225.5615,True,,40,write
cognodb,mixed_c40,953,9407278,329.2093,True,,40,read
cognodb,mixed_c40,954,9407401,329.7837,True,,40,read
cognodb,mixed_c40,955,9501227,297.2114,True,,40,read
cognodb,mixed_c40,956,,1205.6305,True,,40,write
cognodb,mixed_c40,957,9501376,316.8205,True,,40,read
cognodb,mixed_c40,958,9502306,316.2738,True,,40,read
cognodb,mixed_c40,959,9502360,312.0681,True,,40,read
cognodb,mixed_c40,960,9503294,301.6458,True,,40,read
cognodb,mixed_c40,961,9504347,303.319,True,,40,read
cognodb,mixed_c40,962,9505303,302.1634,True,,40,read
cognodb,mixed_c40,963,9505310,302.9558,True,,40,read
cognodb,mixed_c40,964,9505324,315.793,True,,40,read
cognodb,mixed_c40,965,,1146.7616,True,,40,write
cognodb,mixed_c40,966,9509349,316.5792,True,,40,read
cognodb,mixed_c40,967,9603367,314.3733,True,,40,read
cognodb,mixed_c40,968,9603420,289.3016,True,,40,read
cognodb,mixed_c40,969,9606252,289.4022,True,,40,read
cognodb,mixed_c40,970,,1092.445,True,,40,write
cognodb,mixed_c40,971,9609470,329.5005,True,,40,read
cognodb,mixed_c40,972,9610393,303.1348,True,,40,read
cognodb,mixed_c40,973,9701246,297.4138,True,,40,read
cognodb,mixed_c40,974,9702270,317.6517,True,,40,read
cognodb,mixed_c40,975,,1095.2983,True,,40,write
cognodb,mixed_c40,976,9703232,296.7386,True,,40,read
cognodb,mixed_c40,977,,1099.2485,True,,40,write
cognodb,mixed_c40,978,9705262,316.2933,True,,40,read
cognodb,mixed_c40,979,9706541,293.0661,True,,40,read
cognodb,mixed_c40,980,9707250,294.2705,True,,40,read
cognodb,mixed_c40,981,,1061.5214,True,,40,write
cognodb,mixed_c40,982,9707295,301.4526,True,,40,read
cognodb,mixed_c40,983,9710376,302.5237,True,,40,read
cognodb,mixed_c40,984,9711261,342.9966,True,,40,read
cognodb,mixed_c40,985,9711379,330.3401,True,,40,read
cognodb,mixed_c40,986,9803439,334.3043,True,,40,read
cognodb,mixed_c40,987,9804298,335.4538,True,,40,read
cognodb,mixed_c40,988,,987.6107,True,,40,write
cognodb,mixed_c40,989,9804343,328.5349,True,,40,read
cognodb,mixed_c40,990,9805465,318.4638,True,,40,read
cognodb,mixed_c40,991,9809529,334.5758,True,,40,read
cognodb,mixed_c40,992,9810418,321.4072,True,,40,read
cognodb,mixed_c40,993,9811432,303.3372,True,,40,read
cognodb,mixed_c40,994,9811469,291.5383,True,,40,read
cognodb,mixed_c40,995,9812342,284.2589,True,,40,read
cognodb,mixed_c40,996,9906506,280.0089,True,,40,read
cognodb,mixed_c40,997,,917.1952,True,,40,write
cognodb,mixed_c40,998,9909234,278.8964,True,,40,read
cognodb,mixed_c40,999,,853.0461,True,,40,write
cognodb,mixed_c40,1000,,894.4623,True,,40,write
cognodb,mixed_c40,1001,,900.3741,True,,40,write
cognodb,mixed_c40,1002,6217,278.6962,True,,40,read
cognodb,mixed_c40,1003,7077,280.6806,True,,40,read
cognodb,mixed_c40,1004,7211,280.8122,True,,40,read
cognodb,mixed_c40,1005,7232,273.6313,True,,40,read
cognodb,mixed_c40,1006,,888.3754,True,,40,write
cognodb,mixed_c40,1007,10094,286.9094,True,,40,read
cognodb,mixed_c40,1008,10180,287.3602,True,,40,read
cognodb,mixed_c40,1009,12020,290.6996,True,,40,read
cognodb,mixed_c40,1010,101328,281.4756,True,,40,read
cognodb,mixed_c40,1011,102194,272.8559,True,,40,read
cognodb,mixed_c40,1012,102318,279.8197,True,,40,read
cognodb,mixed_c40,1013,,753.9965,True,,40,write
cognodb,mixed_c40,1014,104187,261.1015,True,,40,read
cognodb,mixed_c40,1015,105349,266.5553,True,,40,read
cognodb,mixed_c40,1016,,759.3793,True,,40,write
cognodb,mixed_c40,1017,107028,267.344,True,,40,read
cognodb,mixed_c40,1018,107093,265.6514,True,,40,read
cognodb,mixed_c40,1019,107295,260.7828,True,,40,read
cognodb,mixed_c40,1020,108250,253.8471,True,,40,read
cognodb,mixed_c40,1021,109054,304.7465,True,,40,read
cognodb,mixed_c40,1022,109073,315.2405,True,,40,read
cognodb,mixed_c40,1023,110264,264.1898,True,,40,read
cognodb,mixed_c40,1024,110376,292.9977,True,,40,read
cognodb,mixed_c40,1025,201053,307.9139,True,,40,read
cognodb,mixed_c40,1026,,2808.1831,True,,40,write
cognodb,mixed_c40,1027,204176,256.7684,True,,40,read
cognodb,mixed_c40,1028,,1398.8622,True,,40,write
cognodb,mixed_c40,1029,205038,336.7119,True,,40,read
cognodb,mixed_c40,1030,207048,254.5986,True,,40,read
cognodb,mixed_c40,1031,,1417.9295,True,,40,write
cognodb,mixed_c40,1032,,1464.4536,True,,40,write
cognodb,mixed_c40,1033,,1421.6615,True,,40,write
cognodb,mixed_c40,1034,209058,311.3846,True,,40,read
cognodb,mixed_c40,1035,209108,309.9688,True,,40,read
cognodb,mixed_c40,1036,,1450.7119,True,,40,write
cognodb,mixed_c40,1037,302080,308.2382,True,,40,read
cognodb,mixed_c40,1038,,1416.945,True,,40,write
cognodb,mixed_c40,1039,9304275,284.1417,True,,40,read
cognodb,mixed_c40,1040,9305258,265.5973,True,,40,read
cognodb,mixed_c40,1041,9306241,248.5164,True,,40,read
cognodb,mixed_c40,1042,,1328.9285,True,,40,write
cognodb,mixed_c40,1043,,1321.6194,True,,40,write
cognodb,mixed_c40,1044,9309273,320.1432,True,,40,read
cognodb,mixed_c40,1045,9309293,308.7813,True,,40,read
cognodb,mixed_c40,1046,9310213,296.7751,True,,40,read
cognodb,mixed_c40,1047,,1290.8999,True,,40,write
cognodb,mixed_c40,1048,9401244,283.9537,True,,40,read
cognodb,mixed_c40,1049,,1266.1637,True,,40,write
cognodb,mixed_c40,1050,9403260,261.498,True,,40,read
cognodb,mixed_c40,1051,9403269,281.6585,True,,40,read
cognodb,mixed_c40,1052,9407272,274.2859,True,,40,read
cognodb,mixed_c40,1053,9407278,267.174,True,,40,read
cognodb,mixed_c40,1054,9407401,263.4594,True,,40,read
cognodb,mixed_c40,1055,9501227,256.1976,True,,40,read
cognodb,mixed_c40,1056,,1236.2141,True,,40,write
cognodb,mixed_c40,1057,,1200.5314,True,,40,write
cognodb,mixed_c40,1058,9502306,254.4969,True,,40,read
cognodb,mixed_c40,1059,9502360,253.4069,True,,40,read
cognodb,mixed_c40,1060,,1225.6811,True,,40,write
cognodb,mixed_c40,1061,,1207.9427,True,,40,write
cognodb,mixed_c40,1062,9505303,249.6011,True,,40,read
cognodb,mixed_c40,1063,,1208.3491,True,,40,write
cognodb,mixed_c40,1064,9505324,273.6476,True,,40,read
cognodb,mixed_c40,1065,9508299,260.1855,True,,40,read
cognodb,mixed_c40,1066,9509349,259.3917,True,,40,read
cognodb,mixed_c40,1067,9603367,252.1402,True,,40,read
cognodb,mixed_c40,1068,,1181.8789,True,,40,write
cognodb,mixed_c40,1069,9606252,300.2349,True,,40,read
cognodb,mixed_c40,1070,9609217,254.8347,True,,40,read
cognodb,mixed_c40,1071,9609470,280.9425,True,,40,read
cognodb,mixed_c40,1072,9610393,271.3607,True,,40,read
cognodb,mixed_c40,1073,9701246,274.4704,True,,40,read
cognodb,mixed_c40,1074,9702270,258.9734,True,,40,read
cognodb,mixed_c40,1075,9703209,307.8261,True,,40,read
cognodb,mixed_c40,1076,,1110.4991,True,,40,write
cognodb,mixed_c40,1077,,1142.7082,True,,40,write
cognodb,mixed_c40,1078,,1139.7993,True,,40,write
cognodb,mixed_c40,1079,9706541,261.4855,True,,40,read
cognodb,mixed_c40,1080,9707250,302.4017,True,,40,read
cognodb,mixed_c40,1081,9707282,260.3028,True,,40,read
cognodb,mixed_c40,1082,9707295,251.2933,True,,40,read
cognodb,mixed_c40,1083,9710376,247.548,True,,40,read
cognodb,mixed_c40,1084,9711261,272.0668,True,,40,read
cognodb,mixed_c40,1085,9711379,272.2418,True,,40,read
cognodb,mixed_c40,1086,9803439,251.3469,True,,40,read
cognodb,mixed_c40,1087,9804298,248.9863,True,,40,read
cognodb,mixed_c40,1088,,1005.6429,True,,40,write
cognodb,mixed_c40,1089,9804343,291.3306,True,,40,read
cognodb,mixed_c40,1090,,1018.9453,True,,40,write
cognodb,mixed_c40,1091,9809529,252.7058,True,,40,read
cognodb,mixed_c40,1092,9810418,262.6144,True,,40,read
cognodb,mixed_c40,1093,9811432,265.5476,True,,40,read
cognodb,mixed_c40,1094,9811469,261.8715,True,,40,read
cognodb,mixed_c40,1095,,925.1824,True,,40,write
cognodb,mixed_c40,1096,9906506,284.7733,True,,40,read
cognodb,mixed_c40,1097,9907534,255.0525,True,,40,read
cognodb,mixed_c40,1098,,886.4665,True,,40,write
cognodb,mixed_c40,1099,9909512,254.8525,True,,40,read
cognodb,mixed_c40,1100,2106,278.085,True,,40,read
cognodb,mixed_c40,1101,6114,275.552,True,,40,read
cognodb,mixed_c40,1102,6217,260.0603,True,,40,read
cognodb,mixed_c40,1103,,852.8931,True,,40,write
cognodb,mixed_c40,1104,7211,261.9306,True,,40,read
cognodb,mixed_c40,1105,7232,289.1928,True,,40,read
cognodb,mixed_c40,1106,9292,271.6351,True,,40,read
cognodb,mixed_c40,1107,,760.1451,True,,40,write
cognodb,mixed_c40,1108,,760.3992,True,,40,write
cognodb,mixed_c40,1109,12020,254.9922,True,,40,read
cognodb,mixed_c40,1110,101328,254.9067,True,,40,read
cognodb,mixed_c40,1111,102194,296.6533,True,,40,read
cognodb,mixed_c40,1112,102318,301.3099,True,,40,read
cognodb,mixed_c40,1113,104122,285.5365,True,,40,read
cognodb,mixed_c40,1114,104187,282.5816,True,,40,read
cognodb,mixed_c40,1115,,668.7158,True,,40,write
cognodb,mixed_c40,1116,,674.7193,True,,40,write
cognodb,mixed_c40,1117,107028,247.9576,True,,40,read
cognodb,mixed_c40,1118,107093,265.1251,True,,40,read
cognodb,mixed_c40,1119,107295,289.4734,True,,40,read
cognodb,mixed_c40,1120,108250,265.968,True,,40,read
cognodb,mixed_c40,1121,109054,283.0246,True,,40,read
cognodb,mixed_c40,1122,109073,282.9601,True,,40,read
cognodb,mixed_c40,1123,110264,294.7459,True,,40,read
cognodb,mixed_c40,1124,,2829.4794,True,,40,write
cognodb,mixed_c40,1125,201053,267.2186,True,,40,read
cognodb,mixed_c40,1126,204096,257.5268,True,,40,read
cognodb,mixed_c40,1127,204176,243.8002,True,,40,read
cognodb,mixed_c40,1128,204182,286.8749,True,,40,read
cognodb,mixed_c40,1129,205038,275.0668,True,,40,read
cognodb,mixed_c40,1130,207048,266.8888,True,,40,read
cognodb,mixed_c40,1131,,1362.515,True,,40,write
cognodb,mixed_c40,1132,208138,326.1229,True,,40,read
cognodb,mixed_c40,1133,208159,299.8121,True,,40,read
cognodb,mixed_c40,1134,209058,301.5445,True,,40,read
cognodb,mixed_c40,1135,,1319.9469,True,,40,write
cognodb,mixed_c40,1136,,1324.4714,True,,40,write
cognodb,mixed_c40,1137,302080,270.8409,True,,40,read
cognodb,mixed_c40,1138,9208245,294.4705,True,,40,read
cognodb,mixed_c40,1139,,1322.4486,True,,40,write
cognodb,mixed_c40,1140,9305258,275.8026,True,,40,read
cognodb,mixed_c40,1141,9306241,266.4031,True,,40,read
cognodb,mixed_c40,1142,9307320,257.8397,True,,40,read
cognodb,mixed_c40,1143,9309220,308.9468,True,,40,read
cognodb,mixed_c40,1144,9309273,309.9647,True,,40,read
cognodb,mixed_c40,1145,9309293,301.9325,True,,40,read
cognodb,mixed_c40,1146,9310213,302.405,True,,40,read
cognodb,mixed_c40,1147,,1254.3737,True,,40,write
cognodb,mixed_c40,1148,9401244,285.5191,True,,40,read
cognodb,mixed_c40,1149,9401326,274.1514,True,,40,read
cognodb,mixed_c40,1150,9403260,265.1342,True,,40,read
cognodb,mixed_c40,1151,,1259.5639,True,,40,write
cognodb,mixed_c40,1152,,1249.6012,True,,40,write
cognodb,mixed_c40,1153,9407278,294.2685,True,,40,read
cognodb,mixed_c40,1154,9407401,255.8349,True,,40,read
cognodb,mixed_c40,1155,9501227,262.4922,True,,40,read
cognodb,mixed_c40,1156,9501350,263.3989,True,,40,read
cognodb,mixed_c40,1157,9501376,263.6034,True,,40,read
cognodb,mixed_c40,1158,9502306,261.3001,True,,40,read
cognodb,mixed_c40,1159,,1218.1259,True,,40,write
cognodb,mixed_c40,1160,9503294,293.4749,True,,40,read
cognodb,mixed_c40,1161,9504347,280.4547,True,,40,read
cognodb,mixed_c40,1162,9505303,277.3239,True,,40,read
cognodb,mixed_c40,1163,9505310,286.6083,True,,40,read
cognodb,mixed_c40,1164,9505324,276.6702,True,,40,read
cognodb,mixed_c40,1165,,1167.7768,True,,40,write
cognodb,mixed_c40,1166,,1168.1692,True,,40,write
cognodb,mixed_c40,1167,9603367,262.1345,True,,40,read
cognodb,mixed_c40,1168,9603420,262.6564,True,,40,read
cognodb,mixed_c40,1169,9606252,262.7408,True,,40,read
cognodb,mixed_c40,1170,9609217,257.5452,True,,40,read
cognodb,mixed_c40,1171,9609470,295.0244,True,,40,read
cognodb,mixed_c40,1172,9610393,283.7189,True,,40,read
cognodb,mixed_c40,1173,9701246,274.2392,True,,40,read
cognodb,mixed_c40,1174,9702270,269.7909,True,,40,read
cognodb,mixed_c40,1175,9703209,277.4364,True,,40,read
cognodb,mixed_c40,1176,9703232,269.7025,True,,40,read
cognodb,mixed_c40,1177,9703423,293.5918,True,,40,read
cognodb,mixed_c40,1178,9705262,291.7294,True,,40,read
cognodb,mixed_c40,1179,9706541,292.939,True,,40,read
cognodb,mixed_c40,1180,,1032.9685,True,,40,write
cognodb,mixed_c40,1181,,1078.6094,True,,40,write
cognodb,mixed_c40,1182,,1092.9514,True,,40,write
cognodb,mixed_c40,1183,9710376,281.444,True,,40,read
cognodb,mixed_c40,1184,9711261,281.79,True,,40,read
cognodb,mixed_c40,1185,9711379,278.3758,True,,40,read
cognodb,mixed_c40,1186,9803439,247.6048,True,,40,read
cognodb,mixed_c40,1187,9804298,244.7657,True,,40,read
cognodb,mixed_c40,1188,9804313,271.1804,True,,40,read
cognodb,mixed_c40,1189,9804343,272.0704,True,,40,read
cognodb,mixed_c40,1190,,999.3109,True,,40,write
cognodb,mixed_c40,1191,9809529,284.7852,True,,40,read
cognodb,mixed_c40,1192,9810418,285.029,True,,40,read
cognodb,mixed_c40,1193,,986.9213,True,,40,write
cognodb,mixed_c40,1194,,1030.3166,True,,40,write
cognodb,mixed_c40,1195,9812342,260.0012,True,,40,read
cognodb,mixed_c40,1196,9906506,260.1092,True,,40,read
cognodb,mixed_c40,1197,9907534,299.7306,True,,40,read
cognodb,mixed_c40,1198,9909234,256.494,True,,40,read
cognodb,mixed_c40,1199,9909512,303.6391,True,,40,read
cognodb,mixed_c40,1200,,976.1241,True,,40,write
cognodb,mixed_c40,1201,6114,260.9041,True,,40,read
cognodb,mixed_c40,1202,6217,298.6894,True,,40,read
cognodb,mixed_c40,1203,7077,295.8062,True,,40,read
cognodb,mixed_c40,1204,7211,293.0507,True,,40,read
cognodb,mixed_c40,1205,,930.2056,True,,40,write
cognodb,mixed_c40,1206,,874.2282,True,,40,write
cognodb,mixed_c40,1207,10094,295.5829,True,,40,read
cognodb,mixed_c40,1208,10180,297.9693,True,,40,read
cognodb,mixed_c40,1209,,893.1986,True,,40,write
cognodb,mixed_c40,1210,101328,290.0263,True,,40,read
cognodb,mixed_c40,1211,102194,290.8246,True,,40,read
cognodb,mixed_c40,1212,102318,286.3762,True,,40,read
cognodb,mixed_c40,1213,,833.0287,True,,40,write
cognodb,mixed_c40,1214,104187,285.0784,True,,40,read
cognodb,mixed_c40,1215,105349,262.0036,True,,40,read
cognodb,mixed_c40,1216,106261,261.2219,True,,40,read
cognodb,mixed_c40,1217,,817.8651,True,,40,write
cognodb,mixed_c40,1218,107093,280.015,True,,40,read
cognodb,mixed_c40,1219,107295,280.4092,True,,40,read
cognodb,mixed_c40,1220,,812.0828,True,,40,write
cognodb,mixed_c40,1221,,776.2059,True,,40,write
cognodb,mixed_c40,1222,,756.0509,True,,40,write
cognodb,mixed_c40,1223,110264,259.1629,True,,40,read
cognodb,mixed_c40,1224,,795.2217,True,,40,write
cognodb,mixed_c40,1225,,804.7234,True,,40,write
cognodb,mixed_c40,1226,204096,271.7694,True,,40,read
cognodb,mixed_c40,1227,204176,268.2189,True,,40,read
cognodb,mixed_c40,1228,204182,271.244,True,,40,read
cognodb,mixed_c40,1229,205038,264.5663,True,,40,read
cognodb,mixed_c40,1230,207048,280.9486,True,,40,read
cognodb,mixed_c40,1231,207227,277.6878,True,,40,read
cognodb,mixed_c40,1232,208138,253.4414,True,,40,read
cognodb,mixed_c40,1233,208159,255.112,True,,40,read
cognodb,mixed_c40,1234,209058,263.0113,True,,40,read
cognodb,mixed_c40,1235,209108,259.616,True,,40,read
cognodb,mixed_c40,1236,210254,302.1084,True,,40,read
cognodb,mixed_c40,1237,302080,265.139,True,,40,read
cognodb,mixed_c40,1238,9208245,261.1515,True,,40,read
cognodb,mixed_c40,1239,,2799.8119,True,,40,write
cognodb,mixed_c40,1240,9305258,261.1187,True,,40,read
cognodb,mixed_c40,1241,,1437.0424,True,,40,write
cognodb,mixed_c40,1242,9307320,321.8848,True,,40,read
cognodb,mixed_c40,1243,9309220,325.145,True,,40,read
cognodb,mixed_c40,1244,9309273,286.4855,True,,40,read
cognodb,mixed_c40,1245,9309293,309.8573,True,,40,read
cognodb,mixed_c40,1246,9310213,297.2625,True,,40,read
cognodb,mixed_c40,1247,9311240,272.7071,True,,40,read
cognodb,mixed_c40,1248,9401244,292.9799,True,,40,read
cognodb,mixed_c40,1249,9401326,307.1735,True,,40,read
cognodb,mixed_c40,1250,9403260,306.9956,True,,40,read
cognodb,mixed_c40,1251,,1403.4331,True,,40,write
cognodb,mixed_c40,1252,9407272,294.8356,True,,40,read
cognodb,mixed_c40,1253,9407278,264.8767,True,,40,read
cognodb,mixed_c40,1254,9407401,287.3618,True,,40,read
cognodb,mixed_c40,1255,9501227,272.2033,True,,40,read
cognodb,mixed_c40,1256,9501350,272.8593,True,,40,read
cognodb,mixed_c40,1257,9501376,259.6746,True,,40,read
cognodb,mixed_c40,1258,9502306,276.886,True,,40,read
cognodb,mixed_c40,1259,9502360,266.4995,True,,40,read
cognodb,mixed_c40,1260,9503294,301.6709,True,,40,read
cognodb,mixed_c40,1261,,1294.9598,True,,40,write
cognodb,mixed_c40,1262,9505303,305.9558,True,,40,read
cognodb,mixed_c40,1263,9505310,301.9888,True,,40,read
cognodb,mixed_c40,1264,9505324,295.6501,True,,40,read
cognodb,mixed_c40,1265,9508299,295.6407,True,,40,read
cognodb,mixed_c40,1266,9509349,289.1276,True,,40,read
cognodb,mixed_c40,1267,9603367,297.2025,True,,40,read
cognodb,mixed_c40,1268,,1254.1092,True,,40,write
cognodb,mixed_c40,1269,9606252,283.4154,True,,40,read
cognodb,mixed_c40,1270,,1238.2429,True,,40,write
cognodb,mixed_c40,1271,9609470,264.6498,True,,40,read
cognodb,mixed_c40,1272,,1231.1736,True,,40,write
cognodb,mixed_c40,1273,,1235.0786,True,,40,write
cognodb,mixed_c40,1274,9702270,291.3722,True,,40,read
cognodb,mixed_c40,1275,9703209,287.1073,True,,40,read
cognodb,mixed_c40,1276,9703232,286.4475,True,,40,read
cognodb,mixed_c40,1277,9703423,281.5598,True,,40,read
cognodb,mixed_c40,1278,9705262,290.0789,True,,40,read
cognodb,mixed_c40,1279,9706541,276.2826,True,,40,read
cognodb,mixed_c40,1280,9707250,278.3332,True,,40,read
cognodb,mixed_c40,1281,9707282,283.5739,True,,40,read
cognodb,mixed_c40,1282,9707295,265.1407,True,,40,read
cognodb,mixed_c40,1283,9710376,256.8286,True,,40,read
cognodb,mixed_c40,1284,9711261,256.1943,True,,40,read
cognodb,mixed_c40,1285,9711379,253.483,True,,40,read
cognodb,mixed_c40,1286,9803439,286.1807,True,,40,read
cognodb,mixed_c40,1287,,1187.0423,True,,40,write
cognodb,mixed_c40,1288,9804313,262.0337,True,,40,read
cognodb,mixed_c40,1289,9804343,266.6189,True,,40,read
cognodb,mixed_c40,1290,,1171.1337,True,,40,write
cognodb,mixed_c40,1291,9809529,270.4244,True,,40,read
cognodb,mixed_c40,1292,9810418,309.3282,True,,40,read
cognodb,mixed_c40,1293,,1195.1931,True,,40,write
cognodb,mixed_c40,1294,9811469,290.4544,True,,40,read
cognodb,mixed_c40,1295,9812342,286.779,True,,40,read
cognodb,mixed_c40,1296,9906506,259.9471,True,,40,read
cognodb,mixed_c40,1297,9907534,284.5298,True,,40,read
cognodb,mixed_c40,1298,9909234,288.3689,True,,40,read
cognodb,mixed_c40,1299,9909512,283.1474,True,,40,read
cognodb,mixed_c40,1300,2106,274.8259,True,,40,read
cognodb,mixed_c40,1301,6114,280.4892,True,,40,read
cognodb,mixed_c40,1302,6217,261.8823,True,,40,read
cognodb,mixed_c40,1303,7077,254.8127,True,,40,read
cognodb,mixed_c40,1304,7211,256.1362,True,,40,read
cognodb,mixed_c40,1305,7232,250.9252,True,,40,read
cognodb,mixed_c40,1306,9292,248.8157,True,,40,read
cognodb,mixed_c40,1307,10094,246.7868,True,,40,read
cognodb,mixed_c40,1308,,1011.9547,True,,40,write
cognodb,mixed_c40,1309,12020,285.0436,True,,40,read
cognodb,mixed_c40,1310,101328,285.9194,True,,40,read
cognodb,mixed_c40,1311,102194,285.1274,True,,40,read
cognodb,mixed_c40,1312,102318,279.9363,True,,40,read
cognodb,mixed_c40,1313,,1012.0583,True,,40,write
cognodb,mixed_c40,1314,,987.3757,True,,40,write
cognodb,mixed_c40,1315,105349,282.3285,True,,40,read
cognodb,mixed_c40,1316,106261,278.9161,True,,40,read
cognodb,mixed_c40,1317,107028,272.6122,True,,40,read
cognodb,mixed_c40,1318,107093,270.6905,True,,40,read
cognodb,mixed_c40,1319,107295,263.1309,True,,40,read
cognodb,mixed_c40,1320,108250,331.4695,True,,40,read
cognodb,mixed_c40,1321,109054,303.7212,True,,40,read
cognodb,mixed_c40,1322,,932.0626,True,,40,write
cognodb,mixed_c40,1323,110264,295.8687,True,,40,read
cognodb,mixed_c40,1324,110376,256.8,True,,40,read
cognodb,mixed_c40,1325,201053,258.2701,True,,40,read
cognodb,mixed_c40,1326,204096,301.7332,True,,40,read
cognodb,mixed_c40,1327,204176,301.17,True,,40,read
cognodb,mixed_c40,1328,204182,299.0129,True,,40,read
cognodb,mixed_c40,1329,205038,298.5737,True,,40,read
cognodb,mixed_c40,1330,207048,293.8879,True,,40,read
cognodb,mixed_c40,1331,207227,289.7998,True,,40,read
cognodb,mixed_c40,1332,208138,289.8985,True,,40,read
cognodb,mixed_c40,1333,,809.5554,True,,40,write
cognodb,mixed_c40,1334,209058,262.2855,True,,40,read
cognodb,mixed_c40,1335,,840.9638,True,,40,write
cognodb,mixed_c40,1336,210254,261.1399,True,,40,read
cognodb,mixed_c40,1337,302080,266.4501,True,,40,read
cognodb,mixed_c40,1338,9208245,297.7939,True,,40,read
cognodb,mixed_c40,1339,9304275,259.123,True,,40,read
cognodb,mixed_c40,1340,9305258,258.9353,True,,40,read
cognodb,mixed_c40,1341,,804.1248,True,,40,write
cognodb,mixed_c40,1342,9307320,271.9874,True,,40,read
cognodb,mixed_c40,1343,9309220,268.2071,True,,40,read
cognodb,mixed_c40,1344,9309273,267.7748,True,,40,read
cognodb,mixed_c40,1345,9309293,298.7442,True,,40,read
cognodb,mixed_c40,1346,9310213,288.302,True,,40,read
cognodb,mixed_c40,1347,,708.3664,True,,40,write
cognodb,mixed_c40,1348,,712.0463,True,,40,write
cognodb,mixed_c40,1349,9401326,259.7478,True,,40,read
cognodb,mixed_c40,1350,9403260,297.0409,True,,40,read
cognodb,mixed_c40,1351,9403269,294.9987,True,,40,read
cognodb,mixed_c40,1352,,633.7919,True,,40,write
cognodb,mixed_c40,1353,9407278,295.5762,True,,40,read
cognodb,mixed_c40,1354,9407401,253.9739,True,,40,read
cognodb,mixed_c40,1355,,652.3275,True,,40,write
cognodb,mixed_c40,1356,9501350,248.3496,True,,40,read
cognodb,mixed_c40,1357,,644.8664,True,,40,write
cognodb,mixed_c40,1358,9502306,263.5889,True,,40,read
cognodb,mixed_c40,1359,9502360,257.3806,True,,40,read
cognodb,mixed_c40,1360,,645.4982,True,,40,write
cognodb,mixed_c40,1361,,634.2253,True,,40,write
cognodb,mixed_c40,1362,9505303,261.9075,True,,40,read
cognodb,mixed_c40,1363,9505310,301.1253,True,,40,read
cognodb,mixed_c40,1364,9505324,298.3029,True,,40,read
cognodb,mixed_c40,1365,9508299,300.5157,True,,40,read
cognodb,mixed_c40,1366,9509349,257.1962,True,,40,read
cognodb,mixed_c40,1367,,2623.4093,True,,40,write
cognodb,mixed_c40,1368,9603420,278.7548,True,,40,read
cognodb,mixed_c40,1369,9606252,299.9272,True,,40,read
cognodb,mixed_c40,1370,9609217,297.4355,True,,40,read
cognodb,mixed_c40,1371,9609470,257.6352,True,,40,read
cognodb,mixed_c40,1372,9610393,295.8178,True,,40,read
cognodb,mixed_c40,1373,9701246,257.0773,True,,40,read
cognodb,mixed_c40,1374,9702270,280.3705,True,,40,read
cognodb,mixed_c40,1375,9703209,279.1519,True,,40,read
cognodb,mixed_c40,1376,9703232,271.9295,True,,40,read
cognodb,mixed_c40,1377,9703423,260.822,True,,40,read
cognodb,mixed_c40,1378,,1357.6972,True,,40,write
cognodb,mixed_c40,1379,9706541,280.5128,True,,40,read
cognodb,mixed_c40,1380,9707250,265.0524,True,,40,read
cognodb,mixed_c40,1381,,1338.9843,True,,40,write
cognodb,mixed_c40,1382,9707295,262.6738,True,,40,read
cognodb,mixed_c40,1383,9710376,245.3198,True,,40,read
cognodb,mixed_c40,1384,,1314.4559,True,,40,write
cognodb,mixed_c40,1385,9711379,273.2382,True,,40,read
cognodb,mixed_c40,1386,9803439,267.3584,True,,40,read
cognodb,mixed_c40,1387,9804298,258.0703,True,,40,read
cognodb,mixed_c40,1388,9804313,269.0096,True,,40,read
cognodb,mixed_c40,1389,9804343,268.8874,True,,40,read
cognodb,mixed_c40,1390,9805465,260.812,True,,40,read
cognodb,mixed_c40,1391,9809529,261.7944,True,,40,read
cognodb,mixed_c40,1392,9810418,296.8848,True,,40,read
cognodb,mixed_c40,1393,9811432,289.9703,True,,40,read
cognodb,mixed_c40,1394,9811469,274.3945,True,,40,read
cognodb,mixed_c40,1395,,1227.8904,True,,40,write
cognodb,mixed_c40,1396,9906506,263.38,True,,40,read
cognodb,mixed_c40,1397,,1216.6189,True,,40,write
cognodb,mixed_c40,1398,9909234,253.4824,True,,40,read
cognodb,mixed_c40,1399,9909512,271.3598,True,,40,read
cognodb,mixed_c40,1400,2106,253.5336,True,,40,read
cognodb,mixed_c40,1401,6114,260.8025,True,,40,read
cognodb,mixed_c40,1402,6217,308.8542,True,,40,read
cognodb,mixed_c40,1403,7077,260.956,True,,40,read
cognodb,mixed_c40,1404,7211,258.0163,True,,40,read
cognodb,mixed_c40,1405,7232,306.6545,True,,40,read
cognodb,mixed_c40,1406,9292,303.6402,True,,40,read
cognodb,mixed_c40,1407,10094,300.1943,True,,40,read
cognodb,mixed_c40,1408,10180,285.6547,True,,40,read
cognodb,mixed_c40,1409,12020,278.0105,True,,40,read
cognodb,mixed_c40,1410,101328,268.607,True,,40,read
cognodb,mixed_c40,1411,102194,274.7867,True,,40,read
cognodb,mixed_c40,1412,102318,262.7017,True,,40,read
cognodb,mixed_c40,1413,104122,263.6958,True,,40,read
cognodb,mixed_c40,1414,104187,270.248,True,,40,read
cognodb,mixed_c40,1415,,1144.6331,True,,40,write
cognodb,mixed_c40,1416,106261,268.1962,True,,40,read
cognodb,mixed_c40,1417,107028,263.0459,True,,40,read
cognodb,mixed_c40,1418,,1120.7436,True,,40,write
cognodb,mixed_c40,1419,107295,300.9389,True,,40,read
cognodb,mixed_c40,1420,108250,262.2753,True,,40,read
cognodb,mixed_c40,1421,109054,257.1967,True,,40,read
cognodb,mixed_c40,1422,,1164.891,True,,40,write
cognodb,mixed_c40,1423,,1128.5591,True,,40,write
cognodb,mixed_c40,1424,,1112.2983,True,,40,write
cognodb,mixed_c40,1425,201053,269.1628,True,,40,read
cognodb,mixed_c40,1426,204096,258.2455,True,,40,read
cognodb,mixed_c40,1427,204176,259.1659,True,,40,read
cognodb,mixed_c40,1428,204182,314.8209,True,,40,read
cognodb,mixed_c40,1429,205038,301.0159,True,,40,read
cognodb,mixed_c40,1430,207048,293.1001,True,,40,read
cognodb,mixed_c40,1431,207227,298.6396,True,,40,read
cognodb,mixed_c40,1432,208138,295.6957,True,,40,read
cognodb,mixed_c40,1433,208159,284.0096,True,,40,read
cognodb,mixed_c40,1434,209058,274.8429,True,,40,read
cognodb,mixed_c40,1435,209108,268.1168,True,,40,read
cognodb,mixed_c40,1436,210254,267.9609,True,,40,read
cognodb,mixed_c40,1437,,1003.3643,True,,40,write
cognodb,mixed_c40,1438,9208245,277.2026,True,,40,read
cognodb,mixed_c40,1439,9304275,266.2276,True,,40,read
cognodb,mixed_c40,1440,9305258,306.3372,True,,40,read
cognodb,mixed_c40,1441,9306241,265.1241,True,,40,read
cognodb,mixed_c40,1442,9307320,301.32,True,,40,read
cognodb,mixed_c40,1443,9309220,265.9432,True,,40,read
cognodb,mixed_c40,1444,9309273,298.9554,True,,40,read
cognodb,mixed_c40,1445,9309293,294.8842,True,,40,read
cognodb,mixed_c40,1446,9310213,298.6318,True,,40,read
cognodb,mixed_c40,1447,,985.4408,True,,40,write
cognodb,mixed_c40,1448,9401244,279.1955,True,,40,read
cognodb,mixed_c40,1449,,974.7993,True,,40,write
cognodb,mixed_c40,1450,9403260,254.0815,True,,40,read
cognodb,mixed_c40,1451,9403269,270.9295,True,,40,read
cognodb,mixed_c40,1452,9407272,301.1978,True,,40,read
cognodb,mixed_c40,1453,,922.6266,True,,40,write
cognodb,mixed_c40,1454,9407401,282.2788,True,,40,read
cognodb,mixed_c40,1455,9501227,274.8427,True,,40,read
cognodb,mixed_c40,1456,9501350,257.9307,True,,40,read
cognodb,mixed_c40,1457,9501376,306.462,True,,40,read
cognodb,mixed_c40,1458,9502306,306.4532,True,,40,read
cognodb,mixed_c40,1459,9502360,299.5977,True,,40,read
cognodb,mixed_c40,1460,9503294,307.612,True,,40,read
cognodb,mixed_c40,1461,9504347,310.2931,True,,40,read
cognodb,mixed_c40,1462,9505303,306.7533,True,,40,read
cognodb,mixed_c40,1463,9505310,290.1975,True,,40,read
cognodb,mixed_c40,1464,9505324,279.7613,True,,40,read
cognodb,mixed_c40,1465,9508299,342.5625,True,,40,read
cognodb,mixed_c40,1466,9509349,263.8022,True,,40,read
cognodb,mixed_c40,1467,,759.333,True,,40,write
cognodb,mixed_c40,1468,9603420,338.9894,True,,40,read
cognodb,mixed_c40,1469,9606252,317.0794,True,,40,read
cognodb,mixed_c40,1470,9609217,314.2383,True,,40,read
cognodb,mixed_c40,1471,9609470,308.3094,True,,40,read
cognodb,mixed_c40,1472,9610393,323.6591,True,,40,read
cognodb,mixed_c40,1473,9701246,317.1839,True,,40,read
cognodb,mixed_c40,1474,9702270,299.9781,True,,40,read
cognodb,mixed_c40,1475,9703209,317.0001,True,,40,read
cognodb,mixed_c40,1476,9703232,293.7782,True,,40,read
cognodb,mixed_c40,1477,9703423,299.1328,True,,40,read
cognodb,mixed_c40,1478,9705262,257.8365,True,,40,read
cognodb,mixed_c40,1479,9706541,268.4491,True,,40,read
cognodb,mixed_c40,1480,9707250,254.436,True,,40,read
cognodb,mixed_c40,1481,9707282,259.4216,True,,40,read
cognodb,mixed_c40,1482,9707295,253.632,True,,40,read
cognodb,mixed_c40,1483,9710376,250.858,True,,40,read
cognodb,mixed_c40,1484,9711261,288.5245,True,,40,read
cognodb,mixed_c40,1485,9711379,255.0634,True,,40,read
cognodb,mixed_c40,1486,9803439,281.6117,True,,40,read
cognodb,mixed_c40,1487,9804298,277.805,True,,40,read
cognodb,mixed_c40,1488,9804313,276.1326,True,,40,read
cognodb,mixed_c40,1489,9804343,266.2951,True,,40,read
cognodb,mixed_c40,1490,9805465,386.7565,True,,40,read
cognodb,mixed_c40,1491,9809529,363.8365,True,,40,read
cognodb,mixed_c40,1492,9810418,357.3566,True,,40,read
cognodb,mixed_c40,1493,9811432,361.7315,True,,40,read
cognodb,mixed_c40,1494,,1395.4523,True,,40,write
cognodb,mixed_c40,1495,9812342,348.5838,True,,40,read
cognodb,mixed_c40,1496,,1440.886,True,,40,write
cognodb,mixed_c40,1497,,1347.0479,True,,40,write
cognodb,mixed_c40,1498,,1332.7305,True,,40,write
cognodb,mixed_c40,1499,,2524.9334,True,,40,write
cognodb,mixed_c40,1500,,1371.6334,True,,40,write
cognodb,mixed_c40,1501,6114,279.2578,True,,40,read
cognodb,mixed_c40,1502,6217,283.3877,True,,40,read
cognodb,mixed_c40,1503,7077,268.4511,True,,40,read
cognodb,mixed_c40,1504,7211,288.8113,True,,40,read
cognodb,mixed_c40,1505,7232,287.9145,True,,40,read
cognodb,mixed_c40,1506,9292,281.1533,True,,40,read
cognodb,mixed_c40,1507,10094,277.7622,True,,40,read
cognodb,mixed_c40,1508,10180,277.6915,True,,40,read
cognodb,mixed_c40,1509,12020,289.483,True,,40,read
cognodb,mixed_c40,1510,101328,251.097,True,,40,read
cognodb,mixed_c40,1511,102194,248.6222,True,,40,read
cognodb,mixed_c40,1512,102318,288.4809,True,,40,read
cognodb,mixed_c40,1513,104122,267.3843,True,,40,read
cognodb,mixed_c40,1514,104187,281.9387,True,,40,read
cognodb,mixed_c40,1515,,1209.976,True,,40,write
cognodb,mixed_c40,1516,106261,261.3804,True,,40,read
cognodb,mixed_c40,1517,107028,270.5721,True,,40,read
cognodb,mixed_c40,1518,107093,256.9931,True,,40,read
cognodb,mixed_c40,1519,,1141.0487,True,,40,write
cognodb,mixed_c40,1520,108250,280.4808,True,,40,read
cognodb,mixed_c40,1521,109054,254.7317,True,,40,read
cognodb,mixed_c40,1522,109073,256.5679,True,,40,read
cognodb,mixed_c40,1523,110264,271.4919,True,,40,read
cognodb,mixed_c40,1524,,1152.8658,True,,40,write
cognodb,mixed_c40,1525,201053,257.258,True,,40,read
cognodb,mixed_c40,1526,204096,266.1253,True,,40,read
cognodb,mixed_c40,1527,,1118.1573,True,,40,write
cognodb,mixed_c40,1528,204182,263.6576,True,,40,read
cognodb,mixed_c40,1529,205038,259.1748,True,,40,read
cognodb,mixed_c40,1530,207048,278.4766,True,,40,read
cognodb,mixed_c40,1531,,1101.7332,True,,40,write
cognodb,mixed_c40,1532,208138,262.3398,True,,40,read
cognodb,mixed_c40,1533,208159,306.17,True,,40,read
cognodb,mixed_c40,1534,209058,300.0134,True,,40,read
cognodb,mixed_c40,1535,209108,291.0245,True,,40,read
cognodb,mixed_c40,1536,210254,283.8455,True,,40,read
cognodb,mixed_c40,1537,,1096.7655,True,,40,write
cognodb,mixed_c40,1538,9208245,265.9852,True,,40,read
cognodb,mixed_c40,1539,9304275,283.901,True,,40,read
cognodb,mixed_c40,1540,,1095.2912,True,,40,write
cognodb,mixed_c40,1541,9306241,285.0124,True,,40,read
cognodb,mixed_c40,1542,9307320,279.5361,True,,40,read
cognodb,mixed_c40,1543,9309220,283.2245,True,,40,read
cognodb,mixed_c40,1544,9309273,267.4515,True,,40,read
cognodb,mixed_c40,1545,,1058.4084,True,,40,write
cognodb,mixed_c40,1546,9310213,275.8752,True,,40,read
cognodb,mixed_c40,1547,,1041.2573,True,,40,write
cognodb,mixed_c40,1548,9401244,296.5372,True,,40,read
cognodb,mixed_c40,1549,9401326,265.6278,True,,40,read
cognodb,mixed_c40,1550,9403260,265.1919,True,,40,read
cognodb,mixed_c40,1551,9403269,264.9224,True,,40,read
cognodb,mixed_c40,1552,,959.6095,True,,40,write
cognodb,mixed_c40,1553,,956.0845,True,,40,write
cognodb,mixed_c40,1554,9407401,270.4957,True,,40,read
cognodb,mixed_c40,1555,9501227,264.4365,True,,40,read
cognodb,mixed_c40,1556,9501350,257.978,True,,40,read
cognodb,mixed_c40,1557,,968.1904,True,,40,write
cognodb,mixed_c40,1558,9502306,274.4849,True,,40,read
cognodb,mixed_c40,1559,,965.3817,True,,40,write
cognodb,mixed_c40,1560,9503294,276.1488,True,,40,read
cognodb,mixed_c40,1561,9504347,293.2519,True,,40,read
cognodb,mixed_c40,1562,9505303,290.4968,True,,40,read
cognodb,mixed_c40,1563,9505310,286.9504,True,,40,read
cognodb,mixed_c40,1564,9505324,283.8712,True,,40,read
cognodb,mixed_c40,1565,9508299,281.0441,True,,40,read
cognodb,mixed_c40,1566,,900.8007,True,,40,write
cognodb,mixed_c40,1567,9603367,274.2266,True,,40,read
cognodb,mixed_c40,1568,9603420,269.1898,True,,40,read
cognodb,mixed_c40,1569,9606252,272.7084,True,,40,read
cognodb,mixed_c40,1570,,893.0744,True,,40,write
cognodb,mixed_c40,1571,,860.1096,True,,40,write
cognodb,mixed_c40,1572,9610393,312.4878,True,,40,read
cognodb,mixed_c40,1573,9701246,314.1599,True,,40,read
cognodb,mixed_c40,1574,9702270,325.932,True,,40,read
cognodb,mixed_c40,1575,9703209,259.9132,True,,40,read
cognodb,mixed_c40,1576,,759.5996,True,,40,write
cognodb,mixed_c40,1577,9703423,265.2605,True,,40,read
cognodb,mixed_c40,1578,9705262,288.9599,True,,40,read
cognodb,mixed_c40,1579,9706541,278.175,True,,40,read
cognodb,mixed_c40,1580,9707250,276.9932,True,,40,read
cognodb,mixed_c40,1581,9707282,262.5398,True,,40,read
cognodb,mixed_c40,1582,9707295,261.7405,True,,40,read
cognodb,mixed_c40,1583,9710376,257.3559,True,,40,read
cognodb,mixed_c40,1584,9711261,255.6655,True,,40,read
cognodb,mixed_c40,1585,9711379,253.9713,True,,40,read
cognodb,mixed_c40,1586,9803439,291.8234,True,,40,read
cognodb,mixed_c40,1587,9804298,250.466,True,,40,read
cognodb,mixed_c40,1588,,654.9986,True,,40,write
cognodb,mixed_c40,1589,9804343,365.1064,True,,40,read
cognodb,mixed_c40,1590,,2685.2801,True,,40,write
cognodb,mixed_c40,1591,9809529,354.0206,True,,40,read
cognodb,mixed_c40,1592,9810418,348.146,True,,40,read
cognodb,mixed_c40,1593,,1444.6385,True,,40,write
cognodb,mixed_c40,1594,9811469,272.5523,True,,40,read
cognodb,mixed_c40,1595,9812342,273.8387,True,,40,read
cognodb,mixed_c40,1596,,1400.514,True,,40,write
cognodb,mixed_c40,1597,9907534,255.7309,True,,40,read
cognodb,mixed_c40,1598,9909234,255.9613,True,,40,read
cognodb,mixed_c40,1599,9909512,254.9423,True,,40,read
cognodb,mixed_c40,1600,,1367.2385,True,,40,write
cognodb,mixed_c40,1601,6114,251.8318,True,,40,read
cognodb,mixed_c40,1602,6217,248.8779,True,,40,read
cognodb,mixed_c40,1603,7077,263.1633,True,,40,read
cognodb,mixed_c40,1604,7211,270.8688,True,,40,read
cognodb,mixed_c40,1605,7232,302.2331,True,,40,read
cognodb,mixed_c40,1606,9292,288.6533,True,,40,read
cognodb,mixed_c40,1607,10094,281.9632,True,,40,read
cognodb,mixed_c40,1608,10180,271.7718,True,,40,read
cognodb,mixed_c40,1609,12020,260.6572,True,,40,read
cognodb,mixed_c40,1610,101328,265.2943,True,,40,read
cognodb,mixed_c40,1611,,1170.4711,True,,40,write
cognodb,mixed_c40,1612,102318,290.2311,True,,40,read
cognodb,mixed_c40,1613,104122,294.6707,True,,40,read
cognodb,mixed_c40,1614,,1172.765,True,,40,write
cognodb,mixed_c40,1615,105349,289.2874,True,,40,read
cognodb,mixed_c40,1616,106261,284.0461,True,,40,read
cognodb,mixed_c40,1617,107028,304.8429,True,,40,read
cognodb,mixed_c40,1618,,1198.2668,True,,40,write
cognodb,mixed_c40,1619,,1199.7386,True,,40,write
cognodb,mixed_c40,1620,108250,303.5495,True,,40,read
cognodb,mixed_c40,1621,109054,289.7627,True,,40,read
cognodb,mixed_c40,1622,109073,312.6362,True,,40,read
cognodb,mixed_c40,1623,,1194.134,True,,40,write
cognodb,mixed_c40,1624,110376,291.6396,True,,40,read
cognodb,mixed_c40,1625,201053,268.3168,True,,40,read
cognodb,mixed_c40,1626,204096,263.2375,True,,40,read
cognodb,mixed_c40,1627,204176,267.8007,True,,40,read
cognodb,mixed_c40,1628,204182,277.7094,True,,40,read
cognodb,mixed_c40,1629,205038,272.5604,True,,40,read
cognodb,mixed_c40,1630,207048,267.8439,True,,40,read
cognodb,mixed_c40,1631,207227,253.7936,True,,40,read
cognodb,mixed_c40,1632,208138,315.2024,True,,40,read
cognodb,mixed_c40,1633,208159,298.9038,True,,40,read
cognodb,mixed_c40,1634,209058,295.2386,True,,40,read
cognodb,mixed_c40,1635,209108,290.9092,True,,40,read
cognodb,mixed_c40,1636,210254,292.9051,True,,40,read
cognodb,mixed_c40,1637,,1087.8882,True,,40,write
cognodb,mixed_c40,1638,9208245,254.5825,True,,40,read
cognodb,mixed_c40,1639,9304275,267.6525,True,,40,read
cognodb,mixed_c40,1640,9305258,268.8256,True,,40,read
cognodb,mixed_c40,1641,9306241,266.3382,True,,40,read
cognodb,mixed_c40,1642,,1034.2631,True,,40,write
cognodb,mixed_c40,1643,9309220,256.9072,True,,40,read
cognodb,mixed_c40,1644,9309273,297.0209,True,,40,read
cognodb,mixed_c40,1645,9309293,284.4536,True,,40,read
cognodb,mixed_c40,1646,9310213,258.8286,True,,40,read
cognodb,mixed_c40,1647,9311240,258.4663,True,,40,read
cognodb,mixed_c40,1648,9401244,254.1904,True,,40,read
cognodb,mixed_c40,1649,9401326,292.6096,True,,40,read
cognodb,mixed_c40,1650,9403260,298.7102,True,,40,read
cognodb,mixed_c40,1651,,960.4541,True,,40,write
cognodb,mixed_c40,1652,,962.4986,True,,40,write
cognodb,mixed_c40,1653,9407278,289.0858,True,,40,read
cognodb,mixed_c40,1654,9407401,292.1169,True,,40,read
cognodb,mixed_c40,1655,9501227,298.5206,True,,40,read
cognodb,mixed_c40,1656,9501350,293.8976,True,,40,read
cognodb,mixed_c40,1657,9501376,280.4916,True,,40,read
cognodb,mixed_c40,1658,9502306,285.6721,True,,40,read
cognodb,mixed_c40,1659,9502360,281.7406,True,,40,read
cognodb,mixed_c40,1660,9503294,277.8297,True,,40,read
cognodb,mixed_c40,1661,,936.0915,True,,40,write
cognodb,mixed_c40,1662,9505303,286.0119,True,,40,read
cognodb,mixed_c40,1663,9505310,288.7136,True,,40,read
cognodb,mixed_c40,1664,9505324,285.1554,True,,40,read
cognodb,mixed_c40,1665,,842.0372,True,,40,write
cognodb,mixed_c40,1666,9509349,278.9038,True,,40,read
cognodb,mixed_c40,1667,9603367,276.5218,True,,40,read
cognodb,mixed_c40,1668,,843.5808,True,,40,write
cognodb,mixed_c40,1669,9606252,270.2773,True,,40,read
cognodb,mixed_c40,1670,,892.7234,True,,40,write
cognodb,mixed_c40,1671,9609470,253.2427,True,,40,read
cognodb,mixed_c40,1672,9610393,307.6191,True,,40,read
cognodb,mixed_c40,1673,9701246,303.8012,True,,40,read
cognodb,mixed_c40,1674,,816.3791,True,,40,write
cognodb,mixed_c40,1675,9703209,281.7654,True,,40,read
cognodb,mixed_c40,1676,9703232,285.2111,True,,40,read
cognodb,mixed_c40,1677,,787.303,True,,40,write
cognodb,mixed_c40,1678,9705262,302.6395,True,,40,read
cognodb,mixed_c40,1679,9706541,297.7457,True,,40,read
cognodb,mixed_c40,1680,9707250,293.0923,True,,40,read
cognodb,mixed_c40,1681,9707282,296.5559,True,,40,read
cognodb,mixed_c40,1682,9707295,293.1491,True,,40,read
cognodb,mixed_c40,1683,9710376,294.3403,True,,40,read
cognodb,mixed_c40,1684,,750.3275,True,,40,write
cognodb,mixed_c40,1685,9711379,291.2211,True,,40,read
cognodb,mixed_c40,1686,9803439,284.2437,True,,40,read
cognodb,mixed_c40,1687,9804298,261.5713,True,,40,read
cognodb,mixed_c40,1688,9804313,261.1588,True,,40,read
cognodb,mixed_c40,1689,9804343,259.2725,True,,40,read
cognodb,mixed_c40,1690,,667.9498,True,,40,write
cognodb,mixed_c40,1691,,676.2797,True,,40,write
cognodb,mixed_c40,1692,9810418,293.9229,True,,40,read
cognodb,mixed_c40,1693,9811432,286.1634,True,,40,read
cognodb,mixed_c40,1694,,586.3664,True,,40,write
cognodb,mixed_c40,1695,,613.4786,True,,40,write
cognodb,mixed_c40,1696,,603.381,True,,40,write
cognodb,mixed_c40,1697,9907534,290.269,True,,40,read
cognodb,mixed_c40,1698,9909234,267.9112,True,,40,read
cognodb,mixed_c40,1699,9909512,266.0385,True,,40,read
cognodb,mixed_c40,1700,2106,261.5154,True,,40,read
cognodb,mixed_c40,1701,6114,265.6112,True,,40,read
cognodb,mixed_c40,1702,6217,261.6274,True,,40,read
cognodb,mixed_c40,1703,,1416.9317,True,,40,write
cognodb,mixed_c40,1704,,2712.0443,True,,40,write
cognodb,mixed_c40,1705,7232,296.0552,True,,40,read
cognodb,mixed_c40,1706,9292,277.0903,True,,40,read
cognodb,mixed_c40,1707,10094,280.8193,True,,40,read
cognodb,mixed_c40,1708,10180,278.141,True,,40,read
cognodb,mixed_c40,1709,12020,275.3673,True,,40,read
cognodb,mixed_c40,1710,101328,267.8419,True,,40,read
cognodb,mixed_c40,1711,102194,268.3317,True,,40,read
cognodb,mixed_c40,1712,102318,341.6921,True,,40,read
cognodb,mixed_c40,1713,104122,324.0356,True,,40,read
cognodb,mixed_c40,1714,,1209.248,True,,40,write
cognodb,mixed_c40,1715,105349,305.5303,True,,40,read
cognodb,mixed_c40,1716,106261,305.4707,True,,40,read
cognodb,mixed_c40,1717,107028,298.8388,True,,40,read
cognodb,mixed_c40,1718,107093,286.8974,True,,40,read
cognodb,mixed_c40,1719,107295,285.8721,True,,40,read
cognodb,mixed_c40,1720,108250,278.4509,True,,40,read
cognodb,mixed_c40,1721,109054,270.4331,True,,40,read
cognodb,mixed_c40,1722,109073,274.8379,True,,40,read
cognodb,mixed_c40,1723,110264,259.5783,True,,40,read
cognodb,mixed_c40,1724,110376,271.2975,True,,40,read
cognodb,mixed_c40,1725,201053,263.1511,True,,40,read
cognodb,mixed_c40,1726,204096,259.8192,True,,40,read
cognodb,mixed_c40,1727,,1116.0341,True,,40,write
cognodb,mixed_c40,1728,204182,263.409,True,,40,read
cognodb,mixed_c40,1729,,1129.3938,True,,40,write
cognodb,mixed_c40,1730,207048,259.7665,True,,40,read
cognodb,mixed_c40,1731,,1134.2874,True,,40,write
cognodb,mixed_c40,1732,,1121.6739,True,,40,write
cognodb,mixed_c40,1733,208159,245.7504,True,,40,read
cognodb,mixed_c40,1734,209058,293.4682,True,,40,read
cognodb,mixed_c40,1735,,1135.784,True,,40,write
cognodb,mixed_c40,1736,210254,290.1422,True,,40,read
cognodb,mixed_c40,1737,302080,287.9514,True,,40,read
cognodb,mixed_c40,1738,,1139.4878,True,,40,write
cognodb,mixed_c40,1739,9304275,270.5057,True,,40,read
cognodb,mixed_c40,1740,,1096.715,True,,40,write
cognodb,mixed_c40,1741,9306241,263.4627,True,,40,read
cognodb,mixed_c40,1742,,1087.7806,True,,40,write
cognodb,mixed_c40,1743,9309220,251.9632,True,,40,read
cognodb,mixed_c40,1744,,1079.1722,True,,40,write
cognodb,mixed_c40,1745,9309293,292.744,True,,40,read
cognodb,mixed_c40,1746,9310213,283.0742,True,,40,read
cognodb,mixed_c40,1747,9311240,288.9813,True,,40,read
cognodb,mixed_c40,1748,9401244,283.4747,True,,40,read
cognodb,mixed_c40,1749,9401326,266.9481,True,,40,read
cognodb,mixed_c40,1750,9403260,264.2495,True,,40,read
cognodb,mixed_c40,1751,9403269,260.6825,True,,40,read
cognodb,mixed_c40,1752,9407272,275.5608,True,,40,read
cognodb,mixed_c40,1753,9407278,274.4915,True,,40,read
cognodb,mixed_c40,1754,,1055.2086,True,,40,write
cognodb,mixed_c40,1755,9501227,255.1127,True,,40,read
cognodb,mixed_c40,1756,,1094.0796,True,,40,write
cognodb,mixed_c40,1757,9501376,268.6219,True,,40,read
cognodb,mixed_c40,1758,9502306,266.0739,True,,40,read
cognodb,mixed_c40,1759,9502360,255.6577,True,,40,read
cognodb,mixed_c40,1760,9503294,288.7879,True,,40,read
cognodb,mixed_c40,1761,,1069.5746,True,,40,write
cognodb,mixed_c40,1762,9505303,286.5812,True,,40,read
cognodb,mixed_c40,1763,9505310,264.0403,True,,40,read
cognodb,mixed_c40,1764,9505324,262.5496,True,,40,read
cognodb,mixed_c40,1765,9508299,247.9579,True,,40,read
cognodb,mixed_c40,1766,9509349,256.9712,True,,40,read
cognodb,mixed_c40,1767,,961.2878,True,,40,write
cognodb,mixed_c40,1768,9603420,298.407,True,,40,read
cognodb,mixed_c40,1769,9606252,261.1446,True,,40,read
cognodb,mixed_c40,1770,9609217,259.6508,True,,40,read
cognodb,mixed_c40,1771,9609470,283.1911,True,,40,read
cognodb,mixed_c40,1772,9610393,287.9812,True,,40,read
cognodb,mixed_c40,1773,,874.6328,True,,40,write
cognodb,mixed_c40,1774,9702270,262.0777,True,,40,read
cognodb,mixed_c40,1775,9703209,264.6365,True,,40,read
cognodb,mixed_c40,1776,9703232,265.0945,True,,40,read
cognodb,mixed_c40,1777,9703423,261.2395,True,,40,read
cognodb,mixed_c40,1778,9705262,264.2427,True,,40,read
cognodb,mixed_c40,1779,9706541,261.2156,True,,40,read
cognodb,mixed_c40,1780,9707250,245.0134,True,,40,read
cognodb,mixed_c40,1781,,828.6434,True,,40,write
cognodb,mixed_c40,1782,9707295,285.3999,True,,40,read
cognodb,mixed_c40,1783,,818.2312,True,,40,write
cognodb,mixed_c40,1784,9711261,281.7259,True,,40,read
cognodb,mixed_c40,1785,9711379,258.1976,True,,40,read
cognodb,mixed_c40,1786,9803439,259.7555,True,,40,read
cognodb,mixed_c40,1787,9804298,254.606,True,,40,read
cognodb,mixed_c40,1788,,804.0636,True,,40,write
cognodb,mixed_c40,1789,,799.3625,True,,40,write
cognodb,mixed_c40,1790,9805465,254.8434,True,,40,read
cognodb,mixed_c40,1791,9809529,252.5404,True,,40,read
cognodb,mixed_c40,1792,9810418,300.7925,True,,40,read
cognodb,mixed_c40,1793,9811432,303.7047,True,,40,read
cognodb,mixed_c40,1794,9811469,276.1714,True,,40,read
cognodb,mixed_c40,1795,9812342,302.0056,True,,40,read
cognodb,mixed_c40,1796,9906506,256.1273,True,,40,read
cognodb,mixed_c40,1797,,613.0414,True,,40,write
cognodb,mixed_c40,1798,9909234,254.7041,True,,40,read
cognodb,mixed_c40,1799,9909512,304.2896,True,,40,read
cognodb,mixed_c40,1800,2106,249.8935,True,,40,read
cognodb,mixed_c40,1801,6114,250.0149,True,,40,read
cognodb,mixed_c40,1802,6217,251.8482,True,,40,read
cognodb,mixed_c40,1803,7077,264.2928,True,,40,read
cognodb,mixed_c40,1804,,580.3825,True,,40,write
cognodb,mixed_c40,1805,,592.3781,True,,40,write
cognodb,mixed_c40,1806,,600.0979,True,,40,write
cognodb,mixed_c40,1807,10094,256.4015,True,,40,read
cognodb,mixed_c40,1808,10180,288.0935,True,,40,read
cognodb,mixed_c40,1809,,2804.6467,True,,40,write
cognodb,mixed_c40,1810,101328,312.0421,True,,40,read
cognodb,mixed_c40,1811,102194,309.503,True,,40,read
cognodb,mixed_c40,1812,,1462.6429,True,,40,write
cognodb,mixed_c40,1813,,1457.2991,True,,40,write
cognodb,mixed_c40,1814,104187,285.3699,True,,40,read
cognodb,mixed_c40,1815,105349,258.4949,True,,40,read
cognodb,mixed_c40,1816,106261,285.1726,True,,40,read
cognodb,mixed_c40,1817,107028,283.8929,True,,40,read
cognodb,mixed_c40,1818,107093,262.4017,True,,40,read
cognodb,mixed_c40,1819,,1439.0536,True,,40,write
cognodb,mixed_c40,1820,108250,293.1755,True,,40,read
cognodb,mixed_c40,1821,109054,293.1858,True,,40,read
cognodb,mixed_c40,1822,109073,269.1247,True,,40,read
cognodb,mixed_c40,1823,110264,279.4032,True,,40,read
cognodb,mixed_c40,1824,110376,274.8583,True,,40,read
cognodb,mixed_c40,1825,201053,264.6787,True,,40,read
cognodb,mixed_c40,1826,204096,271.1783,True,,40,read
cognodb,mixed_c40,1827,204176,263.4395,True,,40,read
cognodb,mixed_c40,1828,204182,259.4363,True,,40,read
cognodb,mixed_c40,1829,205038,287.233,True,,40,read
cognodb,mixed_c40,1830,,1304.6018,True,,40,write
cognodb,mixed_c40,1831,207227,295.381,True,,40,read
cognodb,mixed_c40,1832,208138,284.2728,True,,40,read
cognodb,mixed_c40,1833,208159,286.4086,True,,40,read
cognodb,mixed_c40,1834,209058,273.1887,True,,40,read
cognodb,mixed_c40,1835,209108,292.3374,True,,40,read
cognodb,mixed_c40,1836,210254,293.2371,True,,40,read
cognodb,mixed_c40,1837,,1241.5338,True,,40,write
cognodb,mixed_c40,1838,9208245,273.6671,True,,40,read
cognodb,mixed_c40,1839,9304275,268.8545,True,,40,read
cognodb,mixed_c40,1840,9305258,272.6423,True,,40,read
cognodb,mixed_c40,1841,9306241,268.708,True,,40,read
cognodb,mixed_c40,1842,9307320,279.5659,True,,40,read
cognodb,mixed_c40,1843,9309220,278.808,True,,40,read
cognodb,mixed_c40,1844,,1188.5436,True,,40,write
cognodb,mixed_c40,1845,9309293,277.9352,True,,40,read
cognodb,mixed_c40,1846,9310213,272.584,True,,40,read
cognodb,mixed_c40,1847,9311240,272.6859,True,,40,read
cognodb,mixed_c40,1848,9401244,265.8659,True,,40,read
cognodb,mixed_c40,1849,9401326,307.8509,True,,40,read
cognodb,mixed_c40,1850,9403260,253.7861,True,,40,read
cognodb,mixed_c40,1851,9403269,295.3657,True,,40,read
cognodb,mixed_c40,1852,9407272,305.7646,True,,40,read
cognodb,mixed_c40,1853,9407278,297.2351,True,,40,read
cognodb,mixed_c40,1854,9407401,285.7828,True,,40,read
cognodb,mixed_c40,1855,9501227,287.8664,True,,40,read
cognodb,mixed_c40,1856,9501350,272.1464,True,,40,read
cognodb,mixed_c40,1857,9501376,262.1721,True,,40,read
cognodb,mixed_c40,1858,9502306,274.4175,True,,40,read
cognodb,mixed_c40,1859,,1124.7514,True,,40,write
cognodb,mixed_c40,1860,9503294,260.8836,True,,40,read
cognodb,mixed_c40,1861,9504347,268.1307,True,,40,read
cognodb,mixed_c40,1862,9505303,268.4314,True,,40,read
cognodb,mixed_c40,1863,,1107.4418,True,,40,write
cognodb,mixed_c40,1864,9505324,328.7755,True,,40,read
cognodb,mixed_c40,1865,9508299,316.0411,True,,40,read
cognodb,mixed_c40,1866,,1040.3716,True,,40,write
cognodb,mixed_c40,1867,9603367,307.3208,True,,40,read
cognodb,mixed_c40,1868,9603420,297.7863,True,,40,read
cognodb,mixed_c40,1869,9606252,297.928,True,,40,read
cognodb,mixed_c40,1870,,1010.9336,True,,40,write
cognodb,mixed_c40,1871,9609470,263.9116,True,,40,read
cognodb,mixed_c40,1872,9610393,259.918,True,,40,read
cognodb,mixed_c40,1873,,996.7324,True,,40,write
cognodb,mixed_c40,1874,9702270,296.5346,True,,40,read
cognodb,mixed_c40,1875,9703209,264.2808,True,,40,read
cognodb,mixed_c40,1876,9703232,261.9043,True,,40,read
cognodb,mixed_c40,1877,,990.9963,True,,40,write
cognodb,mixed_c40,1878,9705262,294.6945,True,,40,read
cognodb,mixed_c40,1879,9706541,252.7326,True,,40,read
cognodb,mixed_c40,1880,9707250,291.5534,True,,40,read
cognodb,mixed_c40,1881,9707282,289.4384,True,,40,read
cognodb,mixed_c40,1882,9707295,263.4212,True,,40,read
cognodb,mixed_c40,1883,,962.7274,True,,40,write
cognodb,mixed_c40,1884,9711261,257.1387,True,,40,read
cognodb,mixed_c40,1885,,947.4451,True,,40,write
cognodb,mixed_c40,1886,9803439,296.7791,True,,40,read
cognodb,mixed_c40,1887,9804298,293.5246,True,,40,read
cognodb,mixed_c40,1888,9804313,289.7568,True,,40,read
cognodb,mixed_c40,1889,,967.3182,True,,40,write
cognodb,mixed_c40,1890,,973.2172,True,,40,write
cognodb,mixed_c40,1891,9809529,284.2425,True,,40,read
cognodb,mixed_c40,1892,,933.1722,True,,40,write
cognodb,mixed_c40,1893,9811432,259.502,True,,40,read
cognodb,mixed_c40,1894,,869.0821,True,,40,write
cognodb,mixed_c40,1895,9812342,253.9398,True,,40,read
cognodb,mixed_c40,1896,,850.8772,True,,40,write
cognodb,mixed_c40,1897,9907534,275.7824,True,,40,read
cognodb,mixed_c40,1898,9909234,271.4258,True,,40,read
cognodb,mixed_c40,1899,9909512,274.2667,True,,40,read
cognodb,mixed_c40,1900,2106,302.6398,True,,40,read
cognodb,mixed_c40,1901,6114,297.562,True,,40,read
cognodb,mixed_c40,1902,6217,250.1812,True,,40,read
cognodb,mixed_c40,1903,,836.9493,True,,40,write
cognodb,mixed_c40,1904,7211,297.001,True,,40,read
cognodb,mixed_c40,1905,7232,303.0723,True,,40,read
cognodb,mixed_c40,1906,,825.6615,True,,40,write
cognodb,mixed_c40,1907,10094,299.4645,True,,40,read
cognodb,mixed_c40,1908,,802.6769,True,,40,write
cognodb,mixed_c40,1909,,792.0476,True,,40,write
cognodb,mixed_c40,1910,101328,269.94,True,,40,read
cognodb,mixed_c40,1911,102194,269.9227,True,,40,read
cognodb,mixed_c40,1912,102318,265.5446,True,,40,read
cognodb,mixed_c40,1913,104122,270.6384,True,,40,read
cognodb,mixed_c40,1914,,777.6173,True,,40,write
cognodb,mixed_c40,1915,105349,286.3316,True,,40,read
cognodb,mixed_c40,1916,106261,261.1604,True,,40,read
cognodb,mixed_c40,1917,107028,269.4479,True,,40,read
cognodb,mixed_c40,1918,107093,258.0603,True,,40,read
cognodb,mixed_c40,1919,107295,259.2305,True,,40,read
cognodb,mixed_c40,1920,108250,276.0036,True,,40,read
cognodb,mixed_c40,1921,109054,268.9193,True,,40,read
cognodb,mixed_c40,1922,109073,250.1523,True,,40,read
cognodb,mixed_c40,1923,110264,265.7651,True,,40,read
cognodb,mixed_c40,1924,,2716.3884,True,,40,write
cognodb,mixed_c40,1925,201053,272.4494,True,,40,read
cognodb,mixed_c40,1926,204096,277.8852,True,,40,read
cognodb,mixed_c40,1927,204176,273.9184,True,,40,read
cognodb,mixed_c40,1928,204182,328.9911,True,,40,read
cognodb,mixed_c40,1929,205038,302.3469,True,,40,read
cognodb,mixed_c40,1930,207048,298.6444,True,,40,read
cognodb,mixed_c40,1931,,1395.1124,True,,40,write
cognodb,mixed_c40,1932,208138,291.099,True,,40,read
cognodb,mixed_c40,1933,208159,293.0022,True,,40,read
cognodb,mixed_c40,1934,209058,250.5871,True,,40,read
cognodb,mixed_c40,1935,,1352.5449,True,,40,write
cognodb,mixed_c40,1936,210254,324.5543,True,,40,read
cognodb,mixed_c40,1937,,1345.8824,True,,40,write
cognodb,mixed_c40,1938,9208245,320.3231,True,,40,read
cognodb,mixed_c40,1939,,1336.9975,True,,40,write
cognodb,mixed_c40,1940,,1341.7921,True,,40,write
cognodb,mixed_c40,1941,9306241,260.4078,True,,40,read
cognodb,mixed_c40,1942,9307320,299.7248,True,,40,read
cognodb,mixed_c40,1943,,1319.7377,True,,40,write
cognodb,mixed_c40,1944,9309273,253.1101,True,,40,read
cognodb,mixed_c40,1945,9309293,291.6181,True,,40,read
cognodb,mixed_c40,1946,9310213,281.1417,True,,40,read
cognodb,mixed_c40,1947,9311240,276.6842,True,,40,read
cognodb,mixed_c40,1948,9401244,269.518,True,,40,read
cognodb,mixed_c40,1949,9401326,257.0213,True,,40,read
cognodb,mixed_c40,1950,9403260,272.6454,True,,40,read
cognodb,mixed_c40,1951,9403269,310.5083,True,,40,read
cognodb,mixed_c40,1952,9407272,255.3932,True,,40,read
cognodb,mixed_c40,1953,9407278,296.9638,True,,40,read
cognodb,mixed_c40,1954,9407401,302.1293,True,,40,read
cognodb,mixed_c40,1955,9501227,292.8867,True,,40,read
cognodb,mixed_c40,1956,9501350,283.9969,True,,40,read
cognodb,mixed_c40,1957,9501376,279.0087,True,,40,read
cognodb,mixed_c40,1958,9502306,268.5246,True,,40,read
cognodb,mixed_c40,1959,9502360,269.1023,True,,40,read
cognodb,mixed_c40,1960,,1171.6957,True,,40,write
cognodb,mixed_c40,1961,,1208.406,True,,40,write
cognodb,mixed_c40,1962,9505303,294.8835,True,,40,read
cognodb,mixed_c40,1963,9505310,253.3577,True,,40,read
cognodb,mixed_c40,1964,9505324,253.2536,True,,40,read
cognodb,mixed_c40,1965,,1175.1194,True,,40,write
cognodb,mixed_c40,1966,9509349,282.4993,True,,40,read
cognodb,mixed_c40,1967,9603367,254.8184,True,,40,read
cognodb,mixed_c40,1968,9603420,255.0431,True,,40,read
cognodb,mixed_c40,1969,,1191.7138,True,,40,write
cognodb,mixed_c40,1970,9609217,278.4372,True,,40,read
cognodb,mixed_c40,1971,9609470,270.9405,True,,40,read
cognodb,mixed_c40,1972,9610393,302.0826,True,,40,read
cognodb,mixed_c40,1973,9701246,299.0957,True,,40,read
cognodb,mixed_c40,1974,9702270,252.3798,True,,40,read
cognodb,mixed_c40,1975,9703209,249.9886,True,,40,read
cognodb,mixed_c40,1976,9703232,262.7425,True,,40,read
cognodb,mixed_c40,1977,9703423,261.3313,True,,40,read
cognodb,mixed_c40,1978,9705262,272.5059,True,,40,read
cognodb,mixed_c40,1979,9706541,258.0,True,,40,read
cognodb,mixed_c40,1980,,1134.4033,True,,40,write
cognodb,mixed_c40,1981,9707282,271.0864,True,,40,read
cognodb,mixed_c40,1982,9707295,251.9488,True,,40,read
cognodb,mixed_c40,1983,9710376,247.6381,True,,40,read
cognodb,mixed_c40,1984,,1059.839,True,,40,write
cognodb,mixed_c40,1985,9711379,324.986,True,,40,read
cognodb,mixed_c40,1986,,1060.3061,True,,40,write
cognodb,mixed_c40,1987,9804298,291.3035,True,,40,read
cognodb,mixed_c40,1988,9804313,314.5164,True,,40,read
cognodb,mixed_c40,1989,9804343,307.6528,True,,40,read
cognodb,mixed_c40,1990,9805465,304.8879,True,,40,read
cognodb,mixed_c40,1991,9809529,308.3854,True,,40,read
cognodb,mixed_c40,1992,9810418,308.953,True,,40,read
cognodb,mixed_c40,1993,9811432,303.1829,True,,40,read
cognodb,mixed_c40,1994,,1013.6355,True,,40,write
cognodb,mixed_c40,1995,9812342,305.8991,True,,40,read
cognodb,mixed_c40,1996,9906506,259.5407,True,,40,read
cognodb,mixed_c40,1997,9907534,297.6143,True,,40,read
cognodb,mixed_c40,1998,9909234,252.9243,True,,40,read
cognodb,mixed_c40,1999,9909512,286.9023,True,,40,read
cognodb,mixed_c40,2000,2106,247.719,True,,40,read
cognodb,mixed_c40,2001,6114,284.1889,True,,40,read
cognodb,mixed_c40,2002,,913.9503,True,,40,write
cognodb,mixed_c40,2003,7077,255.7365,True,,40,read
cognodb,mixed_c40,2004,7211,256.8803,True,,40,read
cognodb,mixed_c40,2005,7232,256.9998,True,,40,read
cognodb,mixed_c40,2006,,918.3103,True,,40,write
cognodb,mixed_c40,2007,10094,292.767,True,,40,read
cognodb,mixed_c40,2008,10180,290.134,True,,40,read
cognodb,mixed_c40,2009,,927.8478,True,,40,write
cognodb,mixed_c40,2010,101328,285.5319,True,,40,read
cognodb,mixed_c40,2011,102194,263.405,True,,40,read
cognodb,mixed_c40,2012,102318,260.2746,True,,40,read
cognodb,mixed_c40,2013,,793.7039,True,,40,write
cognodb,mixed_c40,2014,104187,284.164,True,,40,read
cognodb,mixed_c40,2015,105349,282.3227,True,,40,read
cognodb,mixed_c40,2016,106261,282.6403,True,,40,read
cognodb,mixed_c40,2017,,801.6876,True,,40,write
cognodb,mixed_c40,2018,107093,281.1719,True,,40,read
cognodb,mixed_c40,2019,,788.552,True,,40,write
cognodb,mixed_c40,2020,108250,261.4492,True,,40,read
cognodb,mixed_c40,2021,109054,256.3997,True,,40,read
cognodb,mixed_c40,2022,109073,304.6359,True,,40,read
cognodb,mixed_c40,2023,110264,251.7798,True,,40,read
cognodb,mixed_c40,2024,110376,280.3756,True,,40,read
cognodb,mixed_c40,2025,201053,281.6326,True,,40,read
cognodb,mixed_c40,2026,204096,261.2011,True,,40,read
cognodb,mixed_c40,2027,204176,269.3266,True,,40,read
cognodb,mixed_c40,2028,,716.6248,True,,40,write
cognodb,mixed_c40,2029,205038,312.4622,True,,40,read
cognodb,mixed_c40,2030,207048,307.4816,True,,40,read
cognodb,mixed_c40,2031,207227,310.2861,True,,40,read
cognodb,mixed_c40,2032,,2751.3725,True,,40,write
cognodb,mixed_c40,2033,,579.397,True,,40,write
cognodb,mixed_c40,2034,209058,258.4219,True,,40,read
cognodb,mixed_c40,2035,209108,258.6092,True,,40,read
cognodb,mixed_c40,2036,,1468.6399,True,,40,write
cognodb,mixed_c40,2037,302080,291.2755,True,,40,read
cognodb,mixed_c40,2038,9208245,278.6323,True,,40,read
cognodb,mixed_c40,2039,9304275,278.5653,True,,40,read
cognodb,mixed_c40,2040,9305258,278.5272,True,,40,read
cognodb,mixed_c40,2041,,1434.0632,True,,40,write
cognodb,mixed_c40,2042,9307320,282.5516,True,,40,read
cognodb,mixed_c40,2043,9309220,282.9684,True,,40,read
cognodb,mixed_c40,2044,9309273,283.4709,True,,40,read
cognodb,mixed_c40,2045,,1396.0243,True,,40,write
cognodb,mixed_c40,2046,9310213,293.8912,True,,40,read
cognodb,mixed_c40,2047,9311240,293.4264,True,,40,read
cognodb,mixed_c40,2048,,1338.293,True,,40,write
cognodb,mixed_c40,2049,9401326,255.0218,True,,40,read
cognodb,mixed_c40,2050,9403260,308.6823,True,,40,read
cognodb,mixed_c40,2051,9403269,313.9194,True,,40,read
cognodb,mixed_c40,2052,9407272,306.1878,True,,40,read
cognodb,mixed_c40,2053,9407278,295.9186,True,,40,read
cognodb,mixed_c40,2054,9407401,280.9837,True,,40,read
cognodb,mixed_c40,2055,,1233.6834,True,,40,write
cognodb,mixed_c40,2056,,1223.4293,True,,40,write
cognodb,mixed_c40,2057,9501376,312.7248,True,,40,read
cognodb,mixed_c40,2058,9502306,260.0445,True,,40,read
cognodb,mixed_c40,2059,9502360,263.6081,True,,40,read
cognodb,mixed_c40,2060,9503294,294.0567,True,,40,read
cognodb,mixed_c40,2061,9504347,282.9617,True,,40,read
cognodb,mixed_c40,2062,9505303,270.8089,True,,40,read
cognodb,mixed_c40,2063,9505310,256.3625,True,,40,read
cognodb,mixed_c40,2064,9505324,259.4019,True,,40,read
cognodb,mixed_c40,2065,9508299,298.4028,True,,40,read
cognodb,mixed_c40,2066,9509349,344.1662,True,,40,read
cognodb,mixed_c40,2067,9603367,286.7943,True,,40,read
cognodb,mixed_c40,2068,9603420,296.4501,True,,40,read
cognodb,mixed_c40,2069,,1106.7766,True,,40,write
cognodb,mixed_c40,2070,9609217,278.7178,True,,40,read
cognodb,mixed_c40,2071,,1102.9164,True,,40,write
cognodb,mixed_c40,2072,,1093.1511,True,,40,write
cognodb,mixed_c40,2073,9701246,296.0931,True,,40,read
cognodb,mixed_c40,2074,9702270,295.4123,True,,40,read
cognodb,mixed_c40,2075,,1104.8991,True,,40,write
cognodb,mixed_c40,2076,9703232,295.4498,True,,40,read
cognodb,mixed_c40,2077,9703423,320.5449,True,,40,read
cognodb,mixed_c40,2078,9705262,300.1845,True,,40,read
cognodb,mixed_c40,2079,9706541,293.8561,True,,40,read
cognodb,mixed_c40,2080,,1067.7476,True,,40,write
cognodb,mixed_c40,2081,9707282,280.2607,True,,40,read
cognodb,mixed_c40,2082,9707295,270.8366,True,,40,read
cognodb,mixed_c40,2083,9710376,264.6797,True,,40,read
cognodb,mixed_c40,2084,9711261,258.4355,True,,40,read
cognodb,mixed_c40,2085,,1043.479,True,,40,write
cognodb,mixed_c40,2086,9803439,257.5043,True,,40,read
cognodb,mixed_c40,2087,9804298,257.0763,True,,40,read
cognodb,mixed_c40,2088,9804313,251.7271,True,,40,read
cognodb,mixed_c40,2089,9804343,249.2776,True,,40,read
cognodb,mixed_c40,2090,9805465,294.0263,True,,40,read
cognodb,mixed_c40,2091,9809529,266.51,True,,40,read
cognodb,mixed_c40,2092,9810418,296.4683,True,,40,read
cognodb,mixed_c40,2093,9811432,293.4397,True,,40,read
cognodb,mixed_c40,2094,9811469,288.9647,True,,40,read
cognodb,mixed_c40,2095,9812342,289.9529,True,,40,read
cognodb,mixed_c40,2096,9906506,246.6504,True,,40,read
cognodb,mixed_c40,2097,,957.19,True,,40,write
cognodb,mixed_c40,2098,9909234,313.2934,True,,40,read
cognodb,mixed_c40,2099,,917.8942,True,,40,write
cognodb,mixed_c40,2100,2106,265.0841,True,,40,read
cognodb,mixed_c40,2101,6114,259.5433,True,,40,read
cognodb,mixed_c40,2102,6217,250.8206,True,,40,read
cognodb,mixed_c40,2103,,868.6751,True,,40,write
cognodb,mixed_c40,2104,7211,289.5232,True,,40,read
cognodb,mixed_c40,2105,,878.765,True,,40,write
cognodb,mixed_c40,2106,9292,261.174,True,,40,read
cognodb,mixed_c40,2107,,839.8177,True,,40,write
cognodb,mixed_c40,2108,10180,311.6398,True,,40,read
cognodb,mixed_c40,2109,12020,253.5823,True,,40,read
cognodb,mixed_c40,2110,101328,254.001,True,,40,read
cognodb,mixed_c40,2111,102194,288.3833,True,,40,read
cognodb,mixed_c40,2112,,864.2282,True,,40,write
cognodb,mixed_c40,2113,104122,252.1455,True,,40,read
cognodb,mixed_c40,2114,104187,281.6304,True,,40,read
cognodb,mixed_c40,2115,105349,294.7957,True,,40,read
cognodb,mixed_c40,2116,,841.6292,True,,40,write
cognodb,mixed_c40,2117,,848.0882,True,,40,write
cognodb,mixed_c40,2118,107093,313.1945,True,,40,read
cognodb,mixed_c40,2119,107295,312.4372,True,,40,read
cognodb,mixed_c40,2120,108250,277.9563,True,,40,read
cognodb,mixed_c40,2121,109054,274.3977,True,,40,read
cognodb,mixed_c40,2122,109073,305.9814,True,,40,read
cognodb,mixed_c40,2123,110264,325.3431,True,,40,read
cognodb,mixed_c40,2124,110376,284.7013,True,,40,read
cognodb,mixed_c40,2125,201053,323.73,True,,40,read
cognodb,mixed_c40,2126,204096,289.5698,True,,40,read
cognodb,mixed_c40,2127,,673.8735,True,,40,write
cognodb,mixed_c40,2128,,666.4167,True,,40,write
cognodb,mixed_c40,2129,205038,259.4125,True,,40,read
cognodb,mixed_c40,2130,207048,259.5236,True,,40,read
cognodb,mixed_c40,2131,207227,244.1131,True,,40,read
cognodb,mixed_c40,2132,208138,255.2788,True,,40,read
cognodb,mixed_c40,2133,208159,254.6362,True,,40,read
cognodb,mixed_c40,2134,209058,281.3557,True,,40,read
cognodb,mixed_c40,2135,209108,281.0638,True,,40,read
cognodb,mixed_c40,2136,210254,253.5224,True,,40,read
cognodb,mixed_c40,2137,302080,281.5989,True,,40,read
cognodb,mixed_c40,2138,9208245,281.1626,True,,40,read
cognodb,mixed_c40,2139,9304275,292.1845,True,,40,read
cognodb,mixed_c40,2140,9305258,290.4478,True,,40,read
cognodb,mixed_c40,2141,9306241,398.8798,True,,40,read
cognodb,mixed_c40,2142,9307320,376.5956,True,,40,read
cognodb,mixed_c40,2143,9309220,368.176,True,,40,read
cognodb,mixed_c40,2144,9309273,368.6174,True,,40,read
cognodb,mixed_c40,2145,9309293,344.174,True,,40,read
cognodb,mixed_c40,2146,9310213,342.8071,True,,40,read
cognodb,mixed_c40,2147,9311240,358.0791,True,,40,read
cognodb,mixed_c40,2148,,2468.8699,True,,40,write
cognodb,mixed_c40,2149,9401326,313.6188,True,,40,read
cognodb,mixed_c40,2150,9403260,279.2088,True,,40,read
cognodb,mixed_c40,2151,9403269,270.2245,True,,40,read
cognodb,mixed_c40,2152,9407272,272.2962,True,,40,read
cognodb,mixed_c40,2153,9407278,252.7196,True,,40,read
cognodb,mixed_c40,2154,9407401,300.6705,True,,40,read
cognodb,mixed_c40,2155,9501227,301.6975,True,,40,read
cognodb,mixed_c40,2156,9501350,289.6707,True,,40,read
cognodb,mixed_c40,2157,9501376,277.9412,True,,40,read
cognodb,mixed_c40,2158,9502306,299.3522,True,,40,read
cognodb,mixed_c40,2159,9502360,300.6706,True,,40,read
cognodb,mixed_c40,2160,9503294,296.9436,True,,40,read
cognodb,mixed_c40,2161,9504347,285.0905,True,,40,read
cognodb,mixed_c40,2162,9505303,281.6112,True,,40,read
cognodb,mixed_c40,2163,,1243.2886,True,,40,write
cognodb,mixed_c40,2164,9505324,269.2209,True,,40,read
cognodb,mixed_c40,2165,9508299,271.4471,True,,40,read
cognodb,mixed_c40,2166,9509349,262.5891,True,,40,read
cognodb,mixed_c40,2167,9603367,281.4878,True,,40,read
cognodb,mixed_c40,2168,9603420,275.2276,True,,40,read
cognodb,mixed_c40,2169,9606252,269.6548,True,,40,read
cognodb,mixed_c40,2170,9609217,258.0169,True,,40,read
cognodb,mixed_c40,2171,,1146.8004,True,,40,write
cognodb,mixed_c40,2172,9610393,274.8644,True,,40,read
cognodb,mixed_c40,2173,9701246,284.4059,True,,40,read
cognodb,mixed_c40,2174,9702270,277.8835,True,,40,read
cognodb,mixed_c40,2175,9703209,282.5937,True,,40,read
cognodb,mixed_c40,2176,9703232,279.1547,True,,40,read
cognodb,mixed_c40,2177,9703423,272.0929,True,,40,read
cognodb,mixed_c40,2178,9705262,267.8536,True,,40,read
cognodb,mixed_c40,2179,9706541,306.7542,True,,40,read
cognodb,mixed_c40,2180,9707250,301.851,True,,40,read
cognodb,mixed_c40,2181,9707282,257.3926,True,,40,read
cognodb,mixed_c40,2182,9707295,303.886,True,,40,read
cognodb,mixed_c40,2183,,1125.0677,True,,40,write
cognodb,mixed_c40,2184,9711261,302.5433,True,,40,read
cognodb,mixed_c40,2185,9711379,286.2183,True,,40,read
cognodb,mixed_c40,2186,,1127.7553,True,,40,write
cognodb,mixed_c40,2187,9804298,298.6038,True,,40,read
cognodb,mixed_c40,2188,,1114.7363,True,,40,write
cognodb,mixed_c40,2189,9804343,257.4318,True,,40,read
cognodb,mixed_c40,2190,9805465,274.1605,True,,40,read
cognodb,mixed_c40,2191,9809529,270.8825,True,,40,read
cognodb,mixed_c40,2192,,1080.1784,True,,40,write
cognodb,mixed_c40,2193,,1070.9833,True,,40,write
cognodb,mixed_c40,2194,9811469,829.3832,True,,40,read
cognodb,mixed_c40,2195,9812342,612.4663,True,,40,read
cognodb,mixed_c40,2196,9906506,262.5264,True,,40,read
cognodb,mixed_c40,2197,9907534,721.1552,True,,40,read
cognodb,mixed_c40,2198,,1097.9885,True,,40,write
cognodb,mixed_c40,2199,9909512,302.5836,True,,40,read
cognodb,mixed_c40,2200,2106,706.8934,True,,40,read
cognodb,mixed_c40,2201,6114,288.8952,True,,40,read
cognodb,mixed_c40,2202,6217,278.5961,True,,40,read
cognodb,mixed_c40,2203,7077,271.6599,True,,40,read
cognodb,mixed_c40,2204,,1016.5603,True,,40,write
cognodb,mixed_c40,2205,7232,572.2905,True,,40,read
cognodb,mixed_c40,2206,,1032.7009,True,,40,write
cognodb,mixed_c40,2207,10094,281.9676,True,,40,read
cognodb,mixed_c40,2208,10180,570.9061,True,,40,read
cognodb,mixed_c40,2209,12020,285.2385,True,,40,read
cognodb,mixed_c40,2210,101328,284.2269,True,,40,read
cognodb,mixed_c40,2211,,986.4168,True,,40,write
cognodb,mixed_c40,2212,102318,275.2087,True,,40,read
cognodb,mixed_c40,2213,104122,268.1609,True,,40,read
cognodb,mixed_c40,2214,104187,641.9071,True,,40,read
cognodb,mixed_c40,2215,,970.366,True,,40,write
cognodb,mixed_c40,2216,106261,293.3687,True,,40,read
cognodb,mixed_c40,2217,107028,291.2365,True,,40,read
cognodb,mixed_c40,2218,107093,325.825,True,,40,read
cognodb,mixed_c40,2219,,963.0687,True,,40,write
cognodb,mixed_c40,2220,108250,316.6617,True,,40,read
cognodb,mixed_c40,2221,109054,317.1058,True,,40,read
cognodb,mixed_c40,2222,109073,261.6018,True,,40,read
cognodb,mixed_c40,2223,,933.434,True,,40,write
cognodb,mixed_c40,2224,110376,301.5939,True,,40,read
cognodb,mixed_c40,2225,201053,707.7218,True,,40,read
cognodb,mixed_c40,2226,204096,302.4843,True,,40,read
cognodb,mixed_c40,2227,204176,295.6586,True,,40,read
cognodb,mixed_c40,2228,204182,300.4988,True,,40,read
cognodb,mixed_c40,2229,205038,294.4863,True,,40,read
cognodb,mixed_c40,2230,207048,259.6179,True,,40,read
cognodb,mixed_c40,2231,,763.3497,True,,40,write
cognodb,mixed_c40,2232,,765.2212,True,,40,write
cognodb,mixed_c40,2233,208159,246.7706,True,,40,read
cognodb,mixed_c40,2234,209058,283.2507,True,,40,read
cognodb,mixed_c40,2235,209108,264.7578,True,,40,read
cognodb,mixed_c40,2236,210254,264.9686,True,,40,read
cognodb,mixed_c40,2237,302080,254.216,True,,40,read
cognodb,mixed_c40,2238,9208245,272.5251,True,,40,read
cognodb,mixed_c40,2239,9304275,281.9223,True,,40,read
cognodb,mixed_c40,2240,9305258,276.3307,True,,40,read
cognodb,mixed_c40,2241,9306241,270.7161,True,,40,read
cognodb,mixed_c40,2242,9307320,281.4317,True,,40,read
cognodb,mixed_c40,2243,9309220,283.0757,True,,40,read
cognodb,mixed_c40,2244,9309273,275.5439,True,,40,read
cognodb,mixed_c40,2245,9309293,272.2272,True,,40,read
cognodb,mixed_c40,2246,,594.2217,True,,40,write
cognodb,mixed_c40,2247,9311240,261.0584,True,,40,read
cognodb,mixed_c40,2248,9401244,265.0143,True,,40,read
cognodb,mixed_c40,2249,,2668.607,True,,40,write
cognodb,mixed_c40,2250,9403260,290.4102,True,,40,read
cognodb,mixed_c40,2251,9403269,275.3672,True,,40,read
cognodb,mixed_c40,2252,,1365.7526,True,,40,write
cognodb,mixed_c40,2253,9407278,279.1227,True,,40,read
cognodb,mixed_c40,2254,,1381.1104,True,,40,write
cognodb,mixed_c40,2255,9501227,277.5269,True,,40,read
cognodb,mixed_c40,2256,9501350,278.9773,True,,40,read
cognodb,mixed_c40,2257,9501376,327.19,True,,40,read
cognodb,mixed_c40,2258,9502306,325.4008,True,,40,read
cognodb,mixed_c40,2259,9502360,263.3867,True,,40,read
cognodb,mixed_c40,2260,9503294,314.739,True,,40,read
cognodb,mixed_c40,2261,9504347,314.1104,True,,40,read
cognodb,mixed_c40,2262,,1320.9724,True,,40,write
cognodb,mixed_c40,2263,9505310,310.9076,True,,40,read
cognodb,mixed_c40,2264,9505324,290.1051,True,,40,read
cognodb,mixed_c40,2265,9508299,284.4115,True,,40,read
cognodb,mixed_c40,2266,9509349,284.1972,True,,40,read
cognodb,mixed_c40,2267,9603367,294.2174,True,,40,read
cognodb,mixed_c40,2268,9603420,281.1251,True,,40,read
cognodb,mixed_c40,2269,,1212.868,True,,40,write
cognodb,mixed_c40,2270,9609217,247.071,True,,40,read
cognodb,mixed_c40,2271,9609470,286.1256,True,,40,read
cognodb,mixed_c40,2272,,1191.9515,True,,40,write
cognodb,mixed_c40,2273,,1158.7044,True,,40,write
cognodb,mixed_c40,2274,,1166.5367,True,,40,write
cognodb,mixed_c40,2275,9703209,260.1176,True,,40,read
cognodb,mixed_c40,2276,9703232,296.124,True,,40,read
cognodb,mixed_c40,2277,,1177.8947,True,,40,write
cognodb,mixed_c40,2278,,1167.9855,True,,40,write
cognodb,mixed_c40,2279,9706541,286.9496,True,,40,read
cognodb,mixed_c40,2280,,1184.1652,True,,40,write
cognodb,mixed_c40,2281,9707282,267.7974,True,,40,read
cognodb,mixed_c40,2282,9707295,260.9133,True,,40,read
cognodb,mixed_c40,2283,9710376,274.5957,True,,40,read
cognodb,mixed_c40,2284,9711261,282.5887,True,,40,read
cognodb,mixed_c40,2285,9711379,262.1504,True,,40,read
cognodb,mixed_c40,2286,9803439,262.9404,True,,40,read
cognodb,mixed_c40,2287,9804298,264.2711,True,,40,read
cognodb,mixed_c40,2288,,1114.5258,True,,40,write
cognodb,mixed_c40,2289,9804343,296.2126,True,,40,read
cognodb,mixed_c40,2290,9805465,255.6381,True,,40,read
cognodb,mixed_c40,2291,9809529,249.4807,True,,40,read
cognodb,mixed_c40,2292,,1100.0311,True,,40,write
cognodb,mixed_c40,2293,9811432,264.9856,True,,40,read
cognodb,mixed_c40,2294,9811469,265.8024,True,,40,read
cognodb,mixed_c40,2295,9812342,298.3726,True,,40,read
cognodb,mixed_c40,2296,9906506,295.0434,True,,40,read
cognodb,mixed_c40,2297,9907534,297.5411,True,,40,read
cognodb,mixed_c40,2298,9909234,291.2826,True,,40,read
cognodb,mixed_c40,2299,,1067.5271,True,,40,write
cognodb,mixed_c40,2300,2106,322.6585,True,,40,read
cognodb,mixed_c40,2301,6114,280.0214,True,,40,read
cognodb,mixed_c40,2302,6217,280.8354,True,,40,read
cognodb,mixed_c40,2303,,1029.4807,True,,40,write
cognodb,mixed_c40,2304,7211,284.6537,True,,40,read
cognodb,mixed_c40,2305,7232,256.84,True,,40,read
cognodb,mixed_c40,2306,9292,253.828,True,,40,read
cognodb,mixed_c40,2307,10094,302.1602,True,,40,read
cognodb,mixed_c40,2308,10180,271.0456,True,,40,read
cognodb,mixed_c40,2309,12020,267.3453,True,,40,read
cognodb,mixed_c40,2310,101328,271.2568,True,,40,read
cognodb,mixed_c40,2311,102194,280.9539,True,,40,read
cognodb,mixed_c40,2312,,943.6293,True,,40,write
cognodb,mixed_c40,2313,104122,258.7138,True,,40,read
cognodb,mixed_c40,2314,104187,337.8262,True,,40,read
cognodb,mixed_c40,2315,105349,249.3266,True,,40,read
cognodb,mixed_c40,2316,106261,252.2041,True,,40,read
cognodb,mixed_c40,2317,107028,256.1692,True,,40,read
cognodb,mixed_c40,2318,,873.8193,True,,40,write
cognodb,mixed_c40,2319,107295,301.6805,True,,40,read
cognodb,mixed_c40,2320,108250,295.5802,True,,40,read
cognodb,mixed_c40,2321,109054,260.312,True,,40,read
cognodb,mixed_c40,2322,109073,262.522,True,,40,read
cognodb,mixed_c40,2323,110264,263.7707,True,,40,read
cognodb,mixed_c40,2324,110376,265.5936,True,,40,read
cognodb,mixed_c40,2325,201053,267.3343,True,,40,read
cognodb,mixed_c40,2326,,850.8802,True,,40,write
cognodb,mixed_c40,2327,204176,304.0792,True,,40,read
cognodb,mixed_c40,2328,204182,300.5825,True,,40,read
cognodb,mixed_c40,2329,205038,292.3961,True,,40,read
cognodb,mixed_c40,2330,207048,283.6361,True,,40,read
cognodb,mixed_c40,2331,207227,296.6107,True,,40,read
cognodb,mixed_c40,2332,208138,292.5316,True,,40,read
cognodb,mixed_c40,2333,208159,289.4177,True,,40,read
cognodb,mixed_c40,2334,209058,266.3597,True,,40,read
cognodb,mixed_c40,2335,209108,259.088,True,,40,read
cognodb,mixed_c40,2336,,712.2955,True,,40,write
cognodb,mixed_c40,2337,302080,283.9904,True,,40,read
cognodb,mixed_c40,2338,9208245,279.2709,True,,40,read
cognodb,mixed_c40,2339,9304275,277.6406,True,,40,read
cognodb,mixed_c40,2340,9305258,259.7042,True,,40,read
cognodb,mixed_c40,2341,9306241,271.5746,True,,40,read
cognodb,mixed_c40,2342,9307320,255.8724,True,,40,read
cognodb,mixed_c40,2343,9309220,253.1998,True,,40,read
cognodb,mixed_c40,2344,9309273,252.145,True,,40,read
cognodb,mixed_c40,2345,,620.7625,True,,40,write
cognodb,mixed_c40,2346,,621.4441,True,,40,write
cognodb,mixed_c40,2347,9311240,268.8126,True,,40,read
cognodb,mixed_c40,2348,,603.9506,True,,40,write
cognodb,mixed_c40,2349,9401326,257.8306,True,,40,read
cognodb,mixed_c40,2350,9403260,256.1477,True,,40,read
cognodb,mixed_c40,2351,,563.8418,True,,40,write
cognodb,mixed_c40,2352,9407272,407.4826,True,,40,read
cognodb,mixed_c40,2353,9407278,397.8826,True,,40,read
cognodb,mixed_c40,2354,,1514.1076,True,,40,write
cognodb,mixed_c40,2355,,2844.3448,True,,40,write
cognodb,mixed_c40,2356,9501350,412.0608,True,,40,read
cognodb,mixed_c40,2357,9501376,370.9529,True,,40,read
cognodb,mixed_c40,2358,9502306,375.0795,True,,40,read
cognodb,mixed_c40,2359,9502360,383.5905,True,,40,read
cognodb,mixed_c40,2360,9503294,332.9331,True,,40,read
cognodb,mixed_c40,2361,9504347,315.1668,True,,40,read
cognodb,mixed_c40,2362,9505303,292.3672,True,,40,read
cognodb,mixed_c40,2363,9505310,316.0772,True,,40,read
cognodb,mixed_c40,2364,9505324,311.1685,True,,40,read
cognodb,mixed_c40,2365,9508299,283.9207,True,,40,read
cognodb,mixed_c40,2366,9509349,268.8237,True,,40,read
cognodb,mixed_c40,2367,,1346.7718,True,,40,write
cognodb,mixed_c40,2368,9603420,302.5973,True,,40,read
cognodb,mixed_c40,2369,,1338.0164,True,,40,write
cognodb,mixed_c40,2370,9609217,262.1816,True,,40,read
cognodb,mixed_c40,2371,,1311.5106,True,,40,write
cognodb,mixed_c40,2372,,1311.4922,True,,40,write
cognodb,mixed_c40,2373,9701246,264.7886,True,,40,read
cognodb,mixed_c40,2374,9702270,256.6064,True,,40,read
cognodb,mixed_c40,2375,9703209,295.2944,True,,40,read
cognodb,mixed_c40,2376,9703232,285.6182,True,,40,read
cognodb,mixed_c40,2377,9703423,277.6399,True,,40,read
cognodb,mixed_c40,2378,,1237.7266,True,,40,write
cognodb,mixed_c40,2379,9706541,261.2479,True,,40,read
cognodb,mixed_c40,2380,9707250,249.9405,True,,40,read
cognodb,mixed_c40,2381,9707282,268.7575,True,,40,read
cognodb,mixed_c40,2382,9707295,257.8011,True,,40,read
cognodb,mixed_c40,2383,9710376,254.0662,True,,40,read
cognodb,mixed_c40,2384,9711261,251.9112,True,,40,read
cognodb,mixed_c40,2385,9711379,295.8801,True,,40,read
cognodb,mixed_c40,2386,,1195.4652,True,,40,write
cognodb,mixed_c40,2387,,1201.2514,True,,40,write
cognodb,mixed_c40,2388,9804313,286.5615,True,,40,read
cognodb,mixed_c40,2389,9804343,293.6773,True,,40,read
cognodb,mixed_c40,2390,9805465,294.8399,True,,40,read
cognodb,mixed_c40,2391,9809529,285.1875,True,,40,read
cognodb,mixed_c40,2392,9810418,297.0257,True,,40,read
cognodb,mixed_c40,2393,9811432,299.9448,True,,40,read
cognodb,mixed_c40,2394,9811469,286.7627,True,,40,read
cognodb,mixed_c40,2395,9812342,295.1363,True,,40,read
cognodb,mixed_c40,2396,,1183.6577,True,,40,write
cognodb,mixed_c40,2397,,1208.634,True,,40,write
cognodb,mixed_c40,2398,9909234,274.159,True,,40,read
cognodb,mixed_c40,2399,9909512,272.9246,True,,40,read
cognodb,mixed_c40,2400,2106,274.9258,True,,40,read
cognodb,mixed_c40,2401,6114,251.2957,True,,40,read
cognodb,mixed_c40,2402,6217,254.7307,True,,40,read
cognodb,mixed_c40,2403,7077,335.5319,True,,40,read
cognodb,mixed_c40,2404,7211,331.5846,True,,40,read
cognodb,mixed_c40,2405,7232,303.152,True,,40,read
cognodb,mixed_c40,2406,9292,299.4003,True,,40,read
cognodb,mixed_c40,2407,,1114.0236,True,,40,write
cognodb,mixed_c40,2408,10180,256.7609,True,,40,read
cognodb,mixed_c40,2409,12020,256.8786,True,,40,read
cognodb,mixed_c40,2410,101328,305.1228,True,,40,read
cognodb,mixed_c40,2411,102194,290.1477,True,,40,read
cognodb,mixed_c40,2412,,1050.0603,True,,40,write
cognodb,mixed_c40,2413,104122,271.4674,True,,40,read
cognodb,mixed_c40,2414,104187,268.5594,True,,40,read
cognodb,mixed_c40,2415,105349,244.6366,True,,40,read
cognodb,mixed_c40,2416,,1018.2736,True,,40,write
cognodb,mixed_c40,2417,,983.4624,True,,40,write
cognodb,mixed_c40,2418,107093,305.6171,True,,40,read
cognodb,mixed_c40,2419,107295,251.9513,True,,40,read
cognodb,mixed_c40,2420,108250,295.3266,True,,40,read
cognodb,mixed_c40,2421,109054,301.5043,True,,40,read
cognodb,mixed_c40,2422,109073,286.0248,True,,40,read
cognodb,mixed_c40,2423,110264,290.7765,True,,40,read
cognodb,mixed_c40,2424,110376,293.2858,True,,40,read
cognodb,mixed_c40,2425,,986.8546,True,,40,write
cognodb,mixed_c40,2426,,977.7739,True,,40,write
cognodb,mixed_c40,2427,204176,286.5682,True,,40,read
cognodb,mixed_c40,2428,204182,281.7604,True,,40,read
cognodb,mixed_c40,2429,205038,284.3256,True,,40,read
cognodb,mixed_c40,2430,207048,279.7351,True,,40,read
cognodb,mixed_c40,2431,207227,267.2768,True,,40,read
cognodb,mixed_c40,2432,208138,259.8423,True,,40,read
cognodb,mixed_c40,2433,,880.6793,True,,40,write
cognodb,mixed_c40,2434,209058,260.9222,True,,40,read
cognodb,mixed_c40,2435,,890.073,True,,40,write
cognodb,mixed_c40,2436,,897.6185,True,,40,write
cognodb,mixed_c40,2437,302080,258.678,True,,40,read
cognodb,mixed_c40,2438,9208245,255.6075,True,,40,read
cognodb,mixed_c40,2439,9304275,291.9798,True,,40,read
cognodb,mixed_c40,2440,,866.676,True,,40,write
cognodb,mixed_c40,2441,,854.6224,True,,40,write
cognodb,mixed_c40,2442,9307320,289.7032,True,,40,read
cognodb,mixed_c40,2443,9309220,304.9456,True,,40,read
cognodb,mixed_c40,2444,9309273,303.5494,True,,40,read
cognodb,mixed_c40,2445,9309293,291.942,True,,40,read
cognodb,mixed_c40,2446,9310213,301.4267,True,,40,read
cognodb,mixed_c40,2447,,792.601,True,,40,write
cognodb,mixed_c40,2448,9401244,286.7281,True,,40,read
cognodb,mixed_c40,2449,,764.7363,True,,40,write
cognodb,mixed_c40,2450,,790.4748,True,,40,write
cognodb,mixed_c40,2451,9403269,270.4479,True,,40,read
cognodb,mixed_c40,2452,,806.4537,True,,40,write
cognodb,mixed_c40,2453,,750.4866,True,,40,write
cognodb,mixed_c40,2454,9407401,269.2031,True,,40,read
cognodb,mixed_c40,2455,9501227,267.9106,True,,40,read
cognodb,mixed_c40,2456,9501350,257.0755,True,,40,read
cognodb,mixed_c40,2457,9501376,253.83,True,,40,read
cognodb,mixed_c40,2458,9502306,300.1415,True,,40,read
cognodb,mixed_c40,2459,9502360,264.7028,True,,40,read
cognodb,mixed_c40,2460,9503294,347.557,True,,40,read
cognodb,mixed_c40,2461,9504347,340.2438,True,,40,read
cognodb,mixed_c40,2462,9505303,333.2209,True,,40,read
cognodb,mixed_c40,2463,9505310,332.8601,True,,40,read
cognodb,mixed_c40,2464,9505324,337.6465,True,,40,read
cognodb,mixed_c40,2465,,2751.1309,True,,40,write
cognodb,mixed_c40,2466,9509349,270.4936,True,,40,read
cognodb,mixed_c40,2467,,1524.118,True,,40,write
cognodb,mixed_c40,2468,9603420,285.3366,True,,40,read
cognodb,mixed_c40,2469,,1496.558,True,,40,write
cognodb,mixed_c40,2470,9609217,270.184,True,,40,read
cognodb,mixed_c40,2471,,1410.6935,True,,40,write
cognodb,mixed_c40,2472,9610393,288.1572,True,,40,read
cognodb,mixed_c40,2473,,1424.1396,True,,40,write
cognodb,mixed_c40,2474,9702270,294.9765,True,,40,read
cognodb,mixed_c40,2475,9703209,284.2857,True,,40,read
cognodb,mixed_c40,2476,9703232,278.1222,True,,40,read
cognodb,mixed_c40,2477,9703423,287.0917,True,,40,read
cognodb,mixed_c40,2478,9705262,262.3366,True,,40,read
cognodb,mixed_c40,2479,9706541,261.3047,True,,40,read
cognodb,mixed_c40,2480,,1343.696,True,,40,write
cognodb,mixed_c40,2481,9707282,276.9458,True,,40,read
cognodb,mixed_c40,2482,9707295,260.4563,True,,40,read
cognodb,mixed_c40,2483,,1324.2525,True,,40,write
cognodb,mixed_c40,2484,,1314.4167,True,,40,write
cognodb,mixed_c40,2485,9711379,269.2893,True,,40,read
cognodb,mixed_c40,2486,9803439,270.9224,True,,40,read
cognodb,mixed_c40,2487,9804298,272.8168,True,,40,read
cognodb,mixed_c40,2488,9804313,273.1853,True,,40,read
cognodb,mixed_c40,2489,9804343,255.3474,True,,40,read
cognodb,mixed_c40,2490,,1761.9519,True,,40,write
cognodb,mixed_c40,2491,9809529,263.0314,True,,40,read
cognodb,mixed_c40,2492,9810418,256.7404,True,,40,read
cognodb,mixed_c40,2493,9811432,254.0228,True,,40,read
cognodb,mixed_c40,2494,,1299.627,True,,40,write
cognodb,mixed_c40,2495,9812342,299.5354,True,,40,read
cognodb,mixed_c40,2496,9906506,296.2806,True,,40,read
cognodb,mixed_c40,2497,9907534,276.6959,True,,40,read
cognodb,mixed_c40,2498,9909234,302.3723,True,,40,read
cognodb,mixed_c40,2499,,1250.2033,True,,40,write
cognodb,mixed_c40,2500,2106,286.052,True,,40,read
cognodb,mixed_c40,2501,6114,289.7421,True,,40,read
cognodb,mixed_c40,2502,6217,264.7507,True,,40,read
cognodb,mixed_c40,2503,7077,265.8095,True,,40,read
cognodb,mixed_c40,2504,,1668.8364,True,,40,write
cognodb,mixed_c40,2505,7232,251.9129,True,,40,read
cognodb,mixed_c40,2506,9292,268.7861,True,,40,read
cognodb,mixed_c40,2507,10094,265.2628,True,,40,read
cognodb,mixed_c40,2508,,1174.481,True,,40,write
cognodb,mixed_c40,2509,12020,261.1158,True,,40,read
cognodb,mixed_c40,2510,101328,254.9711,True,,40,read
cognodb,mixed_c40,2511,102194,253.4997,True,,40,read
cognodb,mixed_c40,2512,102318,275.2785,True,,40,read
cognodb,mixed_c40,2513,104122,275.5371,True,,40,read
cognodb,mixed_c40,2514,104187,265.4421,True,,40,read
cognodb,mixed_c40,2515,105349,261.9763,True,,40,read
cognodb,mixed_c40,2516,106261,293.2531,True,,40,read
cognodb,mixed_c40,2517,107028,286.0197,True,,40,read
cognodb,mixed_c40,2518,107093,292.105,True,,40,read
cognodb,mixed_c40,2519,107295,280.9343,True,,40,read
cognodb,mixed_c40,2520,108250,283.4272,True,,40,read
cognodb,mixed_c40,2521,,1553.4161,True,,40,write
cognodb,mixed_c40,2522,109073,271.0993,True,,40,read
cognodb,mixed_c40,2523,110264,285.6395,True,,40,read
cognodb,mixed_c40,2524,110376,285.0901,True,,40,read
cognodb,mixed_c40,2525,201053,286.4379,True,,40,read
cognodb,mixed_c40,2526,204096,287.3983,True,,40,read
cognodb,mixed_c40,2527,204176,302.2469,True,,40,read
cognodb,mixed_c40,2528,204182,256.3437,True,,40,read
cognodb,mixed_c40,2529,205038,250.8938,True,,40,read
cognodb,mixed_c40,2530,207048,289.2019,True,,40,read
cognodb,mixed_c40,2531,207227,283.3563,True,,40,read
cognodb,mixed_c40,2532,208138,284.5076,True,,40,read
cognodb,mixed_c40,2533,,1397.4154,True,,40,write
cognodb,mixed_c40,2534,209058,296.1882,True,,40,read
cognodb,mixed_c40,2535,209108,295.9868,True,,40,read
cognodb,mixed_c40,2536,210254,292.0558,True,,40,read
cognodb,mixed_c40,2537,302080,293.0521,True,,40,read
cognodb,mixed_c40,2538,9208245,261.5627,True,,40,read
cognodb,mixed_c40,2539,9304275,300.9205,True,,40,read
cognodb,mixed_c40,2540,9305258,276.115,True,,40,read
cognodb,mixed_c40,2541,9306241,275.6621,True,,40,read
cognodb,mixed_c40,2542,9307320,253.0891,True,,40,read
cognodb,mixed_c40,2543,9309220,307.1969,True,,40,read
cognodb,mixed_c40,2544,,857.4909,True,,40,write
cognodb,mixed_c40,2545,9309293,306.0885,True,,40,read
cognodb,mixed_c40,2546,9310213,304.5332,True,,40,read
cognodb,mixed_c40,2547,,859.6556,True,,40,write
cognodb,mixed_c40,2548,9401244,279.1367,True,,40,read
cognodb,mixed_c40,2549,9401326,299.363,True,,40,read
cognodb,mixed_c40,2550,9403260,248.7511,True,,40,read
cognodb,mixed_c40,2551,9403269,249.448,True,,40,read
cognodb,mixed_c40,2552,9407272,298.0632,True,,40,read
cognodb,mixed_c40,2553,9407278,294.9902,True,,40,read
cognodb,mixed_c40,2554,9407401,293.8875,True,,40,read
cognodb,mixed_c40,2555,9501227,294.764,True,,40,read
cognodb,mixed_c40,2556,9501350,288.1969,True,,40,read
cognodb,mixed_c40,2557,9501376,294.359,True,,40,read
cognodb,mixed_c40,2558,9502306,254.2332,True,,40,read
cognodb,mixed_c40,2559,9502360,309.8888,True,,40,read
cognodb,mixed_c40,2560,9503294,250.3842,True,,40,read
cognodb,mixed_c40,2561,9504347,254.7008,True,,40,read
cognodb,mixed_c40,2562,9505303,305.3802,True,,40,read
cognodb,mixed_c40,2563,,652.7757,True,,40,write
cognodb,mixed_c40,2564,,1090.6865,True,,40,write
cognodb,mixed_c40,2565,9508299,270.4324,True,,40,read
cognodb,mixed_c40,2566,9509349,261.4389,True,,40,read
cognodb,mixed_c40,2567,9603367,298.8872,True,,40,read
cognodb,mixed_c40,2568,9603420,298.7268,True,,40,read
cognodb,mixed_c40,2569,,601.4262,True,,40,write
cognodb,mixed_c40,2570,,1039.4147,True,,40,write
cognodb,mixed_c40,2571,9609470,290.2136,True,,40,read
cognodb,mixed_c40,2572,9610393,286.1561,True,,40,read
cognodb,mixed_c40,2573,9701246,265.189,True,,40,read
cognodb,mixed_c40,2574,9702270,264.5301,True,,40,read
cognodb,mixed_c40,2575,9703209,264.8656,True,,40,read
cognodb,mixed_c40,2576,9703232,261.0726,True,,40,read
cognodb,mixed_c40,2577,9703423,306.0683,True,,40,read
cognodb,mixed_c40,2578,9705262,299.1351,True,,40,read
cognodb,mixed_c40,2579,9706541,300.1987,True,,40,read
cognodb,mixed_c40,2580,9707250,300.5722,True,,40,read
cognodb,mixed_c40,2581,9707282,295.5223,True,,40,read
cognodb,mixed_c40,2582,9707295,297.2868,True,,40,read
cognodb,mixed_c40,2583,9710376,300.7068,True,,40,read
cognodb,mixed_c40,2584,,3110.2537,True,,40,write
cognodb,mixed_c40,2585,9711379,296.5557,True,,40,read
cognodb,mixed_c40,2586,9803439,291.8757,True,,40,read
cognodb,mixed_c40,2587,9804298,754.3528,True,,40,read
cognodb,mixed_c40,2588,9804313,293.4146,True,,40,read
cognodb,mixed_c40,2589,9804343,264.1247,True,,40,read
cognodb,mixed_c40,2590,9805465,271.4102,True,,40,read
cognodb,mixed_c40,2591,9809529,259.4028,True,,40,read
cognodb,mixed_c40,2592,9810418,274.2291,True,,40,read
cognodb,mixed_c40,2593,9811432,273.1741,True,,40,read
cognodb,mixed_c40,2594,,1239.3958,True,,40,write
cognodb,mixed_c40,2595,9812342,252.3775,True,,40,read
cognodb,mixed_c40,2596,9906506,252.4321,True,,40,read
cognodb,mixed_c40,2597,,1239.573,True,,40,write
cognodb,mixed_c40,2598,,1652.0066,True,,40,write
cognodb,mixed_c40,2599,,1216.1384,True,,40,write
cognodb,mixed_c40,2600,2106,270.7533,True,,40,read
cognodb,mixed_c40,2601,6114,270.5874,True,,40,read
cognodb,mixed_c40,2602,6217,271.7905,True,,40,read
cognodb,mixed_c40,2603,7077,263.79,True,,40,read
cognodb,mixed_c40,2604,7211,260.5522,True,,40,read
cognodb,mixed_c40,2605,7232,263.9649,True,,40,read
cognodb,mixed_c40,2606,9292,281.7345,True,,40,read
cognodb,mixed_c40,2607,10094,262.9473,True,,40,read
cognodb,mixed_c40,2608,10180,273.079,True,,40,read
cognodb,mixed_c40,2609,,1182.7731,True,,40,write
cognodb,mixed_c40,2610,,1161.7809,True,,40,write
cognodb,mixed_c40,2611,102194,292.7519,True,,40,read
cognodb,mixed_c40,2612,,1675.8638,True,,40,write
cognodb,mixed_c40,2613,,1170.0129,True,,40,write
cognodb,mixed_c40,2614,,1192.3895,True,,40,write
cognodb,mixed_c40,2615,105349,251.0451,True,,40,read
cognodb,mixed_c40,2616,106261,270.926,True,,40,read
cognodb,mixed_c40,2617,107028,247.9712,True,,40,read
cognodb,mixed_c40,2618,,1142.3207,True,,40,write
cognodb,mixed_c40,2619,107295,343.8118,True,,40,read
cognodb,mixed_c40,2620,108250,358.7675,True,,40,read
cognodb,mixed_c40,2621,109054,334.925,True,,40,read
cognodb,mixed_c40,2622,109073,336.3536,True,,40,read
cognodb,mixed_c40,2623,110264,313.7112,True,,40,read
cognodb,mixed_c40,2624,110376,314.7766,True,,40,read
cognodb,mixed_c40,2625,,1557.5601,True,,40,write
cognodb,mixed_c40,2626,204096,309.0286,True,,40,read
cognodb,mixed_c40,2627,204176,252.0914,True,,40,read
cognodb,mixed_c40,2628,204182,252.1003,True,,40,read
cognodb,mixed_c40,2629,205038,287.3691,True,,40,read
cognodb,mixed_c40,2630,207048,284.745,True,,40,read
cognodb,mixed_c40,2631,207227,287.4383,True,,40,read
cognodb,mixed_c40,2632,208138,277.8566,True,,40,read
cognodb,mixed_c40,2633,,1042.6786,True,,40,write
cognodb,mixed_c40,2634,209058,267.6334,True,,40,read
cognodb,mixed_c40,2635,209108,265.8539,True,,40,read
cognodb,mixed_c40,2636,210254,257.9456,True,,40,read
cognodb,mixed_c40,2637,,1412.9508,True,,40,write
cognodb,mixed_c40,2638,9208245,267.239,True,,40,read
cognodb,mixed_c40,2639,9304275,265.0292,True,,40,read
cognodb,mixed_c40,2640,9305258,272.1216,True,,40,read
cognodb,mixed_c40,2641,9306241,251.7741,True,,40,read
cognodb,mixed_c40,2642,9307320,307.7236,True,,40,read
cognodb,mixed_c40,2643,9309220,312.6858,True,,40,read
cognodb,mixed_c40,2644,,890.2192,True,,40,write
cognodb,mixed_c40,2645,9309293,303.5372,True,,40,read
cognodb,mixed_c40,2646,9310213,298.7395,True,,40,read
cognodb,mixed_c40,2647,,1325.7336,True,,40,write
cognodb,mixed_c40,2648,9401244,333.9861,True,,40,read
cognodb,mixed_c40,2649,9401326,342.3939,True,,40,read
cognodb,mixed_c40,2650,9403260,330.7526,True,,40,read
cognodb,mixed_c40,2651,9403269,311.3239,True,,40,read
cognodb,mixed_c40,2652,9407272,257.0459,True,,40,read
cognodb,mixed_c40,2653,9407278,310.6776,True,,40,read
cognodb,mixed_c40,2654,9407401,257.0004,True,,40,read
cognodb,mixed_c40,2655,,779.721,True,,40,write
cognodb,mixed_c40,2656,,798.9783,True,,40,write
cognodb,mixed_c40,2657,9501376,308.8132,True,,40,read
cognodb,mixed_c40,2658,9502306,301.0451,True,,40,read
cognodb,mixed_c40,2659,9502360,307.6371,True,,40,read
cognodb,mixed_c40,2660,,1248.667,True,,40,write
cognodb,mixed_c40,2661,9504347,283.5944,True,,40,read
cognodb,mixed_c40,2662,9505303,280.1357,True,,40,read
cognodb,mixed_c40,2663,9505310,1165.4952,True,,40,read
cognodb,mixed_c40,2664,9505324,242.4148,True,,40,read
cognodb,mixed_c40,2665,9508299,259.0649,True,,40,read
cognodb,mixed_c40,2666,9509349,586.2391,True,,40,read
cognodb,mixed_c40,2667,9603367,283.1083,True,,40,read
cognodb,mixed_c40,2668,,601.4166,True,,40,write
cognodb,mixed_c40,2669,9606252,282.2427,True,,40,read
cognodb,mixed_c40,2670,,608.171,True,,40,write
cognodb,mixed_c40,2671,9609470,841.0107,True,,40,read
cognodb,mixed_c40,2672,9610393,599.2947,True,,40,read
cognodb,mixed_c40,2673,9701246,612.1613,True,,40,read
cognodb,mixed_c40,2674,,2867.7012,True,,40,write
cognodb,mixed_c40,2675,9703209,1060.9609,True,,40,read
cognodb,mixed_c40,2676,9703232,292.4026,True,,40,read
cognodb,mixed_c40,2677,9703423,256.3982,True,,40,read
cognodb,mixed_c40,2678,9705262,561.6801,True,,40,read
cognodb,mixed_c40,2679,9706541,885.3907,True,,40,read
cognodb,mixed_c40,2680,9707250,575.4742,True,,40,read
cognodb,mixed_c40,2681,9707282,301.9819,True,,40,read
cognodb,mixed_c40,2682,9707295,296.2341,True,,40,read
cognodb,mixed_c40,2683,9710376,291.6408,True,,40,read
cognodb,mixed_c40,2684,9711261,281.4735,True,,40,read
cognodb,mixed_c40,2685,,1965.8649,True,,40,write
cognodb,mixed_c40,2686,9803439,573.9876,True,,40,read
cognodb,mixed_c40,2687,9804298,251.8568,True,,40,read
cognodb,mixed_c40,2688,9804313,272.5386,True,,40,read
cognodb,mixed_c40,2689,,1457.6554,True,,40,write
cognodb,mixed_c40,2690,9805465,291.0884,True,,40,read
cognodb,mixed_c40,2691,9809529,267.2955,True,,40,read
cognodb,mixed_c40,2692,9810418,260.4334,True,,40,read
cognodb,mixed_c40,2693,9811432,260.5312,True,,40,read
cognodb,mixed_c40,2694,9811469,304.3698,True,,40,read
cognodb,mixed_c40,2695,9812342,293.5757,True,,40,read
cognodb,mixed_c40,2696,9906506,738.7348,True,,40,read
cognodb,mixed_c40,2697,9907534,321.5051,True,,40,read
cognodb,mixed_c40,2698,9909234,315.1263,True,,40,read
cognodb,mixed_c40,2699,9909512,295.4634,True,,40,read
cognodb,mixed_c40,2700,2106,300.3,True,,40,read
cognodb,mixed_c40,2701,6114,296.2047,True,,40,read
cognodb,mixed_c40,2702,6217,273.4982,True,,40,read
cognodb,mixed_c40,2703,7077,266.8508,True,,40,read
cognodb,mixed_c40,2704,,1281.0371,True,,40,write
cognodb,mixed_c40,2705,7232,295.0696,True,,40,read
cognodb,mixed_c40,2706,9292,299.4573,True,,40,read
cognodb,mixed_c40,2707,10094,273.9564,True,,40,read
cognodb,mixed_c40,2708,10180,270.6583,True,,40,read
cognodb,mixed_c40,2709,12020,280.2549,True,,40,read
cognodb,mixed_c40,2710,,1212.3984,True,,40,write
cognodb,mixed_c40,2711,102194,272.272,True,,40,read
cognodb,mixed_c40,2712,102318,264.9892,True,,40,read
cognodb,mixed_c40,2713,104122,280.9854,True,,40,read
cognodb,mixed_c40,2714,104187,249.1108,True,,40,read
cognodb,mixed_c40,2715,105349,274.0972,True,,40,read
cognodb,mixed_c40,2716,106261,268.4619,True,,40,read
cognodb,mixed_c40,2717,107028,260.6258,True,,40,read
cognodb,mixed_c40,2718,107093,511.8209,True,,40,read
cognodb,mixed_c40,2719,107295,272.4645,True,,40,read
cognodb,mixed_c40,2720,108250,285.1778,True,,40,read
cognodb,mixed_c40,2721,109054,255.4309,True,,40,read
cognodb,mixed_c40,2722,,1084.2983,True,,40,write
cognodb,mixed_c40,2723,110264,269.3767,True,,40,read
cognodb,mixed_c40,2724,110376,302.6137,True,,40,read
cognodb,mixed_c40,2725,,1066.4964,True,,40,write
cognodb,mixed_c40,2726,204096,259.1768,True,,40,read
cognodb,mixed_c40,2727,,1066.9208,True,,40,write
cognodb,mixed_c40,2728,204182,275.093,True,,40,read
cognodb,mixed_c40,2729,205038,256.4075,True,,40,read
cognodb,mixed_c40,2730,207048,251.3518,True,,40,read
cognodb,mixed_c40,2731,,1033.2682,True,,40,write
cognodb,mixed_c40,2732,208138,295.541,True,,40,read
cognodb,mixed_c40,2733,208159,337.625,True,,40,read
cognodb,mixed_c40,2734,209058,295.6879,True,,40,read
cognodb,mixed_c40,2735,,1015.9565,True,,40,write
cognodb,mixed_c40,2736,210254,316.4565,True,,40,read
cognodb,mixed_c40,2737,302080,319.5092,True,,40,read
cognodb,mixed_c40,2738,9208245,298.4253,True,,40,read
cognodb,mixed_c40,2739,9304275,280.6794,True,,40,read
cognodb,mixed_c40,2740,9305258,282.1663,True,,40,read
cognodb,mixed_c40,2741,9306241,279.9181,True,,40,read
cognodb,mixed_c40,2742,9307320,318.1599,True,,40,read
cognodb,mixed_c40,2743,,978.5087,True,,40,write
cognodb,mixed_c40,2744,9309273,301.9113,True,,40,read
cognodb,mixed_c40,2745,9309293,291.1911,True,,40,read
cognodb,mixed_c40,2746,9310213,315.3003,True,,40,read
cognodb,mixed_c40,2747,9311240,309.5166,True,,40,read
cognodb,mixed_c40,2748,9401244,299.3266,True,,40,read
cognodb,mixed_c40,2749,,914.1057,True,,40,write
cognodb,mixed_c40,2750,9403260,267.5231,True,,40,read
cognodb,mixed_c40,2751,,902.9501,True,,40,write
cognodb,mixed_c40,2752,,910.6038,True,,40,write
cognodb,mixed_c40,2753,9407278,246.9821,True,,40,read
cognodb,mixed_c40,2754,9407401,262.0516,True,,40,read
cognodb,mixed_c40,2755,9501227,269.6668,True,,40,read
cognodb,mixed_c40,2756,9501350,269.0195,True,,40,read
cognodb,mixed_c40,2757,9501376,255.4619,True,,40,read
cognodb,mixed_c40,2758,9502306,255.996,True,,40,read
cognodb,mixed_c40,2759,9502360,269.887,True,,40,read
cognodb,mixed_c40,2760,9503294,291.093,True,,40,read
cognodb,mixed_c40,2761,9504347,302.8784,True,,40,read
cognodb,mixed_c40,2762,9505303,258.7428,True,,40,read
cognodb,mixed_c40,2763,9505310,290.6233,True,,40,read
cognodb,mixed_c40,2764,9505324,260.4126,True,,40,read
cognodb,mixed_c40,2765,9508299,259.5369,True,,40,read
cognodb,mixed_c40,2766,9509349,261.1073,True,,40,read
cognodb,mixed_c40,2767,9603367,281.8438,True,,40,read
cognodb,mixed_c40,2768,,750.97,True,,40,write
cognodb,mixed_c40,2769,9606252,255.0458,True,,40,read
cognodb,mixed_c40,2770,9609217,256.5479,True,,40,read
cognodb,mixed_c40,2771,9609470,340.9617,True,,40,read
cognodb,mixed_c40,2772,9610393,251.0707,True,,40,read
cognodb,mixed_c40,2773,9701246,296.54,True,,40,read
cognodb,mixed_c40,2774,9702270,950.4366,True,,40,read
cognodb,mixed_c40,2775,,682.3406,True,,40,write
cognodb,mixed_c40,2776,,707.1118,True,,40,write
cognodb,mixed_c40,2777,9703423,263.75,True,,40,read
cognodb,mixed_c40,2778,9705262,252.5916,True,,40,read
cognodb,mixed_c40,2779,9706541,516.3338,True,,40,read
cognodb,mixed_c40,2780,9707250,264.2262,True,,40,read
cognodb,mixed_c40,2781,9707282,261.479,True,,40,read
cognodb,mixed_c40,2782,,656.1322,True,,40,write
cognodb,mixed_c40,2783,,647.4936,True,,40,write
cognodb,mixed_c40,2784,,636.8501,True,,40,write
cognodb,mixed_c40,2785,9711379,280.0943,True,,40,read
cognodb,mixed_c40,2786,9803439,589.9514,True,,40,read
cognodb,mixed_c40,2787,9804298,255.8187,True,,40,read
cognodb,mixed_c40,2788,9804313,955.3675,True,,40,read
cognodb,mixed_c40,2789,9804343,291.3908,True,,40,read
cognodb,mixed_c40,2790,9805465,250.609,True,,40,read
cognodb,mixed_c40,2791,9809529,284.6289,True,,40,read
cognodb,mixed_c40,2792,9810418,555.057,True,,40,read
cognodb,mixed_c40,2793,9811432,594.8231,True,,40,read
cognodb,mixed_c40,2794,9811469,270.0209,True,,40,read
cognodb,mixed_c40,2795,9812342,258.4077,True,,40,read
cognodb,mixed_c40,2796,9906506,558.2091,True,,40,read
cognodb,mixed_c40,2797,9907534,307.7576,True,,40,read
cognodb,mixed_c40,2798,,2700.2547,True,,40,write
cognodb,mixed_c40,2799,9909512,270.632,True,,40,read
cognodb,mixed_c40,2800,2106,265.7917,True,,40,read
cognodb,mixed_c40,2801,6114,264.8825,True,,40,read
cognodb,mixed_c40,2802,6217,255.5093,True,,40,read
cognodb,mixed_c40,2803,7077,275.8974,True,,40,read
cognodb,mixed_c40,2804,7211,271.4928,True,,40,read
cognodb,mixed_c40,2805,7232,304.2586,True,,40,read
cognodb,mixed_c40,2806,9292,301.2623,True,,40,read
cognodb,mixed_c40,2807,10094,292.6649,True,,40,read
cognodb,mixed_c40,2808,10180,291.5149,True,,40,read
cognodb,mixed_c40,2809,12020,278.9851,True,,40,read
cognodb,mixed_c40,2810,,1170.3353,True,,40,write
cognodb,mixed_c40,2811,102194,275.2943,True,,40,read
cognodb,mixed_c40,2812,102318,265.5963,True,,40,read
cognodb,mixed_c40,2813,104122,262.6996,True,,40,read
cognodb,mixed_c40,2814,104187,291.5082,True,,40,read
cognodb,mixed_c40,2815,105349,303.2562,True,,40,read
cognodb,mixed_c40,2816,,1196.2499,True,,40,write
cognodb,mixed_c40,2817,,1132.0448,True,,40,write
cognodb,mixed_c40,2818,107093,278.7435,True,,40,read
cognodb,mixed_c40,2819,,1136.5252,True,,40,write
cognodb,mixed_c40,2820,108250,270.8831,True,,40,read
cognodb,mixed_c40,2821,,1131.803,True,,40,write
cognodb,mixed_c40,2822,109073,275.0854,True,,40,read
cognodb,mixed_c40,2823,110264,270.5932,True,,40,read
cognodb,mixed_c40,2824,110376,262.8108,True,,40,read
cognodb,mixed_c40,2825,201053,492.6527,True,,40,read
cognodb,mixed_c40,2826,204096,245.2438,True,,40,read
cognodb,mixed_c40,2827,,1099.065,True,,40,write
cognodb,mixed_c40,2828,,1095.1397,True,,40,write
cognodb,mixed_c40,2829,205038,302.0843,True,,40,read
cognodb,mixed_c40,2830,207048,301.8698,True,,40,read
cognodb,mixed_c40,2831,207227,300.2079,True,,40,read
cognodb,mixed_c40,2832,208138,285.0224,True,,40,read
cognodb,mixed_c40,2833,208159,294.3898,True,,40,read
cognodb,mixed_c40,2834,,1072.763,True,,40,write
cognodb,mixed_c40,2835,209108,264.228,True,,40,read
cognodb,mixed_c40,2836,210254,277.4364,True,,40,read
cognodb,mixed_c40,2837,302080,263.9973,True,,40,read
cognodb,mixed_c40,2838,9208245,265.7561,True,,40,read
cognodb,mixed_c40,2839,,1047.4277,True,,40,write
cognodb,mixed_c40,2840,9305258,295.0449,True,,40,read
cognodb,mixed_c40,2841,9306241,290.2821,True,,40,read
cognodb,mixed_c40,2842,,1041.2274,True,,40,write
cognodb,mixed_c40,2843,,1033.5107,True,,40,write
cognodb,mixed_c40,2844,9309273,294.8879,True,,40,read
cognodb,mixed_c40,2845,9309293,296.271,True,,40,read
cognodb,mixed_c40,2846,9310213,297.5535,True,,40,read
cognodb,mixed_c40,2847,9311240,292.7347,True,,40,read
cognodb,mixed_c40,2848,,981.8274,True,,40,write
cognodb,mixed_c40,2849,9401326,249.4747,True,,40,read
cognodb,mixed_c40,2850,9403260,250.3157,True,,40,read
cognodb,mixed_c40,2851,9403269,282.1849,True,,40,read
cognodb,mixed_c40,2852,9407272,277.9462,True,,40,read
cognodb,mixed_c40,2853,9407278,259.3038,True,,40,read
cognodb,mixed_c40,2854,9407401,270.8705,True,,40,read
cognodb,mixed_c40,2855,9501227,265.8568,True,,40,read
cognodb,mixed_c40,2856,9501350,265.5165,True,,40,read
cognodb,mixed_c40,2857,9501376,294.3564,True,,40,read
cognodb,mixed_c40,2858,9502306,274.4586,True,,40,read
cognodb,mixed_c40,2859,9502360,262.1891,True,,40,read
cognodb,mixed_c40,2860,9503294,261.7044,True,,40,read
cognodb,mixed_c40,2861,,867.1442,True,,40,write
cognodb,mixed_c40,2862,,855.7343,True,,40,write
cognodb,mixed_c40,2863,9505310,254.5252,True,,40,read
cognodb,mixed_c40,2864,9505324,273.3424,True,,40,read
cognodb,mixed_c40,2865,9508299,274.7496,True,,40,read
cognodb,mixed_c40,2866,9509349,271.9072,True,,40,read
cognodb,mixed_c40,2867,9603367,301.5315,True,,40,read
cognodb,mixed_c40,2868,,816.8933,True,,40,write
cognodb,mixed_c40,2869,9606252,259.5956,True,,40,read
cognodb,mixed_c40,2870,9609217,259.3556,True,,40,read
cognodb,mixed_c40,2871,,804.934,True,,40,write
cognodb,mixed_c40,2872,,813.6078,True,,40,write
cognodb,mixed_c40,2873,,783.932,True,,40,write
cognodb,mixed_c40,2874,9702270,273.9745,True,,40,read
cognodb,mixed_c40,2875,9703209,290.0882,True,,40,read
cognodb,mixed_c40,2876,9703232,267.5337,True,,40,read
cognodb,mixed_c40,2877,9703423,270.2154,True,,40,read
cognodb,mixed_c40,2878,9705262,266.3613,True,,40,read
cognodb,mixed_c40,2879,,760.5602,True,,40,write
cognodb,mixed_c40,2880,,767.7321,True,,40,write
cognodb,mixed_c40,2881,9707282,292.9437,True,,40,read
cognodb,mixed_c40,2882,9707295,255.8285,True,,40,read
cognodb,mixed_c40,2883,9710376,250.4453,True,,40,read
cognodb,mixed_c40,2884,9711261,249.442,True,,40,read
cognodb,mixed_c40,2885,9711379,267.2163,True,,40,read
cognodb,mixed_c40,2886,9803439,285.0529,True,,40,read
cognodb,mixed_c40,2887,9804298,258.0302,True,,40,read
cognodb,mixed_c40,2888,9804313,271.2005,True,,40,read
cognodb,mixed_c40,2889,9804343,259.4227,True,,40,read
cognodb,mixed_c40,2890,,655.6007,True,,40,write
cognodb,mixed_c40,2891,9809529,295.7159,True,,40,read
cognodb,mixed_c40,2892,,631.3177,True,,40,write
cognodb,mixed_c40,2893,9811432,292.9272,True,,40,read
cognodb,mixed_c40,2894,9811469,278.7924,True,,40,read
cognodb,mixed_c40,2895,9812342,262.5293,True,,40,read
cognodb,mixed_c40,2896,9906506,300.148,True,,40,read
cognodb,mixed_c40,2897,9907534,284.2366,True,,40,read
cognodb,mixed_c40,2898,9909234,270.5793,True,,40,read
cognodb,mixed_c40,2899,9909512,293.3718,True,,40,read
cognodb,mixed_c40,2900,2106,295.4636,True,,40,read
cognodb,mixed_c40,2901,6114,258.8805,True,,40,read
cognodb,mixed_c40,2902,6217,256.7112,True,,40,read
cognodb,mixed_c40,2903,7077,265.9891,True,,40,read
cognodb,mixed_c40,2904,7211,263.2145,True,,40,read
cognodb,mixed_c40,2905,7232,300.274,True,,40,read
cognodb,mixed_c40,2906,,2618.6881,True,,40,write
cognodb,mixed_c40,2907,10094,290.2399,True,,40,read
cognodb,mixed_c40,2908,10180,265.8461,True,,40,read
cognodb,mixed_c40,2909,12020,309.8803,True,,40,read
cognodb,mixed_c40,2910,101328,316.0333,True,,40,read
cognodb,mixed_c40,2911,102194,286.5692,True,,40,read
cognodb,mixed_c40,2912,102318,289.5982,True,,40,read
cognodb,mixed_c40,2913,104122,278.6051,True,,40,read
cognodb,mixed_c40,2914,104187,271.5737,True,,40,read
cognodb,mixed_c40,2915,105349,264.7576,True,,40,read
cognodb,mixed_c40,2916,106261,259.5939,True,,40,read
cognodb,mixed_c40,2917,107028,276.0408,True,,40,read
cognodb,mixed_c40,2918,107093,286.5943,True,,40,read
cognodb,mixed_c40,2919,107295,518.6434,True,,40,read
cognodb,mixed_c40,2920,108250,262.0331,True,,40,read
cognodb,mixed_c40,2921,109054,259.817,True,,40,read
cognodb,mixed_c40,2922,109073,292.8441,True,,40,read
cognodb,mixed_c40,2923,110264,290.4828,True,,40,read
cognodb,mixed_c40,2924,110376,293.7743,True,,40,read
cognodb,mixed_c40,2925,201053,254.0818,True,,40,read
cognodb,mixed_c40,2926,204096,287.6699,True,,40,read
cognodb,mixed_c40,2927,,1209.9127,True,,40,write
cognodb,mixed_c40,2928,204182,263.256,True,,40,read
cognodb,mixed_c40,2929,205038,260.4628,True,,40,read
cognodb,mixed_c40,2930,207048,286.3329,True,,40,read
cognodb,mixed_c40,2931,207227,278.428,True,,40,read
cognodb,mixed_c40,2932,208138,283.248,True,,40,read
cognodb,mixed_c40,2933,208159,274.3958,True,,40,read
cognodb,mixed_c40,2934,209058,266.0212,True,,40,read
cognodb,mixed_c40,2935,209108,266.9688,True,,40,read
cognodb,mixed_c40,2936,,1151.3065,True,,40,write
cognodb,mixed_c40,2937,302080,300.4501,True,,40,read
cognodb,mixed_c40,2938,9208245,290.9742,True,,40,read
cognodb,mixed_c40,2939,,1127.2373,True,,40,write
cognodb,mixed_c40,2940,9305258,302.3766,True,,40,read
cognodb,mixed_c40,2941,9306241,291.793,True,,40,read
cognodb,mixed_c40,2942,9307320,285.7929,True,,40,read
cognodb,mixed_c40,2943,9309220,276.6206,True,,40,read
cognodb,mixed_c40,2944,9309273,265.2608,True,,40,read
cognodb,mixed_c40,2945,9309293,264.9274,True,,40,read
cognodb,mixed_c40,2946,,1067.1648,True,,40,write
cognodb,mixed_c40,2947,9311240,295.8821,True,,40,read
cognodb,mixed_c40,2948,9401244,250.6939,True,,40,read
cognodb,mixed_c40,2949,9401326,295.957,True,,40,read
cognodb,mixed_c40,2950,9403260,247.2229,True,,40,read
cognodb,mixed_c40,2951,9403269,295.7046,True,,40,read
cognodb,mixed_c40,2952,,1066.807,True,,40,write
cognodb,mixed_c40,2953,,1092.2558,True,,40,write
cognodb,mixed_c40,2954,9407401,270.0872,True,,40,read
cognodb,mixed_c40,2955,9501227,270.8124,True,,40,read
cognodb,mixed_c40,2956,9501350,252.0182,True,,40,read
cognodb,mixed_c40,2957,9501376,248.7019,True,,40,read
cognodb,mixed_c40,2958,,1091.587,True,,40,write
cognodb,mixed_c40,2959,,1077.1397,True,,40,write
cognodb,mixed_c40,2960,9503294,263.5614,True,,40,read
cognodb,mixed_c40,2961,9504347,364.0838,True,,40,read
cognodb,mixed_c40,2962,9505303,362.0949,True,,40,read
cognodb,mixed_c40,2963,9505310,258.2713,True,,40,read
cognodb,mixed_c40,2964,9505324,361.0834,True,,40,read
cognodb,mixed_c40,2965,9508299,356.3813,True,,40,read
cognodb,mixed_c40,2966,9509349,324.0466,True,,40,read
cognodb,mixed_c40,2967,9603367,319.93,True,,40,read
cognodb,mixed_c40,2968,,1012.7334,True,,40,write
cognodb,mixed_c40,2969,9606252,310.2165,True,,40,read
cognodb,mixed_c40,2970,9609217,301.1725,True,,40,read
cognodb,mixed_c40,2971,9609470,292.6843,True,,40,read
cognodb,mixed_c40,2972,9610393,299.4021,True,,40,read
cognodb,mixed_c40,2973,9701246,286.748,True,,40,read
cognodb,mixed_c40,2974,9702270,296.5608,True,,40,read
cognodb,mixed_c40,2975,9703209,292.6371,True,,40,read
cognodb,mixed_c40,2976,9703232,295.3695,True,,40,read
cognodb,mixed_c40,2977,,958.5757,True,,40,write
cognodb,mixed_c40,2978,9705262,291.0265,True,,40,read
cognodb,mixed_c40,2979,9706541,288.1191,True,,40,read
cognodb,mixed_c40,2980,,941.2969,True,,40,write
cognodb,mixed_c40,2981,9707282,284.7117,True,,40,read
cognodb,mixed_c40,2982,,911.7418,True,,40,write
cognodb,mixed_c40,2983,9710376,261.2319,True,,40,read
cognodb,mixed_c40,2984,9711261,261.4053,True,,40,read
cognodb,mixed_c40,2985,9711379,304.6408,True,,40,read
cognodb,mixed_c40,2986,9803439,247.7304,True,,40,read
cognodb,mixed_c40,2987,9804298,299.7657,True,,40,read
cognodb,mixed_c40,2988,9804313,253.2812,True,,40,read
cognodb,mixed_c40,2989,9804343,257.1537,True,,40,read
cognodb,mixed_c40,2990,9805465,276.7508,True,,40,read
cognodb,mixed_c40,2991,,890.1767,True,,40,write
cognodb,mixed_c40,2992,9810418,282.0943,True,,40,read
cognodb,mixed_c40,2993,,783.6019,True,,40,write
cognodb,mixed_c40,2994,9811469,248.4673,True,,40,read
cognodb,mixed_c40,2995,9812342,282.0142,True,,40,read
cognodb,mixed_c40,2996,9906506,284.5532,True,,40,read
cognodb,mixed_c40,2997,9907534,281.3694,True,,40,read
cognodb,mixed_c40,2998,9909234,277.4432,True,,40,read
cognodb,mixed_c40,2999,9909512,281.0102,True,,40,read
cognodb,mixed_c40,3000,2106,274.3394,True,,40,read
cognodb,mixed_c40,3001,6114,253.3335,True,,40,read
cognodb,mixed_c40,3002,6217,291.8566,True,,40,read
cognodb,mixed_c40,3003,,723.2954,True,,40,write
cognodb,mixed_c40,3004,7211,262.1849,True,,40,read
cognodb,mixed_c40,3005,7232,257.3885,True,,40,read
cognodb,mixed_c40,3006,,723.8613,True,,40,write
cognodb,mixed_c40,3007,10094,307.3488,True,,40,read
cognodb,mixed_c40,3008,10180,257.268,True,,40,read
cognodb,mixed_c40,3009,12020,300.1439,True,,40,read
cognodb,mixed_c40,3010,101328,285.9681,True,,40,read
cognodb,mixed_c40,3011,102194,292.1273,True,,40,read
cognodb,mixed_c40,3012,102318,288.3615,True,,40,read
cognodb,mixed_c40,3013,104122,284.9185,True,,40,read
cognodb,mixed_c40,3014,104187,290.456,True,,40,read
cognodb,mixed_c40,3015,105349,287.8083,True,,40,read
cognodb,mixed_c40,3016,106261,301.1779,True,,40,read
cognodb,mixed_c40,3017,,565.1521,True,,40,write
cognodb,mixed_c40,3018,107093,268.0508,True,,40,read
cognodb,mixed_c40,3019,107295,269.3354,True,,40,read
cognodb,mixed_c40,3020,108250,357.2651,True,,40,read
cognodb,mixed_c40,3021,109054,270.3452,True,,40,read
cognodb,mixed_c40,3022,,2612.7828,True,,40,write
cognodb,mixed_c40,3023,110264,266.5388,True,,40,read
cognodb,mixed_c40,3024,110376,253.9312,True,,40,read
cognodb,mixed_c40,3025,201053,286.044,True,,40,read
cognodb,mixed_c40,3026,204096,305.3935,True,,40,read
cognodb,mixed_c40,3027,204176,304.9087,True,,40,read
cognodb,mixed_c40,3028,204182,296.6832,True,,40,read
cognodb,mixed_c40,3029,205038,297.5574,True,,40,read
cognodb,mixed_c40,3030,207048,252.5016,True,,40,read
cognodb,mixed_c40,3031,,1411.7436,True,,40,write
cognodb,mixed_c40,3032,208138,283.8721,True,,40,read
cognodb,mixed_c40,3033,208159,292.2207,True,,40,read
cognodb,mixed_c40,3034,209058,288.4867,True,,40,read
cognodb,mixed_c40,3035,,1396.8483,True,,40,write
cognodb,mixed_c40,3036,210254,280.2371,True,,40,read
cognodb,mixed_c40,3037,302080,280.3189,True,,40,read
cognodb,mixed_c40,3038,9208245,298.924,True,,40,read
cognodb,mixed_c40,3039,9304275,298.5326,True,,40,read
cognodb,mixed_c40,3040,9305258,294.5954,True,,40,read
cognodb,mixed_c40,3041,9306241,296.6721,True,,40,read
cognodb,mixed_c40,3042,9307320,293.6006,True,,40,read
cognodb,mixed_c40,3043,9309220,289.4995,True,,40,read
cognodb,mixed_c40,3044,9309273,283.6129,True,,40,read
cognodb,mixed_c40,3045,9309293,268.966,True,,40,read
cognodb,mixed_c40,3046,9310213,256.3669,True,,40,read
cognodb,mixed_c40,3047,9311240,284.4117,True,,40,read
cognodb,mixed_c40,3048,9401244,273.6767,True,,40,read
cognodb,mixed_c40,3049,,1202.252,True,,40,write
cognodb,mixed_c40,3050,,1201.1378,True,,40,write
cognodb,mixed_c40,3051,9403269,270.4388,True,,40,read
cognodb,mixed_c40,3052,,1214.5448,True,,40,write
cognodb,mixed_c40,3053,9407278,276.6912,True,,40,read
cognodb,mixed_c40,3054,,1202.8291,True,,40,write
cognodb,mixed_c40,3055,9501227,269.2226,True,,40,read
cognodb,mixed_c40,3056,9501350,269.7423,True,,40,read
cognodb,mixed_c40,3057,9501376,264.2927,True,,40,read
cognodb,mixed_c40,3058,9502306,291.6323,True,,40,read
cognodb,mixed_c40,3059,9502360,285.3108,True,,40,read
cognodb,mixed_c40,3060,9503294,280.553,True,,40,read
cognodb,mixed_c40,3061,9504347,280.5342,True,,40,read
cognodb,mixed_c40,3062,9505303,271.5198,True,,40,read
cognodb,mixed_c40,3063,9505310,270.2298,True,,40,read
cognodb,mixed_c40,3064,,1160.5159,True,,40,write
cognodb,mixed_c40,3065,,1168.5728,True,,40,write
cognodb,mixed_c40,3066,9509349,298.2287,True,,40,read
cognodb,mixed_c40,3067,9603367,295.127,True,,40,read
cognodb,mixed_c40,3068,9603420,285.3488,True,,40,read
cognodb,mixed_c40,3069,9606252,261.4356,True,,40,read
cognodb,mixed_c40,3070,9609217,269.7171,True,,40,read
cognodb,mixed_c40,3071,9609470,259.1256,True,,40,read
cognodb,mixed_c40,3072,,1108.7748,True,,40,write
cognodb,mixed_c40,3073,9701246,268.6505,True,,40,read
cognodb,mixed_c40,3074,,1128.7275,True,,40,write
cognodb,mixed_c40,3075,,1103.4091,True,,40,write
cognodb,mixed_c40,3076,,1105.966,True,,40,write
cognodb,mixed_c40,3077,9703423,254.7378,True,,40,read
cognodb,mixed_c40,3078,,1104.0138,True,,40,write
cognodb,mixed_c40,3079,9706541,253.5562,True,,40,read
cognodb,mixed_c40,3080,9707250,340.0952,True,,40,read
cognodb,mixed_c40,3081,9707282,334.2343,True,,40,read
cognodb,mixed_c40,3082,9707295,346.5577,True,,40,read
cognodb,mixed_c40,3083,9710376,313.3796,True,,40,read
cognodb,mixed_c40,3084,9711261,309.4516,True,,40,read
cognodb,mixed_c40,3085,9711379,289.4604,True,,40,read
cognodb,mixed_c40,3086,9803439,290.3647,True,,40,read
cognodb,mixed_c40,3087,,1041.1853,True,,40,write
cognodb,mixed_c40,3088,9804313,285.0805,True,,40,read
cognodb,mixed_c40,3089,9804343,286.4682,True,,40,read
cognodb,mixed_c40,3090,9805465,311.5097,True,,40,read
cognodb,mixed_c40,3091,9809529,271.5335,True,,40,read
cognodb,mixed_c40,3092,9810418,273.6161,True,,40,read
cognodb,mixed_c40,3093,9811432,276.906,True,,40,read
cognodb,mixed_c40,3094,9811469,272.5124,True,,40,read
cognodb,mixed_c40,3095,9812342,324.9544,True,,40,read
cognodb,mixed_c40,3096,9906506,261.2309,True,,40,read
cognodb,mixed_c40,3097,9907534,263.0282,True,,40,read
cognodb,mixed_c40,3098,9909234,299.947,True,,40,read
cognodb,mixed_c40,3099,9909512,302.0006,True,,40,read
cognodb,mixed_c40,3100,2106,297.8703,True,,40,read
cognodb,mixed_c40,3101,6114,294.26,True,,40,read
cognodb,mixed_c40,3102,6217,262.2491,True,,40,read
cognodb,mixed_c40,3103,7077,284.2397,True,,40,read
cognodb,mixed_c40,3104,7211,284.569,True,,40,read
cognodb,mixed_c40,3105,,784.3729,True,,40,write
cognodb,mixed_c40,3106,9292,298.7605,True,,40,read
cognodb,mixed_c40,3107,,800.4438,True,,40,write
cognodb,mixed_c40,3108,10180,293.2251,True,,40,read
cognodb,mixed_c40,3109,12020,290.8117,True,,40,read
cognodb,mixed_c40,3110,101328,287.4772,True,,40,read
cognodb,mixed_c40,3111,102194,283.7336,True,,40,read
cognodb,mixed_c40,3112,102318,282.3413,True,,40,read
cognodb,mixed_c40,3113,104122,281.7471,True,,40,read
cognodb,mixed_c40,3114,104187,250.5415,True,,40,read
cognodb,mixed_c40,3115,105349,251.6072,True,,40,read
cognodb,mixed_c40,3116,106261,245.4655,True,,40,read
cognodb,mixed_c40,3117,,750.0712,True,,40,write
cognodb,mixed_c40,3118,,734.8366,True,,40,write
cognodb,mixed_c40,3119,107295,250.2193,True,,40,read
cognodb,mixed_c40,3120,108250,275.1995,True,,40,read
cognodb,mixed_c40,3121,109054,248.6317,True,,40,read
cognodb,mixed_c40,3122,,681.631,True,,40,write
cognodb,mixed_c40,3123,110264,311.6089,True,,40,read
cognodb,mixed_c40,3124,110376,306.7469,True,,40,read
cognodb,mixed_c40,3125,201053,306.0486,True,,40,read
cognodb,mixed_c40,3126,204096,338.7926,True,,40,read
cognodb,mixed_c40,3127,204176,313.1609,True,,40,read
cognodb,mixed_c40,3128,204182,308.5591,True,,40,read
cognodb,mixed_c40,3129,205038,271.8453,True,,40,read
cognodb,mixed_c40,3130,207048,269.0928,True,,40,read
cognodb,mixed_c40,3131,207227,279.5451,True,,40,read
cognodb,mixed_c40,3132,208138,261.5271,True,,40,read
cognodb,mixed_c40,3133,208159,291.9443,True,,40,read
cognodb,mixed_c40,3134,209058,292.7717,True,,40,read
cognodb,mixed_c40,3135,209108,274.606,True,,40,read
cognodb,mixed_c40,3136,,555.392,True,,40,write
cognodb,mixed_c40,3137,,535.7239,True,,40,write
cognodb,mixed_c40,3138,9208245,257.5146,True,,40,read
cognodb,mixed_c40,3139,9304275,291.4344,True,,40,read
cognodb,mixed_c40,3140,9305258,292.6873,True,,40,read
cognodb,mixed_c40,3141,,2604.4257,True,,40,write
cognodb,mixed_c40,3142,9307320,259.871,True,,40,read
cognodb,mixed_c40,3143,9309220,257.5061,True,,40,read
cognodb,mixed_c40,3144,9309273,260.011,True,,40,read
cognodb,mixed_c40,3145,9309293,294.3269,True,,40,read
cognodb,mixed_c40,3146,9310213,291.056,True,,40,read
cognodb,mixed_c40,3147,9311240,288.0933,True,,40,read
cognodb,mixed_c40,3148,9401244,291.8301,True,,40,read
cognodb,mixed_c40,3149,9401326,291.1586,True,,40,read
cognodb,mixed_c40,3150,,1185.0821,True,,40,write
cognodb,mixed_c40,3151,,1195.4191,True,,40,write
cognodb,mixed_c40,3152,9407272,280.4554,True,,40,read
cognodb,mixed_c40,3153,9407278,278.6402,True,,40,read
cognodb,mixed_c40,3154,9407401,275.8548,True,,40,read
cognodb,mixed_c40,3155,9501227,263.5269,True,,40,read
cognodb,mixed_c40,3156,9501350,298.0474,True,,40,read
cognodb,mixed_c40,3157,9501376,281.2451,True,,40,read
cognodb,mixed_c40,3158,9502306,273.0659,True,,40,read
cognodb,mixed_c40,3159,9502360,262.2315,True,,40,read
cognodb,mixed_c40,3160,9503294,264.7839,True,,40,read
cognodb,mixed_c40,3161,9504347,298.4702,True,,40,read
cognodb,mixed_c40,3162,,1132.9092,True,,40,write
cognodb,mixed_c40,3163,9505310,242.1726,True,,40,read
cognodb,mixed_c40,3164,9505324,274.2665,True,,40,read
cognodb,mixed_c40,3165,9508299,261.232,True,,40,read
cognodb,mixed_c40,3166,9509349,252.84,True,,40,read
cognodb,mixed_c40,3167,9603367,268.9389,True,,40,read
cognodb,mixed_c40,3168,9603420,265.6704,True,,40,read
cognodb,mixed_c40,3169,9606252,264.1909,True,,40,read
cognodb,mixed_c40,3170,9609217,264.9226,True,,40,read
cognodb,mixed_c40,3171,9609470,255.5138,True,,40,read
cognodb,mixed_c40,3172,9610393,253.1759,True,,40,read
cognodb,mixed_c40,3173,9701246,252.7568,True,,40,read
cognodb,mixed_c40,3174,,1037.9064,True,,40,write
cognodb,mixed_c40,3175,9703209,786.4769,True,,40,read
cognodb,mixed_c40,3176,9703232,1042.5627,True,,40,read
cognodb,mixed_c40,3177,9703423,308.4487,True,,40,read
cognodb,mixed_c40,3178,9705262,1009.7414,True,,40,read
cognodb,mixed_c40,3179,9706541,680.553,True,,40,read
cognodb,mixed_c40,3180,9707250,611.945,True,,40,read
cognodb,mixed_c40,3181,9707282,651.3986,True,,40,read
cognodb,mixed_c40,3182,9707295,777.9188,True,,40,read
cognodb,mixed_c40,3183,,982.2034,True,,40,write
cognodb,mixed_c40,3184,9711261,1058.7163,True,,40,read
cognodb,mixed_c40,3185,,954.8386,True,,40,write
cognodb,mixed_c40,3186,9803439,560.4488,True,,40,read
cognodb,mixed_c40,3187,9804298,300.1487,True,,40,read
cognodb,mixed_c40,3188,9804313,948.5506,True,,40,read
cognodb,mixed_c40,3189,9804343,629.481,True,,40,read
cognodb,mixed_c40,3190,9805465,945.3382,True,,40,read
cognodb,mixed_c40,3191,9809529,295.1066,True,,40,read
cognodb,mixed_c40,3192,9810418,301.9944,True,,40,read
cognodb,mixed_c40,3193,9811432,748.0611,True,,40,read
cognodb,mixed_c40,3194,9811469,300.1897,True,,40,read
cognodb,mixed_c40,3195,9812342,300.7938,True,,40,read
cognodb,mixed_c40,3196,,924.8539,True,,40,write
cognodb,mixed_c40,3197,,931.8049,True,,40,write
cognodb,mixed_c40,3198,9909234,261.705,True,,40,read
cognodb,mixed_c40,3199,9909512,251.0436,True,,40,read
cognodb,mixed_c40,3200,2106,270.1754,True,,40,read
cognodb,mixed_c40,3201,6114,270.5378,True,,40,read
cognodb,mixed_c40,3202,6217,264.4608,True,,40,read
cognodb,mixed_c40,3203,7077,299.3998,True,,40,read
cognodb,mixed_c40,3204,7211,297.933,True,,40,read
cognodb,mixed_c40,3205,7232,298.2044,True,,40,read
cognodb,mixed_c40,3206,9292,282.1563,True,,40,read
cognodb,mixed_c40,3207,,849.4765,True,,40,write
cognodb,mixed_c40,3208,10180,281.7304,True,,40,read
cognodb,mixed_c40,3209,12020,260.8701,True,,40,read
cognodb,mixed_c40,3210,101328,250.5496,True,,40,read
cognodb,mixed_c40,3211,102194,298.0282,True,,40,read
cognodb,mixed_c40,3212,102318,276.1986,True,,40,read
cognodb,mixed_c40,3213,,676.2067,True,,40,write
cognodb,mixed_c40,3214,104187,276.1536,True,,40,read
cognodb,mixed_c40,3215,,695.39,True,,40,write
cognodb,mixed_c40,3216,106261,259.4542,True,,40,read
cognodb,mixed_c40,3217,107028,265.7904,True,,40,read
cognodb,mixed_c40,3218,107093,266.7577,True,,40,read
cognodb,mixed_c40,3219,,650.0032,True,,40,write
cognodb,mixed_c40,3220,108250,276.2518,True,,40,read
cognodb,mixed_c40,3221,109054,326.5511,True,,40,read
cognodb,mixed_c40,3222,109073,324.6218,True,,40,read
cognodb,mixed_c40,3223,,620.5916,True,,40,write
cognodb,mixed_c40,3224,110376,305.511,True,,40,read
cognodb,mixed_c40,3225,201053,254.7953,True,,40,read
cognodb,mixed_c40,3226,204096,247.5871,True,,40,read
cognodb,mixed_c40,3227,204176,274.2367,True,,40,read
cognodb,mixed_c40,3228,204182,286.9652,True,,40,read
cognodb,mixed_c40,3229,205038,261.0192,True,,40,read
cognodb,mixed_c40,3230,207048,249.2652,True,,40,read
cognodb,mixed_c40,3231,,2851.647,True,,40,write
cognodb,mixed_c40,3232,208138,259.6829,True,,40,read
cognodb,mixed_c40,3233,208159,259.6265,True,,40,read
cognodb,mixed_c40,3234,209058,279.5139,True,,40,read
cognodb,mixed_c40,3235,209108,272.9583,True,,40,read
cognodb,mixed_c40,3236,210254,262.8849,True,,40,read
cognodb,mixed_c40,3237,302080,272.5153,True,,40,read
cognodb,mixed_c40,3238,9208245,296.1439,True,,40,read
cognodb,mixed_c40,3239,9304275,287.7063,True,,40,read
cognodb,mixed_c40,3240,9305258,256.6068,True,,40,read
cognodb,mixed_c40,3241,9306241,248.8509,True,,40,read
cognodb,mixed_c40,3242,9307320,276.1378,True,,40,read
cognodb,mixed_c40,3243,,1398.1311,True,,40,write
cognodb,mixed_c40,3244,9309273,275.5525,True,,40,read
cognodb,mixed_c40,3245,,1385.0933,True,,40,write
cognodb,mixed_c40,3246,9310213,273.8491,True,,40,read
cognodb,mixed_c40,3247,,1343.7361,True,,40,write
cognodb,mixed_c40,3248,9401244,290.6064,True,,40,read
cognodb,mixed_c40,3249,,1345.7305,True,,40,write
cognodb,mixed_c40,3250,9403260,296.8642,True,,40,read
cognodb,mixed_c40,3251,9403269,281.4067,True,,40,read
cognodb,mixed_c40,3252,9407272,283.9139,True,,40,read
cognodb,mixed_c40,3253,,1337.1896,True,,40,write
cognodb,mixed_c40,3254,9407401,254.6114,True,,40,read
cognodb,mixed_c40,3255,9501227,306.8325,True,,40,read
cognodb,mixed_c40,3256,9501350,296.6058,True,,40,read
cognodb,mixed_c40,3257,9501376,309.5192,True,,40,read
cognodb,mixed_c40,3258,,1309.1056,True,,40,write
cognodb,mixed_c40,3259,9502360,297.1263,True,,40,read
cognodb,mixed_c40,3260,9503294,266.4363,True,,40,read
cognodb,mixed_c40,3261,,1301.906,True,,40,write
cognodb,mixed_c40,3262,9505303,254.3987,True,,40,read
cognodb,mixed_c40,3263,9505310,293.1679,True,,40,read
cognodb,mixed_c40,3264,9505324,289.1797,True,,40,read
cognodb,mixed_c40,3265,9508299,283.9735,True,,40,read
cognodb,mixed_c40,3266,9509349,290.7221,True,,40,read
cognodb,mixed_c40,3267,9603367,291.9915,True,,40,read
cognodb,mixed_c40,3268,9603420,283.6385,True,,40,read
cognodb,mixed_c40,3269,,1273.8059,True,,40,write
cognodb,mixed_c40,3270,9609217,262.2162,True,,40,read
cognodb,mixed_c40,3271,9609470,503.5878,True,,40,read
cognodb,mixed_c40,3272,9610393,305.1031,True,,40,read
cognodb,mixed_c40,3273,9701246,261.6151,True,,40,read
cognodb,mixed_c40,3274,,1255.4946,True,,40,write
cognodb,mixed_c40,3275,9703209,293.112,True,,40,read
cognodb,mixed_c40,3276,9703232,261.5393,True,,40,read
cognodb,mixed_c40,3277,9703423,262.7963,True,,40,read
cognodb,mixed_c40,3278,9705262,260.396,True,,40,read
cognodb,mixed_c40,3279,9706541,254.9235,True,,40,read
cognodb,mixed_c40,3280,9707250,258.2302,True,,40,read
cognodb,mixed_c40,3281,9707282,278.4185,True,,40,read
cognodb,mixed_c40,3282,9707295,268.387,True,,40,read
cognodb,mixed_c40,3283,,1134.6833,True,,40,write
cognodb,mixed_c40,3284,9711261,257.592,True,,40,read
cognodb,mixed_c40,3285,9711379,283.7872,True,,40,read
cognodb,mixed_c40,3286,,1154.9634,True,,40,write
cognodb,mixed_c40,3287,,1126.6962,True,,40,write
cognodb,mixed_c40,3288,9804313,301.1786,True,,40,read
cognodb,mixed_c40,3289,9804343,252.8887,True,,40,read
cognodb,mixed_c40,3290,9805465,310.5116,True,,40,read
cognodb,mixed_c40,3291,9809529,301.5254,True,,40,read
cognodb,mixed_c40,3292,9810418,303.6749,True,,40,read
cognodb,mixed_c40,3293,9811432,296.8644,True,,40,read
cognodb,mixed_c40,3294,9811469,268.2349,True,,40,read
cognodb,mixed_c40,3295,9812342,281.2568,True,,40,read
cognodb,mixed_c40,3296,9906506,273.7797,True,,40,read
cognodb,mixed_c40,3297,9907534,301.2203,True,,40,read
cognodb,mixed_c40,3298,9909234,280.5123,True,,40,read
cognodb,mixed_c40,3299,9909512,300.1923,True,,40,read
cognodb,mixed_c40,3300,2106,295.6023,True,,40,read
cognodb,mixed_c40,3301,6114,256.9305,True,,40,read
cognodb,mixed_c40,3302,6217,298.3865,True,,40,read
cognodb,mixed_c40,3303,7077,309.6261,True,,40,read
cognodb,mixed_c40,3304,7211,300.7257,True,,40,read
cognodb,mixed_c40,3305,7232,297.8346,True,,40,read
cognodb,mixed_c40,3306,9292,304.596,True,,40,read
cognodb,mixed_c40,3307,10094,299.5597,True,,40,read
cognodb,mixed_c40,3308,10180,302.2151,True,,40,read
cognodb,mixed_c40,3309,,980.097,True,,40,write
cognodb,mixed_c40,3310,101328,268.7446,True,,40,read
cognodb,mixed_c40,3311,,945.6352,True,,40,write
cognodb,mixed_c40,3312,102318,270.2082,True,,40,read
cognodb,mixed_c40,3313,104122,294.9608,True,,40,read
cognodb,mixed_c40,3314,104187,269.0675,True,,40,read
cognodb,mixed_c40,3315,,849.6828,True,,40,write
cognodb,mixed_c40,3316,106261,262.9925,True,,40,read
cognodb,mixed_c40,3317,107028,268.7348,True,,40,read
cognodb,mixed_c40,3318,107093,295.2239,True,,40,read
cognodb,mixed_c40,3319,107295,262.653,True,,40,read
cognodb,mixed_c40,3320,108250,258.0341,True,,40,read
cognodb,mixed_c40,3321,,845.189,True,,40,write
cognodb,mixed_c40,3322,109073,287.6589,True,,40,read
cognodb,mixed_c40,3323,,848.3403,True,,40,write
cognodb,mixed_c40,3324,,842.0634,True,,40,write
cognodb,mixed_c40,3325,,882.3713,True,,40,write
cognodb,mixed_c40,3326,204096,284.0229,True,,40,read
cognodb,mixed_c40,3327,204176,284.318,True,,40,read
cognodb,mixed_c40,3328,204182,265.9303,True,,40,read
cognodb,mixed_c40,3329,205038,268.7448,True,,40,read
cognodb,mixed_c40,3330,207048,262.4078,True,,40,read
cognodb,mixed_c40,3331,207227,262.012,True,,40,read
cognodb,mixed_c40,3332,208138,259.4233,True,,40,read
cognodb,mixed_c40,3333,208159,287.8568,True,,40,read
cognodb,mixed_c40,3334,,842.4282,True,,40,write
cognodb,mixed_c40,3335,209108,249.2798,True,,40,read
cognodb,mixed_c40,3336,210254,292.508,True,,40,read
cognodb,mixed_c40,3337,302080,251.9582,True,,40,read
cognodb,mixed_c40,3338,9208245,272.7209,True,,40,read
cognodb,mixed_c40,3339,9304275,268.9556,True,,40,read
cognodb,mixed_c40,3340,,678.7157,True,,40,write
cognodb,mixed_c40,3341,9306241,267.4529,True,,40,read
cognodb,mixed_c40,3342,9307320,267.0316,True,,40,read
cognodb,mixed_c40,3343,9309220,303.9622,True,,40,read
cognodb,mixed_c40,3344,9309273,252.8413,True,,40,read
cognodb,mixed_c40,3345,9309293,296.09,True,,40,read
cognodb,mixed_c40,3346,9310213,265.2047,True,,40,read
cognodb,mixed_c40,3347,9311240,244.8988,True,,40,read
cognodb,mixed_c40,3348,,633.9928,True,,40,write
cognodb,mixed_c40,3349,9401326,272.8853,True,,40,read
cognodb,mixed_c40,3350,,597.3483,True,,40,write
cognodb,mixed_c40,3351,9403269,274.3998,True,,40,read
cognodb,mixed_c40,3352,,591.5578,True,,40,write
cognodb,mixed_c40,3353,9407278,300.1489,True,,40,read
cognodb,mixed_c40,3354,9407401,298.9382,True,,40,read
cognodb,mixed_c40,3355,9501227,302.6024,True,,40,read
cognodb,mixed_c40,3356,,2701.9714,True,,40,write
cognodb,mixed_c40,3357,9501376,259.8138,True,,40,read
cognodb,mixed_c40,3358,,1462.1104,True,,40,write
cognodb,mixed_c40,3359,9502360,262.5057,True,,40,read
cognodb,mixed_c40,3360,9503294,275.4787,True,,40,read
cognodb,mixed_c40,3361,9504347,295.5564,True,,40,read
cognodb,mixed_c40,3362,,1439.6908,True,,40,write
cognodb,mixed_c40,3363,,1404.8167,True,,40,write
cognodb,mixed_c40,3364,9505324,267.8915,True,,40,read
cognodb,mixed_c40,3365,9508299,267.8953,True,,40,read
cognodb,mixed_c40,3366,,1459.2436,True,,40,write
cognodb,mixed_c40,3367,,1414.7008,True,,40,write
cognodb,mixed_c40,3368,9603420,282.4828,True,,40,read
cognodb,mixed_c40,3369,9606252,271.1871,True,,40,read
cognodb,mixed_c40,3370,,1439.3566,True,,40,write
cognodb,mixed_c40,3371,9609470,310.1341,True,,40,read
cognodb,mixed_c40,3372,9610393,300.6212,True,,40,read
cognodb,mixed_c40,3373,9701246,292.8053,True,,40,read
cognodb,mixed_c40,3374,9702270,293.1327,True,,40,read
cognodb,mixed_c40,3375,,1368.1311,True,,40,write
cognodb,mixed_c40,3376,9703232,260.1317,True,,40,read
cognodb,mixed_c40,3377,9703423,275.0041,True,,40,read
cognodb,mixed_c40,3378,9705262,284.5958,True,,40,read
cognodb,mixed_c40,3379,9706541,280.7319,True,,40,read
cognodb,mixed_c40,3380,,1347.9433,True,,40,write
cognodb,mixed_c40,3381,,1336.8012,True,,40,write
cognodb,mixed_c40,3382,9707295,259.039,True,,40,read
cognodb,mixed_c40,3383,9710376,260.8695,True,,40,read
cognodb,mixed_c40,3384,9711261,291.2506,True,,40,read
cognodb,mixed_c40,3385,,1337.7722,True,,40,write
cognodb,mixed_c40,3386,9803439,269.1569,True,,40,read
cognodb,mixed_c40,3387,9804298,258.7134,True,,40,read
cognodb,mixed_c40,3388,,1312.2735,True,,40,write
cognodb,mixed_c40,3389,9804343,277.4948,True,,40,read
cognodb,mixed_c40,3390,9805465,270.1748,True,,40,read
cognodb,mixed_c40,3391,9809529,263.2603,True,,40,read
cognodb,mixed_c40,3392,,1273.0076,True,,40,write
cognodb,mixed_c40,3393,9811432,298.7932,True,,40,read
cognodb,mixed_c40,3394,,1280.9387,True,,40,write
cognodb,mixed_c40,3395,9812342,262.9685,True,,40,read
cognodb,mixed_c40,3396,9906506,269.3813,True,,40,read
cognodb,mixed_c40,3397,9907534,275.6924,True,,40,read
cognodb,mixed_c40,3398,9909234,265.3014,True,,40,read
cognodb,mixed_c40,3399,9909512,268.1849,True,,40,read
cognodb,mixed_c40,3400,2106,251.9817,True,,40,read
cognodb,mixed_c40,3401,6114,281.5212,True,,40,read
cognodb,mixed_c40,3402,6217,270.9198,True,,40,read
cognodb,mixed_c40,3403,7077,265.1657,True,,40,read
cognodb,mixed_c40,3404,7211,358.6111,True,,40,read
cognodb,mixed_c40,3405,,1199.6089,True,,40,write
cognodb,mixed_c40,3406,9292,345.3164,True,,40,read
cognodb,mixed_c40,3407,10094,293.2686,True,,40,read
cognodb,mixed_c40,3408,10180,313.4813,True,,40,read
cognodb,mixed_c40,3409,12020,309.0233,True,,40,read
cognodb,mixed_c40,3410,101328,305.5795,True,,40,read
cognodb,mixed_c40,3411,102194,289.8643,True,,40,read
cognodb,mixed_c40,3412,102318,284.8478,True,,40,read
cognodb,mixed_c40,3413,104122,296.8099,True,,40,read
cognodb,mixed_c40,3414,104187,269.5689,True,,40,read
cognodb,mixed_c40,3415,105349,306.0898,True,,40,read
cognodb,mixed_c40,3416,106261,274.4743,True,,40,read
cognodb,mixed_c40,3417,107028,272.9136,True,,40,read
cognodb,mixed_c40,3418,107093,267.985,True,,40,read
cognodb,mixed_c40,3419,,1015.0627,True,,40,write
cognodb,mixed_c40,3420,108250,313.6811,True,,40,read
cognodb,mixed_c40,3421,,1036.3456,True,,40,write
cognodb,mixed_c40,3422,109073,298.2965,True,,40,read
cognodb,mixed_c40,3423,110264,306.8647,True,,40,read
cognodb,mixed_c40,3424,110376,295.5562,True,,40,read
cognodb,mixed_c40,3425,201053,298.6721,True,,40,read
cognodb,mixed_c40,3426,204096,279.2515,True,,40,read
cognodb,mixed_c40,3427,204176,275.1123,True,,40,read
cognodb,mixed_c40,3428,204182,276.2989,True,,40,read
cognodb,mixed_c40,3429,205038,344.215,True,,40,read
cognodb,mixed_c40,3430,207048,287.4291,True,,40,read
cognodb,mixed_c40,3431,207227,290.8403,True,,40,read
cognodb,mixed_c40,3432,208138,286.968,True,,40,read
cognodb,mixed_c40,3433,208159,287.8085,True,,40,read
cognodb,mixed_c40,3434,209058,285.739,True,,40,read
cognodb,mixed_c40,3435,209108,281.5456,True,,40,read
cognodb,mixed_c40,3436,210254,284.5635,True,,40,read
cognodb,mixed_c40,3437,,880.4266,True,,40,write
cognodb,mixed_c40,3438,9208245,347.518,True,,40,read
cognodb,mixed_c40,3439,9304275,328.2277,True,,40,read
cognodb,mixed_c40,3440,9305258,334.3509,True,,40,read
cognodb,mixed_c40,3441,9306241,328.8751,True,,40,read
cognodb,mixed_c40,3442,9307320,329.9905,True,,40,read
cognodb,mixed_c40,3443,9309220,324.6309,True,,40,read
cognodb,mixed_c40,3444,9309273,285.3551,True,,40,read
cognodb,mixed_c40,3445,,745.8814,True,,40,write
cognodb,mixed_c40,3446,9310213,278.8984,True,,40,read
cognodb,mixed_c40,3447,,749.1099,True,,40,write
cognodb,mixed_c40,3448,9401244,271.5567,True,,40,read
cognodb,mixed_c40,3449,9401326,260.7552,True,,40,read
cognodb,mixed_c40,3450,9403260,293.8951,True,,40,read
cognodb,mixed_c40,3451,9403269,259.4887,True,,40,read
cognodb,mixed_c40,3452,9407272,311.1447,True,,40,read
cognodb,mixed_c40,3453,9407278,297.6708,True,,40,read
cognodb,mixed_c40,3454,9407401,291.7996,True,,40,read
cognodb,mixed_c40,3455,9501227,303.0811,True,,40,read
cognodb,mixed_c40,3456,9501350,297.3941,True,,40,read
cognodb,mixed_c40,3457,9501376,304.6792,True,,40,read
cognodb,mixed_c40,3458,9502306,291.1245,True,,40,read
cognodb,mixed_c40,3459,9502360,299.0459,True,,40,read
cognodb,mixed_c40,3460,9503294,298.3194,True,,40,read
cognodb,mixed_c40,3461,9504347,293.615,True,,40,read
cognodb,mixed_c40,3462,9505303,294.3919,True,,40,read
cognodb,mixed_c40,3463,9505310,293.0917,True,,40,read
cognodb,mixed_c40,3464,9505324,272.0137,True,,40,read
cognodb,mixed_c40,3465,,2859.5154,True,,40,write
cognodb,mixed_c40,3466,,1460.677,True,,40,write
cognodb,mixed_c40,3467,,1476.0196,True,,40,write
cognodb,mixed_c40,3468,9603420,260.5711,True,,40,read
cognodb,mixed_c40,3469,9606252,296.7037,True,,40,read
cognodb,mixed_c40,3470,9609217,303.1819,True,,40,read
cognodb,mixed_c40,3471,9609470,260.7425,True,,40,read
cognodb,mixed_c40,3472,9610393,267.7969,True,,40,read
cognodb,mixed_c40,3473,9701246,258.2936,True,,40,read
cognodb,mixed_c40,3474,9702270,299.0468,True,,40,read
cognodb,mixed_c40,3475,9703209,292.6382,True,,40,read
cognodb,mixed_c40,3476,9703232,287.8876,True,,40,read
cognodb,mixed_c40,3477,9703423,285.7737,True,,40,read
cognodb,mixed_c40,3478,9705262,277.0952,True,,40,read
cognodb,mixed_c40,3479,,1311.0414,True,,40,write
cognodb,mixed_c40,3480,9707250,284.1435,True,,40,read
cognodb,mixed_c40,3481,,1309.6811,True,,40,write
cognodb,mixed_c40,3482,9707295,263.3904,True,,40,read
cognodb,mixed_c40,3483,9710376,261.4716,True,,40,read
cognodb,mixed_c40,3484,9711261,259.9507,True,,40,read
cognodb,mixed_c40,3485,,1299.1669,True,,40,write
cognodb,mixed_c40,3486,,1319.3173,True,,40,write
cognodb,mixed_c40,3487,,1299.5713,True,,40,write
cognodb,mixed_c40,3488,9804313,265.4412,True,,40,read
cognodb,mixed_c40,3489,9804343,250.7213,True,,40,read
cognodb,mixed_c40,3490,9805465,296.6001,True,,40,read
cognodb,mixed_c40,3491,9809529,284.7376,True,,40,read
cognodb,mixed_c40,3492,9810418,281.3292,True,,40,read
cognodb,mixed_c40,3493,9811432,277.2734,True,,40,read
cognodb,mixed_c40,3494,9811469,273.458,True,,40,read
cognodb,mixed_c40,3495,9812342,269.8336,True,,40,read
cognodb,mixed_c40,3496,9906506,263.1958,True,,40,read
cognodb,mixed_c40,3497,9907534,277.3968,True,,40,read
cognodb,mixed_c40,3498,9909234,264.496,True,,40,read
cognodb,mixed_c40,3499,,1189.6476,True,,40,write
cognodb,mixed_c40,3500,2106,344.1834,True,,40,read
cognodb,mixed_c40,3501,6114,357.0702,True,,40,read
cognodb,mixed_c40,3502,,1183.4709,True,,40,write
cognodb,mixed_c40,3503,,1215.3656,True,,40,write
cognodb,mixed_c40,3504,7211,327.494,True,,40,read
cognodb,mixed_c40,3505,7232,334.9659,True,,40,read
cognodb,mixed_c40,3506,9292,314.8952,True,,40,read
cognodb,mixed_c40,3507,10094,299.6139,True,,40,read
cognodb,mixed_c40,3508,10180,303.5772,True,,40,read
cognodb,mixed_c40,3509,12020,312.0477,True,,40,read
cognodb,mixed_c40,3510,101328,313.9761,True,,40,read
cognodb,mixed_c40,3511,102194,300.6342,True,,40,read
cognodb,mixed_c40,3512,,1187.5531,True,,40,write
cognodb,mixed_c40,3513,104122,297.4336,True,,40,read
cognodb,mixed_c40,3514,104187,289.461,True,,40,read
cognodb,mixed_c40,3515,105349,298.9752,True,,40,read
cognodb,mixed_c40,3516,106261,339.4435,True,,40,read
cognodb,mixed_c40,3517,,1149.0845,True,,40,write
cognodb,mixed_c40,3518,107093,336.2966,True,,40,read
cognodb,mixed_c40,3519,,1128.5221,True,,40,write
cognodb,mixed_c40,3520,108250,290.5816,True,,40,read
cognodb,mixed_c40,3521,109054,301.6348,True,,40,read
cognodb,mixed_c40,3522,109073,255.5172,True,,40,read
cognodb,mixed_c40,3523,110264,253.5619,True,,40,read
cognodb,mixed_c40,3524,110376,307.3659,True,,40,read
cognodb,mixed_c40,3525,201053,306.2603,True,,40,read
cognodb,mixed_c40,3526,204096,308.3956,True,,40,read
cognodb,mixed_c40,3527,204176,304.8523,True,,40,read
cognodb,mixed_c40,3528,204182,282.9228,True,,40,read
cognodb,mixed_c40,3529,205038,259.5724,True,,40,read
cognodb,mixed_c40,3530,207048,264.0097,True,,40,read
cognodb,mixed_c40,3531,207227,297.7135,True,,40,read
cognodb,mixed_c40,3532,208138,298.2956,True,,40,read
cognodb,mixed_c40,3533,208159,253.1941,True,,40,read
cognodb,mixed_c40,3534,209058,288.9611,True,,40,read
cognodb,mixed_c40,3535,209108,288.6604,True,,40,read
cognodb,mixed_c40,3536,,922.641,True,,40,write
cognodb,mixed_c40,3537,,949.9268,True,,40,write
cognodb,mixed_c40,3538,9208245,281.8896,True,,40,read
cognodb,mixed_c40,3539,9304275,281.8179,True,,40,read
cognodb,mixed_c40,3540,,957.0168,True,,40,write
cognodb,mixed_c40,3541,9306241,278.718,True,,40,read
cognodb,mixed_c40,3542,,950.6612,True,,40,write
cognodb,mixed_c40,3543,9309220,260.0446,True,,40,read
cognodb,mixed_c40,3544,9309273,299.2446,True,,40,read
cognodb,mixed_c40,3545,9309293,259.4258,True,,40,read
cognodb,mixed_c40,3546,,916.8218,True,,40,write
cognodb,mixed_c40,3547,9311240,283.2196,True,,40,read
cognodb,mixed_c40,3548,,900.7707,True,,40,write
cognodb,mixed_c40,3549,9401326,296.3209,True,,40,read
cognodb,mixed_c40,3550,9403260,283.5075,True,,40,read
cognodb,mixed_c40,3551,9403269,320.9071,True,,40,read
cognodb,mixed_c40,3552,9407272,277.3384,True,,40,read
cognodb,mixed_c40,3553,,881.5014,True,,40,write
cognodb,mixed_c40,3554,9407401,314.5172,True,,40,read
cognodb,mixed_c40,3555,9501227,250.0106,True,,40,read
cognodb,mixed_c40,3556,9501350,305.6909,True,,40,read
cognodb,mixed_c40,3557,9501376,271.007,True,,40,read
cognodb,mixed_c40,3558,,798.4194,True,,40,write
cognodb,mixed_c40,3559,9502360,259.3886,True,,40,read
cognodb,mixed_c40,3560,,809.4835,True,,40,write
cognodb,mixed_c40,3561,9504347,264.7879,True,,40,read
cognodb,mixed_c40,3562,9505303,263.4989,True,,40,read
cognodb,mixed_c40,3563,9505310,261.15,True,,40,read
cognodb,mixed_c40,3564,9505324,255.9842,True,,40,read
cognodb,mixed_c40,3565,9508299,252.9773,True,,40,read
cognodb,mixed_c40,3566,,727.5091,True,,40,write
cognodb,mixed_c40,3567,9603367,298.3993,True,,40,read
cognodb,mixed_c40,3568,9603420,255.7339,True,,40,read
cognodb,mixed_c40,3569,,2967.5972,True,,40,write
cognodb,mixed_c40,3570,9609217,252.561,True,,40,read
cognodb,mixed_c40,3571,9609470,275.5539,True,,40,read
cognodb,mixed_c40,3572,,1715.1339,True,,40,write
cognodb,mixed_c40,3573,,1663.3809,True,,40,write
cognodb,mixed_c40,3574,,1676.9551,True,,40,write
cognodb,mixed_c40,3575,9703209,324.9019,True,,40,read
cognodb,mixed_c40,3576,9703232,311.9888,True,,40,read
cognodb,mixed_c40,3577,,1660.9183,True,,40,write
cognodb,mixed_c40,3578,9705262,317.6334,True,,40,read
cognodb,mixed_c40,3579,9706541,306.9128,True,,40,read
cognodb,mixed_c40,3580,9707250,273.8387,True,,40,read
cognodb,mixed_c40,3581,9707282,266.6582,True,,40,read
cognodb,mixed_c40,3582,9707295,262.2245,True,,40,read
cognodb,mixed_c40,3583,,1571.1061,True,,40,write
cognodb,mixed_c40,3584,9711261,283.3516,True,,40,read
cognodb,mixed_c40,3585,,1550.1591,True,,40,write
cognodb,mixed_c40,3586,9803439,277.642,True,,40,read
cognodb,mixed_c40,3587,9804298,278.711,True,,40,read
cognodb,mixed_c40,3588,,1534.3493,True,,40,write
cognodb,mixed_c40,3589,9804343,254.6176,True,,40,read
cognodb,mixed_c40,3590,9805465,267.2171,True,,40,read
cognodb,mixed_c40,3591,9809529,259.0073,True,,40,read
cognodb,mixed_c40,3592,,1505.3325,True,,40,write
cognodb,mixed_c40,3593,9811432,273.3933,True,,40,read
cognodb,mixed_c40,3594,9811469,261.1761,True,,40,read
cognodb,mixed_c40,3595,9812342,301.4247,True,,40,read
cognodb,mixed_c40,3596,9906506,262.0349,True,,40,read
cognodb,mixed_c40,3597,9907534,263.5837,True,,40,read
cognodb,mixed_c40,3598,9909234,264.7557,True,,40,read
cognodb,mixed_c40,3599,9909512,278.732,True,,40,read
cognodb,mixed_c40,3600,2106,258.9273,True,,40,read
cognodb,mixed_c40,3601,6114,256.7066,True,,40,read
cognodb,mixed_c40,3602,6217,599.1888,True,,40,read
cognodb,mixed_c40,3603,7077,264.1387,True,,40,read
cognodb,mixed_c40,3604,7211,250.3221,True,,40,read
cognodb,mixed_c40,3605,7232,272.3714,True,,40,read
cognodb,mixed_c40,3606,9292,261.9076,True,,40,read
cognodb,mixed_c40,3607,10094,297.972,True,,40,read
cognodb,mixed_c40,3608,,1355.5567,True,,40,write
cognodb,mixed_c40,3609,12020,613.2333,True,,40,read
cognodb,mixed_c40,3610,101328,270.9775,True,,40,read
cognodb,mixed_c40,3611,102194,258.3219,True,,40,read
cognodb,mixed_c40,3612,102318,261.4045,True,,40,read
cognodb,mixed_c40,3613,,1301.2929,True,,40,write
cognodb,mixed_c40,3614,,1301.1855,True,,40,write
cognodb,mixed_c40,3615,105349,266.9614,True,,40,read
cognodb,mixed_c40,3616,106261,309.1015,True,,40,read
cognodb,mixed_c40,3617,,1310.0332,True,,40,write
cognodb,mixed_c40,3618,107093,303.7523,True,,40,read
cognodb,mixed_c40,3619,,1293.128,True,,40,write
cognodb,mixed_c40,3620,108250,304.7093,True,,40,read
cognodb,mixed_c40,3621,109054,299.7774,True,,40,read
cognodb,mixed_c40,3622,109073,300.3188,True,,40,read
cognodb,mixed_c40,3623,110264,292.3446,True,,40,read
cognodb,mixed_c40,3624,110376,275.4293,True,,40,read
cognodb,mixed_c40,3625,,1240.987,True,,40,write
cognodb,mixed_c40,3626,,1257.0773,True,,40,write
cognodb,mixed_c40,3627,204176,259.8277,True,,40,read
cognodb,mixed_c40,3628,204182,253.8388,True,,40,read
cognodb,mixed_c40,3629,205038,250.6489,True,,40,read
cognodb,mixed_c40,3630,207048,249.8374,True,,40,read
cognodb,mixed_c40,3631,207227,250.539,True,,40,read
cognodb,mixed_c40,3632,,1247.5544,True,,40,write
cognodb,mixed_c40,3633,,1257.6499,True,,40,write
cognodb,mixed_c40,3634,209058,264.4649,True,,40,read
cognodb,mixed_c40,3635,209108,259.3858,True,,40,read
cognodb,mixed_c40,3636,210254,272.7009,True,,40,read
cognodb,mixed_c40,3637,302080,316.6253,True,,40,read
cognodb,mixed_c40,3638,9208245,262.4425,True,,40,read
cognodb,mixed_c40,3639,9304275,301.2683,True,,40,read
cognodb,mixed_c40,3640,9305258,279.1792,True,,40,read
cognodb,mixed_c40,3641,9306241,292.9112,True,,40,read
cognodb,mixed_c40,3642,9307320,293.3446,True,,40,read
cognodb,mixed_c40,3643,,1079.519,True,,40,write
cognodb,mixed_c40,3644,,1026.718,True,,40,write
cognodb,mixed_c40,3645,9309293,302.3401,True,,40,read
cognodb,mixed_c40,3646,9310213,298.6312,True,,40,read
cognodb,mixed_c40,3647,,1076.9667,True,,40,write
cognodb,mixed_c40,3648,9401244,300.4578,True,,40,read
cognodb,mixed_c40,3649,9401326,257.5778,True,,40,read
cognodb,mixed_c40,3650,,1105.0064,True,,40,write
cognodb,mixed_c40,3651,9403269,297.3333,True,,40,read
cognodb,mixed_c40,3652,9407272,253.7475,True,,40,read
cognodb,mixed_c40,3653,9407278,259.3604,True,,40,read
cognodb,mixed_c40,3654,9407401,256.1786,True,,40,read
cognodb,mixed_c40,3655,9501227,309.3159,True,,40,read
cognodb,mixed_c40,3656,,1028.8947,True,,40,write
cognodb,mixed_c40,3657,,1044.0744,True,,40,write
cognodb,mixed_c40,3658,9502306,288.1454,True,,40,read
cognodb,mixed_c40,3659,9502360,286.3175,True,,40,read
cognodb,mixed_c40,3660,9503294,252.074,True,,40,read
cognodb,mixed_c40,3661,9504347,272.2235,True,,40,read
cognodb,mixed_c40,3662,9505303,262.1593,True,,40,read
cognodb,mixed_c40,3663,9505310,296.3287,True,,40,read
cognodb,mixed_c40,3664,9505324,256.2906,True,,40,read
cognodb,mixed_c40,3665,9508299,259.6788,True,,40,read
cognodb,mixed_c40,3666,9509349,262.3972,True,,40,read
cognodb,mixed_c40,3667,9603367,260.837,True,,40,read
cognodb,mixed_c40,3668,,861.1717,True,,40,write
cognodb,mixed_c40,3669,,822.0845,True,,40,write
cognodb,mixed_c40,3670,9609217,279.498,True,,40,read
cognodb,mixed_c40,3671,9609470,277.4579,True,,40,read
cognodb,mixed_c40,3672,9610393,271.2654,True,,40,read
cognodb,mixed_c40,3673,,737.4835,True,,40,write
cognodb,mixed_c40,3674,9702270,308.445,True,,40,read
cognodb,mixed_c40,3675,9703209,256.3218,True,,40,read
cognodb,mixed_c40,3676,,2946.459,True,,40,write
cognodb,mixed_c40,3677,9703423,293.0083,True,,40,read
cognodb,mixed_c40,3678,9705262,288.4606,True,,40,read
cognodb,mixed_c40,3679,,1571.3136,True,,40,write
cognodb,mixed_c40,3680,9707250,299.9016,True,,40,read
cognodb,mixed_c40,3681,9707282,258.6016,True,,40,read
cognodb,mixed_c40,3682,9707295,247.7005,True,,40,read
cognodb,mixed_c40,3683,9710376,264.1083,True,,40,read
cognodb,mixed_c40,3684,9711261,264.7679,True,,40,read
cognodb,mixed_c40,3685,9711379,294.0588,True,,40,read
cognodb,mixed_c40,3686,9803439,284.8072,True,,40,read
cognodb,mixed_c40,3687,9804298,287.2461,True,,40,read
cognodb,mixed_c40,3688,,1335.0734,True,,40,write
cognodb,mixed_c40,3689,9804343,297.3229,True,,40,read
cognodb,mixed_c40,3690,9805465,263.7233,True,,40,read
cognodb,mixed_c40,3691,9809529,264.8153,True,,40,read
cognodb,mixed_c40,3692,9810418,261.1878,True,,40,read
cognodb,mixed_c40,3693,9811432,309.0473,True,,40,read
cognodb,mixed_c40,3694,9811469,260.3825,True,,40,read
cognodb,mixed_c40,3695,9812342,308.5426,True,,40,read
cognodb,mixed_c40,3696,9906506,281.4488,True,,40,read
cognodb,mixed_c40,3697,9907534,269.332,True,,40,read
cognodb,mixed_c40,3698,9909234,270.5316,True,,40,read
cognodb,mixed_c40,3699,9909512,270.7187,True,,40,read
cognodb,mixed_c40,3700,2106,274.7877,True,,40,read
cognodb,mixed_c40,3701,6114,297.5448,True,,40,read
cognodb,mixed_c40,3702,6217,268.6647,True,,40,read
cognodb,mixed_c40,3703,7077,259.1429,True,,40,read
cognodb,mixed_c40,3704,7211,261.5359,True,,40,read
cognodb,mixed_c40,3705,7232,262.6627,True,,40,read
cognodb,mixed_c40,3706,9292,266.4206,True,,40,read
cognodb,mixed_c40,3707,,1153.8928,True,,40,write
cognodb,mixed_c40,3708,10180,296.3902,True,,40,read
cognodb,mixed_c40,3709,12020,282.7274,True,,40,read
cognodb,mixed_c40,3710,101328,278.1354,True,,40,read
cognodb,mixed_c40,3711,,1125.0011,True,,40,write
cognodb,mixed_c40,3712,102318,293.4334,True,,40,read
cognodb,mixed_c40,3713,104122,290.1257,True,,40,read
cognodb,mixed_c40,3714,104187,287.9056,True,,40,read
cognodb,mixed_c40,3715,105349,274.5454,True,,40,read
cognodb,mixed_c40,3716,106261,273.9678,True,,40,read
cognodb,mixed_c40,3717,107028,249.8161,True,,40,read
cognodb,mixed_c40,3718,107093,245.3848,True,,40,read
cognodb,mixed_c40,3719,,1056.4109,True,,40,write
cognodb,mixed_c40,3720,108250,322.9721,True,,40,read
cognodb,mixed_c40,3721,109054,325.3142,True,,40,read
cognodb,mixed_c40,3722,109073,323.5039,True,,40,read
cognodb,mixed_c40,3723,110264,323.8775,True,,40,read
cognodb,mixed_c40,3724,110376,312.1026,True,,40,read
cognodb,mixed_c40,3725,201053,299.1699,True,,40,read
cognodb,mixed_c40,3726,204096,308.3991,True,,40,read
cognodb,mixed_c40,3727,204176,298.9761,True,,40,read
cognodb,mixed_c40,3728,204182,305.5328,True,,40,read
cognodb,mixed_c40,3729,,1031.8169,True,,40,write
cognodb,mixed_c40,3730,207048,296.0396,True,,40,read
cognodb,mixed_c40,3731,,1004.3057,True,,40,write
cognodb,mixed_c40,3732,208138,282.2427,True,,40,read
cognodb,mixed_c40,3733,208159,299.9927,True,,40,read
cognodb,mixed_c40,3734,209058,264.5981,True,,40,read
cognodb,mixed_c40,3735,,1006.8155,True,,40,write
cognodb,mixed_c40,3736,210254,294.4734,True,,40,read
cognodb,mixed_c40,3737,302080,283.0143,True,,40,read
cognodb,mixed_c40,3738,9208245,288.3909,True,,40,read
cognodb,mixed_c40,3739,9304275,284.9785,True,,40,read
cognodb,mixed_c40,3740,9305258,277.1004,True,,40,read
cognodb,mixed_c40,3741,9306241,275.4682,True,,40,read
cognodb,mixed_c40,3742,9307320,268.6438,True,,40,read
cognodb,mixed_c40,3743,,939.6159,True,,40,write
cognodb,mixed_c40,3744,9309273,260.3642,True,,40,read
cognodb,mixed_c40,3745,9309293,262.0887,True,,40,read
cognodb,mixed_c40,3746,,908.8698,True,,40,write
cognodb,mixed_c40,3747,9311240,267.931,True,,40,read
cognodb,mixed_c40,3748,9401244,269.0102,True,,40,read
cognodb,mixed_c40,3749,9401326,263.6011,True,,40,read
cognodb,mixed_c40,3750,9403260,270.8432,True,,40,read
cognodb,mixed_c40,3751,,924.7193,True,,40,write
cognodb,mixed_c40,3752,,944.5685,True,,40,write
cognodb,mixed_c40,3753,9407278,274.3154,True,,40,read
cognodb,mixed_c40,3754,9407401,256.9537,True,,40,read
cognodb,mixed_c40,3755,9501227,273.1563,True,,40,read
cognodb,mixed_c40,3756,9501350,266.5915,True,,40,read
cognodb,mixed_c40,3757,9501376,287.6664,True,,40,read
cognodb,mixed_c40,3758,9502306,279.0661,True,,40,read
cognodb,mixed_c40,3759,9502360,283.2047,True,,40,read
cognodb,mixed_c40,3760,,877.9319,True,,40,write
cognodb,mixed_c40,3761,9504347,275.156,True,,40,read
cognodb,mixed_c40,3762,9505303,267.4013,True,,40,read
cognodb,mixed_c40,3763,9505310,270.8255,True,,40,read
cognodb,mixed_c40,3764,9505324,279.1641,True,,40,read
cognodb,mixed_c40,3765,9508299,251.618,True,,40,read
cognodb,mixed_c40,3766,,847.6312,True,,40,write
cognodb,mixed_c40,3767,9603367,254.0733,True,,40,read
cognodb,mixed_c40,3768,,848.6586,True,,40,write
cognodb,mixed_c40,3769,9606252,293.7397,True,,40,read
cognodb,mixed_c40,3770,9609217,294.1262,True,,40,read
cognodb,mixed_c40,3771,,842.1929,True,,40,write
cognodb,mixed_c40,3772,,834.6977,True,,40,write
cognodb,mixed_c40,3773,9701246,254.0623,True,,40,read
cognodb,mixed_c40,3774,9702270,285.3128,True,,40,read
cognodb,mixed_c40,3775,9703209,309.7075,True,,40,read
cognodb,mixed_c40,3776,9703232,310.3144,True,,40,read
cognodb,mixed_c40,3777,9703423,307.3424,True,,40,read
cognodb,mixed_c40,3778,9705262,331.3908,True,,40,read
cognodb,mixed_c40,3779,9706541,255.6341,True,,40,read
cognodb,mixed_c40,3780,9707250,293.1252,True,,40,read
cognodb,mixed_c40,3781,9707282,292.428,True,,40,read
cognodb,mixed_c40,3782,9707295,299.1063,True,,40,read
cognodb,mixed_c40,3783,,632.8078,True,,40,write
cognodb,mixed_c40,3784,9711261,260.5296,True,,40,read
cognodb,mixed_c40,3785,9711379,265.4808,True,,40,read
cognodb,mixed_c40,3786,9803439,301.4547,True,,40,read
cognodb,mixed_c40,3787,9804298,305.4215,True,,40,read
cognodb,mixed_c40,3788,9804313,265.6981,True,,40,read
cognodb,mixed_c40,3789,,611.8851,True,,40,write
cognodb,mixed_c40,3790,9805465,288.6517,True,,40,read
cognodb,mixed_c40,3791,9809529,292.9973,True,,40,read
cognodb,mixed_c40,3792,9810418,257.6576,True,,40,read
cognodb,mixed_c40,3793,9811432,258.4622,True,,40,read
cognodb,mixed_c40,3794,,560.2706,True,,40,write
cognodb,mixed_c40,3795,9812342,268.6092,True,,40,read
cognodb,mixed_c40,3796,,3296.3102,True,,40,write
cognodb,mixed_c40,3797,9907534,285.1308,True,,40,read
cognodb,mixed_c40,3798,,1552.3421,True,,40,write
cognodb,mixed_c40,3799,,1536.1212,True,,40,write
cognodb,mixed_c40,3800,2106,262.4017,True,,40,read
cognodb,mixed_c40,3801,6114,284.3781,True,,40,read
cognodb,mixed_c40,3802,6217,259.5886,True,,40,read
cognodb,mixed_c40,3803,7077,259.6228,True,,40,read
cognodb,mixed_c40,3804,7211,273.4381,True,,40,read
cognodb,mixed_c40,3805,7232,247.5775,True,,40,read
cognodb,mixed_c40,3806,,1496.8056,True,,40,write
cognodb,mixed_c40,3807,10094,315.2376,True,,40,read
cognodb,mixed_c40,3808,10180,320.4889,True,,40,read
cognodb,mixed_c40,3809,12020,319.607,True,,40,read
cognodb,mixed_c40,3810,101328,302.5248,True,,40,read
cognodb,mixed_c40,3811,102194,299.0605,True,,40,read
cognodb,mixed_c40,3812,,1483.2284,True,,40,write
cognodb,mixed_c40,3813,104122,291.0566,True,,40,read
cognodb,mixed_c40,3814,104187,282.4553,True,,40,read
cognodb,mixed_c40,3815,105349,262.1553,True,,40,read
cognodb,mixed_c40,3816,106261,309.7996,True,,40,read
cognodb,mixed_c40,3817,,1396.6418,True,,40,write
cognodb,mixed_c40,3818,107093,289.0337,True,,40,read
cognodb,mixed_c40,3819,107295,286.9862,True,,40,read
cognodb,mixed_c40,3820,108250,274.9896,True,,40,read
cognodb,mixed_c40,3821,109054,299.0677,True,,40,read
cognodb,mixed_c40,3822,,1367.6161,True,,40,write
cognodb,mixed_c40,3823,,1345.7924,True,,40,write
cognodb,mixed_c40,3824,110376,285.1301,True,,40,read
cognodb,mixed_c40,3825,201053,303.8183,True,,40,read
cognodb,mixed_c40,3826,204096,293.8846,True,,40,read
cognodb,mixed_c40,3827,204176,278.1298,True,,40,read
cognodb,mixed_c40,3828,204182,284.4527,True,,40,read
cognodb,mixed_c40,3829,205038,287.7674,True,,40,read
cognodb,mixed_c40,3830,207048,262.1889,True,,40,read
cognodb,mixed_c40,3831,207227,262.7966,True,,40,read
cognodb,mixed_c40,3832,208138,271.5988,True,,40,read
cognodb,mixed_c40,3833,208159,246.0539,True,,40,read
cognodb,mixed_c40,3834,209058,266.3492,True,,40,read
cognodb,mixed_c40,3835,,1237.6192,True,,40,write
cognodb,mixed_c40,3836,210254,289.7171,True,,40,read
cognodb,mixed_c40,3837,,1241.7126,True,,40,write
cognodb,mixed_c40,3838,9208245,253.4974,True,,40,read
cognodb,mixed_c40,3839,9304275,291.7213,True,,40,read
cognodb,mixed_c40,3840,9305258,291.5745,True,,40,read
cognodb,mixed_c40,3841,9306241,286.2005,True,,40,read
cognodb,mixed_c40,3842,9307320,246.6245,True,,40,read
cognodb,mixed_c40,3843,9309220,290.1882,True,,40,read
cognodb,mixed_c40,3844,9309273,283.1272,True,,40,read
cognodb,mixed_c40,3845,9309293,287.2213,True,,40,read
cognodb,mixed_c40,3846,9310213,280.3767,True,,40,read
cognodb,mixed_c40,3847,9311240,265.157,True,,40,read
cognodb,mixed_c40,3848,9401244,263.1093,True,,40,read
cognodb,mixed_c40,3849,9401326,260.6511,True,,40,read
cognodb,mixed_c40,3850,9403260,291.3698,True,,40,read
cognodb,mixed_c40,3851,,1152.7677,True,,40,write
cognodb,mixed_c40,3852,9407272,285.864,True,,40,read
cognodb,mixed_c40,3853,9407278,280.7141,True,,40,read
cognodb,mixed_c40,3854,9407401,250.0709,True,,40,read
cognodb,mixed_c40,3855,9501227,269.1811,True,,40,read
cognodb,mixed_c40,3856,9501350,264.2795,True,,40,read
cognodb,mixed_c40,3857,,1077.0455,True,,40,write
cognodb,mixed_c40,3858,9502306,258.6713,True,,40,read
cognodb,mixed_c40,3859,9502360,259.4289,True,,40,read
cognodb,mixed_c40,3860,9503294,254.901,True,,40,read
cognodb,mixed_c40,3861,9504347,250.4811,True,,40,read
cognodb,mixed_c40,3862,9505303,248.2141,True,,40,read
cognodb,mixed_c40,3863,9505310,283.1332,True,,40,read
cognodb,mixed_c40,3864,9505324,282.0101,True,,40,read
cognodb,mixed_c40,3865,,1037.2324,True,,40,write
cognodb,mixed_c40,3866,9509349,297.9274,True,,40,read
cognodb,mixed_c40,3867,9603367,292.557,True,,40,read
cognodb,mixed_c40,3868,,1014.5434,True,,40,write
cognodb,mixed_c40,3869,9606252,299.8453,True,,40,read
cognodb,mixed_c40,3870,,1069.3849,True,,40,write
cognodb,mixed_c40,3871,9609470,292.5018,True,,40,read
cognodb,mixed_c40,3872,,1056.6668,True,,40,write
cognodb,mixed_c40,3873,,1022.0125,True,,40,write
cognodb,mixed_c40,3874,,1010.1527,True,,40,write
cognodb,mixed_c40,3875,,1066.0391,True,,40,write
cognodb,mixed_c40,3876,9703232,285.5312,True,,40,read
cognodb,mixed_c40,3877,,1019.3993,True,,40,write
cognodb,mixed_c40,3878,,1083.0282,True,,40,write
cognodb,mixed_c40,3879,9706541,272.0013,True,,40,read
cognodb,mixed_c40,3880,9707250,271.8075,True,,40,read
cognodb,mixed_c40,3881,9707282,292.8091,True,,40,read
cognodb,mixed_c40,3882,9707295,290.216,True,,40,read
cognodb,mixed_c40,3883,9710376,269.5335,True,,40,read
cognodb,mixed_c40,3884,,962.3852,True,,40,write
cognodb,mixed_c40,3885,9711379,256.3329,True,,40,read
cognodb,mixed_c40,3886,9803439,254.1526,True,,40,read
cognodb,mixed_c40,3887,,969.0616,True,,40,write
cognodb,mixed_c40,3888,9804313,255.4567,True,,40,read
cognodb,mixed_c40,3889,,950.5912,True,,40,write
cognodb,mixed_c40,3890,9805465,261.7185,True,,40,read
cognodb,mixed_c40,3891,9809529,261.0678,True,,40,read
cognodb,mixed_c40,3892,9810418,253.0312,True,,40,read
cognodb,mixed_c40,3893,9811432,252.0955,True,,40,read
cognodb,mixed_c40,3894,9811469,260.6233,True,,40,read
cognodb,mixed_c40,3895,9812342,297.8826,True,,40,read
cognodb,mixed_c40,3896,,838.1043,True,,40,write
cognodb,mixed_c40,3897,9907534,334.7717,True,,40,read
cognodb,mixed_c40,3898,9909234,386.5206,True,,40,read
cognodb,mixed_c40,3899,,809.1154,True,,40,write
cognodb,mixed_c40,3900,2106,363.8047,True,,40,read
cognodb,mixed_c40,3901,,799.6954,True,,40,write
cognodb,mixed_c40,3902,6217,354.3369,True,,40,read
cognodb,mixed_c40,3903,7077,357.591,True,,40,read
cognodb,mixed_c40,3904,7211,353.4205,True,,40,read
cognodb,mixed_c40,3905,,712.2402,True,,40,write
cognodb,mixed_c40,3906,9292,307.0713,True,,40,read
cognodb,mixed_c40,3907,,700.9337,True,,40,write
cognodb,mixed_c40,3908,10180,280.2921,True,,40,read
cognodb,mixed_c40,3909,12020,303.4829,True,,40,read
cognodb,mixed_c40,3910,101328,266.3509,True,,40,read
cognodb,mixed_c40,3911,102194,290.4823,True,,40,read
cognodb,mixed_c40,3912,102318,305.7919,True,,40,read
cognodb,mixed_c40,3913,104122,306.4092,True,,40,read
cognodb,mixed_c40,3914,,1681.4852,True,,40,write
cognodb,mixed_c40,3915,105349,299.0803,True,,40,read
cognodb,mixed_c40,3916,,2489.3407,True,,40,write
cognodb,mixed_c40,3917,107028,287.6586,True,,40,read
cognodb,mixed_c40,3918,107093,262.4829,True,,40,read
cognodb,mixed_c40,3919,,1321.2705,True,,40,write
cognodb,mixed_c40,3920,108250,269.7664,True,,40,read
cognodb,mixed_c40,3921,109054,261.9714,True,,40,read
cognodb,mixed_c40,3922,109073,296.6492,True,,40,read
cognodb,mixed_c40,3923,,1752.1012,True,,40,write
cognodb,mixed_c40,3924,,1760.5378,True,,40,write
cognodb,mixed_c40,3925,201053,259.1577,True,,40,read
cognodb,mixed_c40,3926,204096,261.968,True,,40,read
cognodb,mixed_c40,3927,,1260.5623,True,,40,write
cognodb,mixed_c40,3928,204182,268.631,True,,40,read
cognodb,mixed_c40,3929,,1262.3153,True,,40,write
cognodb,mixed_c40,3930,207048,280.6898,True,,40,read
cognodb,mixed_c40,3931,207227,265.971,True,,40,read
cognodb,mixed_c40,3932,208138,255.4139,True,,40,read
cognodb,mixed_c40,3933,,1215.6563,True,,40,write
cognodb,mixed_c40,3934,209058,256.1091,True,,40,read
cognodb,mixed_c40,3935,209108,261.6374,True,,40,read
cognodb,mixed_c40,3936,210254,251.2926,True,,40,read
cognodb,mixed_c40,3937,302080,265.4102,True,,40,read
cognodb,mixed_c40,3938,,1181.9393,True,,40,write
cognodb,mixed_c40,3939,9304275,255.7767,True,,40,read
cognodb,mixed_c40,3940,9305258,253.038,True,,40,read
cognodb,mixed_c40,3941,9306241,302.9551,True,,40,read
cognodb,mixed_c40,3942,,1165.0343,True,,40,write
cognodb,mixed_c40,3943,9309220,244.8251,True,,40,read
cognodb,mixed_c40,3944,,1169.3599,True,,40,write
cognodb,mixed_c40,3945,9309293,287.4243,True,,40,read
cognodb,mixed_c40,3946,9310213,279.2082,True,,40,read
cognodb,mixed_c40,3947,9311240,270.0105,True,,40,read
cognodb,mixed_c40,3948,9401244,265.2044,True,,40,read
cognodb,mixed_c40,3949,9401326,294.6542,True,,40,read
cognodb,mixed_c40,3950,9403260,288.8843,True,,40,read
cognodb,mixed_c40,3951,9403269,280.5974,True,,40,read
cognodb,mixed_c40,3952,9407272,266.7298,True,,40,read
cognodb,mixed_c40,3953,9407278,266.939,True,,40,read
cognodb,mixed_c40,3954,,1089.034,True,,40,write
cognodb,mixed_c40,3955,,1106.0613,True,,40,write
cognodb,mixed_c40,3956,9501350,259.026,True,,40,read
cognodb,mixed_c40,3957,9501376,258.174,True,,40,read
cognodb,mixed_c40,3958,,1076.2532,True,,40,write
cognodb,mixed_c40,3959,9502360,258.3295,True,,40,read
cognodb,mixed_c40,3960,9503294,265.603,True,,40,read
cognodb,mixed_c40,3961,9504347,258.7493,True,,40,read
cognodb,mixed_c40,3962,9505303,276.927,True,,40,read
cognodb,mixed_c40,3963,,1069.2119,True,,40,write
cognodb,mixed_c40,3964,9505324,277.3783,True,,40,read
cognodb,mixed_c40,3965,9508299,269.2393,True,,40,read
cognodb,mixed_c40,3966,9509349,254.6209,True,,40,read
cognodb,mixed_c40,3967,9603367,297.9027,True,,40,read
cognodb,mixed_c40,3968,,1014.9057,True,,40,write
cognodb,mixed_c40,3969,9606252,289.2236,True,,40,read
cognodb,mixed_c40,3970,9609217,290.838,True,,40,read
cognodb,mixed_c40,3971,9609470,285.7138,True,,40,read
cognodb,mixed_c40,3972,,958.8545,True,,40,write
cognodb,mixed_c40,3973,9701246,311.8327,True,,40,read
cognodb,mixed_c40,3974,9702270,310.3634,True,,40,read
cognodb,mixed_c40,3975,9703209,309.3879,True,,40,read
cognodb,mixed_c40,3976,9703232,306.8665,True,,40,read
cognodb,mixed_c40,3977,9703423,272.8227,True,,40,read
cognodb,mixed_c40,3978,9705262,265.6817,True,,40,read
cognodb,mixed_c40,3979,9706541,266.0137,True,,40,read
cognodb,mixed_c40,3980,9707250,274.2287,True,,40,read
cognodb,mixed_c40,3981,9707282,253.154,True,,40,read
cognodb,mixed_c40,3982,9707295,270.418,True,,40,read
cognodb,mixed_c40,3983,9710376,269.0682,True,,40,read
cognodb,mixed_c40,3984,9711261,260.1029,True,,40,read
cognodb,mixed_c40,3985,,854.7126,True,,40,write
cognodb,mixed_c40,3986,,860.9221,True,,40,write
cognodb,mixed_c40,3987,9804298,249.4178,True,,40,read
cognodb,mixed_c40,3988,,834.9257,True,,40,write
cognodb,mixed_c40,3989,9804343,270.0474,True,,40,read
cognodb,mixed_c40,3990,9805465,270.1379,True,,40,read
cognodb,mixed_c40,3991,9809529,288.1324,True,,40,read
cognodb,mixed_c40,3992,9810418,259.3828,True,,40,read
cognodb,mixed_c40,3993,,763.4522,True,,40,write
cognodb,mixed_c40,3994,9811469,252.9029,True,,40,read
cognodb,mixed_c40,3995,9812342,309.4399,True,,40,read
cognodb,mixed_c40,3996,9906506,308.2622,True,,40,read
cognodb,mixed_c40,3997,9907534,307.0292,True,,40,read
cognodb,mixed_c40,3998,9909234,301.2092,True,,40,read
cognodb,mixed_c40,3999,9909512,301.7181,True,,40,read
