database,workload,iteration,start_node,latency_ms,success,error,concurrency,op_type
falkordb,mixed_c1,0,2106,27.6488,True,,1,read
falkordb,mixed_c1,1,6114,25.9778,True,,1,read
falkordb,mixed_c1,2,6217,25.6749,True,,1,read
falkordb,mixed_c1,3,7077,26.0667,True,,1,read
falkordb,mixed_c1,4,7211,30.1814,True,,1,read
falkordb,mixed_c1,5,7232,24.868,True,,1,read
falkordb,mixed_c1,6,9292,25.178,True,,1,read
falkordb,mixed_c1,7,10094,26.7291,True,,1,read
falkordb,mixed_c1,8,10180,27.7118,True,,1,read
falkordb,mixed_c1,9,12020,26.181,True,,1,read
falkordb,mixed_c1,10,101328,26.7122,True,,1,read
falkordb,mixed_c1,11,,25.7224,True,,1,write
falkordb,mixed_c1,12,102318,26.2597,True,,1,read
falkordb,mixed_c1,13,104122,25.3712,True,,1,read
falkordb,mixed_c1,14,104187,25.6448,True,,1,read
falkordb,mixed_c1,15,105349,25.9099,True,,1,read
falkordb,mixed_c1,16,,26.3979,True,,1,write
falkordb,mixed_c1,17,,26.6459,True,,1,write
falkordb,mixed_c1,18,107093,26.3532,True,,1,read
falkordb,mixed_c1,19,107295,25.0578,True,,1,read
falkordb,mixed_c1,20,108250,25.7876,True,,1,read
falkordb,mixed_c1,21,109054,26.28,True,,1,read
falkordb,mixed_c1,22,109073,26.2619,True,,1,read
falkordb,mixed_c1,23,110264,29.4173,True,,1,read
falkordb,mixed_c1,24,110376,25.1344,True,,1,read
falkordb,mixed_c1,25,201053,26.5981,True,,1,read
falkordb,mixed_c1,26,204096,25.3515,True,,1,read
falkordb,mixed_c1,27,204176,26.0722,True,,1,read
falkordb,mixed_c1,28,204182,27.3844,True,,1,read
falkordb,mixed_c1,29,,31.3561,True,,1,write
falkordb,mixed_c1,30,,31.122,True,,1,write
falkordb,mixed_c1,31,207227,26.0495,True,,1,read
falkordb,mixed_c1,32,,25.5033,True,,1,write
falkordb,mixed_c1,33,208159,25.497,True,,1,read
falkordb,mixed_c1,34,209058,34.4393,True,,1,read
falkordb,mixed_c1,35,,24.7167,True,,1,write
falkordb,mixed_c1,36,210254,26.0247,True,,1,read
falkordb,mixed_c1,37,,25.6773,True,,1,write
falkordb,mixed_c1,38,9208245,25.2303,True,,1,read
falkordb,mixed_c1,39,9304275,26.408,True,,1,read
falkordb,mixed_c1,40,9305258,26.8866,True,,1,read
falkordb,mixed_c1,41,9306241,24.1064,True,,1,read
falkordb,mixed_c1,42,,28.4987,True,,1,write
falkordb,mixed_c1,43,9309220,25.2382,True,,1,read
falkordb,mixed_c1,44,9309273,29.6764,True,,1,read
falkordb,mixed_c1,45,9309293,23.6388,True,,1,read
falkordb,mixed_c1,46,9310213,26.2327,True,,1,read
falkordb,mixed_c1,47,,25.8791,True,,1,write
falkordb,mixed_c1,48,9401244,26.2534,True,,1,read
falkordb,mixed_c1,49,9401326,25.6774,True,,1,read
falkordb,mixed_c1,50,9403260,24.3094,True,,1,read
falkordb,mixed_c1,51,9403269,31.0268,True,,1,read
falkordb,mixed_c1,52,9407272,26.5672,True,,1,read
falkordb,mixed_c1,53,9407278,26.6813,True,,1,read
falkordb,mixed_c1,54,,26.3303,True,,1,write
falkordb,mixed_c1,55,9501227,25.153,True,,1,read
falkordb,mixed_c1,56,9501350,26.0526,True,,1,read
falkordb,mixed_c1,57,9501376,26.0921,True,,1,read
falkordb,mixed_c1,58,9502306,25.7362,True,,1,read
falkordb,mixed_c1,59,,25.524,True,,1,write
falkordb,mixed_c1,60,9503294,24.4964,True,,1,read
falkordb,mixed_c1,61,9504347,26.4242,True,,1,read
falkordb,mixed_c1,62,,25.0723,True,,1,write
falkordb,mixed_c1,63,9505310,27.7801,True,,1,read
falkordb,mixed_c1,64,9505324,25.8729,True,,1,read
falkordb,mixed_c1,65,9508299,24.7375,True,,1,read
falkordb,mixed_c1,66,9509349,26.4442,True,,1,read
falkordb,mixed_c1,67,9603367,24.9992,True,,1,read
falkordb,mixed_c1,68,9603420,26.4403,True,,1,read
falkordb,mixed_c1,69,,25.796,True,,1,write
falkordb,mixed_c1,70,9609217,25.7461,True,,1,read
falkordb,mixed_c1,71,9609470,29.2589,True,,1,read
falkordb,mixed_c1,72,9610393,25.8248,True,,1,read
falkordb,mixed_c1,73,9701246,26.6074,True,,1,read
falkordb,mixed_c1,74,9702270,25.9048,True,,1,read
falkordb,mixed_c1,75,,26.271,True,,1,write
falkordb,mixed_c1,76,,25.7221,True,,1,write
falkordb,mixed_c1,77,9703423,27.6446,True,,1,read
falkordb,mixed_c1,78,9705262,24.413,True,,1,read
falkordb,mixed_c1,79,,25.727,True,,1,write
falkordb,mixed_c1,80,,26.1673,True,,1,write
falkordb,mixed_c1,81,,25.7831,True,,1,write
falkordb,mixed_c1,82,9707295,26.1054,True,,1,read
falkordb,mixed_c1,83,9710376,26.0334,True,,1,read
falkordb,mixed_c1,84,9711261,26.6974,True,,1,read
falkordb,mixed_c1,85,,27.2072,True,,1,write
falkordb,mixed_c1,86,9803439,24.5593,True,,1,read
falkordb,mixed_c1,87,,25.9558,True,,1,write
falkordb,mixed_c1,88,,25.9051,True,,1,write
falkordb,mixed_c1,89,9804343,26.0558,True,,1,read
falkordb,mixed_c1,90,9805465,26.4647,True,,1,read
falkordb,mixed_c1,91,9809529,28.9553,True,,1,read
falkordb,mixed_c1,92,9810418,25.559,True,,1,read
falkordb,mixed_c1,93,,26.0815,True,,1,write
falkordb,mixed_c1,94,9811469,26.1887,True,,1,read
falkordb,mixed_c1,95,9812342,25.9267,True,,1,read
falkordb,mixed_c1,96,9906506,29.5346,True,,1,read
falkordb,mixed_c1,97,9907534,25.2171,True,,1,read
falkordb,mixed_c1,98,9909234,26.1197,True,,1,read
falkordb,mixed_c1,99,,25.8531,True,,1,write
falkordb,mixed_c10,0,,26.1485,True,,10,write
falkordb,mixed_c10,1,6114,945.6783,True,,10,read
falkordb,mixed_c10,2,6217,530.4917,True,,10,read
falkordb,mixed_c10,3,7077,1822.0903,True,,10,read
falkordb,mixed_c10,4,,1354.8759,True,,10,write
falkordb,mixed_c10,5,7232,4539.0091,True,,10,read
falkordb,mixed_c10,6,,940.3583,True,,10,write
falkordb,mixed_c10,7,10094,1819.1629,True,,10,read
falkordb,mixed_c10,8,,522.0884,True,,10,write
falkordb,mixed_c10,9,12020,1350.2174,True,,10,read
falkordb,mixed_c10,10,101328,25.9753,True,,10,read
falkordb,mixed_c10,11,102194,27.7629,True,,10,read
falkordb,mixed_c10,12,102318,24.7364,True,,10,read
falkordb,mixed_c10,13,104122,26.7696,True,,10,read
falkordb,mixed_c10,14,104187,25.0125,True,,10,read
falkordb,mixed_c10,15,105349,25.9514,True,,10,read
falkordb,mixed_c10,16,106261,26.3834,True,,10,read
falkordb,mixed_c10,17,107028,26.118,True,,10,read
falkordb,mixed_c10,18,107093,25.6619,True,,10,read
falkordb,mixed_c10,19,107295,28.4238,True,,10,read
falkordb,mixed_c10,20,108250,26.6448,True,,10,read
falkordb,mixed_c10,21,109054,25.8866,True,,10,read
falkordb,mixed_c10,22,,26.5047,True,,10,write
falkordb,mixed_c10,23,,26.0075,True,,10,write
falkordb,mixed_c10,24,,27.6104,True,,10,write
falkordb,mixed_c10,25,,24.4685,True,,10,write
falkordb,mixed_c10,26,204096,24.7812,True,,10,read
falkordb,mixed_c10,27,204176,24.4327,True,,10,read
falkordb,mixed_c10,28,,25.045,True,,10,write
falkordb,mixed_c10,29,205038,27.6068,True,,10,read
falkordb,mixed_c10,30,207048,26.3428,True,,10,read
falkordb,mixed_c10,31,207227,27.0242,True,,10,read
falkordb,mixed_c10,32,208138,25.3934,True,,10,read
falkordb,mixed_c10,33,208159,26.0041,True,,10,read
falkordb,mixed_c10,34,209058,25.0345,True,,10,read
falkordb,mixed_c10,35,209108,26.2868,True,,10,read
falkordb,mixed_c10,36,210254,26.7254,True,,10,read
falkordb,mixed_c10,37,,27.1356,True,,10,write
falkordb,mixed_c10,38,9208245,25.5713,True,,10,read
falkordb,mixed_c10,39,9304275,28.92,True,,10,read
falkordb,mixed_c10,40,9305258,27.8111,True,,10,read
falkordb,mixed_c10,41,9306241,24.4399,True,,10,read
falkordb,mixed_c10,42,9307320,26.5877,True,,10,read
falkordb,mixed_c10,43,9309220,27.0047,True,,10,read
falkordb,mixed_c10,44,9309273,25.5855,True,,10,read
falkordb,mixed_c10,45,9309293,27.0943,True,,10,read
falkordb,mixed_c10,46,9310213,26.4275,True,,10,read
falkordb,mixed_c10,47,9311240,29.4898,True,,10,read
falkordb,mixed_c10,48,9401244,25.588,True,,10,read
falkordb,mixed_c10,49,9401326,25.9191,True,,10,read
falkordb,mixed_c10,50,9403260,26.3997,True,,10,read
falkordb,mixed_c10,51,9403269,25.8815,True,,10,read
falkordb,mixed_c10,52,9407272,25.8414,True,,10,read
falkordb,mixed_c10,53,9407278,25.8197,True,,10,read
falkordb,mixed_c10,54,9407401,28.9078,True,,10,read
falkordb,mixed_c10,55,9501227,28.6763,True,,10,read
falkordb,mixed_c10,56,9501350,27.2763,True,,10,read
falkordb,mixed_c10,57,,26.1361,True,,10,write
falkordb,mixed_c10,58,,25.6053,True,,10,write
falkordb,mixed_c10,59,,26.314,True,,10,write
falkordb,mixed_c10,60,9503294,25.5551,True,,10,read
falkordb,mixed_c10,61,,25.6957,True,,10,write
falkordb,mixed_c10,62,,25.8603,True,,10,write
falkordb,mixed_c10,63,9505310,25.1553,True,,10,read
falkordb,mixed_c10,64,9505324,25.0353,True,,10,read
falkordb,mixed_c10,65,,25.248,True,,10,write
falkordb,mixed_c10,66,9509349,22.9478,True,,10,read
falkordb,mixed_c10,67,,25.3812,True,,10,write
falkordb,mixed_c10,68,9603420,25.3757,True,,10,read
falkordb,mixed_c10,69,9606252,22.9646,True,,10,read
falkordb,mixed_c10,70,9609217,22.9176,True,,10,read
falkordb,mixed_c10,71,9609470,26.3572,True,,10,read
falkordb,mixed_c10,72,9610393,23.9316,True,,10,read
falkordb,mixed_c10,73,9701246,22.8704,True,,10,read
falkordb,mixed_c10,74,,25.0933,True,,10,write
falkordb,mixed_c10,75,9703209,24.8768,True,,10,read
falkordb,mixed_c10,76,9703232,24.3108,True,,10,read
falkordb,mixed_c10,77,9703423,25.7102,True,,10,read
falkordb,mixed_c10,78,9705262,23.6962,True,,10,read
falkordb,mixed_c10,79,9706541,24.9138,True,,10,read
falkordb,mixed_c10,80,9707250,25.6173,True,,10,read
falkordb,mixed_c10,81,9707282,24.7856,True,,10,read
falkordb,mixed_c10,82,9707295,25.5134,True,,10,read
falkordb,mixed_c10,83,9710376,27.6104,True,,10,read
falkordb,mixed_c10,84,9711261,25.224,True,,10,read
falkordb,mixed_c10,85,9711379,25.0569,True,,10,read
falkordb,mixed_c10,86,9803439,25.2719,True,,10,read
falkordb,mixed_c10,87,9804298,25.7064,True,,10,read
falkordb,mixed_c10,88,9804313,25.9639,True,,10,read
falkordb,mixed_c10,89,9804343,26.8663,True,,10,read
falkordb,mixed_c10,90,9805465,27.5196,True,,10,read
falkordb,mixed_c10,91,,25.4696,True,,10,write
falkordb,mixed_c10,92,9810418,24.7829,True,,10,read
falkordb,mixed_c10,93,9811432,24.9275,True,,10,read
falkordb,mixed_c10,94,9811469,27.0983,True,,10,read
falkordb,mixed_c10,95,,24.6203,True,,10,write
falkordb,mixed_c10,96,9906506,25.2792,True,,10,read
falkordb,mixed_c10,97,9907534,25.6697,True,,10,read
falkordb,mixed_c10,98,9909234,25.7068,True,,10,read
falkordb,mixed_c10,99,9909512,24.2855,True,,10,read
falkordb,mixed_c10,100,,24.9484,True,,10,write
falkordb,mixed_c10,101,,25.1718,True,,10,write
falkordb,mixed_c10,102,6217,26.9775,True,,10,read
falkordb,mixed_c10,103,7077,25.5592,True,,10,read
falkordb,mixed_c10,104,7211,25.7063,True,,10,read
falkordb,mixed_c10,105,,25.7379,True,,10,write
falkordb,mixed_c10,106,9292,25.8209,True,,10,read
falkordb,mixed_c10,107,10094,26.8934,True,,10,read
falkordb,mixed_c10,108,10180,26.0994,True,,10,read
falkordb,mixed_c10,109,12020,24.5391,True,,10,read
falkordb,mixed_c10,110,101328,25.3489,True,,10,read
falkordb,mixed_c10,111,102194,24.9282,True,,10,read
falkordb,mixed_c10,112,102318,24.5523,True,,10,read
falkordb,mixed_c10,113,104122,26.0093,True,,10,read
falkordb,mixed_c10,114,,24.7851,True,,10,write
falkordb,mixed_c10,115,105349,26.2061,True,,10,read
falkordb,mixed_c10,116,106261,26.556,True,,10,read
falkordb,mixed_c10,117,107028,26.1179,True,,10,read
falkordb,mixed_c10,118,107093,23.564,True,,10,read
falkordb,mixed_c10,119,107295,24.8828,True,,10,read
falkordb,mixed_c10,120,108250,26.1085,True,,10,read
falkordb,mixed_c10,121,,26.1092,True,,10,write
falkordb,mixed_c10,122,109073,25.0812,True,,10,read
falkordb,mixed_c10,123,110264,25.9578,True,,10,read
falkordb,mixed_c10,124,110376,24.1597,True,,10,read
falkordb,mixed_c10,125,201053,24.4539,True,,10,read
falkordb,mixed_c10,126,,24.4773,True,,10,write
falkordb,mixed_c10,127,204176,25.8576,True,,10,read
falkordb,mixed_c10,128,204182,26.1576,True,,10,read
falkordb,mixed_c10,129,,24.699,True,,10,write
falkordb,mixed_c10,130,207048,25.3602,True,,10,read
falkordb,mixed_c10,131,207227,25.5247,True,,10,read
falkordb,mixed_c10,132,,28.8964,True,,10,write
falkordb,mixed_c10,133,208159,29.0777,True,,10,read
falkordb,mixed_c10,134,209058,28.3797,True,,10,read
falkordb,mixed_c10,135,209108,26.4527,True,,10,read
falkordb,mixed_c10,136,210254,27.3823,True,,10,read
falkordb,mixed_c10,137,302080,24.4537,True,,10,read
falkordb,mixed_c10,138,,28.2584,True,,10,write
falkordb,mixed_c10,139,9304275,24.5971,True,,10,read
falkordb,mixed_c10,140,9305258,26.843,True,,10,read
falkordb,mixed_c10,141,9306241,26.7648,True,,10,read
falkordb,mixed_c10,142,9307320,25.9074,True,,10,read
falkordb,mixed_c10,143,9309220,24.6888,True,,10,read
falkordb,mixed_c10,144,9309273,24.6942,True,,10,read
falkordb,mixed_c10,145,,25.7615,True,,10,write
falkordb,mixed_c10,146,9310213,24.8715,True,,10,read
falkordb,mixed_c10,147,9311240,26.4951,True,,10,read
falkordb,mixed_c10,148,9401244,25.7738,True,,10,read
falkordb,mixed_c10,149,9401326,25.3887,True,,10,read
falkordb,mixed_c10,150,9403260,22.9745,True,,10,read
falkordb,mixed_c10,151,9403269,23.5289,True,,10,read
falkordb,mixed_c10,152,9407272,25.0829,True,,10,read
falkordb,mixed_c10,153,9407278,24.7697,True,,10,read
falkordb,mixed_c10,154,,24.7883,True,,10,write
falkordb,mixed_c10,155,,25.033,True,,10,write
falkordb,mixed_c10,156,,24.6313,True,,10,write
falkordb,mixed_c10,157,9501376,24.9857,True,,10,read
falkordb,mixed_c10,158,9502306,25.1483,True,,10,read
falkordb,mixed_c10,159,9502360,24.079,True,,10,read
falkordb,mixed_c10,160,9503294,25.1136,True,,10,read
falkordb,mixed_c10,161,9504347,25.2464,True,,10,read
falkordb,mixed_c10,162,9505303,24.9882,True,,10,read
falkordb,mixed_c10,163,9505310,25.0149,True,,10,read
falkordb,mixed_c10,164,9505324,26.7443,True,,10,read
falkordb,mixed_c10,165,9508299,28.5886,True,,10,read
falkordb,mixed_c10,166,9509349,25.6264,True,,10,read
falkordb,mixed_c10,167,9603367,25.4713,True,,10,read
falkordb,mixed_c10,168,9603420,24.5672,True,,10,read
falkordb,mixed_c10,169,9606252,26.156,True,,10,read
falkordb,mixed_c10,170,,26.8193,True,,10,write
falkordb,mixed_c10,171,9609470,24.3985,True,,10,read
falkordb,mixed_c10,172,9610393,28.0361,True,,10,read
falkordb,mixed_c10,173,9701246,26.7346,True,,10,read
falkordb,mixed_c10,174,9702270,25.6488,True,,10,read
falkordb,mixed_c10,175,9703209,24.1935,True,,10,read
falkordb,mixed_c10,176,9703232,24.7933,True,,10,read
falkordb,mixed_c10,177,9703423,28.2285,True,,10,read
falkordb,mixed_c10,178,9705262,25.4342,True,,10,read
falkordb,mixed_c10,179,,24.9935,True,,10,write
falkordb,mixed_c10,180,9707250,25.5698,True,,10,read
falkordb,mixed_c10,181,,25.777,True,,10,write
falkordb,mixed_c10,182,,23.7987,True,,10,write
falkordb,mixed_c10,183,,25.4252,True,,10,write
falkordb,mixed_c10,184,9711261,25.998,True,,10,read
falkordb,mixed_c10,185,9711379,25.1535,True,,10,read
falkordb,mixed_c10,186,,25.8576,True,,10,write
falkordb,mixed_c10,187,9804298,25.8897,True,,10,read
falkordb,mixed_c10,188,9804313,26.4292,True,,10,read
falkordb,mixed_c10,189,9804343,24.8401,True,,10,read
falkordb,mixed_c10,190,9805465,25.4414,True,,10,read
falkordb,mixed_c10,191,9809529,26.3757,True,,10,read
falkordb,mixed_c10,192,9810418,23.5646,True,,10,read
falkordb,mixed_c10,193,,25.2851,True,,10,write
falkordb,mixed_c10,194,9811469,25.9474,True,,10,read
falkordb,mixed_c10,195,9812342,24.9437,True,,10,read
falkordb,mixed_c10,196,9906506,25.0571,True,,10,read
falkordb,mixed_c10,197,9907534,27.4483,True,,10,read
falkordb,mixed_c10,198,9909234,27.1069,True,,10,read
falkordb,mixed_c10,199,9909512,24.4243,True,,10,read
falkordb,mixed_c10,200,2106,25.5265,True,,10,read
falkordb,mixed_c10,201,6114,26.2836,True,,10,read
falkordb,mixed_c10,202,6217,24.8,True,,10,read
falkordb,mixed_c10,203,7077,25.0033,True,,10,read
falkordb,mixed_c10,204,,25.478,True,,10,write
falkordb,mixed_c10,205,7232,24.9569,True,,10,read
falkordb,mixed_c10,206,9292,24.6332,True,,10,read
falkordb,mixed_c10,207,10094,25.632,True,,10,read
falkordb,mixed_c10,208,10180,26.1672,True,,10,read
falkordb,mixed_c10,209,,25.1284,True,,10,write
falkordb,mixed_c10,210,,26.1994,True,,10,write
falkordb,mixed_c10,211,102194,25.4336,True,,10,read
falkordb,mixed_c10,212,102318,25.1326,True,,10,read
falkordb,mixed_c10,213,104122,23.8537,True,,10,read
falkordb,mixed_c10,214,104187,24.8712,True,,10,read
falkordb,mixed_c10,215,,26.1421,True,,10,write
falkordb,mixed_c10,216,106261,24.7351,True,,10,read
falkordb,mixed_c10,217,107028,27.2598,True,,10,read
falkordb,mixed_c10,218,107093,25.3893,True,,10,read
falkordb,mixed_c10,219,107295,25.1163,True,,10,read
falkordb,mixed_c10,220,108250,24.8084,True,,10,read
falkordb,mixed_c10,221,109054,26.2796,True,,10,read
falkordb,mixed_c10,222,109073,25.0365,True,,10,read
falkordb,mixed_c10,223,,25.199,True,,10,write
falkordb,mixed_c10,224,110376,26.111,True,,10,read
falkordb,mixed_c10,225,,24.2794,True,,10,write
falkordb,mixed_c10,226,204096,26.0948,True,,10,read
falkordb,mixed_c10,227,204176,27.3788,True,,10,read
falkordb,mixed_c10,228,204182,24.7371,True,,10,read
falkordb,mixed_c10,229,205038,25.0504,True,,10,read
falkordb,mixed_c10,230,207048,24.2029,True,,10,read
falkordb,mixed_c10,231,207227,26.0818,True,,10,read
falkordb,mixed_c10,232,,25.8119,True,,10,write
falkordb,mixed_c10,233,,26.5003,True,,10,write
falkordb,mixed_c10,234,209058,25.1302,True,,10,read
falkordb,mixed_c10,235,,25.9294,True,,10,write
falkordb,mixed_c10,236,,26.0608,True,,10,write
falkordb,mixed_c10,237,,24.6513,True,,10,write
falkordb,mixed_c10,238,9208245,25.1471,True,,10,read
falkordb,mixed_c10,239,9304275,28.2918,True,,10,read
falkordb,mixed_c10,240,9305258,23.9132,True,,10,read
falkordb,mixed_c10,241,9306241,24.022,True,,10,read
falkordb,mixed_c10,242,9307320,27.0123,True,,10,read
falkordb,mixed_c10,243,,25.3786,True,,10,write
falkordb,mixed_c10,244,9309273,25.366,True,,10,read
falkordb,mixed_c10,245,9309293,23.3051,True,,10,read
falkordb,mixed_c10,246,,25.2937,True,,10,write
falkordb,mixed_c10,247,9311240,23.9392,True,,10,read
falkordb,mixed_c10,248,9401244,23.676,True,,10,read
falkordb,mixed_c10,249,9401326,26.2438,True,,10,read
falkordb,mixed_c10,250,9403260,27.2016,True,,10,read
falkordb,mixed_c10,251,9403269,25.9757,True,,10,read
falkordb,mixed_c10,252,9407272,23.6749,True,,10,read
falkordb,mixed_c10,253,9407278,24.3892,True,,10,read
falkordb,mixed_c10,254,9407401,26.652,True,,10,read
falkordb,mixed_c10,255,,24.2547,True,,10,write
falkordb,mixed_c10,256,9501350,24.7293,True,,10,read
falkordb,mixed_c10,257,9501376,27.7993,True,,10,read
falkordb,mixed_c10,258,9502306,24.2539,True,,10,read
falkordb,mixed_c10,259,9502360,26.8623,True,,10,read
falkordb,mixed_c10,260,9503294,24.0343,True,,10,read
falkordb,mixed_c10,261,9504347,23.464,True,,10,read
falkordb,mixed_c10,262,9505303,23.9083,True,,10,read
falkordb,mixed_c10,263,9505310,26.516,True,,10,read
falkordb,mixed_c10,264,9505324,26.361,True,,10,read
falkordb,mixed_c10,265,9508299,24.674,True,,10,read
falkordb,mixed_c10,266,9509349,24.6042,True,,10,read
falkordb,mixed_c10,267,9603367,26.002,True,,10,read
falkordb,mixed_c10,268,9603420,25.1111,True,,10,read
falkordb,mixed_c10,269,9606252,25.0011,True,,10,read
falkordb,mixed_c10,270,,24.5113,True,,10,write
falkordb,mixed_c10,271,9609470,24.511,True,,10,read
falkordb,mixed_c10,272,9610393,25.0559,True,,10,read
falkordb,mixed_c10,273,9701246,24.9928,True,,10,read
falkordb,mixed_c10,274,,25.4067,True,,10,write
falkordb,mixed_c10,275,9703209,26.1989,True,,10,read
falkordb,mixed_c10,276,9703232,23.69,True,,10,read
falkordb,mixed_c10,277,9703423,25.2958,True,,10,read
falkordb,mixed_c10,278,,25.2764,True,,10,write
falkordb,mixed_c10,279,9706541,24.0656,True,,10,read
falkordb,mixed_c10,280,9707250,24.7244,True,,10,read
falkordb,mixed_c10,281,9707282,28.149,True,,10,read
falkordb,mixed_c10,282,9707295,26.3092,True,,10,read
falkordb,mixed_c10,283,9710376,25.8082,True,,10,read
falkordb,mixed_c10,284,9711261,23.7114,True,,10,read
falkordb,mixed_c10,285,9711379,25.2963,True,,10,read
falkordb,mixed_c10,286,9803439,25.6072,True,,10,read
falkordb,mixed_c10,287,9804298,25.22,True,,10,read
falkordb,mixed_c10,288,9804313,25.3094,True,,10,read
falkordb,mixed_c10,289,9804343,24.1112,True,,10,read
falkordb,mixed_c10,290,9805465,25.1419,True,,10,read
falkordb,mixed_c10,291,9809529,24.286,True,,10,read
falkordb,mixed_c10,292,9810418,27.0418,True,,10,read
falkordb,mixed_c10,293,9811432,25.2584,True,,10,read
falkordb,mixed_c10,294,9811469,25.1347,True,,10,read
falkordb,mixed_c10,295,9812342,25.5563,True,,10,read
falkordb,mixed_c10,296,9906506,25.2672,True,,10,read
falkordb,mixed_c10,297,9907534,25.6217,True,,10,read
falkordb,mixed_c10,298,,26.0017,True,,10,write
falkordb,mixed_c10,299,9909512,24.0441,True,,10,read
falkordb,mixed_c10,300,2106,26.8519,True,,10,read
falkordb,mixed_c10,301,6114,25.8383,True,,10,read
falkordb,mixed_c10,302,6217,25.1678,True,,10,read
falkordb,mixed_c10,303,7077,25.1822,True,,10,read
falkordb,mixed_c10,304,7211,23.8407,True,,10,read
falkordb,mixed_c10,305,7232,24.1702,True,,10,read
falkordb,mixed_c10,306,9292,25.9259,True,,10,read
falkordb,mixed_c10,307,10094,25.7861,True,,10,read
falkordb,mixed_c10,308,10180,25.0887,True,,10,read
falkordb,mixed_c10,309,12020,27.465,True,,10,read
falkordb,mixed_c10,310,101328,26.4698,True,,10,read
falkordb,mixed_c10,311,102194,24.8406,True,,10,read
falkordb,mixed_c10,312,102318,25.8414,True,,10,read
falkordb,mixed_c10,313,104122,24.4174,True,,10,read
falkordb,mixed_c10,314,104187,24.4951,True,,10,read
falkordb,mixed_c10,315,105349,25.9511,True,,10,read
falkordb,mixed_c10,316,106261,23.7709,True,,10,read
falkordb,mixed_c10,317,,25.0134,True,,10,write
falkordb,mixed_c10,318,107093,26.1501,True,,10,read
falkordb,mixed_c10,319,107295,25.9421,True,,10,read
falkordb,mixed_c10,320,108250,24.521,True,,10,read
falkordb,mixed_c10,321,,25.6268,True,,10,write
falkordb,mixed_c10,322,,25.4229,True,,10,write
falkordb,mixed_c10,323,110264,25.1099,True,,10,read
falkordb,mixed_c10,324,110376,24.9614,True,,10,read
falkordb,mixed_c10,325,,25.383,True,,10,write
falkordb,mixed_c10,326,204096,25.7964,True,,10,read
falkordb,mixed_c10,327,204176,27.8275,True,,10,read
falkordb,mixed_c10,328,204182,27.5778,True,,10,read
falkordb,mixed_c10,329,,505.3871,True,,10,write
falkordb,mixed_c10,330,,26.8068,True,,10,write
falkordb,mixed_c10,331,207227,27.7079,True,,10,read
falkordb,mixed_c10,332,208138,25.8295,True,,10,read
falkordb,mixed_c10,333,208159,25.4134,True,,10,read
falkordb,mixed_c10,334,,24.1795,True,,10,write
falkordb,mixed_c10,335,209108,263.2433,True,,10,read
falkordb,mixed_c10,336,210254,265.8037,True,,10,read
falkordb,mixed_c10,337,302080,275.4843,True,,10,read
falkordb,mixed_c10,338,9208245,24.4492,True,,10,read
falkordb,mixed_c10,339,,265.9639,True,,10,write
falkordb,mixed_c10,340,9305258,266.7894,True,,10,read
falkordb,mixed_c10,341,9306241,260.5957,True,,10,read
falkordb,mixed_c10,342,9307320,261.8775,True,,10,read
falkordb,mixed_c10,343,9309220,25.327,True,,10,read
falkordb,mixed_c10,344,9309273,24.5469,True,,10,read
falkordb,mixed_c10,345,,24.9978,True,,10,write
falkordb,mixed_c10,346,,26.6287,True,,10,write
falkordb,mixed_c10,347,9311240,27.3911,True,,10,read
falkordb,mixed_c10,348,9401244,24.0697,True,,10,read
falkordb,mixed_c10,349,9401326,498.9459,True,,10,read
falkordb,mixed_c10,350,9403260,24.514,True,,10,read
falkordb,mixed_c10,351,9403269,26.2018,True,,10,read
falkordb,mixed_c10,352,9407272,23.416,True,,10,read
falkordb,mixed_c10,353,9407278,26.416,True,,10,read
falkordb,mixed_c10,354,9407401,26.3661,True,,10,read
falkordb,mixed_c10,355,9501227,24.7128,True,,10,read
falkordb,mixed_c10,356,9501350,25.7272,True,,10,read
falkordb,mixed_c10,357,,24.0618,True,,10,write
falkordb,mixed_c10,358,9502306,24.9222,True,,10,read
falkordb,mixed_c10,359,9502360,257.8294,True,,10,read
falkordb,mixed_c10,360,9503294,25.6042,True,,10,read
falkordb,mixed_c10,361,9504347,25.4479,True,,10,read
falkordb,mixed_c10,362,9505303,27.3832,True,,10,read
falkordb,mixed_c10,363,9505310,26.3215,True,,10,read
falkordb,mixed_c10,364,,25.3044,True,,10,write
falkordb,mixed_c10,365,9508299,24.1449,True,,10,read
falkordb,mixed_c10,366,,24.4264,True,,10,write
falkordb,mixed_c10,367,,24.9426,True,,10,write
falkordb,mixed_c10,368,9603420,27.3055,True,,10,read
falkordb,mixed_c10,369,9606252,26.2313,True,,10,read
falkordb,mixed_c10,370,9609217,26.9317,True,,10,read
falkordb,mixed_c10,371,,24.4945,True,,10,write
falkordb,mixed_c10,372,,24.9947,True,,10,write
falkordb,mixed_c10,373,9701246,27.9309,True,,10,read
falkordb,mixed_c10,374,9702270,25.7182,True,,10,read
falkordb,mixed_c10,375,9703209,25.6536,True,,10,read
falkordb,mixed_c10,376,9703232,25.8269,True,,10,read
falkordb,mixed_c10,377,9703423,24.2694,True,,10,read
falkordb,mixed_c10,378,9705262,24.8272,True,,10,read
falkordb,mixed_c10,379,9706541,27.0169,True,,10,read
falkordb,mixed_c10,380,9707250,24.838,True,,10,read
falkordb,mixed_c10,381,9707282,26.1332,True,,10,read
falkordb,mixed_c10,382,9707295,26.2167,True,,10,read
falkordb,mixed_c10,383,9710376,23.8966,True,,10,read
falkordb,mixed_c10,384,9711261,25.1179,True,,10,read
falkordb,mixed_c10,385,9711379,24.4778,True,,10,read
falkordb,mixed_c10,386,9803439,24.5942,True,,10,read
falkordb,mixed_c10,387,9804298,25.0315,True,,10,read
falkordb,mixed_c10,388,9804313,26.6116,True,,10,read
falkordb,mixed_c10,389,9804343,24.9657,True,,10,read
falkordb,mixed_c10,390,,25.7099,True,,10,write
falkordb,mixed_c10,391,9809529,24.7805,True,,10,read
falkordb,mixed_c10,392,9810418,25.0281,True,,10,read
falkordb,mixed_c10,393,9811432,24.5344,True,,10,read
falkordb,mixed_c10,394,,259.3863,True,,10,write
falkordb,mixed_c10,395,9812342,256.5258,True,,10,read
falkordb,mixed_c10,396,9906506,262.5827,True,,10,read
falkordb,mixed_c10,397,9907534,25.8928,True,,10,read
falkordb,mixed_c10,398,9909234,25.209,True,,10,read
falkordb,mixed_c10,399,9909512,24.5628,True,,10,read
falkordb,mixed_c10,400,2106,503.3421,True,,10,read
falkordb,mixed_c10,401,6114,23.4929,True,,10,read
falkordb,mixed_c10,402,6217,25.5309,True,,10,read
falkordb,mixed_c10,403,7077,290.7454,True,,10,read
falkordb,mixed_c10,404,7211,25.5634,True,,10,read
falkordb,mixed_c10,405,7232,256.6582,True,,10,read
falkordb,mixed_c10,406,,273.9602,True,,10,write
falkordb,mixed_c10,407,,24.9492,True,,10,write
falkordb,mixed_c10,408,10180,25.2987,True,,10,read
falkordb,mixed_c10,409,12020,24.9441,True,,10,read
falkordb,mixed_c10,410,101328,24.6444,True,,10,read
falkordb,mixed_c10,411,102194,24.0214,True,,10,read
falkordb,mixed_c10,412,102318,280.6775,True,,10,read
falkordb,mixed_c10,413,104122,279.5902,True,,10,read
falkordb,mixed_c10,414,,27.3302,True,,10,write
falkordb,mixed_c10,415,105349,25.6411,True,,10,read
falkordb,mixed_c10,416,106261,280.069,True,,10,read
falkordb,mixed_c10,417,107028,25.3402,True,,10,read
falkordb,mixed_c10,418,107093,26.9194,True,,10,read
falkordb,mixed_c10,419,107295,24.8957,True,,10,read
falkordb,mixed_c10,420,108250,25.3331,True,,10,read
falkordb,mixed_c10,421,109054,24.0634,True,,10,read
falkordb,mixed_c10,422,109073,26.3972,True,,10,read
falkordb,mixed_c10,423,110264,499.621,True,,10,read
falkordb,mixed_c10,424,,24.9976,True,,10,write
falkordb,mixed_c10,425,201053,507.2071,True,,10,read
falkordb,mixed_c10,426,204096,27.1277,True,,10,read
falkordb,mixed_c10,427,204176,23.8472,True,,10,read
falkordb,mixed_c10,428,204182,24.3435,True,,10,read
falkordb,mixed_c10,429,205038,24.7954,True,,10,read
falkordb,mixed_c10,430,207048,24.5473,True,,10,read
falkordb,mixed_c10,431,207227,255.3616,True,,10,read
falkordb,mixed_c10,432,,25.8924,True,,10,write
falkordb,mixed_c10,433,208159,25.5204,True,,10,read
falkordb,mixed_c10,434,209058,259.6024,True,,10,read
falkordb,mixed_c10,435,209108,25.3065,True,,10,read
falkordb,mixed_c10,436,210254,24.2409,True,,10,read
falkordb,mixed_c10,437,,25.7123,True,,10,write
falkordb,mixed_c10,438,,27.5759,True,,10,write
falkordb,mixed_c10,439,9304275,24.7387,True,,10,read
falkordb,mixed_c10,440,,24.8817,True,,10,write
falkordb,mixed_c10,441,9306241,497.3792,True,,10,read
falkordb,mixed_c10,442,9307320,289.4836,True,,10,read
falkordb,mixed_c10,443,9309220,270.6263,True,,10,read
falkordb,mixed_c10,444,9309273,266.3771,True,,10,read
falkordb,mixed_c10,445,9309293,25.016,True,,10,read
falkordb,mixed_c10,446,9310213,25.0353,True,,10,read
falkordb,mixed_c10,447,9311240,24.8479,True,,10,read
falkordb,mixed_c10,448,9401244,265.0835,True,,10,read
falkordb,mixed_c10,449,9401326,25.2432,True,,10,read
falkordb,mixed_c10,450,9403260,27.5608,True,,10,read
falkordb,mixed_c10,451,9403269,26.7166,True,,10,read
falkordb,mixed_c10,452,9407272,24.6221,True,,10,read
falkordb,mixed_c10,453,9407278,29.1651,True,,10,read
falkordb,mixed_c10,454,9407401,28.414,True,,10,read
falkordb,mixed_c10,455,9501227,25.7242,True,,10,read
falkordb,mixed_c10,456,9501350,264.1455,True,,10,read
falkordb,mixed_c10,457,9501376,23.8989,True,,10,read
falkordb,mixed_c10,458,9502306,28.001,True,,10,read
falkordb,mixed_c10,459,,25.3868,True,,10,write
falkordb,mixed_c10,460,,758.2907,True,,10,write
falkordb,mixed_c10,461,,497.0199,True,,10,write
falkordb,mixed_c10,462,9505303,24.7672,True,,10,read
falkordb,mixed_c10,463,9505310,501.1209,True,,10,read
falkordb,mixed_c10,464,9505324,263.7579,True,,10,read
falkordb,mixed_c10,465,9508299,297.9534,True,,10,read
falkordb,mixed_c10,466,9509349,25.3698,True,,10,read
falkordb,mixed_c10,467,,24.4237,True,,10,write
falkordb,mixed_c10,468,,26.0684,True,,10,write
falkordb,mixed_c10,469,9606252,25.6183,True,,10,read
falkordb,mixed_c10,470,9609217,24.8674,True,,10,read
falkordb,mixed_c10,471,,24.767,True,,10,write
falkordb,mixed_c10,472,,26.3018,True,,10,write
falkordb,mixed_c10,473,9701246,256.2311,True,,10,read
falkordb,mixed_c10,474,9702270,266.0469,True,,10,read
falkordb,mixed_c10,475,9703209,27.203,True,,10,read
falkordb,mixed_c10,476,9703232,26.4577,True,,10,read
falkordb,mixed_c10,477,9703423,273.0815,True,,10,read
falkordb,mixed_c10,478,,263.255,True,,10,write
falkordb,mixed_c10,479,,27.6125,True,,10,write
falkordb,mixed_c10,480,9707250,24.437,True,,10,read
falkordb,mixed_c10,481,9707282,27.1269,True,,10,read
falkordb,mixed_c10,482,9707295,24.642,True,,10,read
falkordb,mixed_c10,483,9710376,265.3628,True,,10,read
falkordb,mixed_c10,484,9711261,264.6471,True,,10,read
falkordb,mixed_c10,485,,278.0554,True,,10,write
falkordb,mixed_c10,486,9803439,26.2998,True,,10,read
falkordb,mixed_c10,487,9804298,23.97,True,,10,read
falkordb,mixed_c10,488,9804313,26.3542,True,,10,read
falkordb,mixed_c10,489,9804343,23.6253,True,,10,read
falkordb,mixed_c10,490,9805465,23.6701,True,,10,read
falkordb,mixed_c10,491,9809529,23.2236,True,,10,read
falkordb,mixed_c10,492,,31.5558,True,,10,write
falkordb,mixed_c10,493,9811432,23.3192,True,,10,read
falkordb,mixed_c10,494,9811469,25.8002,True,,10,read
falkordb,mixed_c10,495,9812342,25.6043,True,,10,read
falkordb,mixed_c10,496,,22.9055,True,,10,write
falkordb,mixed_c10,497,9907534,24.4796,True,,10,read
falkordb,mixed_c10,498,,24.9326,True,,10,write
falkordb,mixed_c10,499,9909512,25.2339,True,,10,read
falkordb,mixed_c10,500,2106,25.3188,True,,10,read
falkordb,mixed_c10,501,6114,22.4474,True,,10,read
falkordb,mixed_c10,502,6217,23.8298,True,,10,read
falkordb,mixed_c10,503,7077,23.5379,True,,10,read
falkordb,mixed_c10,504,,27.9969,True,,10,write
falkordb,mixed_c10,505,7232,29.0802,True,,10,read
falkordb,mixed_c10,506,,24.9705,True,,10,write
falkordb,mixed_c10,507,10094,24.741,True,,10,read
falkordb,mixed_c10,508,10180,25.4078,True,,10,read
falkordb,mixed_c10,509,,25.492,True,,10,write
falkordb,mixed_c10,510,101328,24.4917,True,,10,read
falkordb,mixed_c10,511,102194,27.0435,True,,10,read
falkordb,mixed_c10,512,102318,25.3957,True,,10,read
falkordb,mixed_c10,513,104122,25.0651,True,,10,read
falkordb,mixed_c10,514,,24.3277,True,,10,write
falkordb,mixed_c10,515,,24.7373,True,,10,write
falkordb,mixed_c10,516,,24.8061,True,,10,write
falkordb,mixed_c10,517,107028,25.9799,True,,10,read
falkordb,mixed_c10,518,107093,25.2955,True,,10,read
falkordb,mixed_c10,519,107295,25.9817,True,,10,read
falkordb,mixed_c10,520,108250,23.1792,True,,10,read
falkordb,mixed_c10,521,,23.3089,True,,10,write
falkordb,mixed_c10,522,109073,30.296,True,,10,read
falkordb,mixed_c10,523,,28.3089,True,,10,write
falkordb,mixed_c10,524,110376,28.1293,True,,10,read
falkordb,mixed_c10,525,201053,26.563,True,,10,read
falkordb,mixed_c10,526,204096,25.1302,True,,10,read
falkordb,mixed_c10,527,204176,25.0209,True,,10,read
falkordb,mixed_c10,528,204182,25.6956,True,,10,read
falkordb,mixed_c10,529,205038,24.2777,True,,10,read
falkordb,mixed_c10,530,207048,29.5517,True,,10,read
falkordb,mixed_c10,531,207227,29.6416,True,,10,read
falkordb,mixed_c10,532,208138,28.3721,True,,10,read
falkordb,mixed_c10,533,208159,28.4639,True,,10,read
falkordb,mixed_c10,534,,23.3857,True,,10,write
falkordb,mixed_c10,535,209108,26.1204,True,,10,read
falkordb,mixed_c10,536,210254,23.5841,True,,10,read
falkordb,mixed_c10,537,302080,26.2001,True,,10,read
falkordb,mixed_c10,538,9208245,25.2663,True,,10,read
falkordb,mixed_c10,539,9304275,26.95,True,,10,read
falkordb,mixed_c10,540,9305258,25.2355,True,,10,read
falkordb,mixed_c10,541,,25.7612,True,,10,write
falkordb,mixed_c10,542,9307320,26.1317,True,,10,read
falkordb,mixed_c10,543,9309220,25.0193,True,,10,read
falkordb,mixed_c10,544,9309273,24.5767,True,,10,read
falkordb,mixed_c10,545,9309293,24.7398,True,,10,read
falkordb,mixed_c10,546,9310213,25.1319,True,,10,read
falkordb,mixed_c10,547,9311240,25.4855,True,,10,read
falkordb,mixed_c10,548,9401244,24.4019,True,,10,read
falkordb,mixed_c10,549,9401326,25.9071,True,,10,read
falkordb,mixed_c10,550,9403260,24.713,True,,10,read
falkordb,mixed_c10,551,,25.1176,True,,10,write
falkordb,mixed_c10,552,9407272,23.53,True,,10,read
falkordb,mixed_c10,553,9407278,26.2682,True,,10,read
falkordb,mixed_c10,554,9407401,24.2941,True,,10,read
falkordb,mixed_c10,555,9501227,26.725,True,,10,read
falkordb,mixed_c10,556,9501350,26.7231,True,,10,read
falkordb,mixed_c10,557,9501376,25.4492,True,,10,read
falkordb,mixed_c10,558,9502306,23.7196,True,,10,read
falkordb,mixed_c10,559,9502360,26.8818,True,,10,read
falkordb,mixed_c10,560,9503294,24.6197,True,,10,read
falkordb,mixed_c10,561,9504347,24.803,True,,10,read
falkordb,mixed_c10,562,9505303,26.8921,True,,10,read
falkordb,mixed_c10,563,9505310,23.9017,True,,10,read
falkordb,mixed_c10,564,9505324,25.7114,True,,10,read
falkordb,mixed_c10,565,9508299,25.1895,True,,10,read
falkordb,mixed_c10,566,9509349,25.3792,True,,10,read
falkordb,mixed_c10,567,9603367,24.7507,True,,10,read
falkordb,mixed_c10,568,9603420,24.6924,True,,10,read
falkordb,mixed_c10,569,9606252,24.2719,True,,10,read
falkordb,mixed_c10,570,9609217,24.4809,True,,10,read
falkordb,mixed_c10,571,9609470,26.6425,True,,10,read
falkordb,mixed_c10,572,9610393,25.5935,True,,10,read
falkordb,mixed_c10,573,9701246,27.084,True,,10,read
falkordb,mixed_c10,574,9702270,25.4865,True,,10,read
falkordb,mixed_c10,575,9703209,26.1353,True,,10,read
falkordb,mixed_c10,576,9703232,25.6489,True,,10,read
falkordb,mixed_c10,577,9703423,24.0097,True,,10,read
falkordb,mixed_c10,578,9705262,23.4138,True,,10,read
falkordb,mixed_c10,579,9706541,25.9564,True,,10,read
falkordb,mixed_c10,580,9707250,25.0087,True,,10,read
falkordb,mixed_c10,581,9707282,24.7265,True,,10,read
falkordb,mixed_c10,582,,25.6168,True,,10,write
falkordb,mixed_c10,583,9710376,25.5725,True,,10,read
falkordb,mixed_c10,584,,23.95,True,,10,write
falkordb,mixed_c10,585,9711379,24.4841,True,,10,read
falkordb,mixed_c10,586,9803439,26.6429,True,,10,read
falkordb,mixed_c10,587,9804298,24.5451,True,,10,read
falkordb,mixed_c10,588,9804313,27.0071,True,,10,read
falkordb,mixed_c10,589,9804343,25.7327,True,,10,read
falkordb,mixed_c10,590,9805465,25.5015,True,,10,read
falkordb,mixed_c10,591,9809529,25.9166,True,,10,read
falkordb,mixed_c10,592,,26.4025,True,,10,write
falkordb,mixed_c10,593,,27.1155,True,,10,write
falkordb,mixed_c10,594,,25.1451,True,,10,write
falkordb,mixed_c10,595,9812342,25.882,True,,10,read
falkordb,mixed_c10,596,9906506,26.2008,True,,10,read
falkordb,mixed_c10,597,9907534,25.0434,True,,10,read
falkordb,mixed_c10,598,9909234,24.6021,True,,10,read
falkordb,mixed_c10,599,9909512,25.0264,True,,10,read
falkordb,mixed_c10,600,,25.1791,True,,10,write
falkordb,mixed_c10,601,6114,25.4394,True,,10,read
falkordb,mixed_c10,602,6217,26.7684,True,,10,read
falkordb,mixed_c10,603,7077,26.1935,True,,10,read
falkordb,mixed_c10,604,7211,25.1631,True,,10,read
falkordb,mixed_c10,605,,25.0187,True,,10,write
falkordb,mixed_c10,606,9292,23.0236,True,,10,read
falkordb,mixed_c10,607,10094,23.377,True,,10,read
falkordb,mixed_c10,608,10180,25.6633,True,,10,read
falkordb,mixed_c10,609,12020,26.6833,True,,10,read
falkordb,mixed_c10,610,101328,25.4702,True,,10,read
falkordb,mixed_c10,611,,25.4065,True,,10,write
falkordb,mixed_c10,612,102318,23.458,True,,10,read
falkordb,mixed_c10,613,,24.424,True,,10,write
falkordb,mixed_c10,614,104187,25.2464,True,,10,read
falkordb,mixed_c10,615,105349,23.3198,True,,10,read
falkordb,mixed_c10,616,106261,26.0891,True,,10,read
falkordb,mixed_c10,617,107028,25.7986,True,,10,read
falkordb,mixed_c10,618,,25.4234,True,,10,write
falkordb,mixed_c10,619,107295,26.4727,True,,10,read
falkordb,mixed_c10,620,108250,25.5113,True,,10,read
falkordb,mixed_c10,621,109054,24.9173,True,,10,read
falkordb,mixed_c10,622,109073,24.2406,True,,10,read
falkordb,mixed_c10,623,110264,24.9207,True,,10,read
falkordb,mixed_c10,624,110376,26.8903,True,,10,read
falkordb,mixed_c10,625,201053,24.6676,True,,10,read
falkordb,mixed_c10,626,204096,25.1686,True,,10,read
falkordb,mixed_c10,627,204176,29.119,True,,10,read
falkordb,mixed_c10,628,204182,25.2042,True,,10,read
falkordb,mixed_c10,629,205038,26.0807,True,,10,read
falkordb,mixed_c10,630,207048,25.2629,True,,10,read
falkordb,mixed_c10,631,207227,26.7665,True,,10,read
falkordb,mixed_c10,632,208138,25.4703,True,,10,read
falkordb,mixed_c10,633,,23.7105,True,,10,write
falkordb,mixed_c10,634,209058,23.9276,True,,10,read
falkordb,mixed_c10,635,209108,26.0856,True,,10,read
falkordb,mixed_c10,636,210254,27.0449,True,,10,read
falkordb,mixed_c10,637,302080,25.645,True,,10,read
falkordb,mixed_c10,638,9208245,25.7354,True,,10,read
falkordb,mixed_c10,639,9304275,29.611,True,,10,read
falkordb,mixed_c10,640,9305258,27.3317,True,,10,read
falkordb,mixed_c10,641,9306241,27.5593,True,,10,read
falkordb,mixed_c10,642,9307320,25.9747,True,,10,read
falkordb,mixed_c10,643,9309220,24.2387,True,,10,read
falkordb,mixed_c10,644,,24.9063,True,,10,write
falkordb,mixed_c10,645,,24.9136,True,,10,write
falkordb,mixed_c10,646,9310213,25.3446,True,,10,read
falkordb,mixed_c10,647,9311240,24.8128,True,,10,read
falkordb,mixed_c10,648,,23.3385,True,,10,write
falkordb,mixed_c10,649,9401326,25.151,True,,10,read
falkordb,mixed_c10,650,,25.0125,True,,10,write
falkordb,mixed_c10,651,9403269,25.0106,True,,10,read
falkordb,mixed_c10,652,,24.9835,True,,10,write
falkordb,mixed_c10,653,9407278,27.2613,True,,10,read
falkordb,mixed_c10,654,9407401,24.7874,True,,10,read
falkordb,mixed_c10,655,9501227,23.7089,True,,10,read
falkordb,mixed_c10,656,9501350,24.0223,True,,10,read
falkordb,mixed_c10,657,,25.1451,True,,10,write
falkordb,mixed_c10,658,9502306,24.9148,True,,10,read
falkordb,mixed_c10,659,9502360,25.1058,True,,10,read
falkordb,mixed_c10,660,9503294,25.1536,True,,10,read
falkordb,mixed_c10,661,,25.5852,True,,10,write
falkordb,mixed_c10,662,9505303,25.8384,True,,10,read
falkordb,mixed_c10,663,,25.5907,True,,10,write
falkordb,mixed_c10,664,9505324,25.635,True,,10,read
falkordb,mixed_c10,665,9508299,25.8327,True,,10,read
falkordb,mixed_c10,666,9509349,26.0847,True,,10,read
falkordb,mixed_c10,667,,25.7392,True,,10,write
falkordb,mixed_c10,668,,25.9398,True,,10,write
falkordb,mixed_c10,669,9606252,26.3166,True,,10,read
falkordb,mixed_c10,670,,25.9911,True,,10,write
falkordb,mixed_c10,671,9609470,25.8442,True,,10,read
falkordb,mixed_c10,672,9610393,25.8932,True,,10,read
falkordb,mixed_c10,673,,24.6414,True,,10,write
falkordb,mixed_c10,674,9702270,24.9057,True,,10,read
falkordb,mixed_c10,675,9703209,26.4352,True,,10,read
falkordb,mixed_c10,676,9703232,25.0757,True,,10,read
falkordb,mixed_c10,677,9703423,24.8494,True,,10,read
falkordb,mixed_c10,678,9705262,24.516,True,,10,read
falkordb,mixed_c10,679,,25.0214,True,,10,write
falkordb,mixed_c10,680,,26.1567,True,,10,write
falkordb,mixed_c10,681,,24.1475,True,,10,write
falkordb,mixed_c10,682,9707295,26.3888,True,,10,read
falkordb,mixed_c10,683,9710376,25.4565,True,,10,read
falkordb,mixed_c10,684,9711261,25.1145,True,,10,read
falkordb,mixed_c10,685,,23.9777,True,,10,write
falkordb,mixed_c10,686,9803439,24.9225,True,,10,read
falkordb,mixed_c10,687,,28.4656,True,,10,write
falkordb,mixed_c10,688,9804313,23.7398,True,,10,read
falkordb,mixed_c10,689,9804343,25.1829,True,,10,read
falkordb,mixed_c10,690,9805465,25.2702,True,,10,read
falkordb,mixed_c10,691,,26.1851,True,,10,write
falkordb,mixed_c10,692,,26.2485,True,,10,write
falkordb,mixed_c10,693,,24.7487,True,,10,write
falkordb,mixed_c10,694,,25.0741,True,,10,write
falkordb,mixed_c10,695,,23.8876,True,,10,write
falkordb,mixed_c10,696,9906506,25.992,True,,10,read
falkordb,mixed_c10,697,9907534,25.7975,True,,10,read
falkordb,mixed_c10,698,9909234,26.3822,True,,10,read
falkordb,mixed_c10,699,9909512,23.9755,True,,10,read
falkordb,mixed_c10,700,2106,25.1163,True,,10,read
falkordb,mixed_c10,701,6114,25.2758,True,,10,read
falkordb,mixed_c10,702,,24.1254,True,,10,write
falkordb,mixed_c10,703,7077,24.4366,True,,10,read
falkordb,mixed_c10,704,7211,25.0477,True,,10,read
falkordb,mixed_c10,705,7232,25.6289,True,,10,read
falkordb,mixed_c10,706,9292,24.7246,True,,10,read
falkordb,mixed_c10,707,10094,27.2696,True,,10,read
falkordb,mixed_c10,708,10180,27.1018,True,,10,read
falkordb,mixed_c10,709,12020,25.228,True,,10,read
falkordb,mixed_c10,710,101328,24.2925,True,,10,read
falkordb,mixed_c10,711,102194,24.7927,True,,10,read
falkordb,mixed_c10,712,102318,24.3599,True,,10,read
falkordb,mixed_c10,713,104122,26.0082,True,,10,read
falkordb,mixed_c10,714,104187,26.35,True,,10,read
falkordb,mixed_c10,715,105349,24.8488,True,,10,read
falkordb,mixed_c10,716,106261,24.7406,True,,10,read
falkordb,mixed_c10,717,,29.1894,True,,10,write
falkordb,mixed_c10,718,,31.4551,True,,10,write
falkordb,mixed_c10,719,107295,31.6258,True,,10,read
falkordb,mixed_c10,720,108250,29.5009,True,,10,read
falkordb,mixed_c10,721,109054,28.8312,True,,10,read
falkordb,mixed_c10,722,109073,25.8438,True,,10,read
falkordb,mixed_c10,723,110264,23.4407,True,,10,read
falkordb,mixed_c10,724,110376,25.8385,True,,10,read
falkordb,mixed_c10,725,,28.696,True,,10,write
falkordb,mixed_c10,726,204096,30.4899,True,,10,read
falkordb,mixed_c10,727,,25.8156,True,,10,write
falkordb,mixed_c10,728,204182,24.7091,True,,10,read
falkordb,mixed_c10,729,205038,27.4255,True,,10,read
falkordb,mixed_c10,730,207048,25.5858,True,,10,read
falkordb,mixed_c10,731,207227,24.0556,True,,10,read
falkordb,mixed_c10,732,208138,26.2475,True,,10,read
falkordb,mixed_c10,733,208159,24.1061,True,,10,read
falkordb,mixed_c10,734,,25.5455,True,,10,write
falkordb,mixed_c10,735,,25.0384,True,,10,write
falkordb,mixed_c10,736,210254,24.8262,True,,10,read
falkordb,mixed_c10,737,302080,24.6004,True,,10,read
falkordb,mixed_c10,738,9208245,24.7908,True,,10,read
falkordb,mixed_c10,739,9304275,25.0755,True,,10,read
falkordb,mixed_c10,740,9305258,25.2353,True,,10,read
falkordb,mixed_c10,741,9306241,25.2508,True,,10,read
falkordb,mixed_c10,742,9307320,25.5419,True,,10,read
falkordb,mixed_c10,743,,26.1566,True,,10,write
falkordb,mixed_c10,744,9309273,26.3349,True,,10,read
falkordb,mixed_c10,745,9309293,25.0971,True,,10,read
falkordb,mixed_c10,746,9310213,23.8636,True,,10,read
falkordb,mixed_c10,747,9311240,27.5477,True,,10,read
falkordb,mixed_c10,748,,25.7395,True,,10,write
falkordb,mixed_c10,749,9401326,28.5447,True,,10,read
falkordb,mixed_c10,750,9403260,25.9004,True,,10,read
falkordb,mixed_c10,751,,25.9904,True,,10,write
falkordb,mixed_c10,752,9407272,24.8603,True,,10,read
falkordb,mixed_c10,753,,23.5165,True,,10,write
falkordb,mixed_c10,754,9407401,25.6403,True,,10,read
falkordb,mixed_c10,755,9501227,25.006,True,,10,read
falkordb,mixed_c10,756,9501350,28.0712,True,,10,read
falkordb,mixed_c10,757,9501376,26.9388,True,,10,read
falkordb,mixed_c10,758,9502306,26.9693,True,,10,read
falkordb,mixed_c10,759,,25.7927,True,,10,write
falkordb,mixed_c10,760,9503294,26.5615,True,,10,read
falkordb,mixed_c10,761,,26.7631,True,,10,write
falkordb,mixed_c10,762,9505303,25.6554,True,,10,read
falkordb,mixed_c10,763,9505310,25.1242,True,,10,read
falkordb,mixed_c10,764,,26.3609,True,,10,write
falkordb,mixed_c10,765,9508299,25.1336,True,,10,read
falkordb,mixed_c10,766,9509349,26.6284,True,,10,read
falkordb,mixed_c10,767,9603367,25.9092,True,,10,read
falkordb,mixed_c10,768,9603420,25.942,True,,10,read
falkordb,mixed_c10,769,,25.5387,True,,10,write
falkordb,mixed_c10,770,,25.3665,True,,10,write
falkordb,mixed_c10,771,9609470,25.3496,True,,10,read
falkordb,mixed_c10,772,9610393,24.514,True,,10,read
falkordb,mixed_c10,773,,24.5122,True,,10,write
falkordb,mixed_c10,774,9702270,24.8648,True,,10,read
falkordb,mixed_c10,775,9703209,26.2112,True,,10,read
falkordb,mixed_c10,776,,28.4116,True,,10,write
falkordb,mixed_c10,777,9703423,29.1644,True,,10,read
falkordb,mixed_c10,778,9705262,23.4243,True,,10,read
falkordb,mixed_c10,779,9706541,27.0149,True,,10,read
falkordb,mixed_c10,780,9707250,28.1179,True,,10,read
falkordb,mixed_c10,781,9707282,27.9041,True,,10,read
falkordb,mixed_c10,782,9707295,25.819,True,,10,read
falkordb,mixed_c10,783,9710376,25.3534,True,,10,read
falkordb,mixed_c10,784,,25.8264,True,,10,write
falkordb,mixed_c10,785,9711379,26.3568,True,,10,read
falkordb,mixed_c10,786,9803439,23.4557,True,,10,read
falkordb,mixed_c10,787,9804298,26.9543,True,,10,read
falkordb,mixed_c10,788,9804313,26.9423,True,,10,read
falkordb,mixed_c10,789,9804343,29.2201,True,,10,read
falkordb,mixed_c10,790,,27.3255,True,,10,write
falkordb,mixed_c10,791,9809529,26.581,True,,10,read
falkordb,mixed_c10,792,9810418,23.8931,True,,10,read
falkordb,mixed_c10,793,9811432,23.2439,True,,10,read
falkordb,mixed_c10,794,9811469,27.695,True,,10,read
falkordb,mixed_c10,795,9812342,25.9191,True,,10,read
falkordb,mixed_c10,796,9906506,25.3507,True,,10,read
falkordb,mixed_c10,797,9907534,25.5463,True,,10,read
falkordb,mixed_c10,798,9909234,25.7269,True,,10,read
falkordb,mixed_c10,799,9909512,26.1319,True,,10,read
falkordb,mixed_c10,800,2106,26.4517,True,,10,read
falkordb,mixed_c10,801,6114,25.1303,True,,10,read
falkordb,mixed_c10,802,6217,25.0708,True,,10,read
falkordb,mixed_c10,803,,24.8778,True,,10,write
falkordb,mixed_c10,804,,25.9816,True,,10,write
falkordb,mixed_c10,805,7232,25.3768,True,,10,read
falkordb,mixed_c10,806,9292,25.7458,True,,10,read
falkordb,mixed_c10,807,10094,26.0344,True,,10,read
falkordb,mixed_c10,808,10180,25.8741,True,,10,read
falkordb,mixed_c10,809,12020,25.3807,True,,10,read
falkordb,mixed_c10,810,101328,25.595,True,,10,read
falkordb,mixed_c10,811,102194,25.8551,True,,10,read
falkordb,mixed_c10,812,102318,23.7024,True,,10,read
falkordb,mixed_c10,813,104122,23.7345,True,,10,read
falkordb,mixed_c10,814,104187,23.3189,True,,10,read
falkordb,mixed_c10,815,105349,25.4854,True,,10,read
falkordb,mixed_c10,816,106261,25.73,True,,10,read
falkordb,mixed_c10,817,107028,24.854,True,,10,read
falkordb,mixed_c10,818,107093,24.7319,True,,10,read
falkordb,mixed_c10,819,107295,23.673,True,,10,read
falkordb,mixed_c10,820,108250,25.2293,True,,10,read
falkordb,mixed_c10,821,109054,25.1132,True,,10,read
falkordb,mixed_c10,822,109073,25.3196,True,,10,read
falkordb,mixed_c10,823,110264,25.3992,True,,10,read
falkordb,mixed_c10,824,110376,25.0192,True,,10,read
falkordb,mixed_c10,825,201053,25.4195,True,,10,read
falkordb,mixed_c10,826,204096,24.6829,True,,10,read
falkordb,mixed_c10,827,204176,23.9537,True,,10,read
falkordb,mixed_c10,828,204182,26.1099,True,,10,read
falkordb,mixed_c10,829,205038,24.884,True,,10,read
falkordb,mixed_c10,830,207048,26.1274,True,,10,read
falkordb,mixed_c10,831,207227,25.4413,True,,10,read
falkordb,mixed_c10,832,,25.0921,True,,10,write
falkordb,mixed_c10,833,208159,25.1191,True,,10,read
falkordb,mixed_c10,834,,25.3589,True,,10,write
falkordb,mixed_c10,835,209108,25.4979,True,,10,read
falkordb,mixed_c10,836,210254,25.7662,True,,10,read
falkordb,mixed_c10,837,302080,24.8425,True,,10,read
falkordb,mixed_c10,838,,25.9698,True,,10,write
falkordb,mixed_c10,839,9304275,24.7766,True,,10,read
falkordb,mixed_c10,840,9305258,25.8131,True,,10,read
falkordb,mixed_c10,841,9306241,24.9824,True,,10,read
falkordb,mixed_c10,842,9307320,23.0351,True,,10,read
falkordb,mixed_c10,843,9309220,25.8568,True,,10,read
falkordb,mixed_c10,844,9309273,23.9373,True,,10,read
falkordb,mixed_c10,845,,24.2508,True,,10,write
falkordb,mixed_c10,846,9310213,23.4306,True,,10,read
falkordb,mixed_c10,847,9311240,22.8665,True,,10,read
falkordb,mixed_c10,848,9401244,24.8575,True,,10,read
falkordb,mixed_c10,849,9401326,25.5568,True,,10,read
falkordb,mixed_c10,850,9403260,26.6012,True,,10,read
falkordb,mixed_c10,851,9403269,26.7931,True,,10,read
falkordb,mixed_c10,852,,25.7984,True,,10,write
falkordb,mixed_c10,853,,24.9854,True,,10,write
falkordb,mixed_c10,854,,25.9903,True,,10,write
falkordb,mixed_c10,855,9501227,26.603,True,,10,read
falkordb,mixed_c10,856,9501350,26.0799,True,,10,read
falkordb,mixed_c10,857,9501376,22.9082,True,,10,read
falkordb,mixed_c10,858,9502306,23.7208,True,,10,read
falkordb,mixed_c10,859,9502360,25.4908,True,,10,read
falkordb,mixed_c10,860,9503294,25.0461,True,,10,read
falkordb,mixed_c10,861,9504347,26.8707,True,,10,read
falkordb,mixed_c10,862,,25.8626,True,,10,write
falkordb,mixed_c10,863,,23.3374,True,,10,write
falkordb,mixed_c10,864,9505324,24.713,True,,10,read
falkordb,mixed_c10,865,9508299,24.9641,True,,10,read
falkordb,mixed_c10,866,,24.3088,True,,10,write
falkordb,mixed_c10,867,,23.6091,True,,10,write
falkordb,mixed_c10,868,,23.3478,True,,10,write
falkordb,mixed_c10,869,9606252,23.6397,True,,10,read
falkordb,mixed_c10,870,9609217,24.8637,True,,10,read
falkordb,mixed_c10,871,9609470,25.9314,True,,10,read
falkordb,mixed_c10,872,9610393,26.0357,True,,10,read
falkordb,mixed_c10,873,9701246,26.2477,True,,10,read
falkordb,mixed_c10,874,9702270,23.423,True,,10,read
falkordb,mixed_c10,875,9703209,24.9434,True,,10,read
falkordb,mixed_c10,876,,24.6833,True,,10,write
falkordb,mixed_c10,877,9703423,24.398,True,,10,read
falkordb,mixed_c10,878,9705262,25.8068,True,,10,read
falkordb,mixed_c10,879,9706541,24.3529,True,,10,read
falkordb,mixed_c10,880,,25.4625,True,,10,write
falkordb,mixed_c10,881,9707282,24.1942,True,,10,read
falkordb,mixed_c10,882,9707295,24.2564,True,,10,read
falkordb,mixed_c10,883,9710376,24.5463,True,,10,read
falkordb,mixed_c10,884,9711261,24.8461,True,,10,read
falkordb,mixed_c10,885,,24.8103,True,,10,write
falkordb,mixed_c10,886,,24.3314,True,,10,write
falkordb,mixed_c10,887,9804298,23.8703,True,,10,read
falkordb,mixed_c10,888,,24.8461,True,,10,write
falkordb,mixed_c10,889,9804343,22.9957,True,,10,read
falkordb,mixed_c10,890,,25.6318,True,,10,write
falkordb,mixed_c10,891,9809529,26.2542,True,,10,read
falkordb,mixed_c10,892,,25.4536,True,,10,write
falkordb,mixed_c10,893,,25.3392,True,,10,write
falkordb,mixed_c10,894,9811469,27.0441,True,,10,read
falkordb,mixed_c10,895,9812342,25.0196,True,,10,read
falkordb,mixed_c10,896,,25.1469,True,,10,write
falkordb,mixed_c10,897,9907534,24.0711,True,,10,read
falkordb,mixed_c10,898,9909234,23.1697,True,,10,read
falkordb,mixed_c10,899,9909512,26.2983,True,,10,read
falkordb,mixed_c10,900,2106,26.1331,True,,10,read
falkordb,mixed_c10,901,6114,23.5631,True,,10,read
falkordb,mixed_c10,902,6217,25.7567,True,,10,read
falkordb,mixed_c10,903,7077,26.0193,True,,10,read
falkordb,mixed_c10,904,,24.018,True,,10,write
falkordb,mixed_c10,905,,25.1944,True,,10,write
falkordb,mixed_c10,906,9292,25.5723,True,,10,read
falkordb,mixed_c10,907,10094,25.3207,True,,10,read
falkordb,mixed_c10,908,10180,26.1391,True,,10,read
falkordb,mixed_c10,909,,26.6224,True,,10,write
falkordb,mixed_c10,910,101328,26.2999,True,,10,read
falkordb,mixed_c10,911,102194,25.8603,True,,10,read
falkordb,mixed_c10,912,102318,25.4991,True,,10,read
falkordb,mixed_c10,913,,25.3712,True,,10,write
falkordb,mixed_c10,914,104187,24.693,True,,10,read
falkordb,mixed_c10,915,105349,25.5582,True,,10,read
falkordb,mixed_c10,916,106261,25.2789,True,,10,read
falkordb,mixed_c10,917,,27.6438,True,,10,write
falkordb,mixed_c10,918,107093,27.0147,True,,10,read
falkordb,mixed_c10,919,,24.6223,True,,10,write
falkordb,mixed_c10,920,108250,24.8267,True,,10,read
falkordb,mixed_c10,921,,25.4369,True,,10,write
falkordb,mixed_c10,922,109073,24.6503,True,,10,read
falkordb,mixed_c10,923,110264,25.1709,True,,10,read
falkordb,mixed_c10,924,,25.5103,True,,10,write
falkordb,mixed_c10,925,201053,25.4178,True,,10,read
falkordb,mixed_c10,926,,25.5161,True,,10,write
falkordb,mixed_c10,927,204176,24.9844,True,,10,read
falkordb,mixed_c10,928,204182,25.0018,True,,10,read
falkordb,mixed_c10,929,205038,25.3242,True,,10,read
falkordb,mixed_c10,930,207048,25.0483,True,,10,read
falkordb,mixed_c10,931,207227,25.0614,True,,10,read
falkordb,mixed_c10,932,208138,25.4839,True,,10,read
falkordb,mixed_c10,933,208159,27.0376,True,,10,read
falkordb,mixed_c10,934,209058,26.6807,True,,10,read
falkordb,mixed_c10,935,209108,24.9329,True,,10,read
falkordb,mixed_c10,936,210254,25.2367,True,,10,read
falkordb,mixed_c10,937,302080,29.9512,True,,10,read
falkordb,mixed_c10,938,9208245,24.998,True,,10,read
falkordb,mixed_c10,939,,24.9923,True,,10,write
falkordb,mixed_c10,940,9305258,25.5985,True,,10,read
falkordb,mixed_c10,941,9306241,24.4646,True,,10,read
falkordb,mixed_c10,942,9307320,25.3703,True,,10,read
falkordb,mixed_c10,943,9309220,27.0226,True,,10,read
falkordb,mixed_c10,944,9309273,41.4705,True,,10,read
falkordb,mixed_c10,945,9309293,23.6614,True,,10,read
falkordb,mixed_c10,946,9310213,41.5739,True,,10,read
falkordb,mixed_c10,947,,35.6035,True,,10,write
falkordb,mixed_c10,948,9401244,35.4574,True,,10,read
falkordb,mixed_c10,949,,32.1973,True,,10,write
falkordb,mixed_c10,950,9403260,26.9851,True,,10,read
falkordb,mixed_c10,951,,25.5353,True,,10,write
falkordb,mixed_c10,952,9407272,23.2386,True,,10,read
falkordb,mixed_c10,953,9407278,25.5578,True,,10,read
falkordb,mixed_c10,954,,43.1306,True,,10,write
falkordb,mixed_c10,955,9501227,27.6698,True,,10,read
falkordb,mixed_c10,956,9501350,30.1707,True,,10,read
falkordb,mixed_c10,957,9501376,26.4679,True,,10,read
falkordb,mixed_c10,958,9502306,30.9319,True,,10,read
falkordb,mixed_c10,959,9502360,28.1572,True,,10,read
falkordb,mixed_c10,960,9503294,29.5008,True,,10,read
falkordb,mixed_c10,961,9504347,26.9876,True,,10,read
falkordb,mixed_c10,962,9505303,26.1248,True,,10,read
falkordb,mixed_c10,963,9505310,28.338,True,,10,read
falkordb,mixed_c10,964,9505324,26.0009,True,,10,read
falkordb,mixed_c10,965,,28.0345,True,,10,write
falkordb,mixed_c10,966,9509349,26.7665,True,,10,read
falkordb,mixed_c10,967,9603367,24.802,True,,10,read
falkordb,mixed_c10,968,9603420,23.568,True,,10,read
falkordb,mixed_c10,969,9606252,29.7227,True,,10,read
falkordb,mixed_c10,970,9609217,27.588,True,,10,read
falkordb,mixed_c10,971,9609470,25.9463,True,,10,read
falkordb,mixed_c10,972,9610393,26.8234,True,,10,read
falkordb,mixed_c10,973,9701246,24.6808,True,,10,read
falkordb,mixed_c10,974,9702270,25.5917,True,,10,read
falkordb,mixed_c10,975,9703209,25.5294,True,,10,read
falkordb,mixed_c10,976,9703232,25.6674,True,,10,read
falkordb,mixed_c10,977,9703423,25.1609,True,,10,read
falkordb,mixed_c10,978,9705262,25.7125,True,,10,read
falkordb,mixed_c10,979,9706541,25.4074,True,,10,read
falkordb,mixed_c10,980,9707250,25.2353,True,,10,read
falkordb,mixed_c10,981,9707282,26.4968,True,,10,read
falkordb,mixed_c10,982,9707295,23.6363,True,,10,read
falkordb,mixed_c10,983,,25.5011,True,,10,write
falkordb,mixed_c10,984,,25.43,True,,10,write
falkordb,mixed_c10,985,9711379,25.5614,True,,10,read
falkordb,mixed_c10,986,9803439,25.3474,True,,10,read
falkordb,mixed_c10,987,9804298,27.1181,True,,10,read
falkordb,mixed_c10,988,9804313,26.6288,True,,10,read
falkordb,mixed_c10,989,,26.3844,True,,10,write
falkordb,mixed_c10,990,9805465,26.8763,True,,10,read
falkordb,mixed_c10,991,,26.3775,True,,10,write
falkordb,mixed_c10,992,,24.9635,True,,10,write
falkordb,mixed_c10,993,,25.7864,True,,10,write
falkordb,mixed_c10,994,9811469,25.132,True,,10,read
falkordb,mixed_c10,995,9812342,25.6655,True,,10,read
falkordb,mixed_c10,996,9906506,24.7021,True,,10,read
falkordb,mixed_c10,997,9907534,23.9361,True,,10,read
falkordb,mixed_c10,998,9909234,23.7494,True,,10,read
falkordb,mixed_c10,999,,24.6258,True,,10,write
falkordb,mixed_c40,0,2106,26.6486,True,,40,read
falkordb,mixed_c40,1,6114,26.5708,True,,40,read
falkordb,mixed_c40,2,6217,31.6863,True,,40,read
falkordb,mixed_c40,3,,26.6978,True,,40,write
falkordb,mixed_c40,4,,26.4116,True,,40,write
falkordb,mixed_c40,5,7232,25.1095,True,,40,read
falkordb,mixed_c40,6,9292,26.2998,True,,40,read
falkordb,mixed_c40,7,10094,25.0884,True,,40,read
falkordb,mixed_c40,8,,26.3919,True,,40,write
falkordb,mixed_c40,9,12020,26.9684,True,,40,read
falkordb,mixed_c40,10,101328,520.5775,True,,40,read
falkordb,mixed_c40,11,102194,4433.0828,True,,40,read
falkordb,mixed_c40,12,102318,715.8619,True,,40,read
falkordb,mixed_c40,13,,1344.285,True,,40,write
falkordb,mixed_c40,14,104187,2236.485,True,,40,read
falkordb,mixed_c40,15,105349,4010.4968,True,,40,read
falkordb,mixed_c40,16,106261,2947.8847,True,,40,read
falkordb,mixed_c40,17,107028,2032.7719,True,,40,read
falkordb,mixed_c40,18,107093,1605.2811,True,,40,read
falkordb,mixed_c40,19,107295,2535.8821,True,,40,read
falkordb,mixed_c40,20,108250,916.5404,True,,40,read
falkordb,mixed_c40,21,109054,5240.3321,True,,40,read
falkordb,mixed_c40,22,109073,2937.2231,True,,40,read
falkordb,mixed_c40,23,110264,4815.009,True,,40,read
falkordb,mixed_c40,24,110376,5228.2884,True,,40,read
falkordb,mixed_c40,25,201053,5697.8305,True,,40,read
falkordb,mixed_c40,26,204096,5696.7395,True,,40,read
falkordb,mixed_c40,27,204176,4506.9802,True,,40,read
falkordb,mixed_c40,28,204182,1109.8479,True,,40,read
falkordb,mixed_c40,29,205038,37.2389,True,,40,read
falkordb,mixed_c40,30,,35.0393,True,,40,write
falkordb,mixed_c40,31,207227,34.6345,True,,40,read
falkordb,mixed_c40,32,208138,34.3554,True,,40,read
falkordb,mixed_c40,33,208159,34.9877,True,,40,read
falkordb,mixed_c40,34,,33.3575,True,,40,write
falkordb,mixed_c40,35,,34.3358,True,,40,write
falkordb,mixed_c40,36,210254,34.2011,True,,40,read
falkordb,mixed_c40,37,302080,37.4228,True,,40,read
falkordb,mixed_c40,38,9208245,6103.0752,True,,40,read
falkordb,mixed_c40,39,9304275,6522.5487,True,,40,read
falkordb,mixed_c40,40,9305258,6522.8716,True,,40,read
falkordb,mixed_c40,41,,4093.4306,True,,40,write
falkordb,mixed_c40,42,,30.9226,True,,40,write
falkordb,mixed_c40,43,9309220,1786.2121,True,,40,read
falkordb,mixed_c40,44,9309273,4815.4889,True,,40,read
falkordb,mixed_c40,45,,6099.8343,True,,40,write
falkordb,mixed_c40,46,9310213,3524.3504,True,,40,read
falkordb,mixed_c40,47,,2518.8225,True,,40,write
falkordb,mixed_c40,48,9401244,6722.1003,True,,40,read
falkordb,mixed_c40,49,,3525.3306,True,,40,write
falkordb,mixed_c40,50,,28.95,True,,40,write
falkordb,mixed_c40,51,9403269,28.5778,True,,40,read
falkordb,mixed_c40,52,9407272,27.3219,True,,40,read
falkordb,mixed_c40,53,9407278,27.6121,True,,40,read
falkordb,mixed_c40,54,9407401,28.6991,True,,40,read
falkordb,mixed_c40,55,,28.8778,True,,40,write
falkordb,mixed_c40,56,9501350,27.5574,True,,40,read
falkordb,mixed_c40,57,9501376,26.6648,True,,40,read
falkordb,mixed_c40,58,9502306,26.1371,True,,40,read
falkordb,mixed_c40,59,9502360,26.2022,True,,40,read
falkordb,mixed_c40,60,,25.2978,True,,40,write
falkordb,mixed_c40,61,9504347,24.6098,True,,40,read
falkordb,mixed_c40,62,9505303,26.4371,True,,40,read
falkordb,mixed_c40,63,9505310,25.77,True,,40,read
falkordb,mixed_c40,64,9505324,26.6409,True,,40,read
falkordb,mixed_c40,65,9508299,26.6258,True,,40,read
falkordb,mixed_c40,66,9509349,25.1774,True,,40,read
falkordb,mixed_c40,67,9603367,24.4661,True,,40,read
falkordb,mixed_c40,68,9603420,24.8215,True,,40,read
falkordb,mixed_c40,69,9606252,25.0561,True,,40,read
falkordb,mixed_c40,70,,27.2297,True,,40,write
falkordb,mixed_c40,71,,26.5002,True,,40,write
falkordb,mixed_c40,72,9610393,24.9709,True,,40,read
falkordb,mixed_c40,73,9701246,39.9271,True,,40,read
falkordb,mixed_c40,74,9702270,40.0649,True,,40,read
falkordb,mixed_c40,75,9703209,41.4854,True,,40,read
falkordb,mixed_c40,76,9703232,40.3958,True,,40,read
falkordb,mixed_c40,77,9703423,40.1799,True,,40,read
falkordb,mixed_c40,78,9705262,39.384,True,,40,read
falkordb,mixed_c40,79,9706541,39.891,True,,40,read
falkordb,mixed_c40,80,,30.4442,True,,40,write
falkordb,mixed_c40,81,,30.6589,True,,40,write
falkordb,mixed_c40,82,9707295,30.6475,True,,40,read
falkordb,mixed_c40,83,9710376,30.8433,True,,40,read
falkordb,mixed_c40,84,9711261,31.3216,True,,40,read
falkordb,mixed_c40,85,9711379,31.2314,True,,40,read
falkordb,mixed_c40,86,9803439,29.2563,True,,40,read
falkordb,mixed_c40,87,9804298,29.5799,True,,40,read
falkordb,mixed_c40,88,,30.038,True,,40,write
falkordb,mixed_c40,89,9804343,29.196,True,,40,read
falkordb,mixed_c40,90,9805465,26.5671,True,,40,read
falkordb,mixed_c40,91,9809529,26.4272,True,,40,read
falkordb,mixed_c40,92,9810418,25.3388,True,,40,read
falkordb,mixed_c40,93,9811432,26.9638,True,,40,read
falkordb,mixed_c40,94,9811469,26.2872,True,,40,read
falkordb,mixed_c40,95,9812342,27.4578,True,,40,read
falkordb,mixed_c40,96,,27.6422,True,,40,write
falkordb,mixed_c40,97,9907534,27.639,True,,40,read
falkordb,mixed_c40,98,,26.2786,True,,40,write
falkordb,mixed_c40,99,,26.6725,True,,40,write
falkordb,mixed_c40,100,2106,26.1834,True,,40,read
falkordb,mixed_c40,101,6114,25.5301,True,,40,read
falkordb,mixed_c40,102,6217,24.9535,True,,40,read
falkordb,mixed_c40,103,7077,32.0009,True,,40,read
falkordb,mixed_c40,104,,31.5099,True,,40,write
falkordb,mixed_c40,105,7232,31.2224,True,,40,read
falkordb,mixed_c40,106,9292,29.5712,True,,40,read
falkordb,mixed_c40,107,,30.3671,True,,40,write
falkordb,mixed_c40,108,10180,29.4657,True,,40,read
falkordb,mixed_c40,109,12020,29.4287,True,,40,read
falkordb,mixed_c40,110,101328,30.6782,True,,40,read
falkordb,mixed_c40,111,102194,30.055,True,,40,read
falkordb,mixed_c40,112,,30.1921,True,,40,write
falkordb,mixed_c40,113,104122,25.2014,True,,40,read
falkordb,mixed_c40,114,104187,25.3263,True,,40,read
falkordb,mixed_c40,115,105349,25.4315,True,,40,read
falkordb,mixed_c40,116,,25.8502,True,,40,write
falkordb,mixed_c40,117,,26.1504,True,,40,write
falkordb,mixed_c40,118,107093,26.3274,True,,40,read
falkordb,mixed_c40,119,107295,25.6663,True,,40,read
falkordb,mixed_c40,120,108250,24.7369,True,,40,read
falkordb,mixed_c40,121,,24.895,True,,40,write
falkordb,mixed_c40,122,109073,24.5822,True,,40,read
falkordb,mixed_c40,123,110264,24.0194,True,,40,read
falkordb,mixed_c40,124,110376,24.6497,True,,40,read
falkordb,mixed_c40,125,201053,24.0788,True,,40,read
falkordb,mixed_c40,126,,33.6231,True,,40,write
falkordb,mixed_c40,127,204176,35.1411,True,,40,read
falkordb,mixed_c40,128,204182,34.1889,True,,40,read
falkordb,mixed_c40,129,205038,34.297,True,,40,read
falkordb,mixed_c40,130,,27.0808,True,,40,write
falkordb,mixed_c40,131,,25.9449,True,,40,write
falkordb,mixed_c40,132,,26.1468,True,,40,write
falkordb,mixed_c40,133,,27.102,True,,40,write
falkordb,mixed_c40,134,,26.7007,True,,40,write
falkordb,mixed_c40,135,,26.8614,True,,40,write
falkordb,mixed_c40,136,210254,25.884,True,,40,read
falkordb,mixed_c40,137,,24.9272,True,,40,write
falkordb,mixed_c40,138,9208245,25.7652,True,,40,read
falkordb,mixed_c40,139,9304275,25.2133,True,,40,read
falkordb,mixed_c40,140,,23.7042,True,,40,write
falkordb,mixed_c40,141,9306241,25.3385,True,,40,read
falkordb,mixed_c40,142,9307320,25.0797,True,,40,read
falkordb,mixed_c40,143,9309220,24.2807,True,,40,read
falkordb,mixed_c40,144,9309273,26.7868,True,,40,read
falkordb,mixed_c40,145,9309293,26.5968,True,,40,read
falkordb,mixed_c40,146,,23.8138,True,,40,write
falkordb,mixed_c40,147,9311240,26.8333,True,,40,read
falkordb,mixed_c40,148,,25.906,True,,40,write
falkordb,mixed_c40,149,9401326,24.0876,True,,40,read
falkordb,mixed_c40,150,9403260,25.0537,True,,40,read
falkordb,mixed_c40,151,,24.0736,True,,40,write
falkordb,mixed_c40,152,9407272,24.2245,True,,40,read
falkordb,mixed_c40,153,9407278,25.5746,True,,40,read
falkordb,mixed_c40,154,9407401,26.3014,True,,40,read
falkordb,mixed_c40,155,9501227,26.4297,True,,40,read
falkordb,mixed_c40,156,9501350,25.4521,True,,40,read
falkordb,mixed_c40,157,,26.3692,True,,40,write
falkordb,mixed_c40,158,9502306,28.1827,True,,40,read
falkordb,mixed_c40,159,,26.0577,True,,40,write
falkordb,mixed_c40,160,,27.2684,True,,40,write
falkordb,mixed_c40,161,9504347,25.1339,True,,40,read
falkordb,mixed_c40,162,9505303,26.2074,True,,40,read
falkordb,mixed_c40,163,,28.3994,True,,40,write
falkordb,mixed_c40,164,9505324,25.468,True,,40,read
falkordb,mixed_c40,165,9508299,25.3466,True,,40,read
falkordb,mixed_c40,166,9509349,24.3706,True,,40,read
falkordb,mixed_c40,167,9603367,26.3645,True,,40,read
falkordb,mixed_c40,168,9603420,25.683,True,,40,read
falkordb,mixed_c40,169,9606252,26.2755,True,,40,read
falkordb,mixed_c40,170,9609217,23.952,True,,40,read
falkordb,mixed_c40,171,9609470,26.224,True,,40,read
falkordb,mixed_c40,172,9610393,25.7179,True,,40,read
falkordb,mixed_c40,173,9701246,25.0286,True,,40,read
falkordb,mixed_c40,174,,24.8482,True,,40,write
falkordb,mixed_c40,175,9703209,24.9116,True,,40,read
falkordb,mixed_c40,176,9703232,25.4821,True,,40,read
falkordb,mixed_c40,177,9703423,26.7319,True,,40,read
falkordb,mixed_c40,178,9705262,26.8146,True,,40,read
falkordb,mixed_c40,179,,25.7957,True,,40,write
falkordb,mixed_c40,180,,25.8666,True,,40,write
falkordb,mixed_c40,181,,25.2739,True,,40,write
falkordb,mixed_c40,182,,24.6679,True,,40,write
falkordb,mixed_c40,183,9710376,25.1942,True,,40,read
falkordb,mixed_c40,184,9711261,25.2899,True,,40,read
falkordb,mixed_c40,185,,25.24,True,,40,write
falkordb,mixed_c40,186,9803439,23.1846,True,,40,read
falkordb,mixed_c40,187,9804298,27.0688,True,,40,read
falkordb,mixed_c40,188,9804313,24.2322,True,,40,read
falkordb,mixed_c40,189,9804343,27.082,True,,40,read
falkordb,mixed_c40,190,9805465,26.2832,True,,40,read
falkordb,mixed_c40,191,9809529,26.1656,True,,40,read
falkordb,mixed_c40,192,9810418,26.2022,True,,40,read
falkordb,mixed_c40,193,9811432,23.3154,True,,40,read
falkordb,mixed_c40,194,9811469,23.3356,True,,40,read
falkordb,mixed_c40,195,9812342,23.784,True,,40,read
falkordb,mixed_c40,196,9906506,23.2666,True,,40,read
falkordb,mixed_c40,197,9907534,25.5258,True,,40,read
falkordb,mixed_c40,198,,23.3134,True,,40,write
falkordb,mixed_c40,199,,25.4739,True,,40,write
falkordb,mixed_c40,200,2106,24.6722,True,,40,read
falkordb,mixed_c40,201,6114,24.6059,True,,40,read
falkordb,mixed_c40,202,,24.7796,True,,40,write
falkordb,mixed_c40,203,7077,27.5096,True,,40,read
falkordb,mixed_c40,204,7211,26.2019,True,,40,read
falkordb,mixed_c40,205,7232,26.8735,True,,40,read
falkordb,mixed_c40,206,,24.634,True,,40,write
falkordb,mixed_c40,207,10094,25.8004,True,,40,read
falkordb,mixed_c40,208,10180,26.384,True,,40,read
falkordb,mixed_c40,209,12020,24.5036,True,,40,read
falkordb,mixed_c40,210,101328,25.7325,True,,40,read
falkordb,mixed_c40,211,102194,26.443,True,,40,read
falkordb,mixed_c40,212,,25.7459,True,,40,write
falkordb,mixed_c40,213,,26.172,True,,40,write
falkordb,mixed_c40,214,104187,23.9254,True,,40,read
falkordb,mixed_c40,215,,24.5553,True,,40,write
falkordb,mixed_c40,216,,24.4587,True,,40,write
falkordb,mixed_c40,217,107028,24.3879,True,,40,read
falkordb,mixed_c40,218,,24.4554,True,,40,write
falkordb,mixed_c40,219,107295,24.4797,True,,40,read
falkordb,mixed_c40,220,,25.8085,True,,40,write
falkordb,mixed_c40,221,109054,24.9711,True,,40,read
falkordb,mixed_c40,222,109073,25.3175,True,,40,read
falkordb,mixed_c40,223,110264,25.3737,True,,40,read
falkordb,mixed_c40,224,110376,26.6986,True,,40,read
falkordb,mixed_c40,225,201053,24.8767,True,,40,read
falkordb,mixed_c40,226,204096,25.3881,True,,40,read
falkordb,mixed_c40,227,204176,24.4705,True,,40,read
falkordb,mixed_c40,228,204182,24.0294,True,,40,read
falkordb,mixed_c40,229,,24.986,True,,40,write
falkordb,mixed_c40,230,207048,25.1665,True,,40,read
falkordb,mixed_c40,231,207227,26.0103,True,,40,read
falkordb,mixed_c40,232,208138,25.3734,True,,40,read
falkordb,mixed_c40,233,208159,24.4812,True,,40,read
falkordb,mixed_c40,234,209058,25.3236,True,,40,read
falkordb,mixed_c40,235,,26.0318,True,,40,write
falkordb,mixed_c40,236,210254,25.2127,True,,40,read
falkordb,mixed_c40,237,302080,25.564,True,,40,read
falkordb,mixed_c40,238,9208245,26.9927,True,,40,read
falkordb,mixed_c40,239,9304275,25.4604,True,,40,read
falkordb,mixed_c40,240,9305258,24.4357,True,,40,read
falkordb,mixed_c40,241,9306241,24.4675,True,,40,read
falkordb,mixed_c40,242,,23.4492,True,,40,write
falkordb,mixed_c40,243,9309220,28.1474,True,,40,read
falkordb,mixed_c40,244,9309273,27.6266,True,,40,read
falkordb,mixed_c40,245,9309293,24.2179,True,,40,read
falkordb,mixed_c40,246,9310213,24.095,True,,40,read
falkordb,mixed_c40,247,9311240,24.8843,True,,40,read
falkordb,mixed_c40,248,9401244,26.0603,True,,40,read
falkordb,mixed_c40,249,,25.2411,True,,40,write
falkordb,mixed_c40,250,,25.5859,True,,40,write
falkordb,mixed_c40,251,9403269,25.5878,True,,40,read
falkordb,mixed_c40,252,9407272,24.9905,True,,40,read
falkordb,mixed_c40,253,9407278,24.6106,True,,40,read
falkordb,mixed_c40,254,9407401,25.9175,True,,40,read
falkordb,mixed_c40,255,,24.9096,True,,40,write
falkordb,mixed_c40,256,9501350,24.2837,True,,40,read
falkordb,mixed_c40,257,9501376,24.4937,True,,40,read
falkordb,mixed_c40,258,,25.5058,True,,40,write
falkordb,mixed_c40,259,9502360,24.3484,True,,40,read
falkordb,mixed_c40,260,9503294,25.5923,True,,40,read
falkordb,mixed_c40,261,9504347,24.9833,True,,40,read
falkordb,mixed_c40,262,9505303,25.0837,True,,40,read
falkordb,mixed_c40,263,,25.1697,True,,40,write
falkordb,mixed_c40,264,9505324,26.5521,True,,40,read
falkordb,mixed_c40,265,,26.5304,True,,40,write
falkordb,mixed_c40,266,9509349,25.3751,True,,40,read
falkordb,mixed_c40,267,9603367,26.6588,True,,40,read
falkordb,mixed_c40,268,9603420,26.5133,True,,40,read
falkordb,mixed_c40,269,9606252,23.9977,True,,40,read
falkordb,mixed_c40,270,9609217,26.1084,True,,40,read
falkordb,mixed_c40,271,,27.8987,True,,40,write
falkordb,mixed_c40,272,9610393,26.3611,True,,40,read
falkordb,mixed_c40,273,,25.7174,True,,40,write
falkordb,mixed_c40,274,,25.2799,True,,40,write
falkordb,mixed_c40,275,9703209,25.5962,True,,40,read
falkordb,mixed_c40,276,,25.4932,True,,40,write
falkordb,mixed_c40,277,,25.4943,True,,40,write
falkordb,mixed_c40,278,9705262,24.9605,True,,40,read
falkordb,mixed_c40,279,9706541,25.0838,True,,40,read
falkordb,mixed_c40,280,,25.001,True,,40,write
falkordb,mixed_c40,281,9707282,25.0207,True,,40,read
falkordb,mixed_c40,282,9707295,26.2624,True,,40,read
falkordb,mixed_c40,283,9710376,25.6199,True,,40,read
falkordb,mixed_c40,284,9711261,25.6761,True,,40,read
falkordb,mixed_c40,285,9711379,24.8362,True,,40,read
falkordb,mixed_c40,286,9803439,25.2435,True,,40,read
falkordb,mixed_c40,287,9804298,25.6042,True,,40,read
falkordb,mixed_c40,288,9804313,25.5902,True,,40,read
falkordb,mixed_c40,289,9804343,25.7244,True,,40,read
falkordb,mixed_c40,290,9805465,25.1524,True,,40,read
falkordb,mixed_c40,291,9809529,25.7748,True,,40,read
falkordb,mixed_c40,292,,26.2423,True,,40,write
falkordb,mixed_c40,293,9811432,25.6234,True,,40,read
falkordb,mixed_c40,294,,25.6818,True,,40,write
falkordb,mixed_c40,295,9812342,25.7074,True,,40,read
falkordb,mixed_c40,296,9906506,24.8577,True,,40,read
falkordb,mixed_c40,297,,26.4148,True,,40,write
falkordb,mixed_c40,298,9909234,23.2318,True,,40,read
falkordb,mixed_c40,299,9909512,25.4611,True,,40,read
falkordb,mixed_c40,300,2106,25.6136,True,,40,read
falkordb,mixed_c40,301,,25.1927,True,,40,write
falkordb,mixed_c40,302,,25.1236,True,,40,write
falkordb,mixed_c40,303,,28.0401,True,,40,write
falkordb,mixed_c40,304,7211,25.8758,True,,40,read
falkordb,mixed_c40,305,,23.4082,True,,40,write
falkordb,mixed_c40,306,9292,23.3294,True,,40,read
falkordb,mixed_c40,307,10094,23.0747,True,,40,read
falkordb,mixed_c40,308,10180,25.5015,True,,40,read
falkordb,mixed_c40,309,12020,24.1992,True,,40,read
falkordb,mixed_c40,310,101328,23.5418,True,,40,read
falkordb,mixed_c40,311,102194,27.7219,True,,40,read
falkordb,mixed_c40,312,102318,25.3345,True,,40,read
falkordb,mixed_c40,313,104122,25.388,True,,40,read
falkordb,mixed_c40,314,104187,25.284,True,,40,read
falkordb,mixed_c40,315,105349,25.3359,True,,40,read
falkordb,mixed_c40,316,106261,25.3639,True,,40,read
falkordb,mixed_c40,317,107028,24.6194,True,,40,read
falkordb,mixed_c40,318,107093,24.7218,True,,40,read
falkordb,mixed_c40,319,,25.1102,True,,40,write
falkordb,mixed_c40,320,108250,25.2402,True,,40,read
falkordb,mixed_c40,321,109054,24.254,True,,40,read
falkordb,mixed_c40,322,109073,24.5019,True,,40,read
falkordb,mixed_c40,323,110264,25.1084,True,,40,read
falkordb,mixed_c40,324,110376,23.5201,True,,40,read
falkordb,mixed_c40,325,201053,24.6253,True,,40,read
falkordb,mixed_c40,326,204096,24.9679,True,,40,read
falkordb,mixed_c40,327,204176,25.0017,True,,40,read
falkordb,mixed_c40,328,204182,25.5727,True,,40,read
falkordb,mixed_c40,329,205038,26.0601,True,,40,read
falkordb,mixed_c40,330,,25.2448,True,,40,write
falkordb,mixed_c40,331,207227,25.5661,True,,40,read
falkordb,mixed_c40,332,208138,25.2322,True,,40,read
falkordb,mixed_c40,333,208159,25.1648,True,,40,read
falkordb,mixed_c40,334,209058,25.5892,True,,40,read
falkordb,mixed_c40,335,209108,25.712,True,,40,read
falkordb,mixed_c40,336,210254,25.2152,True,,40,read
falkordb,mixed_c40,337,302080,23.5331,True,,40,read
falkordb,mixed_c40,338,,24.2073,True,,40,write
falkordb,mixed_c40,339,9304275,25.6031,True,,40,read
falkordb,mixed_c40,340,9305258,25.4539,True,,40,read
falkordb,mixed_c40,341,9306241,25.3951,True,,40,read
falkordb,mixed_c40,342,9307320,25.6316,True,,40,read
falkordb,mixed_c40,343,9309220,24.9253,True,,40,read
falkordb,mixed_c40,344,9309273,25.2854,True,,40,read
falkordb,mixed_c40,345,9309293,25.5699,True,,40,read
falkordb,mixed_c40,346,9310213,24.1252,True,,40,read
falkordb,mixed_c40,347,9311240,24.3619,True,,40,read
falkordb,mixed_c40,348,,24.3473,True,,40,write
falkordb,mixed_c40,349,9401326,26.6388,True,,40,read
falkordb,mixed_c40,350,9403260,26.3357,True,,40,read
falkordb,mixed_c40,351,9403269,25.2497,True,,40,read
falkordb,mixed_c40,352,9407272,24.9288,True,,40,read
falkordb,mixed_c40,353,9407278,23.712,True,,40,read
falkordb,mixed_c40,354,9407401,24.7287,True,,40,read
falkordb,mixed_c40,355,9501227,24.5723,True,,40,read
falkordb,mixed_c40,356,9501350,24.7598,True,,40,read
falkordb,mixed_c40,357,9501376,24.5766,True,,40,read
falkordb,mixed_c40,358,,24.042,True,,40,write
falkordb,mixed_c40,359,,25.6082,True,,40,write
falkordb,mixed_c40,360,9503294,25.7121,True,,40,read
falkordb,mixed_c40,361,9504347,25.5856,True,,40,read
falkordb,mixed_c40,362,,25.4782,True,,40,write
falkordb,mixed_c40,363,9505310,24.5751,True,,40,read
falkordb,mixed_c40,364,,23.8204,True,,40,write
falkordb,mixed_c40,365,,24.6124,True,,40,write
falkordb,mixed_c40,366,9509349,25.2009,True,,40,read
falkordb,mixed_c40,367,9603367,24.3947,True,,40,read
falkordb,mixed_c40,368,9603420,24.9402,True,,40,read
falkordb,mixed_c40,369,9606252,25.2507,True,,40,read
falkordb,mixed_c40,370,9609217,24.6945,True,,40,read
falkordb,mixed_c40,371,9609470,28.7234,True,,40,read
falkordb,mixed_c40,372,9610393,28.8036,True,,40,read
falkordb,mixed_c40,373,9701246,27.7489,True,,40,read
falkordb,mixed_c40,374,9702270,26.6083,True,,40,read
falkordb,mixed_c40,375,9703209,23.8408,True,,40,read
falkordb,mixed_c40,376,,25.8886,True,,40,write
falkordb,mixed_c40,377,9703423,23.4772,True,,40,read
falkordb,mixed_c40,378,9705262,23.3263,True,,40,read
falkordb,mixed_c40,379,9706541,25.1298,True,,40,read
falkordb,mixed_c40,380,9707250,26.5993,True,,40,read
falkordb,mixed_c40,381,9707282,25.2344,True,,40,read
falkordb,mixed_c40,382,9707295,25.7037,True,,40,read
falkordb,mixed_c40,383,9710376,25.7712,True,,40,read
falkordb,mixed_c40,384,9711261,24.8387,True,,40,read
falkordb,mixed_c40,385,9711379,25.6137,True,,40,read
falkordb,mixed_c40,386,9803439,26.371,True,,40,read
falkordb,mixed_c40,387,,25.7556,True,,40,write
falkordb,mixed_c40,388,9804313,26.5802,True,,40,read
falkordb,mixed_c40,389,9804343,27.4314,True,,40,read
falkordb,mixed_c40,390,9805465,27.6724,True,,40,read
falkordb,mixed_c40,391,9809529,24.6042,True,,40,read
falkordb,mixed_c40,392,9810418,26.9293,True,,40,read
falkordb,mixed_c40,393,,25.2913,True,,40,write
falkordb,mixed_c40,394,9811469,26.3957,True,,40,read
falkordb,mixed_c40,395,9812342,26.3648,True,,40,read
falkordb,mixed_c40,396,9906506,25.3198,True,,40,read
falkordb,mixed_c40,397,9907534,25.4475,True,,40,read
falkordb,mixed_c40,398,9909234,25.1356,True,,40,read
falkordb,mixed_c40,399,9909512,25.273,True,,40,read
falkordb,mixed_c40,400,2106,27.5831,True,,40,read
falkordb,mixed_c40,401,,24.6452,True,,40,write
falkordb,mixed_c40,402,6217,26.0614,True,,40,read
falkordb,mixed_c40,403,7077,26.0278,True,,40,read
falkordb,mixed_c40,404,7211,25.5774,True,,40,read
falkordb,mixed_c40,405,7232,24.2933,True,,40,read
falkordb,mixed_c40,406,9292,24.7781,True,,40,read
falkordb,mixed_c40,407,10094,27.6985,True,,40,read
falkordb,mixed_c40,408,10180,29.3413,True,,40,read
falkordb,mixed_c40,409,12020,27.8008,True,,40,read
falkordb,mixed_c40,410,101328,27.1142,True,,40,read
falkordb,mixed_c40,411,102194,25.4448,True,,40,read
falkordb,mixed_c40,412,102318,26.3902,True,,40,read
falkordb,mixed_c40,413,104122,25.6844,True,,40,read
falkordb,mixed_c40,414,104187,25.5444,True,,40,read
falkordb,mixed_c40,415,105349,25.8119,True,,40,read
falkordb,mixed_c40,416,,26.1319,True,,40,write
falkordb,mixed_c40,417,107028,23.4798,True,,40,read
falkordb,mixed_c40,418,,25.6664,True,,40,write
falkordb,mixed_c40,419,107295,24.448,True,,40,read
falkordb,mixed_c40,420,108250,28.3372,True,,40,read
falkordb,mixed_c40,421,109054,25.0192,True,,40,read
falkordb,mixed_c40,422,109073,24.9672,True,,40,read
falkordb,mixed_c40,423,110264,27.4568,True,,40,read
falkordb,mixed_c40,424,110376,25.5627,True,,40,read
falkordb,mixed_c40,425,201053,25.6886,True,,40,read
falkordb,mixed_c40,426,204096,26.0926,True,,40,read
falkordb,mixed_c40,427,204176,28.903,True,,40,read
falkordb,mixed_c40,428,204182,27.3386,True,,40,read
falkordb,mixed_c40,429,205038,27.1036,True,,40,read
falkordb,mixed_c40,430,207048,26.2633,True,,40,read
falkordb,mixed_c40,431,207227,25.7205,True,,40,read
falkordb,mixed_c40,432,208138,25.1672,True,,40,read
falkordb,mixed_c40,433,208159,25.6954,True,,40,read
falkordb,mixed_c40,434,209058,25.8359,True,,40,read
falkordb,mixed_c40,435,209108,24.5589,True,,40,read
falkordb,mixed_c40,436,210254,25.3424,True,,40,read
falkordb,mixed_c40,437,302080,25.2822,True,,40,read
falkordb,mixed_c40,438,9208245,24.1129,True,,40,read
falkordb,mixed_c40,439,9304275,27.583,True,,40,read
falkordb,mixed_c40,440,9305258,26.206,True,,40,read
falkordb,mixed_c40,441,,26.6987,True,,40,write
falkordb,mixed_c40,442,9307320,26.7603,True,,40,read
falkordb,mixed_c40,443,9309220,26.6356,True,,40,read
falkordb,mixed_c40,444,9309273,23.748,True,,40,read
falkordb,mixed_c40,445,9309293,23.7825,True,,40,read
falkordb,mixed_c40,446,,25.7617,True,,40,write
falkordb,mixed_c40,447,,25.8547,True,,40,write
falkordb,mixed_c40,448,9401244,24.3806,True,,40,read
falkordb,mixed_c40,449,9401326,25.8621,True,,40,read
falkordb,mixed_c40,450,9403260,26.1734,True,,40,read
falkordb,mixed_c40,451,9403269,26.4109,True,,40,read
falkordb,mixed_c40,452,9407272,27.0127,True,,40,read
falkordb,mixed_c40,453,9407278,27.4783,True,,40,read
falkordb,mixed_c40,454,9407401,25.6659,True,,40,read
falkordb,mixed_c40,455,9501227,26.5237,True,,40,read
falkordb,mixed_c40,456,,27.39,True,,40,write
falkordb,mixed_c40,457,9501376,26.5365,True,,40,read
falkordb,mixed_c40,458,9502306,24.7357,True,,40,read
falkordb,mixed_c40,459,9502360,25.7588,True,,40,read
falkordb,mixed_c40,460,9503294,24.9693,True,,40,read
falkordb,mixed_c40,461,9504347,25.371,True,,40,read
falkordb,mixed_c40,462,,25.4504,True,,40,write
falkordb,mixed_c40,463,,25.6699,True,,40,write
falkordb,mixed_c40,464,,24.4065,True,,40,write
falkordb,mixed_c40,465,9508299,29.763,True,,40,read
falkordb,mixed_c40,466,9509349,24.8092,True,,40,read
falkordb,mixed_c40,467,9603367,26.7137,True,,40,read
falkordb,mixed_c40,468,9603420,24.1378,True,,40,read
falkordb,mixed_c40,469,,24.9648,True,,40,write
falkordb,mixed_c40,470,9609217,25.6602,True,,40,read
falkordb,mixed_c40,471,9609470,26.1141,True,,40,read
falkordb,mixed_c40,472,9610393,27.4967,True,,40,read
falkordb,mixed_c40,473,,25.7482,True,,40,write
falkordb,mixed_c40,474,,26.2096,True,,40,write
falkordb,mixed_c40,475,9703209,24.2269,True,,40,read
falkordb,mixed_c40,476,9703232,25.9958,True,,40,read
falkordb,mixed_c40,477,9703423,25.0981,True,,40,read
falkordb,mixed_c40,478,9705262,27.1996,True,,40,read
falkordb,mixed_c40,479,9706541,26.2239,True,,40,read
falkordb,mixed_c40,480,9707250,24.218,True,,40,read
falkordb,mixed_c40,481,9707282,23.8324,True,,40,read
falkordb,mixed_c40,482,,25.2288,True,,40,write
falkordb,mixed_c40,483,9710376,26.4384,True,,40,read
falkordb,mixed_c40,484,9711261,25.5797,True,,40,read
falkordb,mixed_c40,485,,26.0141,True,,40,write
falkordb,mixed_c40,486,9803439,30.7566,True,,40,read
falkordb,mixed_c40,487,9804298,25.8783,True,,40,read
falkordb,mixed_c40,488,9804313,24.1198,True,,40,read
falkordb,mixed_c40,489,9804343,28.4159,True,,40,read
falkordb,mixed_c40,490,9805465,27.7471,True,,40,read
falkordb,mixed_c40,491,9809529,25.8525,True,,40,read
falkordb,mixed_c40,492,9810418,25.3027,True,,40,read
falkordb,mixed_c40,493,,25.546,True,,40,write
falkordb,mixed_c40,494,,23.734,True,,40,write
falkordb,mixed_c40,495,9812342,27.412,True,,40,read
falkordb,mixed_c40,496,9906506,24.8069,True,,40,read
falkordb,mixed_c40,497,9907534,26.6847,True,,40,read
falkordb,mixed_c40,498,9909234,24.7814,True,,40,read
falkordb,mixed_c40,499,9909512,23.6142,True,,40,read
falkordb,mixed_c40,500,2106,24.2029,True,,40,read
falkordb,mixed_c40,501,6114,25.3526,True,,40,read
falkordb,mixed_c40,502,6217,24.1177,True,,40,read
falkordb,mixed_c40,503,,23.498,True,,40,write
falkordb,mixed_c40,504,7211,25.559,True,,40,read
falkordb,mixed_c40,505,7232,25.3715,True,,40,read
falkordb,mixed_c40,506,,24.3682,True,,40,write
falkordb,mixed_c40,507,10094,25.1577,True,,40,read
falkordb,mixed_c40,508,10180,24.8227,True,,40,read
falkordb,mixed_c40,509,,25.6685,True,,40,write
falkordb,mixed_c40,510,101328,24.7841,True,,40,read
falkordb,mixed_c40,511,102194,25.3261,True,,40,read
falkordb,mixed_c40,512,102318,23.1196,True,,40,read
falkordb,mixed_c40,513,104122,25.2904,True,,40,read
falkordb,mixed_c40,514,104187,25.1579,True,,40,read
falkordb,mixed_c40,515,105349,25.9508,True,,40,read
falkordb,mixed_c40,516,106261,25.2177,True,,40,read
falkordb,mixed_c40,517,107028,24.635,True,,40,read
falkordb,mixed_c40,518,107093,25.4117,True,,40,read
falkordb,mixed_c40,519,107295,25.3613,True,,40,read
falkordb,mixed_c40,520,108250,29.7902,True,,40,read
falkordb,mixed_c40,521,109054,28.6562,True,,40,read
falkordb,mixed_c40,522,109073,27.5087,True,,40,read
falkordb,mixed_c40,523,110264,26.3228,True,,40,read
falkordb,mixed_c40,524,110376,25.4682,True,,40,read
falkordb,mixed_c40,525,201053,25.483,True,,40,read
falkordb,mixed_c40,526,204096,26.2077,True,,40,read
falkordb,mixed_c40,527,204176,27.4401,True,,40,read
falkordb,mixed_c40,528,204182,27.4261,True,,40,read
falkordb,mixed_c40,529,205038,24.4905,True,,40,read
falkordb,mixed_c40,530,207048,23.9802,True,,40,read
falkordb,mixed_c40,531,207227,22.7367,True,,40,read
falkordb,mixed_c40,532,208138,24.836,True,,40,read
falkordb,mixed_c40,533,208159,25.1182,True,,40,read
falkordb,mixed_c40,534,209058,23.8301,True,,40,read
falkordb,mixed_c40,535,209108,26.1569,True,,40,read
falkordb,mixed_c40,536,210254,26.1405,True,,40,read
falkordb,mixed_c40,537,302080,25.5115,True,,40,read
falkordb,mixed_c40,538,9208245,24.4429,True,,40,read
falkordb,mixed_c40,539,,25.4018,True,,40,write
falkordb,mixed_c40,540,9305258,25.2677,True,,40,read
falkordb,mixed_c40,541,9306241,27.5019,True,,40,read
falkordb,mixed_c40,542,9307320,27.9243,True,,40,read
falkordb,mixed_c40,543,9309220,26.3414,True,,40,read
falkordb,mixed_c40,544,9309273,28.2122,True,,40,read
falkordb,mixed_c40,545,9309293,24.8997,True,,40,read
falkordb,mixed_c40,546,,23.6575,True,,40,write
falkordb,mixed_c40,547,9311240,28.1889,True,,40,read
falkordb,mixed_c40,548,9401244,25.5375,True,,40,read
falkordb,mixed_c40,549,9401326,25.3534,True,,40,read
falkordb,mixed_c40,550,9403260,25.6095,True,,40,read
falkordb,mixed_c40,551,9403269,25.0302,True,,40,read
falkordb,mixed_c40,552,9407272,24.604,True,,40,read
falkordb,mixed_c40,553,9407278,23.5382,True,,40,read
falkordb,mixed_c40,554,9407401,25.6882,True,,40,read
falkordb,mixed_c40,555,9501227,24.9827,True,,40,read
falkordb,mixed_c40,556,9501350,25.2543,True,,40,read
falkordb,mixed_c40,557,9501376,24.3836,True,,40,read
falkordb,mixed_c40,558,9502306,23.5415,True,,40,read
falkordb,mixed_c40,559,9502360,25.282,True,,40,read
falkordb,mixed_c40,560,9503294,24.663,True,,40,read
falkordb,mixed_c40,561,,25.327,True,,40,write
falkordb,mixed_c40,562,9505303,25.4173,True,,40,read
falkordb,mixed_c40,563,,23.979,True,,40,write
falkordb,mixed_c40,564,9505324,25.2142,True,,40,read
falkordb,mixed_c40,565,,23.1511,True,,40,write
falkordb,mixed_c40,566,9509349,25.673,True,,40,read
falkordb,mixed_c40,567,9603367,24.5657,True,,40,read
falkordb,mixed_c40,568,9603420,27.6533,True,,40,read
falkordb,mixed_c40,569,9606252,25.062,True,,40,read
falkordb,mixed_c40,570,9609217,24.2388,True,,40,read
falkordb,mixed_c40,571,9609470,24.1911,True,,40,read
falkordb,mixed_c40,572,,24.6557,True,,40,write
falkordb,mixed_c40,573,9701246,25.4772,True,,40,read
falkordb,mixed_c40,574,9702270,24.8196,True,,40,read
falkordb,mixed_c40,575,9703209,25.9314,True,,40,read
falkordb,mixed_c40,576,9703232,25.4022,True,,40,read
falkordb,mixed_c40,577,9703423,24.9224,True,,40,read
falkordb,mixed_c40,578,9705262,24.3724,True,,40,read
falkordb,mixed_c40,579,9706541,25.4932,True,,40,read
falkordb,mixed_c40,580,,24.8985,True,,40,write
falkordb,mixed_c40,581,9707282,23.1191,True,,40,read
falkordb,mixed_c40,582,9707295,25.5498,True,,40,read
falkordb,mixed_c40,583,9710376,26.5208,True,,40,read
falkordb,mixed_c40,584,9711261,26.8473,True,,40,read
falkordb,mixed_c40,585,9711379,25.5816,True,,40,read
falkordb,mixed_c40,586,9803439,26.5468,True,,40,read
falkordb,mixed_c40,587,9804298,25.9194,True,,40,read
falkordb,mixed_c40,588,9804313,25.2098,True,,40,read
falkordb,mixed_c40,589,9804343,25.5189,True,,40,read
falkordb,mixed_c40,590,,26.192,True,,40,write
falkordb,mixed_c40,591,9809529,25.5766,True,,40,read
falkordb,mixed_c40,592,,25.1015,True,,40,write
falkordb,mixed_c40,593,9811432,26.4187,True,,40,read
falkordb,mixed_c40,594,9811469,26.1989,True,,40,read
falkordb,mixed_c40,595,9812342,25.7273,True,,40,read
falkordb,mixed_c40,596,,28.5147,True,,40,write
falkordb,mixed_c40,597,9907534,26.2715,True,,40,read
falkordb,mixed_c40,598,9909234,26.3928,True,,40,read
falkordb,mixed_c40,599,9909512,24.8811,True,,40,read
falkordb,mixed_c40,600,2106,26.9571,True,,40,read
falkordb,mixed_c40,601,,27.1403,True,,40,write
falkordb,mixed_c40,602,6217,26.44,True,,40,read
falkordb,mixed_c40,603,7077,25.9908,True,,40,read
falkordb,mixed_c40,604,,25.4184,True,,40,write
falkordb,mixed_c40,605,7232,26.0903,True,,40,read
falkordb,mixed_c40,606,9292,26.1253,True,,40,read
falkordb,mixed_c40,607,10094,24.617,True,,40,read
falkordb,mixed_c40,608,10180,24.9959,True,,40,read
falkordb,mixed_c40,609,12020,25.1498,True,,40,read
falkordb,mixed_c40,610,101328,26.1657,True,,40,read
falkordb,mixed_c40,611,102194,25.3854,True,,40,read
falkordb,mixed_c40,612,102318,24.5308,True,,40,read
falkordb,mixed_c40,613,104122,28.1235,True,,40,read
falkordb,mixed_c40,614,104187,27.279,True,,40,read
falkordb,mixed_c40,615,105349,24.768,True,,40,read
falkordb,mixed_c40,616,106261,25.0172,True,,40,read
falkordb,mixed_c40,617,107028,23.6027,True,,40,read
falkordb,mixed_c40,618,107093,28.058,True,,40,read
falkordb,mixed_c40,619,107295,25.617,True,,40,read
falkordb,mixed_c40,620,108250,24.8289,True,,40,read
falkordb,mixed_c40,621,109054,27.083,True,,40,read
falkordb,mixed_c40,622,,25.5275,True,,40,write
falkordb,mixed_c40,623,110264,23.9448,True,,40,read
falkordb,mixed_c40,624,110376,23.8964,True,,40,read
falkordb,mixed_c40,625,201053,24.5821,True,,40,read
falkordb,mixed_c40,626,,23.9038,True,,40,write
falkordb,mixed_c40,627,204176,25.5234,True,,40,read
falkordb,mixed_c40,628,204182,24.4456,True,,40,read
falkordb,mixed_c40,629,205038,26.0196,True,,40,read
falkordb,mixed_c40,630,207048,24.4736,True,,40,read
falkordb,mixed_c40,631,207227,25.0534,True,,40,read
falkordb,mixed_c40,632,208138,24.7969,True,,40,read
falkordb,mixed_c40,633,208159,25.1946,True,,40,read
falkordb,mixed_c40,634,209058,25.1708,True,,40,read
falkordb,mixed_c40,635,209108,25.0004,True,,40,read
falkordb,mixed_c40,636,,25.0279,True,,40,write
falkordb,mixed_c40,637,302080,23.9395,True,,40,read
falkordb,mixed_c40,638,9208245,25.0414,True,,40,read
falkordb,mixed_c40,639,9304275,23.2418,True,,40,read
falkordb,mixed_c40,640,9305258,25.4945,True,,40,read
falkordb,mixed_c40,641,9306241,24.6444,True,,40,read
falkordb,mixed_c40,642,9307320,24.2005,True,,40,read
falkordb,mixed_c40,643,9309220,24.1661,True,,40,read
falkordb,mixed_c40,644,9309273,26.7851,True,,40,read
falkordb,mixed_c40,645,9309293,26.9274,True,,40,read
falkordb,mixed_c40,646,9310213,25.5664,True,,40,read
falkordb,mixed_c40,647,9311240,25.0768,True,,40,read
falkordb,mixed_c40,648,9401244,25.3358,True,,40,read
falkordb,mixed_c40,649,9401326,24.6811,True,,40,read
falkordb,mixed_c40,650,9403260,24.2345,True,,40,read
falkordb,mixed_c40,651,9403269,24.6644,True,,40,read
falkordb,mixed_c40,652,9407272,25.3396,True,,40,read
falkordb,mixed_c40,653,9407278,26.1589,True,,40,read
falkordb,mixed_c40,654,9407401,23.9169,True,,40,read
falkordb,mixed_c40,655,9501227,23.4866,True,,40,read
falkordb,mixed_c40,656,9501350,23.4604,True,,40,read
falkordb,mixed_c40,657,9501376,29.2732,True,,40,read
falkordb,mixed_c40,658,9502306,28.5471,True,,40,read
falkordb,mixed_c40,659,9502360,26.355,True,,40,read
falkordb,mixed_c40,660,9503294,25.8892,True,,40,read
falkordb,mixed_c40,661,9504347,27.4402,True,,40,read
falkordb,mixed_c40,662,9505303,25.8742,True,,40,read
falkordb,mixed_c40,663,9505310,25.8282,True,,40,read
falkordb,mixed_c40,664,,24.9518,True,,40,write
falkordb,mixed_c40,665,,23.9197,True,,40,write
falkordb,mixed_c40,666,9509349,24.8444,True,,40,read
falkordb,mixed_c40,667,9603367,26.5198,True,,40,read
falkordb,mixed_c40,668,9603420,25.0962,True,,40,read
falkordb,mixed_c40,669,9606252,24.7682,True,,40,read
falkordb,mixed_c40,670,9609217,25.3097,True,,40,read
falkordb,mixed_c40,671,9609470,24.5326,True,,40,read
falkordb,mixed_c40,672,9610393,25.1676,True,,40,read
falkordb,mixed_c40,673,9701246,25.3603,True,,40,read
falkordb,mixed_c40,674,,25.7849,True,,40,write
falkordb,mixed_c40,675,9703209,25.038,True,,40,read
falkordb,mixed_c40,676,9703232,24.894,True,,40,read
falkordb,mixed_c40,677,9703423,25.7152,True,,40,read
falkordb,mixed_c40,678,9705262,25.0457,True,,40,read
falkordb,mixed_c40,679,9706541,25.9742,True,,40,read
falkordb,mixed_c40,680,,25.3878,True,,40,write
falkordb,mixed_c40,681,9707282,25.4573,True,,40,read
falkordb,mixed_c40,682,9707295,24.7069,True,,40,read
falkordb,mixed_c40,683,9710376,23.937,True,,40,read
falkordb,mixed_c40,684,9711261,25.5206,True,,40,read
falkordb,mixed_c40,685,9711379,23.9581,True,,40,read
falkordb,mixed_c40,686,9803439,25.1971,True,,40,read
falkordb,mixed_c40,687,9804298,25.2817,True,,40,read
falkordb,mixed_c40,688,,24.4446,True,,40,write
falkordb,mixed_c40,689,9804343,24.8492,True,,40,read
falkordb,mixed_c40,690,9805465,24.9146,True,,40,read
falkordb,mixed_c40,691,9809529,26.1552,True,,40,read
falkordb,mixed_c40,692,9810418,26.295,True,,40,read
falkordb,mixed_c40,693,9811432,24.7635,True,,40,read
falkordb,mixed_c40,694,9811469,27.5125,True,,40,read
falkordb,mixed_c40,695,9812342,25.5584,True,,40,read
falkordb,mixed_c40,696,9906506,25.7506,True,,40,read
falkordb,mixed_c40,697,9907534,26.2263,True,,40,read
falkordb,mixed_c40,698,9909234,26.6,True,,40,read
falkordb,mixed_c40,699,9909512,25.872,True,,40,read
falkordb,mixed_c40,700,2106,25.6115,True,,40,read
falkordb,mixed_c40,701,6114,24.7716,True,,40,read
falkordb,mixed_c40,702,6217,23.0134,True,,40,read
falkordb,mixed_c40,703,7077,25.6728,True,,40,read
falkordb,mixed_c40,704,7211,25.7373,True,,40,read
falkordb,mixed_c40,705,7232,25.538,True,,40,read
falkordb,mixed_c40,706,9292,25.8106,True,,40,read
falkordb,mixed_c40,707,10094,28.3345,True,,40,read
falkordb,mixed_c40,708,10180,25.1646,True,,40,read
falkordb,mixed_c40,709,12020,23.981,True,,40,read
falkordb,mixed_c40,710,101328,27.3512,True,,40,read
falkordb,mixed_c40,711,102194,27.2178,True,,40,read
falkordb,mixed_c40,712,102318,25.3931,True,,40,read
falkordb,mixed_c40,713,104122,23.9935,True,,40,read
falkordb,mixed_c40,714,,28.6688,True,,40,write
falkordb,mixed_c40,715,105349,29.7067,True,,40,read
falkordb,mixed_c40,716,106261,28.4002,True,,40,read
falkordb,mixed_c40,717,107028,27.6256,True,,40,read
falkordb,mixed_c40,718,,27.0681,True,,40,write
falkordb,mixed_c40,719,107295,26.0993,True,,40,read
falkordb,mixed_c40,720,108250,26.4955,True,,40,read
falkordb,mixed_c40,721,109054,32.0401,True,,40,read
falkordb,mixed_c40,722,109073,31.2686,True,,40,read
falkordb,mixed_c40,723,,29.8241,True,,40,write
falkordb,mixed_c40,724,110376,27.4445,True,,40,read
falkordb,mixed_c40,725,201053,28.565,True,,40,read
falkordb,mixed_c40,726,204096,26.9281,True,,40,read
falkordb,mixed_c40,727,204176,26.4629,True,,40,read
falkordb,mixed_c40,728,,26.8814,True,,40,write
falkordb,mixed_c40,729,205038,23.9153,True,,40,read
falkordb,mixed_c40,730,207048,23.7138,True,,40,read
falkordb,mixed_c40,731,,25.5229,True,,40,write
falkordb,mixed_c40,732,208138,26.1425,True,,40,read
falkordb,mixed_c40,733,208159,25.1421,True,,40,read
falkordb,mixed_c40,734,209058,24.4871,True,,40,read
falkordb,mixed_c40,735,209108,24.866,True,,40,read
falkordb,mixed_c40,736,,25.282,True,,40,write
falkordb,mixed_c40,737,302080,25.3006,True,,40,read
falkordb,mixed_c40,738,9208245,28.4686,True,,40,read
falkordb,mixed_c40,739,9304275,25.0816,True,,40,read
falkordb,mixed_c40,740,9305258,25.0885,True,,40,read
falkordb,mixed_c40,741,9306241,25.2878,True,,40,read
falkordb,mixed_c40,742,,24.8161,True,,40,write
falkordb,mixed_c40,743,9309220,25.0747,True,,40,read
falkordb,mixed_c40,744,9309273,25.8751,True,,40,read
falkordb,mixed_c40,745,,25.0018,True,,40,write
falkordb,mixed_c40,746,9310213,26.7078,True,,40,read
falkordb,mixed_c40,747,,26.3541,True,,40,write
falkordb,mixed_c40,748,9401244,25.4747,True,,40,read
falkordb,mixed_c40,749,,24.7155,True,,40,write
falkordb,mixed_c40,750,,24.5673,True,,40,write
falkordb,mixed_c40,751,,27.3312,True,,40,write
falkordb,mixed_c40,752,,25.5804,True,,40,write
falkordb,mixed_c40,753,9407278,24.6153,True,,40,read
falkordb,mixed_c40,754,,24.7802,True,,40,write
falkordb,mixed_c40,755,9501227,25.6364,True,,40,read
falkordb,mixed_c40,756,9501350,26.4276,True,,40,read
falkordb,mixed_c40,757,,25.2038,True,,40,write
falkordb,mixed_c40,758,9502306,26.7349,True,,40,read
falkordb,mixed_c40,759,9502360,23.3202,True,,40,read
falkordb,mixed_c40,760,9503294,25.4101,True,,40,read
falkordb,mixed_c40,761,9504347,25.2434,True,,40,read
falkordb,mixed_c40,762,9505303,22.8503,True,,40,read
falkordb,mixed_c40,763,9505310,24.9939,True,,40,read
falkordb,mixed_c40,764,9505324,24.6451,True,,40,read
falkordb,mixed_c40,765,9508299,24.0189,True,,40,read
falkordb,mixed_c40,766,9509349,22.9739,True,,40,read
falkordb,mixed_c40,767,9603367,24.5328,True,,40,read
falkordb,mixed_c40,768,9603420,23.9867,True,,40,read
falkordb,mixed_c40,769,9606252,24.4627,True,,40,read
falkordb,mixed_c40,770,9609217,24.582,True,,40,read
falkordb,mixed_c40,771,,24.0879,True,,40,write
falkordb,mixed_c40,772,9610393,23.9786,True,,40,read
falkordb,mixed_c40,773,9701246,24.3376,True,,40,read
falkordb,mixed_c40,774,9702270,22.6945,True,,40,read
falkordb,mixed_c40,775,9703209,24.7134,True,,40,read
falkordb,mixed_c40,776,9703232,24.1383,True,,40,read
falkordb,mixed_c40,777,9703423,25.1866,True,,40,read
falkordb,mixed_c40,778,,22.9711,True,,40,write
falkordb,mixed_c40,779,9706541,22.8113,True,,40,read
falkordb,mixed_c40,780,9707250,25.9433,True,,40,read
falkordb,mixed_c40,781,9707282,26.157,True,,40,read
falkordb,mixed_c40,782,9707295,25.2671,True,,40,read
falkordb,mixed_c40,783,9710376,24.688,True,,40,read
falkordb,mixed_c40,784,9711261,25.5793,True,,40,read
falkordb,mixed_c40,785,9711379,24.7962,True,,40,read
falkordb,mixed_c40,786,9803439,24.984,True,,40,read
falkordb,mixed_c40,787,9804298,24.8596,True,,40,read
falkordb,mixed_c40,788,9804313,25.6273,True,,40,read
falkordb,mixed_c40,789,9804343,23.263,True,,40,read
falkordb,mixed_c40,790,9805465,23.0247,True,,40,read
falkordb,mixed_c40,791,9809529,23.511,True,,40,read
falkordb,mixed_c40,792,9810418,26.2549,True,,40,read
falkordb,mixed_c40,793,9811432,24.1142,True,,40,read
falkordb,mixed_c40,794,9811469,24.5783,True,,40,read
falkordb,mixed_c40,795,9812342,24.1409,True,,40,read
falkordb,mixed_c40,796,9906506,23.0882,True,,40,read
falkordb,mixed_c40,797,9907534,22.8669,True,,40,read
falkordb,mixed_c40,798,9909234,24.7844,True,,40,read
falkordb,mixed_c40,799,9909512,24.0211,True,,40,read
falkordb,mixed_c40,800,,23.2962,True,,40,write
falkordb,mixed_c40,801,6114,24.3155,True,,40,read
falkordb,mixed_c40,802,,24.6121,True,,40,write
falkordb,mixed_c40,803,7077,24.254,True,,40,read
falkordb,mixed_c40,804,7211,25.6616,True,,40,read
falkordb,mixed_c40,805,7232,25.5345,True,,40,read
falkordb,mixed_c40,806,9292,25.5219,True,,40,read
falkordb,mixed_c40,807,10094,23.4069,True,,40,read
falkordb,mixed_c40,808,10180,24.5065,True,,40,read
falkordb,mixed_c40,809,12020,24.4063,True,,40,read
falkordb,mixed_c40,810,,24.4282,True,,40,write
falkordb,mixed_c40,811,102194,24.4293,True,,40,read
falkordb,mixed_c40,812,,24.8058,True,,40,write
falkordb,mixed_c40,813,,25.7372,True,,40,write
falkordb,mixed_c40,814,104187,24.0933,True,,40,read
falkordb,mixed_c40,815,105349,24.2387,True,,40,read
falkordb,mixed_c40,816,106261,25.2937,True,,40,read
falkordb,mixed_c40,817,107028,23.8515,True,,40,read
falkordb,mixed_c40,818,,24.326,True,,40,write
falkordb,mixed_c40,819,107295,24.4059,True,,40,read
falkordb,mixed_c40,820,108250,24.1814,True,,40,read
falkordb,mixed_c40,821,109054,24.5425,True,,40,read
falkordb,mixed_c40,822,109073,24.7184,True,,40,read
falkordb,mixed_c40,823,110264,25.023,True,,40,read
falkordb,mixed_c40,824,110376,25.3317,True,,40,read
falkordb,mixed_c40,825,201053,25.8764,True,,40,read
falkordb,mixed_c40,826,,25.3365,True,,40,write
falkordb,mixed_c40,827,204176,24.8986,True,,40,read
falkordb,mixed_c40,828,204182,25.5284,True,,40,read
falkordb,mixed_c40,829,205038,26.2342,True,,40,read
falkordb,mixed_c40,830,207048,25.2647,True,,40,read
falkordb,mixed_c40,831,207227,24.0737,True,,40,read
falkordb,mixed_c40,832,,25.0611,True,,40,write
falkordb,mixed_c40,833,,25.8814,True,,40,write
falkordb,mixed_c40,834,209058,25.0756,True,,40,read
falkordb,mixed_c40,835,,25.0119,True,,40,write
falkordb,mixed_c40,836,210254,26.3796,True,,40,read
falkordb,mixed_c40,837,,25.6585,True,,40,write
falkordb,mixed_c40,838,9208245,25.6497,True,,40,read
falkordb,mixed_c40,839,9304275,25.2614,True,,40,read
falkordb,mixed_c40,840,9305258,25.6146,True,,40,read
falkordb,mixed_c40,841,9306241,25.8468,True,,40,read
falkordb,mixed_c40,842,9307320,25.8987,True,,40,read
falkordb,mixed_c40,843,9309220,26.3395,True,,40,read
falkordb,mixed_c40,844,9309273,25.2519,True,,40,read
falkordb,mixed_c40,845,9309293,26.7865,True,,40,read
falkordb,mixed_c40,846,9310213,25.6399,True,,40,read
falkordb,mixed_c40,847,9311240,23.5812,True,,40,read
falkordb,mixed_c40,848,,23.9742,True,,40,write
falkordb,mixed_c40,849,9401326,25.5483,True,,40,read
falkordb,mixed_c40,850,,25.8435,True,,40,write
falkordb,mixed_c40,851,9403269,25.3304,True,,40,read
falkordb,mixed_c40,852,,25.5631,True,,40,write
falkordb,mixed_c40,853,9407278,25.465,True,,40,read
falkordb,mixed_c40,854,,23.1185,True,,40,write
falkordb,mixed_c40,855,9501227,25.0382,True,,40,read
falkordb,mixed_c40,856,,24.6762,True,,40,write
falkordb,mixed_c40,857,9501376,24.9051,True,,40,read
falkordb,mixed_c40,858,9502306,25.2793,True,,40,read
falkordb,mixed_c40,859,9502360,23.855,True,,40,read
falkordb,mixed_c40,860,9503294,26.1834,True,,40,read
falkordb,mixed_c40,861,9504347,25.1293,True,,40,read
falkordb,mixed_c40,862,9505303,25.8005,True,,40,read
falkordb,mixed_c40,863,9505310,24.6063,True,,40,read
falkordb,mixed_c40,864,,24.0593,True,,40,write
falkordb,mixed_c40,865,9508299,25.6364,True,,40,read
falkordb,mixed_c40,866,9509349,23.1984,True,,40,read
falkordb,mixed_c40,867,9603367,24.7768,True,,40,read
falkordb,mixed_c40,868,9603420,23.6926,True,,40,read
falkordb,mixed_c40,869,9606252,25.121,True,,40,read
falkordb,mixed_c40,870,,25.2679,True,,40,write
falkordb,mixed_c40,871,9609470,24.0038,True,,40,read
falkordb,mixed_c40,872,,23.5113,True,,40,write
falkordb,mixed_c40,873,9701246,25.4985,True,,40,read
falkordb,mixed_c40,874,9702270,24.924,True,,40,read
falkordb,mixed_c40,875,9703209,24.8312,True,,40,read
falkordb,mixed_c40,876,9703232,24.3723,True,,40,read
falkordb,mixed_c40,877,9703423,23.7473,True,,40,read
falkordb,mixed_c40,878,,25.1971,True,,40,write
falkordb,mixed_c40,879,9706541,25.723,True,,40,read
falkordb,mixed_c40,880,9707250,25.4434,True,,40,read
falkordb,mixed_c40,881,9707282,24.6842,True,,40,read
falkordb,mixed_c40,882,9707295,24.0745,True,,40,read
falkordb,mixed_c40,883,,25.0656,True,,40,write
falkordb,mixed_c40,884,,27.1381,True,,40,write
falkordb,mixed_c40,885,9711379,25.4106,True,,40,read
falkordb,mixed_c40,886,,24.9538,True,,40,write
falkordb,mixed_c40,887,,24.9658,True,,40,write
falkordb,mixed_c40,888,9804313,25.0492,True,,40,read
falkordb,mixed_c40,889,9804343,25.7369,True,,40,read
falkordb,mixed_c40,890,9805465,24.6967,True,,40,read
falkordb,mixed_c40,891,9809529,24.8811,True,,40,read
falkordb,mixed_c40,892,9810418,25.0058,True,,40,read
falkordb,mixed_c40,893,9811432,24.5398,True,,40,read
falkordb,mixed_c40,894,9811469,23.7602,True,,40,read
falkordb,mixed_c40,895,9812342,24.5006,True,,40,read
falkordb,mixed_c40,896,9906506,23.672,True,,40,read
falkordb,mixed_c40,897,9907534,25.9415,True,,40,read
falkordb,mixed_c40,898,9909234,24.1602,True,,40,read
falkordb,mixed_c40,899,,23.807,True,,40,write
falkordb,mixed_c40,900,2106,25.9351,True,,40,read
falkordb,mixed_c40,901,6114,26.3422,True,,40,read
falkordb,mixed_c40,902,6217,25.2035,True,,40,read
falkordb,mixed_c40,903,7077,25.7956,True,,40,read
falkordb,mixed_c40,904,7211,24.4003,True,,40,read
falkordb,mixed_c40,905,7232,24.5464,True,,40,read
falkordb,mixed_c40,906,9292,24.793,True,,40,read
falkordb,mixed_c40,907,10094,24.2489,True,,40,read
falkordb,mixed_c40,908,10180,24.0965,True,,40,read
falkordb,mixed_c40,909,,23.551,True,,40,write
falkordb,mixed_c40,910,101328,24.6874,True,,40,read
falkordb,mixed_c40,911,102194,24.6058,True,,40,read
falkordb,mixed_c40,912,102318,25.9925,True,,40,read
falkordb,mixed_c40,913,104122,25.1598,True,,40,read
falkordb,mixed_c40,914,104187,25.7482,True,,40,read
falkordb,mixed_c40,915,105349,24.4109,True,,40,read
falkordb,mixed_c40,916,106261,22.9456,True,,40,read
falkordb,mixed_c40,917,107028,25.217,True,,40,read
falkordb,mixed_c40,918,107093,26.3957,True,,40,read
falkordb,mixed_c40,919,107295,24.881,True,,40,read
falkordb,mixed_c40,920,108250,24.9099,True,,40,read
falkordb,mixed_c40,921,,24.9872,True,,40,write
falkordb,mixed_c40,922,109073,25.535,True,,40,read
falkordb,mixed_c40,923,110264,25.3715,True,,40,read
falkordb,mixed_c40,924,110376,25.5172,True,,40,read
falkordb,mixed_c40,925,201053,26.3044,True,,40,read
falkordb,mixed_c40,926,204096,22.912,True,,40,read
falkordb,mixed_c40,927,204176,25.7348,True,,40,read
falkordb,mixed_c40,928,204182,26.7302,True,,40,read
falkordb,mixed_c40,929,205038,24.4376,True,,40,read
falkordb,mixed_c40,930,207048,23.9157,True,,40,read
falkordb,mixed_c40,931,,23.6233,True,,40,write
falkordb,mixed_c40,932,208138,24.2531,True,,40,read
falkordb,mixed_c40,933,208159,25.7431,True,,40,read
falkordb,mixed_c40,934,209058,24.4238,True,,40,read
falkordb,mixed_c40,935,,24.4865,True,,40,write
falkordb,mixed_c40,936,,23.9591,True,,40,write
falkordb,mixed_c40,937,302080,24.5174,True,,40,read
falkordb,mixed_c40,938,9208245,26.8358,True,,40,read
falkordb,mixed_c40,939,9304275,26.5917,True,,40,read
falkordb,mixed_c40,940,9305258,27.0952,True,,40,read
falkordb,mixed_c40,941,9306241,27.0015,True,,40,read
falkordb,mixed_c40,942,9307320,24.8301,True,,40,read
falkordb,mixed_c40,943,9309220,25.1785,True,,40,read
falkordb,mixed_c40,944,9309273,24.9024,True,,40,read
falkordb,mixed_c40,945,,24.7516,True,,40,write
falkordb,mixed_c40,946,,25.6397,True,,40,write
falkordb,mixed_c40,947,9311240,26.5173,True,,40,read
falkordb,mixed_c40,948,9401244,24.4122,True,,40,read
falkordb,mixed_c40,949,9401326,25.2485,True,,40,read
falkordb,mixed_c40,950,9403260,26.2515,True,,40,read
falkordb,mixed_c40,951,9403269,25.4395,True,,40,read
falkordb,mixed_c40,952,,26.1381,True,,40,write
falkordb,mixed_c40,953,9407278,25.6877,True,,40,read
falkordb,mixed_c40,954,9407401,26.2971,True,,40,read
falkordb,mixed_c40,955,9501227,25.4441,True,,40,read
falkordb,mixed_c40,956,,25.6171,True,,40,write
falkordb,mixed_c40,957,9501376,25.181,True,,40,read
falkordb,mixed_c40,958,9502306,25.3101,True,,40,read
falkordb,mixed_c40,959,9502360,25.6025,True,,40,read
falkordb,mixed_c40,960,9503294,23.8851,True,,40,read
falkordb,mixed_c40,961,9504347,25.0387,True,,40,read
falkordb,mixed_c40,962,9505303,25.1827,True,,40,read
falkordb,mixed_c40,963,9505310,24.304,True,,40,read
falkordb,mixed_c40,964,9505324,24.0626,True,,40,read
falkordb,mixed_c40,965,,25.3158,True,,40,write
falkordb,mixed_c40,966,9509349,25.3769,True,,40,read
falkordb,mixed_c40,967,9603367,23.6806,True,,40,read
falkordb,mixed_c40,968,9603420,22.954,True,,40,read
falkordb,mixed_c40,969,9606252,23.5779,True,,40,read
falkordb,mixed_c40,970,,24.2503,True,,40,write
falkordb,mixed_c40,971,9609470,24.2248,True,,40,read
falkordb,mixed_c40,972,9610393,23.8887,True,,40,read
falkordb,mixed_c40,973,9701246,24.762,True,,40,read
falkordb,mixed_c40,974,9702270,24.3162,True,,40,read
falkordb,mixed_c40,975,,25.1939,True,,40,write
falkordb,mixed_c40,976,9703232,24.4817,True,,40,read
falkordb,mixed_c40,977,,24.1332,True,,40,write
falkordb,mixed_c40,978,9705262,24.5418,True,,40,read
falkordb,mixed_c40,979,9706541,25.3367,True,,40,read
falkordb,mixed_c40,980,9707250,25.5356,True,,40,read
falkordb,mixed_c40,981,,24.6262,True,,40,write
falkordb,mixed_c40,982,9707295,24.9213,True,,40,read
falkordb,mixed_c40,983,9710376,24.2829,True,,40,read
falkordb,mixed_c40,984,9711261,24.92,True,,40,read
falkordb,mixed_c40,985,9711379,24.92,True,,40,read
falkordb,mixed_c40,986,9803439,23.6433,True,,40,read
falkordb,mixed_c40,987,9804298,24.5595,True,,40,read
falkordb,mixed_c40,988,,24.556,True,,40,write
falkordb,mixed_c40,989,9804343,23.2564,True,,40,read
falkordb,mixed_c40,990,9805465,25.2841,True,,40,read
falkordb,mixed_c40,991,9809529,24.8507,True,,40,read
falkordb,mixed_c40,992,9810418,24.9466,True,,40,read
falkordb,mixed_c40,993,9811432,25.2163,True,,40,read
falkordb,mixed_c40,994,9811469,24.7048,True,,40,read
falkordb,mixed_c40,995,9812342,25.4858,True,,40,read
falkordb,mixed_c40,996,9906506,26.5701,True,,40,read
falkordb,mixed_c40,997,,24.9801,True,,40,write
falkordb,mixed_c40,998,9909234,25.2815,True,,40,read
falkordb,mixed_c40,999,,24.782,True,,40,write
falkordb,mixed_c40,1000,,24.5545,True,,40,write
falkordb,mixed_c40,1001,,25.2576,True,,40,write
falkordb,mixed_c40,1002,6217,25.5901,True,,40,read
falkordb,mixed_c40,1003,7077,25.2715,True,,40,read
falkordb,mixed_c40,1004,7211,25.6645,True,,40,read
falkordb,mixed_c40,1005,7232,23.542,True,,40,read
falkordb,mixed_c40,1006,,27.0434,True,,40,write
falkordb,mixed_c40,1007,10094,25.0924,True,,40,read
falkordb,mixed_c40,1008,10180,24.7361,True,,40,read
falkordb,mixed_c40,1009,12020,26.0006,True,,40,read
falkordb,mixed_c40,1010,101328,26.3521,True,,40,read
falkordb,mixed_c40,1011,102194,24.8818,True,,40,read
falkordb,mixed_c40,1012,102318,31.9539,True,,40,read
falkordb,mixed_c40,1013,,24.4657,True,,40,write
falkordb,mixed_c40,1014,104187,32.8788,True,,40,read
falkordb,mixed_c40,1015,105349,34.3601,True,,40,read
falkordb,mixed_c40,1016,,31.1197,True,,40,write
falkordb,mixed_c40,1017,107028,34.6785,True,,40,read
falkordb,mixed_c40,1018,107093,26.0346,True,,40,read
falkordb,mixed_c40,1019,107295,27.3838,True,,40,read
falkordb,mixed_c40,1020,108250,28.1285,True,,40,read
falkordb,mixed_c40,1021,109054,24.4044,True,,40,read
falkordb,mixed_c40,1022,109073,27.8577,True,,40,read
falkordb,mixed_c40,1023,110264,25.8448,True,,40,read
falkordb,mixed_c40,1024,110376,24.5234,True,,40,read
falkordb,mixed_c40,1025,201053,24.1963,True,,40,read
falkordb,mixed_c40,1026,,23.8854,True,,40,write
falkordb,mixed_c40,1027,204176,23.5541,True,,40,read
falkordb,mixed_c40,1028,,30.3667,True,,40,write
falkordb,mixed_c40,1029,205038,26.0695,True,,40,read
falkordb,mixed_c40,1030,207048,25.3506,True,,40,read
falkordb,mixed_c40,1031,,28.244,True,,40,write
falkordb,mixed_c40,1032,,28.2162,True,,40,write
falkordb,mixed_c40,1033,,25.6399,True,,40,write
falkordb,mixed_c40,1034,209058,24.8553,True,,40,read
falkordb,mixed_c40,1035,209108,24.8932,True,,40,read
falkordb,mixed_c40,1036,,27.2898,True,,40,write
falkordb,mixed_c40,1037,302080,26.5331,True,,40,read
falkordb,mixed_c40,1038,,27.3938,True,,40,write
falkordb,mixed_c40,1039,9304275,26.8454,True,,40,read
falkordb,mixed_c40,1040,9305258,25.2321,True,,40,read
falkordb,mixed_c40,1041,9306241,23.5616,True,,40,read
falkordb,mixed_c40,1042,,24.8534,True,,40,write
falkordb,mixed_c40,1043,,24.8959,True,,40,write
falkordb,mixed_c40,1044,9309273,23.8203,True,,40,read
falkordb,mixed_c40,1045,9309293,23.513,True,,40,read
falkordb,mixed_c40,1046,9310213,25.8635,True,,40,read
falkordb,mixed_c40,1047,,24.5544,True,,40,write
falkordb,mixed_c40,1048,9401244,27.3686,True,,40,read
falkordb,mixed_c40,1049,,24.9654,True,,40,write
falkordb,mixed_c40,1050,9403260,24.1806,True,,40,read
falkordb,mixed_c40,1051,9403269,29.7216,True,,40,read
falkordb,mixed_c40,1052,9407272,24.4682,True,,40,read
falkordb,mixed_c40,1053,9407278,24.3702,True,,40,read
falkordb,mixed_c40,1054,9407401,24.377,True,,40,read
falkordb,mixed_c40,1055,9501227,27.6247,True,,40,read
falkordb,mixed_c40,1056,,27.1817,True,,40,write
falkordb,mixed_c40,1057,,24.2708,True,,40,write
falkordb,mixed_c40,1058,9502306,25.0353,True,,40,read
falkordb,mixed_c40,1059,9502360,26.6027,True,,40,read
falkordb,mixed_c40,1060,,23.8694,True,,40,write
falkordb,mixed_c40,1061,,24.2447,True,,40,write
falkordb,mixed_c40,1062,9505303,25.2917,True,,40,read
falkordb,mixed_c40,1063,,24.6051,True,,40,write
falkordb,mixed_c40,1064,9505324,24.915,True,,40,read
falkordb,mixed_c40,1065,9508299,25.316,True,,40,read
falkordb,mixed_c40,1066,9509349,25.311,True,,40,read
falkordb,mixed_c40,1067,9603367,28.7585,True,,40,read
falkordb,mixed_c40,1068,,22.619,True,,40,write
falkordb,mixed_c40,1069,9606252,25.1324,True,,40,read
falkordb,mixed_c40,1070,9609217,25.1303,True,,40,read
falkordb,mixed_c40,1071,9609470,25.2476,True,,40,read
falkordb,mixed_c40,1072,9610393,25.2527,True,,40,read
falkordb,mixed_c40,1073,9701246,25.9871,True,,40,read
falkordb,mixed_c40,1074,9702270,27.5132,True,,40,read
falkordb,mixed_c40,1075,9703209,26.616,True,,40,read
falkordb,mixed_c40,1076,,24.6517,True,,40,write
falkordb,mixed_c40,1077,,25.7584,True,,40,write
falkordb,mixed_c40,1078,,24.7527,True,,40,write
falkordb,mixed_c40,1079,9706541,25.2825,True,,40,read
falkordb,mixed_c40,1080,9707250,24.5108,True,,40,read
falkordb,mixed_c40,1081,9707282,25.5053,True,,40,read
falkordb,mixed_c40,1082,9707295,23.6682,True,,40,read
falkordb,mixed_c40,1083,9710376,22.9804,True,,40,read
falkordb,mixed_c40,1084,9711261,22.6287,True,,40,read
falkordb,mixed_c40,1085,9711379,24.7978,True,,40,read
falkordb,mixed_c40,1086,9803439,23.2287,True,,40,read
falkordb,mixed_c40,1087,9804298,24.5239,True,,40,read
falkordb,mixed_c40,1088,,24.4373,True,,40,write
falkordb,mixed_c40,1089,9804343,26.5518,True,,40,read
falkordb,mixed_c40,1090,,23.7513,True,,40,write
falkordb,mixed_c40,1091,9809529,25.3711,True,,40,read
falkordb,mixed_c40,1092,9810418,23.2854,True,,40,read
falkordb,mixed_c40,1093,9811432,26.2145,True,,40,read
falkordb,mixed_c40,1094,9811469,24.4535,True,,40,read
falkordb,mixed_c40,1095,,24.615,True,,40,write
falkordb,mixed_c40,1096,9906506,25.7629,True,,40,read
falkordb,mixed_c40,1097,9907534,24.6994,True,,40,read
falkordb,mixed_c40,1098,,26.0475,True,,40,write
falkordb,mixed_c40,1099,9909512,25.1493,True,,40,read
falkordb,mixed_c40,1100,2106,24.474,True,,40,read
falkordb,mixed_c40,1101,6114,22.4684,True,,40,read
falkordb,mixed_c40,1102,6217,24.9436,True,,40,read
falkordb,mixed_c40,1103,,22.8915,True,,40,write
falkordb,mixed_c40,1104,7211,24.2515,True,,40,read
falkordb,mixed_c40,1105,7232,22.8507,True,,40,read
falkordb,mixed_c40,1106,9292,30.248,True,,40,read
falkordb,mixed_c40,1107,,32.1638,True,,40,write
falkordb,mixed_c40,1108,,27.6963,True,,40,write
falkordb,mixed_c40,1109,12020,29.2202,True,,40,read
falkordb,mixed_c40,1110,101328,26.974,True,,40,read
falkordb,mixed_c40,1111,102194,26.1425,True,,40,read
falkordb,mixed_c40,1112,102318,26.474,True,,40,read
falkordb,mixed_c40,1113,104122,26.8205,True,,40,read
falkordb,mixed_c40,1114,104187,26.9509,True,,40,read
falkordb,mixed_c40,1115,,27.8616,True,,40,write
falkordb,mixed_c40,1116,,25.8471,True,,40,write
falkordb,mixed_c40,1117,107028,23.7581,True,,40,read
falkordb,mixed_c40,1118,107093,22.9869,True,,40,read
falkordb,mixed_c40,1119,107295,25.2141,True,,40,read
falkordb,mixed_c40,1120,108250,23.5106,True,,40,read
falkordb,mixed_c40,1121,109054,23.6213,True,,40,read
falkordb,mixed_c40,1122,109073,23.5022,True,,40,read
falkordb,mixed_c40,1123,110264,23.3329,True,,40,read
falkordb,mixed_c40,1124,,26.5148,True,,40,write
falkordb,mixed_c40,1125,201053,30.8134,True,,40,read
falkordb,mixed_c40,1126,204096,24.3586,True,,40,read
falkordb,mixed_c40,1127,204176,26.4866,True,,40,read
falkordb,mixed_c40,1128,204182,30.0326,True,,40,read
falkordb,mixed_c40,1129,205038,29.2533,True,,40,read
falkordb,mixed_c40,1130,207048,29.7404,True,,40,read
falkordb,mixed_c40,1131,,28.8692,True,,40,write
falkordb,mixed_c40,1132,208138,27.0853,True,,40,read
falkordb,mixed_c40,1133,208159,26.7685,True,,40,read
falkordb,mixed_c40,1134,209058,24.0173,True,,40,read
falkordb,mixed_c40,1135,,24.72,True,,40,write
falkordb,mixed_c40,1136,,23.5485,True,,40,write
falkordb,mixed_c40,1137,302080,25.5824,True,,40,read
falkordb,mixed_c40,1138,9208245,25.549,True,,40,read
falkordb,mixed_c40,1139,,24.634,True,,40,write
falkordb,mixed_c40,1140,9305258,22.6934,True,,40,read
falkordb,mixed_c40,1141,9306241,25.3881,True,,40,read
falkordb,mixed_c40,1142,9307320,23.9588,True,,40,read
falkordb,mixed_c40,1143,9309220,24.2232,True,,40,read
falkordb,mixed_c40,1144,9309273,24.3442,True,,40,read
falkordb,mixed_c40,1145,9309293,26.2753,True,,40,read
falkordb,mixed_c40,1146,9310213,28.8493,True,,40,read
falkordb,mixed_c40,1147,,30.9379,True,,40,write
falkordb,mixed_c40,1148,9401244,28.0024,True,,40,read
falkordb,mixed_c40,1149,9401326,33.036,True,,40,read
falkordb,mixed_c40,1150,9403260,26.4281,True,,40,read
falkordb,mixed_c40,1151,,29.2106,True,,40,write
falkordb,mixed_c40,1152,,26.6,True,,40,write
falkordb,mixed_c40,1153,9407278,25.3349,True,,40,read
falkordb,mixed_c40,1154,9407401,27.9765,True,,40,read
falkordb,mixed_c40,1155,9501227,26.6595,True,,40,read
falkordb,mixed_c40,1156,9501350,25.5636,True,,40,read
falkordb,mixed_c40,1157,9501376,26.5006,True,,40,read
falkordb,mixed_c40,1158,9502306,25.4332,True,,40,read
falkordb,mixed_c40,1159,,26.1455,True,,40,write
falkordb,mixed_c40,1160,9503294,23.673,True,,40,read
falkordb,mixed_c40,1161,9504347,25.4968,True,,40,read
falkordb,mixed_c40,1162,9505303,23.0265,True,,40,read
falkordb,mixed_c40,1163,9505310,24.8798,True,,40,read
falkordb,mixed_c40,1164,9505324,31.67,True,,40,read
falkordb,mixed_c40,1165,,23.9779,True,,40,write
falkordb,mixed_c40,1166,,24.2822,True,,40,write
falkordb,mixed_c40,1167,9603367,30.691,True,,40,read
falkordb,mixed_c40,1168,9603420,25.8669,True,,40,read
falkordb,mixed_c40,1169,9606252,29.4891,True,,40,read
falkordb,mixed_c40,1170,9609217,28.4151,True,,40,read
falkordb,mixed_c40,1171,9609470,27.5919,True,,40,read
falkordb,mixed_c40,1172,9610393,27.9097,True,,40,read
falkordb,mixed_c40,1173,9701246,25.8679,True,,40,read
falkordb,mixed_c40,1174,9702270,25.4199,True,,40,read
falkordb,mixed_c40,1175,9703209,26.367,True,,40,read
falkordb,mixed_c40,1176,9703232,27.7565,True,,40,read
falkordb,mixed_c40,1177,9703423,25.4292,True,,40,read
falkordb,mixed_c40,1178,9705262,25.0206,True,,40,read
falkordb,mixed_c40,1179,9706541,24.9338,True,,40,read
falkordb,mixed_c40,1180,,24.8037,True,,40,write
falkordb,mixed_c40,1181,,24.3855,True,,40,write
falkordb,mixed_c40,1182,,25.1381,True,,40,write
falkordb,mixed_c40,1183,9710376,24.3784,True,,40,read
falkordb,mixed_c40,1184,9711261,24.5595,True,,40,read
falkordb,mixed_c40,1185,9711379,27.8494,True,,40,read
falkordb,mixed_c40,1186,9803439,26.2829,True,,40,read
falkordb,mixed_c40,1187,9804298,26.3363,True,,40,read
falkordb,mixed_c40,1188,9804313,26.6784,True,,40,read
falkordb,mixed_c40,1189,9804343,26.8092,True,,40,read
falkordb,mixed_c40,1190,,28.1612,True,,40,write
falkordb,mixed_c40,1191,9809529,25.7942,True,,40,read
falkordb,mixed_c40,1192,9810418,25.7773,True,,40,read
falkordb,mixed_c40,1193,,25.9705,True,,40,write
falkordb,mixed_c40,1194,,25.7209,True,,40,write
falkordb,mixed_c40,1195,9812342,26.3118,True,,40,read
falkordb,mixed_c40,1196,9906506,24.7401,True,,40,read
falkordb,mixed_c40,1197,9907534,24.9719,True,,40,read
falkordb,mixed_c40,1198,9909234,24.7915,True,,40,read
falkordb,mixed_c40,1199,9909512,23.5469,True,,40,read
falkordb,mixed_c40,1200,,25.2805,True,,40,write
falkordb,mixed_c40,1201,6114,25.3768,True,,40,read
falkordb,mixed_c40,1202,6217,24.792,True,,40,read
falkordb,mixed_c40,1203,7077,25.6546,True,,40,read
falkordb,mixed_c40,1204,7211,24.4599,True,,40,read
falkordb,mixed_c40,1205,,31.1962,True,,40,write
falkordb,mixed_c40,1206,,26.4244,True,,40,write
falkordb,mixed_c40,1207,10094,28.0013,True,,40,read
falkordb,mixed_c40,1208,10180,26.8206,True,,40,read
falkordb,mixed_c40,1209,,25.2806,True,,40,write
falkordb,mixed_c40,1210,101328,29.3894,True,,40,read
falkordb,mixed_c40,1211,102194,29.6554,True,,40,read
falkordb,mixed_c40,1212,102318,28.822,True,,40,read
falkordb,mixed_c40,1213,,27.6913,True,,40,write
falkordb,mixed_c40,1214,104187,25.2173,True,,40,read
falkordb,mixed_c40,1215,105349,24.9458,True,,40,read
falkordb,mixed_c40,1216,106261,23.7012,True,,40,read
falkordb,mixed_c40,1217,,25.3819,True,,40,write
falkordb,mixed_c40,1218,107093,25.6989,True,,40,read
falkordb,mixed_c40,1219,107295,24.8366,True,,40,read
falkordb,mixed_c40,1220,,25.0225,True,,40,write
falkordb,mixed_c40,1221,,25.5084,True,,40,write
falkordb,mixed_c40,1222,,24.7499,True,,40,write
falkordb,mixed_c40,1223,110264,24.535,True,,40,read
falkordb,mixed_c40,1224,,26.6432,True,,40,write
falkordb,mixed_c40,1225,,25.2228,True,,40,write
falkordb,mixed_c40,1226,204096,28.0367,True,,40,read
falkordb,mixed_c40,1227,204176,28.5116,True,,40,read
falkordb,mixed_c40,1228,204182,24.8394,True,,40,read
falkordb,mixed_c40,1229,205038,29.6866,True,,40,read
falkordb,mixed_c40,1230,207048,28.4163,True,,40,read
falkordb,mixed_c40,1231,207227,28.4795,True,,40,read
falkordb,mixed_c40,1232,208138,24.9866,True,,40,read
falkordb,mixed_c40,1233,208159,25.748,True,,40,read
falkordb,mixed_c40,1234,209058,29.2119,True,,40,read
falkordb,mixed_c40,1235,209108,25.2314,True,,40,read
falkordb,mixed_c40,1236,210254,27.5231,True,,40,read
falkordb,mixed_c40,1237,302080,26.3728,True,,40,read
falkordb,mixed_c40,1238,9208245,25.3739,True,,40,read
falkordb,mixed_c40,1239,,25.7175,True,,40,write
falkordb,mixed_c40,1240,9305258,24.882,True,,40,read
falkordb,mixed_c40,1241,,23.3355,True,,40,write
falkordb,mixed_c40,1242,9307320,24.6839,True,,40,read
falkordb,mixed_c40,1243,9309220,26.2472,True,,40,read
falkordb,mixed_c40,1244,9309273,26.5553,True,,40,read
falkordb,mixed_c40,1245,9309293,24.2822,True,,40,read
falkordb,mixed_c40,1246,9310213,28.4788,True,,40,read
falkordb,mixed_c40,1247,9311240,28.7827,True,,40,read
falkordb,mixed_c40,1248,9401244,28.5871,True,,40,read
falkordb,mixed_c40,1249,9401326,26.6131,True,,40,read
falkordb,mixed_c40,1250,9403260,25.3089,True,,40,read
falkordb,mixed_c40,1251,,25.3617,True,,40,write
falkordb,mixed_c40,1252,9407272,29.2506,True,,40,read
falkordb,mixed_c40,1253,9407278,28.1873,True,,40,read
falkordb,mixed_c40,1254,9407401,23.778,True,,40,read
falkordb,mixed_c40,1255,9501227,25.0597,True,,40,read
falkordb,mixed_c40,1256,9501350,23.6947,True,,40,read
falkordb,mixed_c40,1257,9501376,25.2714,True,,40,read
falkordb,mixed_c40,1258,9502306,25.0551,True,,40,read
falkordb,mixed_c40,1259,9502360,24.5334,True,,40,read
falkordb,mixed_c40,1260,9503294,23.973,True,,40,read
falkordb,mixed_c40,1261,,24.331,True,,40,write
falkordb,mixed_c40,1262,9505303,23.8171,True,,40,read
falkordb,mixed_c40,1263,9505310,26.3825,True,,40,read
falkordb,mixed_c40,1264,9505324,25.8226,True,,40,read
falkordb,mixed_c40,1265,9508299,23.7981,True,,40,read
falkordb,mixed_c40,1266,9509349,23.8108,True,,40,read
falkordb,mixed_c40,1267,9603367,25.6036,True,,40,read
falkordb,mixed_c40,1268,,26.6069,True,,40,write
falkordb,mixed_c40,1269,9606252,25.8917,True,,40,read
falkordb,mixed_c40,1270,,27.9772,True,,40,write
falkordb,mixed_c40,1271,9609470,26.2497,True,,40,read
falkordb,mixed_c40,1272,,25.7324,True,,40,write
falkordb,mixed_c40,1273,,25.8485,True,,40,write
falkordb,mixed_c40,1274,9702270,26.4206,True,,40,read
falkordb,mixed_c40,1275,9703209,24.555,True,,40,read
falkordb,mixed_c40,1276,9703232,24.9249,True,,40,read
falkordb,mixed_c40,1277,9703423,25.1128,True,,40,read
falkordb,mixed_c40,1278,9705262,25.6427,True,,40,read
falkordb,mixed_c40,1279,9706541,22.6576,True,,40,read
falkordb,mixed_c40,1280,9707250,23.3877,True,,40,read
falkordb,mixed_c40,1281,9707282,23.2875,True,,40,read
falkordb,mixed_c40,1282,9707295,26.1795,True,,40,read
falkordb,mixed_c40,1283,9710376,26.2508,True,,40,read
falkordb,mixed_c40,1284,9711261,24.1076,True,,40,read
falkordb,mixed_c40,1285,9711379,24.9023,True,,40,read
falkordb,mixed_c40,1286,9803439,25.3682,True,,40,read
falkordb,mixed_c40,1287,,27.5728,True,,40,write
falkordb,mixed_c40,1288,9804313,25.1057,True,,40,read
falkordb,mixed_c40,1289,9804343,28.0383,True,,40,read
falkordb,mixed_c40,1290,,24.7863,True,,40,write
falkordb,mixed_c40,1291,9809529,26.2019,True,,40,read
falkordb,mixed_c40,1292,9810418,26.4433,True,,40,read
falkordb,mixed_c40,1293,,24.9223,True,,40,write
falkordb,mixed_c40,1294,9811469,24.8824,True,,40,read
falkordb,mixed_c40,1295,9812342,24.5957,True,,40,read
falkordb,mixed_c40,1296,9906506,24.0177,True,,40,read
falkordb,mixed_c40,1297,9907534,24.0944,True,,40,read
falkordb,mixed_c40,1298,9909234,24.7906,True,,40,read
falkordb,mixed_c40,1299,9909512,24.5972,True,,40,read
falkordb,mixed_c40,1300,2106,24.591,True,,40,read
falkordb,mixed_c40,1301,6114,22.9917,True,,40,read
falkordb,mixed_c40,1302,6217,25.0067,True,,40,read
falkordb,mixed_c40,1303,7077,25.4647,True,,40,read
falkordb,mixed_c40,1304,7211,24.3022,True,,40,read
falkordb,mixed_c40,1305,7232,24.1249,True,,40,read
falkordb,mixed_c40,1306,9292,24.7261,True,,40,read
falkordb,mixed_c40,1307,10094,28.3591,True,,40,read
falkordb,mixed_c40,1308,,26.8282,True,,40,write
falkordb,mixed_c40,1309,12020,26.3995,True,,40,read
falkordb,mixed_c40,1310,101328,25.9055,True,,40,read
falkordb,mixed_c40,1311,102194,27.1904,True,,40,read
falkordb,mixed_c40,1312,102318,25.5873,True,,40,read
falkordb,mixed_c40,1313,,25.8789,True,,40,write
falkordb,mixed_c40,1314,,24.6022,True,,40,write
falkordb,mixed_c40,1315,105349,25.0364,True,,40,read
falkordb,mixed_c40,1316,106261,22.6518,True,,40,read
falkordb,mixed_c40,1317,107028,23.8168,True,,40,read
falkordb,mixed_c40,1318,107093,24.2308,True,,40,read
falkordb,mixed_c40,1319,107295,24.4996,True,,40,read
falkordb,mixed_c40,1320,108250,25.2097,True,,40,read
falkordb,mixed_c40,1321,109054,25.3263,True,,40,read
falkordb,mixed_c40,1322,,25.2355,True,,40,write
falkordb,mixed_c40,1323,110264,25.2289,True,,40,read
falkordb,mixed_c40,1324,110376,24.9403,True,,40,read
falkordb,mixed_c40,1325,201053,24.7462,True,,40,read
falkordb,mixed_c40,1326,204096,23.8991,True,,40,read
falkordb,mixed_c40,1327,204176,23.8647,True,,40,read
falkordb,mixed_c40,1328,204182,26.7841,True,,40,read
falkordb,mixed_c40,1329,205038,24.0076,True,,40,read
falkordb,mixed_c40,1330,207048,25.3808,True,,40,read
falkordb,mixed_c40,1331,207227,24.525,True,,40,read
falkordb,mixed_c40,1332,208138,26.4352,True,,40,read
falkordb,mixed_c40,1333,,25.1858,True,,40,write
falkordb,mixed_c40,1334,209058,26.1424,True,,40,read
falkordb,mixed_c40,1335,,25.4121,True,,40,write
falkordb,mixed_c40,1336,210254,28.9991,True,,40,read
falkordb,mixed_c40,1337,302080,26.7579,True,,40,read
falkordb,mixed_c40,1338,9208245,25.1501,True,,40,read
falkordb,mixed_c40,1339,9304275,24.1641,True,,40,read
falkordb,mixed_c40,1340,9305258,24.6207,True,,40,read
falkordb,mixed_c40,1341,,24.7112,True,,40,write
falkordb,mixed_c40,1342,9307320,24.6693,True,,40,read
falkordb,mixed_c40,1343,9309220,24.9458,True,,40,read
falkordb,mixed_c40,1344,9309273,22.9237,True,,40,read
falkordb,mixed_c40,1345,9309293,40.468,True,,40,read
falkordb,mixed_c40,1346,9310213,24.2634,True,,40,read
falkordb,mixed_c40,1347,,41.3539,True,,40,write
falkordb,mixed_c40,1348,,23.325,True,,40,write
falkordb,mixed_c40,1349,9401326,40.8206,True,,40,read
falkordb,mixed_c40,1350,9403260,40.3107,True,,40,read
falkordb,mixed_c40,1351,9403269,40.2413,True,,40,read
falkordb,mixed_c40,1352,,37.2803,True,,40,write
falkordb,mixed_c40,1353,9407278,39.0154,True,,40,read
falkordb,mixed_c40,1354,9407401,38.2407,True,,40,read
falkordb,mixed_c40,1355,,32.1171,True,,40,write
falkordb,mixed_c40,1356,9501350,32.4881,True,,40,read
falkordb,mixed_c40,1357,,31.7184,True,,40,write
falkordb,mixed_c40,1358,9502306,28.7053,True,,40,read
falkordb,mixed_c40,1359,9502360,23.9463,True,,40,read
falkordb,mixed_c40,1360,,26.1587,True,,40,write
falkordb,mixed_c40,1361,,26.1194,True,,40,write
falkordb,mixed_c40,1362,9505303,24.8829,True,,40,read
falkordb,mixed_c40,1363,9505310,24.7967,True,,40,read
falkordb,mixed_c40,1364,9505324,24.9659,True,,40,read
falkordb,mixed_c40,1365,9508299,23.9525,True,,40,read
falkordb,mixed_c40,1366,9509349,24.5661,True,,40,read
falkordb,mixed_c40,1367,,24.7431,True,,40,write
falkordb,mixed_c40,1368,9603420,27.5659,True,,40,read
falkordb,mixed_c40,1369,9606252,26.328,True,,40,read
falkordb,mixed_c40,1370,9609217,25.6054,True,,40,read
falkordb,mixed_c40,1371,9609470,26.4355,True,,40,read
falkordb,mixed_c40,1372,9610393,27.6376,True,,40,read
falkordb,mixed_c40,1373,9701246,26.9195,True,,40,read
falkordb,mixed_c40,1374,9702270,26.2816,True,,40,read
falkordb,mixed_c40,1375,9703209,25.2021,True,,40,read
falkordb,mixed_c40,1376,9703232,24.4155,True,,40,read
falkordb,mixed_c40,1377,9703423,24.5504,True,,40,read
falkordb,mixed_c40,1378,,25.2953,True,,40,write
falkordb,mixed_c40,1379,9706541,25.6059,True,,40,read
falkordb,mixed_c40,1380,9707250,25.075,True,,40,read
falkordb,mixed_c40,1381,,22.5101,True,,40,write
falkordb,mixed_c40,1382,9707295,25.5313,True,,40,read
falkordb,mixed_c40,1383,9710376,23.4572,True,,40,read
falkordb,mixed_c40,1384,,25.5264,True,,40,write
falkordb,mixed_c40,1385,9711379,26.9343,True,,40,read
falkordb,mixed_c40,1386,9803439,26.7621,True,,40,read
falkordb,mixed_c40,1387,9804298,24.7352,True,,40,read
falkordb,mixed_c40,1388,9804313,25.3183,True,,40,read
falkordb,mixed_c40,1389,9804343,24.8848,True,,40,read
falkordb,mixed_c40,1390,9805465,25.2339,True,,40,read
falkordb,mixed_c40,1391,9809529,26.0237,True,,40,read
falkordb,mixed_c40,1392,9810418,27.1492,True,,40,read
falkordb,mixed_c40,1393,9811432,24.6985,True,,40,read
falkordb,mixed_c40,1394,9811469,26.8783,True,,40,read
falkordb,mixed_c40,1395,,28.2744,True,,40,write
falkordb,mixed_c40,1396,9906506,25.0901,True,,40,read
falkordb,mixed_c40,1397,,27.3441,True,,40,write
falkordb,mixed_c40,1398,9909234,23.8479,True,,40,read
falkordb,mixed_c40,1399,9909512,28.6842,True,,40,read
falkordb,mixed_c40,1400,2106,26.2629,True,,40,read
falkordb,mixed_c40,1401,6114,25.8107,True,,40,read
falkordb,mixed_c40,1402,6217,24.9651,True,,40,read
falkordb,mixed_c40,1403,7077,26.2684,True,,40,read
falkordb,mixed_c40,1404,7211,23.4993,True,,40,read
falkordb,mixed_c40,1405,7232,24.7376,True,,40,read
falkordb,mixed_c40,1406,9292,25.0451,True,,40,read
falkordb,mixed_c40,1407,10094,23.4158,True,,40,read
falkordb,mixed_c40,1408,10180,25.4021,True,,40,read
falkordb,mixed_c40,1409,12020,25.4841,True,,40,read
falkordb,mixed_c40,1410,101328,26.7098,True,,40,read
falkordb,mixed_c40,1411,102194,27.0042,True,,40,read
falkordb,mixed_c40,1412,102318,24.9685,True,,40,read
falkordb,mixed_c40,1413,104122,25.8895,True,,40,read
falkordb,mixed_c40,1414,104187,23.9082,True,,40,read
falkordb,mixed_c40,1415,,27.0228,True,,40,write
falkordb,mixed_c40,1416,106261,24.767,True,,40,read
falkordb,mixed_c40,1417,107028,26.8739,True,,40,read
falkordb,mixed_c40,1418,,28.2323,True,,40,write
falkordb,mixed_c40,1419,107295,29.8183,True,,40,read
falkordb,mixed_c40,1420,108250,26.5885,True,,40,read
falkordb,mixed_c40,1421,109054,27.7992,True,,40,read
falkordb,mixed_c40,1422,,26.1761,True,,40,write
falkordb,mixed_c40,1423,,25.1109,True,,40,write
falkordb,mixed_c40,1424,,26.5018,True,,40,write
falkordb,mixed_c40,1425,201053,24.4872,True,,40,read
falkordb,mixed_c40,1426,204096,26.8031,True,,40,read
falkordb,mixed_c40,1427,204176,24.9415,True,,40,read
falkordb,mixed_c40,1428,204182,25.3854,True,,40,read
falkordb,mixed_c40,1429,205038,25.9366,True,,40,read
falkordb,mixed_c40,1430,207048,24.2407,True,,40,read
falkordb,mixed_c40,1431,207227,27.1623,True,,40,read
falkordb,mixed_c40,1432,208138,25.1007,True,,40,read
falkordb,mixed_c40,1433,208159,25.5883,True,,40,read
falkordb,mixed_c40,1434,209058,25.5993,True,,40,read
falkordb,mixed_c40,1435,209108,25.9278,True,,40,read
falkordb,mixed_c40,1436,210254,30.3691,True,,40,read
falkordb,mixed_c40,1437,,29.1902,True,,40,write
falkordb,mixed_c40,1438,9208245,28.8414,True,,40,read
falkordb,mixed_c40,1439,9304275,28.8861,True,,40,read
falkordb,mixed_c40,1440,9305258,28.078,True,,40,read
falkordb,mixed_c40,1441,9306241,27.4567,True,,40,read
falkordb,mixed_c40,1442,9307320,27.5118,True,,40,read
falkordb,mixed_c40,1443,9309220,26.3614,True,,40,read
falkordb,mixed_c40,1444,9309273,25.185,True,,40,read
falkordb,mixed_c40,1445,9309293,25.0049,True,,40,read
falkordb,mixed_c40,1446,9310213,26.1238,True,,40,read
falkordb,mixed_c40,1447,,25.0929,True,,40,write
falkordb,mixed_c40,1448,9401244,27.4486,True,,40,read
falkordb,mixed_c40,1449,,30.7926,True,,40,write
falkordb,mixed_c40,1450,9403260,27.2366,True,,40,read
falkordb,mixed_c40,1451,9403269,25.7105,True,,40,read
falkordb,mixed_c40,1452,9407272,27.9069,True,,40,read
falkordb,mixed_c40,1453,,24.9254,True,,40,write
falkordb,mixed_c40,1454,9407401,27.6157,True,,40,read
falkordb,mixed_c40,1455,9501227,25.6799,True,,40,read
falkordb,mixed_c40,1456,9501350,29.6359,True,,40,read
falkordb,mixed_c40,1457,9501376,27.4177,True,,40,read
falkordb,mixed_c40,1458,9502306,25.9677,True,,40,read
falkordb,mixed_c40,1459,9502360,28.8241,True,,40,read
falkordb,mixed_c40,1460,9503294,25.5444,True,,40,read
falkordb,mixed_c40,1461,9504347,25.7887,True,,40,read
falkordb,mixed_c40,1462,9505303,26.4756,True,,40,read
falkordb,mixed_c40,1463,9505310,25.5456,True,,40,read
falkordb,mixed_c40,1464,9505324,26.0079,True,,40,read
falkordb,mixed_c40,1465,9508299,25.7533,True,,40,read
falkordb,mixed_c40,1466,9509349,25.4044,True,,40,read
falkordb,mixed_c40,1467,,24.7779,True,,40,write
falkordb,mixed_c40,1468,9603420,24.7103,True,,40,read
falkordb,mixed_c40,1469,9606252,25.1764,True,,40,read
falkordb,mixed_c40,1470,9609217,25.1719,True,,40,read
falkordb,mixed_c40,1471,9609470,24.4746,True,,40,read
falkordb,mixed_c40,1472,9610393,24.7953,True,,40,read
falkordb,mixed_c40,1473,9701246,25.7738,True,,40,read
falkordb,mixed_c40,1474,9702270,26.7141,True,,40,read
falkordb,mixed_c40,1475,9703209,24.9969,True,,40,read
falkordb,mixed_c40,1476,9703232,26.1158,True,,40,read
falkordb,mixed_c40,1477,9703423,27.3918,True,,40,read
falkordb,mixed_c40,1478,9705262,26.2017,True,,40,read
falkordb,mixed_c40,1479,9706541,26.4268,True,,40,read
falkordb,mixed_c40,1480,9707250,23.6491,True,,40,read
falkordb,mixed_c40,1481,9707282,24.869,True,,40,read
falkordb,mixed_c40,1482,9707295,23.262,True,,40,read
falkordb,mixed_c40,1483,9710376,28.9717,True,,40,read
falkordb,mixed_c40,1484,9711261,28.1786,True,,40,read
falkordb,mixed_c40,1485,9711379,28.032,True,,40,read
falkordb,mixed_c40,1486,9803439,25.121,True,,40,read
falkordb,mixed_c40,1487,9804298,24.0368,True,,40,read
falkordb,mixed_c40,1488,9804313,25.4586,True,,40,read
falkordb,mixed_c40,1489,9804343,25.4418,True,,40,read
falkordb,mixed_c40,1490,9805465,25.7349,True,,40,read
falkordb,mixed_c40,1491,9809529,25.0195,True,,40,read
falkordb,mixed_c40,1492,9810418,25.0749,True,,40,read
falkordb,mixed_c40,1493,9811432,24.2561,True,,40,read
falkordb,mixed_c40,1494,,25.2234,True,,40,write
falkordb,mixed_c40,1495,9812342,26.0807,True,,40,read
falkordb,mixed_c40,1496,,24.7979,True,,40,write
falkordb,mixed_c40,1497,,25.2706,True,,40,write
falkordb,mixed_c40,1498,,23.1136,True,,40,write
falkordb,mixed_c40,1499,,25.0836,True,,40,write
falkordb,mixed_c40,1500,,24.0736,True,,40,write
falkordb,mixed_c40,1501,6114,24.8237,True,,40,read
falkordb,mixed_c40,1502,6217,24.4998,True,,40,read
falkordb,mixed_c40,1503,7077,24.6849,True,,40,read
falkordb,mixed_c40,1504,7211,27.6376,True,,40,read
falkordb,mixed_c40,1505,7232,25.5676,True,,40,read
falkordb,mixed_c40,1506,9292,24.3564,True,,40,read
falkordb,mixed_c40,1507,10094,27.0334,True,,40,read
falkordb,mixed_c40,1508,10180,25.6933,True,,40,read
falkordb,mixed_c40,1509,12020,24.231,True,,40,read
falkordb,mixed_c40,1510,101328,24.9143,True,,40,read
falkordb,mixed_c40,1511,102194,24.2783,True,,40,read
falkordb,mixed_c40,1512,102318,23.4399,True,,40,read
falkordb,mixed_c40,1513,104122,23.5892,True,,40,read
falkordb,mixed_c40,1514,104187,24.2323,True,,40,read
falkordb,mixed_c40,1515,,24.9493,True,,40,write
falkordb,mixed_c40,1516,106261,25.1563,True,,40,read
falkordb,mixed_c40,1517,107028,26.1337,True,,40,read
falkordb,mixed_c40,1518,107093,24.7399,True,,40,read
falkordb,mixed_c40,1519,,25.0561,True,,40,write
falkordb,mixed_c40,1520,108250,25.6057,True,,40,read
falkordb,mixed_c40,1521,109054,25.4248,True,,40,read
falkordb,mixed_c40,1522,109073,24.8828,True,,40,read
falkordb,mixed_c40,1523,110264,25.1241,True,,40,read
falkordb,mixed_c40,1524,,25.436,True,,40,write
falkordb,mixed_c40,1525,201053,28.9267,True,,40,read
falkordb,mixed_c40,1526,204096,27.9639,True,,40,read
falkordb,mixed_c40,1527,,27.0534,True,,40,write
falkordb,mixed_c40,1528,204182,25.6571,True,,40,read
falkordb,mixed_c40,1529,205038,28.8684,True,,40,read
falkordb,mixed_c40,1530,207048,27.5351,True,,40,read
falkordb,mixed_c40,1531,,25.6314,True,,40,write
falkordb,mixed_c40,1532,208138,24.5952,True,,40,read
falkordb,mixed_c40,1533,208159,26.6534,True,,40,read
falkordb,mixed_c40,1534,209058,25.0609,True,,40,read
falkordb,mixed_c40,1535,209108,26.4583,True,,40,read
falkordb,mixed_c40,1536,210254,26.5866,True,,40,read
falkordb,mixed_c40,1537,,25.7344,True,,40,write
falkordb,mixed_c40,1538,9208245,24.7593,True,,40,read
falkordb,mixed_c40,1539,9304275,25.7316,True,,40,read
falkordb,mixed_c40,1540,,25.5698,True,,40,write
falkordb,mixed_c40,1541,9306241,24.9072,True,,40,read
falkordb,mixed_c40,1542,9307320,25.1637,True,,40,read
falkordb,mixed_c40,1543,9309220,24.6422,True,,40,read
falkordb,mixed_c40,1544,9309273,24.4916,True,,40,read
falkordb,mixed_c40,1545,,26.8826,True,,40,write
falkordb,mixed_c40,1546,9310213,28.1728,True,,40,read
falkordb,mixed_c40,1547,,26.2228,True,,40,write
falkordb,mixed_c40,1548,9401244,26.6991,True,,40,read
falkordb,mixed_c40,1549,9401326,25.0447,True,,40,read
falkordb,mixed_c40,1550,9403260,27.0953,True,,40,read
falkordb,mixed_c40,1551,9403269,24.2094,True,,40,read
falkordb,mixed_c40,1552,,23.632,True,,40,write
falkordb,mixed_c40,1553,,25.5695,True,,40,write
falkordb,mixed_c40,1554,9407401,24.9645,True,,40,read
falkordb,mixed_c40,1555,9501227,23.8801,True,,40,read
falkordb,mixed_c40,1556,9501350,24.7279,True,,40,read
falkordb,mixed_c40,1557,,23.5004,True,,40,write
falkordb,mixed_c40,1558,9502306,23.6567,True,,40,read
falkordb,mixed_c40,1559,,24.592,True,,40,write
falkordb,mixed_c40,1560,9503294,24.616,True,,40,read
falkordb,mixed_c40,1561,9504347,25.1426,True,,40,read
falkordb,mixed_c40,1562,9505303,23.8829,True,,40,read
falkordb,mixed_c40,1563,9505310,25.5488,True,,40,read
falkordb,mixed_c40,1564,9505324,25.2001,True,,40,read
falkordb,mixed_c40,1565,9508299,25.4723,True,,40,read
falkordb,mixed_c40,1566,,25.5832,True,,40,write
falkordb,mixed_c40,1567,9603367,24.804,True,,40,read
falkordb,mixed_c40,1568,9603420,24.471,True,,40,read
falkordb,mixed_c40,1569,9606252,26.386,True,,40,read
falkordb,mixed_c40,1570,,23.1693,True,,40,write
falkordb,mixed_c40,1571,,25.5724,True,,40,write
falkordb,mixed_c40,1572,9610393,24.6418,True,,40,read
falkordb,mixed_c40,1573,9701246,23.9625,True,,40,read
falkordb,mixed_c40,1574,9702270,25.2624,True,,40,read
falkordb,mixed_c40,1575,9703209,25.3505,True,,40,read
falkordb,mixed_c40,1576,,25.4858,True,,40,write
falkordb,mixed_c40,1577,9703423,25.6773,True,,40,read
falkordb,mixed_c40,1578,9705262,25.0737,True,,40,read
falkordb,mixed_c40,1579,9706541,28.5083,True,,40,read
falkordb,mixed_c40,1580,9707250,27.0862,True,,40,read
falkordb,mixed_c40,1581,9707282,25.0694,True,,40,read
falkordb,mixed_c40,1582,9707295,24.8831,True,,40,read
falkordb,mixed_c40,1583,9710376,23.8804,True,,40,read
falkordb,mixed_c40,1584,9711261,25.1138,True,,40,read
falkordb,mixed_c40,1585,9711379,24.7776,True,,40,read
falkordb,mixed_c40,1586,9803439,24.972,True,,40,read
falkordb,mixed_c40,1587,9804298,24.7142,True,,40,read
falkordb,mixed_c40,1588,,25.2499,True,,40,write
falkordb,mixed_c40,1589,9804343,24.0081,True,,40,read
falkordb,mixed_c40,1590,,24.0228,True,,40,write
falkordb,mixed_c40,1591,9809529,24.4301,True,,40,read
falkordb,mixed_c40,1592,9810418,24.7153,True,,40,read
falkordb,mixed_c40,1593,,24.5402,True,,40,write
falkordb,mixed_c40,1594,9811469,23.9708,True,,40,read
falkordb,mixed_c40,1595,9812342,24.8538,True,,40,read
falkordb,mixed_c40,1596,,25.3279,True,,40,write
falkordb,mixed_c40,1597,9907534,24.5356,True,,40,read
falkordb,mixed_c40,1598,9909234,23.1882,True,,40,read
falkordb,mixed_c40,1599,9909512,24.4078,True,,40,read
falkordb,mixed_c40,1600,,24.3178,True,,40,write
falkordb,mixed_c40,1601,6114,24.5184,True,,40,read
falkordb,mixed_c40,1602,6217,24.3402,True,,40,read
falkordb,mixed_c40,1603,7077,24.7316,True,,40,read
falkordb,mixed_c40,1604,7211,23.3809,True,,40,read
falkordb,mixed_c40,1605,7232,24.4739,True,,40,read
falkordb,mixed_c40,1606,9292,24.7654,True,,40,read
falkordb,mixed_c40,1607,10094,25.0202,True,,40,read
falkordb,mixed_c40,1608,10180,24.508,True,,40,read
falkordb,mixed_c40,1609,12020,28.9517,True,,40,read
falkordb,mixed_c40,1610,101328,29.9391,True,,40,read
falkordb,mixed_c40,1611,,23.1268,True,,40,write
falkordb,mixed_c40,1612,102318,27.8439,True,,40,read
falkordb,mixed_c40,1613,104122,25.0505,True,,40,read
falkordb,mixed_c40,1614,,25.6293,True,,40,write
falkordb,mixed_c40,1615,105349,26.3469,True,,40,read
falkordb,mixed_c40,1616,106261,23.926,True,,40,read
falkordb,mixed_c40,1617,107028,24.7183,True,,40,read
falkordb,mixed_c40,1618,,26.7843,True,,40,write
falkordb,mixed_c40,1619,,25.4246,True,,40,write
falkordb,mixed_c40,1620,108250,23.363,True,,40,read
falkordb,mixed_c40,1621,109054,23.1424,True,,40,read
falkordb,mixed_c40,1622,109073,24.0252,True,,40,read
falkordb,mixed_c40,1623,,23.2795,True,,40,write
falkordb,mixed_c40,1624,110376,24.9946,True,,40,read
falkordb,mixed_c40,1625,201053,25.1241,True,,40,read
falkordb,mixed_c40,1626,204096,23.9731,True,,40,read
falkordb,mixed_c40,1627,204176,25.3852,True,,40,read
falkordb,mixed_c40,1628,204182,25.1748,True,,40,read
falkordb,mixed_c40,1629,205038,25.2986,True,,40,read
falkordb,mixed_c40,1630,207048,24.7572,True,,40,read
falkordb,mixed_c40,1631,207227,25.0429,True,,40,read
falkordb,mixed_c40,1632,208138,26.8973,True,,40,read
falkordb,mixed_c40,1633,208159,25.5619,True,,40,read
falkordb,mixed_c40,1634,209058,25.1192,True,,40,read
falkordb,mixed_c40,1635,209108,24.7357,True,,40,read
falkordb,mixed_c40,1636,210254,27.6362,True,,40,read
falkordb,mixed_c40,1637,,24.7103,True,,40,write
falkordb,mixed_c40,1638,9208245,25.6141,True,,40,read
falkordb,mixed_c40,1639,9304275,24.9112,True,,40,read
falkordb,mixed_c40,1640,9305258,26.6834,True,,40,read
falkordb,mixed_c40,1641,9306241,27.734,True,,40,read
falkordb,mixed_c40,1642,,26.0037,True,,40,write
falkordb,mixed_c40,1643,9309220,25.5896,True,,40,read
falkordb,mixed_c40,1644,9309273,26.4476,True,,40,read
falkordb,mixed_c40,1645,9309293,25.5967,True,,40,read
falkordb,mixed_c40,1646,9310213,25.2388,True,,40,read
falkordb,mixed_c40,1647,9311240,24.7862,True,,40,read
falkordb,mixed_c40,1648,9401244,24.2153,True,,40,read
falkordb,mixed_c40,1649,9401326,24.366,True,,40,read
falkordb,mixed_c40,1650,9403260,24.6429,True,,40,read
falkordb,mixed_c40,1651,,25.0789,True,,40,write
falkordb,mixed_c40,1652,,26.9193,True,,40,write
falkordb,mixed_c40,1653,9407278,25.0201,True,,40,read
falkordb,mixed_c40,1654,9407401,25.7843,True,,40,read
falkordb,mixed_c40,1655,9501227,24.2286,True,,40,read
falkordb,mixed_c40,1656,9501350,26.6571,True,,40,read
falkordb,mixed_c40,1657,9501376,25.609,True,,40,read
falkordb,mixed_c40,1658,9502306,26.7036,True,,40,read
falkordb,mixed_c40,1659,9502360,23.9522,True,,40,read
falkordb,mixed_c40,1660,9503294,25.0715,True,,40,read
falkordb,mixed_c40,1661,,27.6656,True,,40,write
falkordb,mixed_c40,1662,9505303,28.4736,True,,40,read
falkordb,mixed_c40,1663,9505310,25.6882,True,,40,read
falkordb,mixed_c40,1664,9505324,26.5108,True,,40,read
falkordb,mixed_c40,1665,,27.063,True,,40,write
falkordb,mixed_c40,1666,9509349,28.6752,True,,40,read
falkordb,mixed_c40,1667,9603367,25.6695,True,,40,read
falkordb,mixed_c40,1668,,27.3516,True,,40,write
falkordb,mixed_c40,1669,9606252,25.6274,True,,40,read
falkordb,mixed_c40,1670,,27.6575,True,,40,write
falkordb,mixed_c40,1671,9609470,27.6822,True,,40,read
falkordb,mixed_c40,1672,9610393,23.0676,True,,40,read
falkordb,mixed_c40,1673,9701246,24.4702,True,,40,read
falkordb,mixed_c40,1674,,24.5429,True,,40,write
falkordb,mixed_c40,1675,9703209,25.7507,True,,40,read
falkordb,mixed_c40,1676,9703232,24.1424,True,,40,read
falkordb,mixed_c40,1677,,26.0802,True,,40,write
falkordb,mixed_c40,1678,9705262,28.6002,True,,40,read
falkordb,mixed_c40,1679,9706541,26.941,True,,40,read
falkordb,mixed_c40,1680,9707250,25.322,True,,40,read
falkordb,mixed_c40,1681,9707282,28.5247,True,,40,read
falkordb,mixed_c40,1682,9707295,26.6781,True,,40,read
falkordb,mixed_c40,1683,9710376,25.4039,True,,40,read
falkordb,mixed_c40,1684,,26.2176,True,,40,write
falkordb,mixed_c40,1685,9711379,27.7937,True,,40,read
falkordb,mixed_c40,1686,9803439,25.9967,True,,40,read
falkordb,mixed_c40,1687,9804298,26.4187,True,,40,read
falkordb,mixed_c40,1688,9804313,26.2359,True,,40,read
falkordb,mixed_c40,1689,9804343,25.4578,True,,40,read
falkordb,mixed_c40,1690,,26.9322,True,,40,write
falkordb,mixed_c40,1691,,26.2902,True,,40,write
falkordb,mixed_c40,1692,9810418,24.8812,True,,40,read
falkordb,mixed_c40,1693,9811432,23.9485,True,,40,read
falkordb,mixed_c40,1694,,25.6726,True,,40,write
falkordb,mixed_c40,1695,,26.2689,True,,40,write
falkordb,mixed_c40,1696,,25.1043,True,,40,write
falkordb,mixed_c40,1697,9907534,26.633,True,,40,read
falkordb,mixed_c40,1698,9909234,24.4443,True,,40,read
falkordb,mixed_c40,1699,9909512,24.8908,True,,40,read
falkordb,mixed_c40,1700,2106,27.7156,True,,40,read
falkordb,mixed_c40,1701,6114,25.3387,True,,40,read
falkordb,mixed_c40,1702,6217,28.2386,True,,40,read
falkordb,mixed_c40,1703,,25.0028,True,,40,write
falkordb,mixed_c40,1704,,25.5658,True,,40,write
falkordb,mixed_c40,1705,7232,30.6056,True,,40,read
falkordb,mixed_c40,1706,9292,25.104,True,,40,read
falkordb,mixed_c40,1707,10094,30.1219,True,,40,read
falkordb,mixed_c40,1708,10180,26.4893,True,,40,read
falkordb,mixed_c40,1709,12020,25.5615,True,,40,read
falkordb,mixed_c40,1710,101328,27.1443,True,,40,read
falkordb,mixed_c40,1711,102194,24.665,True,,40,read
falkordb,mixed_c40,1712,102318,27.4623,True,,40,read
falkordb,mixed_c40,1713,104122,27.7527,True,,40,read
falkordb,mixed_c40,1714,,25.8988,True,,40,write
falkordb,mixed_c40,1715,105349,25.7111,True,,40,read
falkordb,mixed_c40,1716,106261,25.5697,True,,40,read
falkordb,mixed_c40,1717,107028,24.2285,True,,40,read
falkordb,mixed_c40,1718,107093,23.4263,True,,40,read
falkordb,mixed_c40,1719,107295,25.9046,True,,40,read
falkordb,mixed_c40,1720,108250,24.9774,True,,40,read
falkordb,mixed_c40,1721,109054,24.2344,True,,40,read
falkordb,mixed_c40,1722,109073,24.5614,True,,40,read
falkordb,mixed_c40,1723,110264,24.3416,True,,40,read
falkordb,mixed_c40,1724,110376,24.0797,True,,40,read
falkordb,mixed_c40,1725,201053,24.4961,True,,40,read
falkordb,mixed_c40,1726,204096,24.0408,True,,40,read
falkordb,mixed_c40,1727,,26.3654,True,,40,write
falkordb,mixed_c40,1728,204182,28.0948,True,,40,read
falkordb,mixed_c40,1729,,26.7726,True,,40,write
falkordb,mixed_c40,1730,207048,26.5094,True,,40,read
falkordb,mixed_c40,1731,,24.6038,True,,40,write
falkordb,mixed_c40,1732,,23.5399,True,,40,write
falkordb,mixed_c40,1733,208159,26.4229,True,,40,read
falkordb,mixed_c40,1734,209058,24.2446,True,,40,read
falkordb,mixed_c40,1735,,23.7451,True,,40,write
falkordb,mixed_c40,1736,210254,24.5514,True,,40,read
falkordb,mixed_c40,1737,302080,23.6571,True,,40,read
falkordb,mixed_c40,1738,,23.9437,True,,40,write
falkordb,mixed_c40,1739,9304275,24.4603,True,,40,read
falkordb,mixed_c40,1740,,28.2662,True,,40,write
falkordb,mixed_c40,1741,9306241,26.8632,True,,40,read
falkordb,mixed_c40,1742,,27.1726,True,,40,write
falkordb,mixed_c40,1743,9309220,26.4446,True,,40,read
falkordb,mixed_c40,1744,,26.061,True,,40,write
falkordb,mixed_c40,1745,9309293,25.1753,True,,40,read
falkordb,mixed_c40,1746,9310213,23.3362,True,,40,read
falkordb,mixed_c40,1747,9311240,23.7699,True,,40,read
falkordb,mixed_c40,1748,9401244,24.8546,True,,40,read
falkordb,mixed_c40,1749,9401326,25.788,True,,40,read
falkordb,mixed_c40,1750,9403260,25.831,True,,40,read
falkordb,mixed_c40,1751,9403269,25.9756,True,,40,read
falkordb,mixed_c40,1752,9407272,26.2761,True,,40,read
falkordb,mixed_c40,1753,9407278,25.1954,True,,40,read
falkordb,mixed_c40,1754,,22.777,True,,40,write
falkordb,mixed_c40,1755,9501227,25.2458,True,,40,read
falkordb,mixed_c40,1756,,25.2914,True,,40,write
falkordb,mixed_c40,1757,9501376,22.8235,True,,40,read
falkordb,mixed_c40,1758,9502306,22.6942,True,,40,read
falkordb,mixed_c40,1759,9502360,24.7708,True,,40,read
falkordb,mixed_c40,1760,9503294,25.114,True,,40,read
falkordb,mixed_c40,1761,,26.0839,True,,40,write
falkordb,mixed_c40,1762,9505303,26.6922,True,,40,read
falkordb,mixed_c40,1763,9505310,27.4793,True,,40,read
falkordb,mixed_c40,1764,9505324,25.3817,True,,40,read
falkordb,mixed_c40,1765,9508299,26.2275,True,,40,read
falkordb,mixed_c40,1766,9509349,24.7822,True,,40,read
falkordb,mixed_c40,1767,,26.1203,True,,40,write
falkordb,mixed_c40,1768,9603420,24.9202,True,,40,read
falkordb,mixed_c40,1769,9606252,25.4548,True,,40,read
falkordb,mixed_c40,1770,9609217,24.9013,True,,40,read
falkordb,mixed_c40,1771,9609470,24.9409,True,,40,read
falkordb,mixed_c40,1772,9610393,23.8692,True,,40,read
falkordb,mixed_c40,1773,,24.2283,True,,40,write
falkordb,mixed_c40,1774,9702270,25.2629,True,,40,read
falkordb,mixed_c40,1775,9703209,24.8688,True,,40,read
falkordb,mixed_c40,1776,9703232,24.3131,True,,40,read
falkordb,mixed_c40,1777,9703423,23.9409,True,,40,read
falkordb,mixed_c40,1778,9705262,25.6148,True,,40,read
falkordb,mixed_c40,1779,9706541,32.1763,True,,40,read
falkordb,mixed_c40,1780,9707250,28.3725,True,,40,read
falkordb,mixed_c40,1781,,28.5411,True,,40,write
falkordb,mixed_c40,1782,9707295,26.5056,True,,40,read
falkordb,mixed_c40,1783,,25.1076,True,,40,write
falkordb,mixed_c40,1784,9711261,25.9009,True,,40,read
falkordb,mixed_c40,1785,9711379,26.1663,True,,40,read
falkordb,mixed_c40,1786,9803439,26.4717,True,,40,read
falkordb,mixed_c40,1787,9804298,23.8955,True,,40,read
falkordb,mixed_c40,1788,,24.8262,True,,40,write
falkordb,mixed_c40,1789,,24.5111,True,,40,write
falkordb,mixed_c40,1790,9805465,23.5015,True,,40,read
falkordb,mixed_c40,1791,9809529,23.3227,True,,40,read
falkordb,mixed_c40,1792,9810418,24.7589,True,,40,read
falkordb,mixed_c40,1793,9811432,24.0018,True,,40,read
falkordb,mixed_c40,1794,9811469,25.6348,True,,40,read
falkordb,mixed_c40,1795,9812342,24.9476,True,,40,read
falkordb,mixed_c40,1796,9906506,24.0213,True,,40,read
falkordb,mixed_c40,1797,,25.8268,True,,40,write
falkordb,mixed_c40,1798,9909234,25.8751,True,,40,read
falkordb,mixed_c40,1799,9909512,25.7176,True,,40,read
falkordb,mixed_c40,1800,2106,25.1626,True,,40,read
falkordb,mixed_c40,1801,6114,24.7433,True,,40,read
falkordb,mixed_c40,1802,6217,25.8676,True,,40,read
falkordb,mixed_c40,1803,7077,23.9597,True,,40,read
falkordb,mixed_c40,1804,,24.4513,True,,40,write
falkordb,mixed_c40,1805,,23.8938,True,,40,write
falkordb,mixed_c40,1806,,24.2762,True,,40,write
falkordb,mixed_c40,1807,10094,23.3682,True,,40,read
falkordb,mixed_c40,1808,10180,27.1679,True,,40,read
falkordb,mixed_c40,1809,,25.121,True,,40,write
falkordb,mixed_c40,1810,101328,26.2048,True,,40,read
falkordb,mixed_c40,1811,102194,24.3925,True,,40,read
falkordb,mixed_c40,1812,,24.7624,True,,40,write
falkordb,mixed_c40,1813,,24.8918,True,,40,write
falkordb,mixed_c40,1814,104187,25.0767,True,,40,read
falkordb,mixed_c40,1815,105349,26.1919,True,,40,read
falkordb,mixed_c40,1816,106261,24.6025,True,,40,read
falkordb,mixed_c40,1817,107028,25.2999,True,,40,read
falkordb,mixed_c40,1818,107093,25.9244,True,,40,read
falkordb,mixed_c40,1819,,26.4063,True,,40,write
falkordb,mixed_c40,1820,108250,25.3134,True,,40,read
falkordb,mixed_c40,1821,109054,25.0108,True,,40,read
falkordb,mixed_c40,1822,109073,25.3387,True,,40,read
falkordb,mixed_c40,1823,110264,25.1069,True,,40,read
falkordb,mixed_c40,1824,110376,25.6273,True,,40,read
falkordb,mixed_c40,1825,201053,22.8378,True,,40,read
falkordb,mixed_c40,1826,204096,25.7306,True,,40,read
falkordb,mixed_c40,1827,204176,25.194,True,,40,read
falkordb,mixed_c40,1828,204182,25.371,True,,40,read
falkordb,mixed_c40,1829,205038,25.3437,True,,40,read
falkordb,mixed_c40,1830,,22.6001,True,,40,write
falkordb,mixed_c40,1831,207227,23.6934,True,,40,read
falkordb,mixed_c40,1832,208138,23.815,True,,40,read
falkordb,mixed_c40,1833,208159,24.775,True,,40,read
falkordb,mixed_c40,1834,209058,24.8573,True,,40,read
falkordb,mixed_c40,1835,209108,24.6805,True,,40,read
falkordb,mixed_c40,1836,210254,25.8271,True,,40,read
falkordb,mixed_c40,1837,,23.1688,True,,40,write
falkordb,mixed_c40,1838,9208245,23.157,True,,40,read
falkordb,mixed_c40,1839,9304275,24.8565,True,,40,read
falkordb,mixed_c40,1840,9305258,25.6615,True,,40,read
falkordb,mixed_c40,1841,9306241,25.1024,True,,40,read
falkordb,mixed_c40,1842,9307320,26.0293,True,,40,read
falkordb,mixed_c40,1843,9309220,24.1149,True,,40,read
falkordb,mixed_c40,1844,,25.2149,True,,40,write
falkordb,mixed_c40,1845,9309293,25.3559,True,,40,read
falkordb,mixed_c40,1846,9310213,23.8859,True,,40,read
falkordb,mixed_c40,1847,9311240,24.7386,True,,40,read
falkordb,mixed_c40,1848,9401244,25.9811,True,,40,read
falkordb,mixed_c40,1849,9401326,25.0626,True,,40,read
falkordb,mixed_c40,1850,9403260,24.2784,True,,40,read
falkordb,mixed_c40,1851,9403269,24.5065,True,,40,read
falkordb,mixed_c40,1852,9407272,24.6989,True,,40,read
falkordb,mixed_c40,1853,9407278,24.437,True,,40,read
falkordb,mixed_c40,1854,9407401,24.9389,True,,40,read
falkordb,mixed_c40,1855,9501227,25.4174,True,,40,read
falkordb,mixed_c40,1856,9501350,25.3112,True,,40,read
falkordb,mixed_c40,1857,9501376,26.6469,True,,40,read
falkordb,mixed_c40,1858,9502306,25.7889,True,,40,read
falkordb,mixed_c40,1859,,25.1464,True,,40,write
falkordb,mixed_c40,1860,9503294,25.7021,True,,40,read
falkordb,mixed_c40,1861,9504347,24.824,True,,40,read
falkordb,mixed_c40,1862,9505303,25.1853,True,,40,read
falkordb,mixed_c40,1863,,22.9115,True,,40,write
falkordb,mixed_c40,1864,9505324,25.5786,True,,40,read
falkordb,mixed_c40,1865,9508299,25.1072,True,,40,read
falkordb,mixed_c40,1866,,27.1348,True,,40,write
falkordb,mixed_c40,1867,9603367,26.8998,True,,40,read
falkordb,mixed_c40,1868,9603420,26.6754,True,,40,read
falkordb,mixed_c40,1869,9606252,26.6267,True,,40,read
falkordb,mixed_c40,1870,,25.0481,True,,40,write
falkordb,mixed_c40,1871,9609470,23.5372,True,,40,read
falkordb,mixed_c40,1872,9610393,23.2188,True,,40,read
falkordb,mixed_c40,1873,,24.537,True,,40,write
falkordb,mixed_c40,1874,9702270,24.9053,True,,40,read
falkordb,mixed_c40,1875,9703209,24.8471,True,,40,read
falkordb,mixed_c40,1876,9703232,22.8714,True,,40,read
falkordb,mixed_c40,1877,,23.7848,True,,40,write
falkordb,mixed_c40,1878,9705262,26.607,True,,40,read
falkordb,mixed_c40,1879,9706541,25.2244,True,,40,read
falkordb,mixed_c40,1880,9707250,25.2677,True,,40,read
falkordb,mixed_c40,1881,9707282,24.6271,True,,40,read
falkordb,mixed_c40,1882,9707295,25.3639,True,,40,read
falkordb,mixed_c40,1883,,24.8065,True,,40,write
falkordb,mixed_c40,1884,9711261,24.6792,True,,40,read
falkordb,mixed_c40,1885,,25.6895,True,,40,write
falkordb,mixed_c40,1886,9803439,26.0594,True,,40,read
falkordb,mixed_c40,1887,9804298,24.0303,True,,40,read
falkordb,mixed_c40,1888,9804313,24.3219,True,,40,read
falkordb,mixed_c40,1889,,23.4377,True,,40,write
falkordb,mixed_c40,1890,,24.2107,True,,40,write
falkordb,mixed_c40,1891,9809529,24.6496,True,,40,read
falkordb,mixed_c40,1892,,24.4115,True,,40,write
falkordb,mixed_c40,1893,9811432,24.6572,True,,40,read
falkordb,mixed_c40,1894,,25.2038,True,,40,write
falkordb,mixed_c40,1895,9812342,24.4164,True,,40,read
falkordb,mixed_c40,1896,,24.7639,True,,40,write
falkordb,mixed_c40,1897,9907534,24.1638,True,,40,read
falkordb,mixed_c40,1898,9909234,24.5289,True,,40,read
falkordb,mixed_c40,1899,9909512,24.203,True,,40,read
falkordb,mixed_c40,1900,2106,26.0535,True,,40,read
falkordb,mixed_c40,1901,6114,24.4087,True,,40,read
falkordb,mixed_c40,1902,6217,23.9045,True,,40,read
falkordb,mixed_c40,1903,,23.552,True,,40,write
falkordb,mixed_c40,1904,7211,23.8556,True,,40,read
falkordb,mixed_c40,1905,7232,25.1691,True,,40,read
falkordb,mixed_c40,1906,,25.6017,True,,40,write
falkordb,mixed_c40,1907,10094,25.0976,True,,40,read
falkordb,mixed_c40,1908,,26.1243,True,,40,write
falkordb,mixed_c40,1909,,22.5335,True,,40,write
falkordb,mixed_c40,1910,101328,25.1111,True,,40,read
falkordb,mixed_c40,1911,102194,25.0743,True,,40,read
falkordb,mixed_c40,1912,102318,23.3894,True,,40,read
falkordb,mixed_c40,1913,104122,24.7218,True,,40,read
falkordb,mixed_c40,1914,,24.4037,True,,40,write
falkordb,mixed_c40,1915,105349,24.558,True,,40,read
falkordb,mixed_c40,1916,106261,24.5978,True,,40,read
falkordb,mixed_c40,1917,107028,25.5764,True,,40,read
falkordb,mixed_c40,1918,107093,25.4682,True,,40,read
falkordb,mixed_c40,1919,107295,24.1018,True,,40,read
falkordb,mixed_c40,1920,108250,25.0784,True,,40,read
falkordb,mixed_c40,1921,109054,25.0485,True,,40,read
falkordb,mixed_c40,1922,109073,25.0038,True,,40,read
falkordb,mixed_c40,1923,110264,28.027,True,,40,read
falkordb,mixed_c40,1924,,31.294,True,,40,write
falkordb,mixed_c40,1925,201053,28.4174,True,,40,read
falkordb,mixed_c40,1926,204096,27.7966,True,,40,read
falkordb,mixed_c40,1927,204176,28.7609,True,,40,read
falkordb,mixed_c40,1928,204182,27.2257,True,,40,read
falkordb,mixed_c40,1929,205038,28.0661,True,,40,read
falkordb,mixed_c40,1930,207048,29.0404,True,,40,read
falkordb,mixed_c40,1931,,25.6119,True,,40,write
falkordb,mixed_c40,1932,208138,29.3636,True,,40,read
falkordb,mixed_c40,1933,208159,29.2057,True,,40,read
falkordb,mixed_c40,1934,209058,27.6086,True,,40,read
falkordb,mixed_c40,1935,,26.7927,True,,40,write
falkordb,mixed_c40,1936,210254,26.0574,True,,40,read
falkordb,mixed_c40,1937,,26.2506,True,,40,write
falkordb,mixed_c40,1938,9208245,27.5758,True,,40,read
falkordb,mixed_c40,1939,,26.0303,True,,40,write
falkordb,mixed_c40,1940,,26.1959,True,,40,write
falkordb,mixed_c40,1941,9306241,28.2079,True,,40,read
falkordb,mixed_c40,1942,9307320,25.7296,True,,40,read
falkordb,mixed_c40,1943,,25.0374,True,,40,write
falkordb,mixed_c40,1944,9309273,26.088,True,,40,read
falkordb,mixed_c40,1945,9309293,25.2115,True,,40,read
falkordb,mixed_c40,1946,9310213,23.4122,True,,40,read
falkordb,mixed_c40,1947,9311240,27.4211,True,,40,read
falkordb,mixed_c40,1948,9401244,24.8908,True,,40,read
falkordb,mixed_c40,1949,9401326,24.3563,True,,40,read
falkordb,mixed_c40,1950,9403260,27.4547,True,,40,read
falkordb,mixed_c40,1951,9403269,23.2116,True,,40,read
falkordb,mixed_c40,1952,9407272,26.8605,True,,40,read
falkordb,mixed_c40,1953,9407278,25.2712,True,,40,read
falkordb,mixed_c40,1954,9407401,26.5937,True,,40,read
falkordb,mixed_c40,1955,9501227,30.7051,True,,40,read
falkordb,mixed_c40,1956,9501350,25.221,True,,40,read
falkordb,mixed_c40,1957,9501376,26.48,True,,40,read
falkordb,mixed_c40,1958,9502306,25.1848,True,,40,read
falkordb,mixed_c40,1959,9502360,26.0343,True,,40,read
falkordb,mixed_c40,1960,,27.6107,True,,40,write
falkordb,mixed_c40,1961,,26.1705,True,,40,write
falkordb,mixed_c40,1962,9505303,27.6075,True,,40,read
falkordb,mixed_c40,1963,9505310,26.5294,True,,40,read
falkordb,mixed_c40,1964,9505324,26.9631,True,,40,read
falkordb,mixed_c40,1965,,23.5225,True,,40,write
falkordb,mixed_c40,1966,9509349,27.7214,True,,40,read
falkordb,mixed_c40,1967,9603367,26.8913,True,,40,read
falkordb,mixed_c40,1968,9603420,26.009,True,,40,read
falkordb,mixed_c40,1969,,24.7254,True,,40,write
falkordb,mixed_c40,1970,9609217,24.6192,True,,40,read
falkordb,mixed_c40,1971,9609470,23.8032,True,,40,read
falkordb,mixed_c40,1972,9610393,25.6062,True,,40,read
falkordb,mixed_c40,1973,9701246,25.9693,True,,40,read
falkordb,mixed_c40,1974,9702270,27.7133,True,,40,read
falkordb,mixed_c40,1975,9703209,27.0146,True,,40,read
falkordb,mixed_c40,1976,9703232,26.626,True,,40,read
falkordb,mixed_c40,1977,9703423,26.1172,True,,40,read
falkordb,mixed_c40,1978,9705262,27.821,True,,40,read
falkordb,mixed_c40,1979,9706541,26.0458,True,,40,read
falkordb,mixed_c40,1980,,27.7391,True,,40,write
falkordb,mixed_c40,1981,9707282,28.2448,True,,40,read
falkordb,mixed_c40,1982,9707295,26.8382,True,,40,read
falkordb,mixed_c40,1983,9710376,28.4394,True,,40,read
falkordb,mixed_c40,1984,,26.9666,True,,40,write
falkordb,mixed_c40,1985,9711379,24.7895,True,,40,read
falkordb,mixed_c40,1986,,25.1099,True,,40,write
falkordb,mixed_c40,1987,9804298,25.0788,True,,40,read
falkordb,mixed_c40,1988,9804313,24.6724,True,,40,read
falkordb,mixed_c40,1989,9804343,33.0972,True,,40,read
falkordb,mixed_c40,1990,9805465,31.6136,True,,40,read
falkordb,mixed_c40,1991,9809529,33.1537,True,,40,read
falkordb,mixed_c40,1992,9810418,28.5929,True,,40,read
falkordb,mixed_c40,1993,9811432,25.8636,True,,40,read
falkordb,mixed_c40,1994,,25.2456,True,,40,write
falkordb,mixed_c40,1995,9812342,26.187,True,,40,read
falkordb,mixed_c40,1996,9906506,26.6936,True,,40,read
falkordb,mixed_c40,1997,9907534,26.2109,True,,40,read
falkordb,mixed_c40,1998,9909234,25.9128,True,,40,read
falkordb,mixed_c40,1999,9909512,25.3928,True,,40,read
falkordb,mixed_c40,2000,2106,25.2416,True,,40,read
falkordb,mixed_c40,2001,6114,26.8363,True,,40,read
falkordb,mixed_c40,2002,,24.8016,True,,40,write
falkordb,mixed_c40,2003,7077,27.1773,True,,40,read
falkordb,mixed_c40,2004,7211,28.1758,True,,40,read
falkordb,mixed_c40,2005,7232,26.6026,True,,40,read
falkordb,mixed_c40,2006,,25.5023,True,,40,write
falkordb,mixed_c40,2007,10094,24.6246,True,,40,read
falkordb,mixed_c40,2008,10180,27.3823,True,,40,read
falkordb,mixed_c40,2009,,26.3133,True,,40,write
falkordb,mixed_c40,2010,101328,25.1086,True,,40,read
falkordb,mixed_c40,2011,102194,26.6219,True,,40,read
falkordb,mixed_c40,2012,102318,24.6746,True,,40,read
falkordb,mixed_c40,2013,,25.1524,True,,40,write
falkordb,mixed_c40,2014,104187,26.6409,True,,40,read
falkordb,mixed_c40,2015,105349,25.8323,True,,40,read
falkordb,mixed_c40,2016,106261,26.222,True,,40,read
falkordb,mixed_c40,2017,,26.6803,True,,40,write
falkordb,mixed_c40,2018,107093,25.3393,True,,40,read
falkordb,mixed_c40,2019,,27.444,True,,40,write
falkordb,mixed_c40,2020,108250,25.5231,True,,40,read
falkordb,mixed_c40,2021,109054,26.0923,True,,40,read
falkordb,mixed_c40,2022,109073,26.3971,True,,40,read
falkordb,mixed_c40,2023,110264,25.4101,True,,40,read
falkordb,mixed_c40,2024,110376,24.2551,True,,40,read
falkordb,mixed_c40,2025,201053,25.7133,True,,40,read
falkordb,mixed_c40,2026,204096,24.1747,True,,40,read
falkordb,mixed_c40,2027,204176,25.0359,True,,40,read
falkordb,mixed_c40,2028,,24.9187,True,,40,write
falkordb,mixed_c40,2029,205038,24.5647,True,,40,read
falkordb,mixed_c40,2030,207048,24.4402,True,,40,read
falkordb,mixed_c40,2031,207227,24.1144,True,,40,read
falkordb,mixed_c40,2032,,24.3268,True,,40,write
falkordb,mixed_c40,2033,,23.4424,True,,40,write
falkordb,mixed_c40,2034,209058,25.61,True,,40,read
falkordb,mixed_c40,2035,209108,24.2335,True,,40,read
falkordb,mixed_c40,2036,,22.8807,True,,40,write
falkordb,mixed_c40,2037,302080,25.2713,True,,40,read
falkordb,mixed_c40,2038,9208245,24.2275,True,,40,read
falkordb,mixed_c40,2039,9304275,23.4659,True,,40,read
falkordb,mixed_c40,2040,9305258,23.8326,True,,40,read
falkordb,mixed_c40,2041,,26.4244,True,,40,write
falkordb,mixed_c40,2042,9307320,23.9735,True,,40,read
falkordb,mixed_c40,2043,9309220,23.3162,True,,40,read
falkordb,mixed_c40,2044,9309273,22.9132,True,,40,read
falkordb,mixed_c40,2045,,26.5694,True,,40,write
falkordb,mixed_c40,2046,9310213,25.6711,True,,40,read
falkordb,mixed_c40,2047,9311240,24.6844,True,,40,read
falkordb,mixed_c40,2048,,24.9383,True,,40,write
falkordb,mixed_c40,2049,9401326,23.7594,True,,40,read
falkordb,mixed_c40,2050,9403260,24.084,True,,40,read
falkordb,mixed_c40,2051,9403269,25.632,True,,40,read
falkordb,mixed_c40,2052,9407272,26.2168,True,,40,read
falkordb,mixed_c40,2053,9407278,25.1012,True,,40,read
falkordb,mixed_c40,2054,9407401,23.0656,True,,40,read
falkordb,mixed_c40,2055,,23.507,True,,40,write
falkordb,mixed_c40,2056,,23.4147,True,,40,write
falkordb,mixed_c40,2057,9501376,26.2758,True,,40,read
falkordb,mixed_c40,2058,9502306,22.8949,True,,40,read
falkordb,mixed_c40,2059,9502360,23.1336,True,,40,read
falkordb,mixed_c40,2060,9503294,26.4762,True,,40,read
falkordb,mixed_c40,2061,9504347,27.2528,True,,40,read
falkordb,mixed_c40,2062,9505303,25.1246,True,,40,read
falkordb,mixed_c40,2063,9505310,25.9891,True,,40,read
falkordb,mixed_c40,2064,9505324,24.8021,True,,40,read
falkordb,mixed_c40,2065,9508299,23.1078,True,,40,read
falkordb,mixed_c40,2066,9509349,23.8416,True,,40,read
falkordb,mixed_c40,2067,9603367,24.4422,True,,40,read
falkordb,mixed_c40,2068,9603420,25.3022,True,,40,read
falkordb,mixed_c40,2069,,25.7151,True,,40,write
falkordb,mixed_c40,2070,9609217,24.8401,True,,40,read
falkordb,mixed_c40,2071,,26.1489,True,,40,write
falkordb,mixed_c40,2072,,26.0387,True,,40,write
falkordb,mixed_c40,2073,9701246,25.1695,True,,40,read
falkordb,mixed_c40,2074,9702270,25.3895,True,,40,read
falkordb,mixed_c40,2075,,25.01,True,,40,write
falkordb,mixed_c40,2076,9703232,25.0854,True,,40,read
falkordb,mixed_c40,2077,9703423,25.1973,True,,40,read
falkordb,mixed_c40,2078,9705262,25.269,True,,40,read
falkordb,mixed_c40,2079,9706541,24.6172,True,,40,read
falkordb,mixed_c40,2080,,25.102,True,,40,write
falkordb,mixed_c40,2081,9707282,24.6791,True,,40,read
falkordb,mixed_c40,2082,9707295,24.7551,True,,40,read
falkordb,mixed_c40,2083,9710376,25.9448,True,,40,read
falkordb,mixed_c40,2084,9711261,24.7435,True,,40,read
falkordb,mixed_c40,2085,,26.3665,True,,40,write
falkordb,mixed_c40,2086,9803439,25.9904,True,,40,read
falkordb,mixed_c40,2087,9804298,24.6682,True,,40,read
falkordb,mixed_c40,2088,9804313,25.0298,True,,40,read
falkordb,mixed_c40,2089,9804343,24.1565,True,,40,read
falkordb,mixed_c40,2090,9805465,23.5082,True,,40,read
falkordb,mixed_c40,2091,9809529,24.6337,True,,40,read
falkordb,mixed_c40,2092,9810418,24.598,True,,40,read
falkordb,mixed_c40,2093,9811432,24.5921,True,,40,read
falkordb,mixed_c40,2094,9811469,23.8812,True,,40,read
falkordb,mixed_c40,2095,9812342,24.2758,True,,40,read
falkordb,mixed_c40,2096,9906506,25.9128,True,,40,read
falkordb,mixed_c40,2097,,24.7155,True,,40,write
falkordb,mixed_c40,2098,9909234,25.6528,True,,40,read
falkordb,mixed_c40,2099,,24.4248,True,,40,write
falkordb,mixed_c40,2100,2106,24.9578,True,,40,read
falkordb,mixed_c40,2101,6114,25.4718,True,,40,read
falkordb,mixed_c40,2102,6217,24.514,True,,40,read
falkordb,mixed_c40,2103,,23.4859,True,,40,write
falkordb,mixed_c40,2104,7211,22.2965,True,,40,read
falkordb,mixed_c40,2105,,24.8179,True,,40,write
falkordb,mixed_c40,2106,9292,24.134,True,,40,read
falkordb,mixed_c40,2107,,24.1201,True,,40,write
falkordb,mixed_c40,2108,10180,25.0047,True,,40,read
falkordb,mixed_c40,2109,12020,25.2074,True,,40,read
falkordb,mixed_c40,2110,101328,25.5231,True,,40,read
falkordb,mixed_c40,2111,102194,24.5103,True,,40,read
falkordb,mixed_c40,2112,,24.5446,True,,40,write
falkordb,mixed_c40,2113,104122,24.803,True,,40,read
falkordb,mixed_c40,2114,104187,22.908,True,,40,read
falkordb,mixed_c40,2115,105349,26.0634,True,,40,read
falkordb,mixed_c40,2116,,24.9512,True,,40,write
falkordb,mixed_c40,2117,,25.5407,True,,40,write
falkordb,mixed_c40,2118,107093,25.3309,True,,40,read
falkordb,mixed_c40,2119,107295,24.7832,True,,40,read
falkordb,mixed_c40,2120,108250,25.9216,True,,40,read
falkordb,mixed_c40,2121,109054,25.8006,True,,40,read
falkordb,mixed_c40,2122,109073,24.5322,True,,40,read
falkordb,mixed_c40,2123,110264,25.9008,True,,40,read
falkordb,mixed_c40,2124,110376,26.4295,True,,40,read
falkordb,mixed_c40,2125,201053,25.1084,True,,40,read
falkordb,mixed_c40,2126,204096,27.885,True,,40,read
falkordb,mixed_c40,2127,,27.9782,True,,40,write
falkordb,mixed_c40,2128,,25.394,True,,40,write
falkordb,mixed_c40,2129,205038,23.5028,True,,40,read
falkordb,mixed_c40,2130,207048,23.4448,True,,40,read
falkordb,mixed_c40,2131,207227,27.5537,True,,40,read
falkordb,mixed_c40,2132,208138,26.4616,True,,40,read
falkordb,mixed_c40,2133,208159,25.4634,True,,40,read
falkordb,mixed_c40,2134,209058,26.448,True,,40,read
falkordb,mixed_c40,2135,209108,27.8782,True,,40,read
falkordb,mixed_c40,2136,210254,26.0879,True,,40,read
falkordb,mixed_c40,2137,302080,26.0023,True,,40,read
falkordb,mixed_c40,2138,9208245,24.7801,True,,40,read
falkordb,mixed_c40,2139,9304275,24.5749,True,,40,read
falkordb,mixed_c40,2140,9305258,25.5879,True,,40,read
falkordb,mixed_c40,2141,9306241,25.6278,True,,40,read
falkordb,mixed_c40,2142,9307320,23.0117,True,,40,read
falkordb,mixed_c40,2143,9309220,25.1586,True,,40,read
falkordb,mixed_c40,2144,9309273,27.7147,True,,40,read
falkordb,mixed_c40,2145,9309293,24.5725,True,,40,read
falkordb,mixed_c40,2146,9310213,27.241,True,,40,read
falkordb,mixed_c40,2147,9311240,24.2171,True,,40,read
falkordb,mixed_c40,2148,,27.0914,True,,40,write
falkordb,mixed_c40,2149,9401326,27.5979,True,,40,read
falkordb,mixed_c40,2150,9403260,27.3911,True,,40,read
falkordb,mixed_c40,2151,9403269,27.9219,True,,40,read
falkordb,mixed_c40,2152,9407272,25.5285,True,,40,read
falkordb,mixed_c40,2153,9407278,24.7048,True,,40,read
falkordb,mixed_c40,2154,9407401,25.4078,True,,40,read
falkordb,mixed_c40,2155,9501227,24.8519,True,,40,read
falkordb,mixed_c40,2156,9501350,27.4858,True,,40,read
falkordb,mixed_c40,2157,9501376,26.541,True,,40,read
falkordb,mixed_c40,2158,9502306,23.4394,True,,40,read
falkordb,mixed_c40,2159,9502360,25.9503,True,,40,read
falkordb,mixed_c40,2160,9503294,24.794,True,,40,read
falkordb,mixed_c40,2161,9504347,24.1324,True,,40,read
falkordb,mixed_c40,2162,9505303,27.7588,True,,40,read
falkordb,mixed_c40,2163,,27.9889,True,,40,write
falkordb,mixed_c40,2164,9505324,26.27,True,,40,read
falkordb,mixed_c40,2165,9508299,25.3972,True,,40,read
falkordb,mixed_c40,2166,9509349,25.2779,True,,40,read
falkordb,mixed_c40,2167,9603367,25.1991,True,,40,read
falkordb,mixed_c40,2168,9603420,25.6981,True,,40,read
falkordb,mixed_c40,2169,9606252,24.5237,True,,40,read
falkordb,mixed_c40,2170,9609217,27.0996,True,,40,read
falkordb,mixed_c40,2171,,24.3204,True,,40,write
falkordb,mixed_c40,2172,9610393,25.2447,True,,40,read
falkordb,mixed_c40,2173,9701246,22.9831,True,,40,read
falkordb,mixed_c40,2174,9702270,24.7102,True,,40,read
falkordb,mixed_c40,2175,9703209,24.2146,True,,40,read
falkordb,mixed_c40,2176,9703232,23.5699,True,,40,read
falkordb,mixed_c40,2177,9703423,24.5214,True,,40,read
falkordb,mixed_c40,2178,9705262,24.4826,True,,40,read
falkordb,mixed_c40,2179,9706541,24.4306,True,,40,read
falkordb,mixed_c40,2180,9707250,25.1134,True,,40,read
falkordb,mixed_c40,2181,9707282,24.5926,True,,40,read
falkordb,mixed_c40,2182,9707295,23.8893,True,,40,read
falkordb,mixed_c40,2183,,24.3018,True,,40,write
falkordb,mixed_c40,2184,9711261,24.3847,True,,40,read
falkordb,mixed_c40,2185,9711379,25.5021,True,,40,read
falkordb,mixed_c40,2186,,23.9584,True,,40,write
falkordb,mixed_c40,2187,9804298,23.8314,True,,40,read
falkordb,mixed_c40,2188,,22.6992,True,,40,write
falkordb,mixed_c40,2189,9804343,22.8838,True,,40,read
falkordb,mixed_c40,2190,9805465,24.5836,True,,40,read
falkordb,mixed_c40,2191,9809529,24.8341,True,,40,read
falkordb,mixed_c40,2192,,22.9003,True,,40,write
falkordb,mixed_c40,2193,,25.0326,True,,40,write
falkordb,mixed_c40,2194,9811469,23.6079,True,,40,read
falkordb,mixed_c40,2195,9812342,25.0289,True,,40,read
falkordb,mixed_c40,2196,9906506,22.8763,True,,40,read
falkordb,mixed_c40,2197,9907534,23.2237,True,,40,read
falkordb,mixed_c40,2198,,24.7776,True,,40,write
falkordb,mixed_c40,2199,9909512,23.7451,True,,40,read
falkordb,mixed_c40,2200,2106,22.9695,True,,40,read
falkordb,mixed_c40,2201,6114,25.0576,True,,40,read
falkordb,mixed_c40,2202,6217,25.0481,True,,40,read
falkordb,mixed_c40,2203,7077,24.4203,True,,40,read
falkordb,mixed_c40,2204,,26.5431,True,,40,write
falkordb,mixed_c40,2205,7232,24.8027,True,,40,read
falkordb,mixed_c40,2206,,25.0825,True,,40,write
falkordb,mixed_c40,2207,10094,25.2481,True,,40,read
falkordb,mixed_c40,2208,10180,26.767,True,,40,read
falkordb,mixed_c40,2209,12020,25.4442,True,,40,read
falkordb,mixed_c40,2210,101328,26.7089,True,,40,read
falkordb,mixed_c40,2211,,25.4525,True,,40,write
falkordb,mixed_c40,2212,102318,25.6361,True,,40,read
falkordb,mixed_c40,2213,104122,24.3061,True,,40,read
falkordb,mixed_c40,2214,104187,24.9878,True,,40,read
falkordb,mixed_c40,2215,,24.8806,True,,40,write
falkordb,mixed_c40,2216,106261,26.0882,True,,40,read
falkordb,mixed_c40,2217,107028,24.7551,True,,40,read
falkordb,mixed_c40,2218,107093,23.5967,True,,40,read
falkordb,mixed_c40,2219,,22.6695,True,,40,write
falkordb,mixed_c40,2220,108250,23.7047,True,,40,read
falkordb,mixed_c40,2221,109054,24.8949,True,,40,read
falkordb,mixed_c40,2222,109073,23.2271,True,,40,read
falkordb,mixed_c40,2223,,24.7674,True,,40,write
falkordb,mixed_c40,2224,110376,24.9859,True,,40,read
falkordb,mixed_c40,2225,201053,24.9903,True,,40,read
falkordb,mixed_c40,2226,204096,25.7135,True,,40,read
falkordb,mixed_c40,2227,204176,24.6763,True,,40,read
falkordb,mixed_c40,2228,204182,25.6501,True,,40,read
falkordb,mixed_c40,2229,205038,24.1587,True,,40,read
falkordb,mixed_c40,2230,207048,23.8394,True,,40,read
falkordb,mixed_c40,2231,,24.612,True,,40,write
falkordb,mixed_c40,2232,,25.0853,True,,40,write
falkordb,mixed_c40,2233,208159,25.3036,True,,40,read
falkordb,mixed_c40,2234,209058,22.9721,True,,40,read
falkordb,mixed_c40,2235,209108,25.3813,True,,40,read
falkordb,mixed_c40,2236,210254,25.8262,True,,40,read
falkordb,mixed_c40,2237,302080,26.748,True,,40,read
falkordb,mixed_c40,2238,9208245,26.0682,True,,40,read
falkordb,mixed_c40,2239,9304275,29.2137,True,,40,read
falkordb,mixed_c40,2240,9305258,31.2943,True,,40,read
falkordb,mixed_c40,2241,9306241,30.1599,True,,40,read
falkordb,mixed_c40,2242,9307320,30.3805,True,,40,read
falkordb,mixed_c40,2243,9309220,29.6504,True,,40,read
falkordb,mixed_c40,2244,9309273,25.6478,True,,40,read
falkordb,mixed_c40,2245,9309293,25.9417,True,,40,read
falkordb,mixed_c40,2246,,26.2432,True,,40,write
falkordb,mixed_c40,2247,9311240,24.1617,True,,40,read
falkordb,mixed_c40,2248,9401244,25.048,True,,40,read
falkordb,mixed_c40,2249,,25.5223,True,,40,write
falkordb,mixed_c40,2250,9403260,25.8885,True,,40,read
falkordb,mixed_c40,2251,9403269,26.6188,True,,40,read
falkordb,mixed_c40,2252,,26.9329,True,,40,write
falkordb,mixed_c40,2253,9407278,25.0967,True,,40,read
falkordb,mixed_c40,2254,,24.7187,True,,40,write
falkordb,mixed_c40,2255,9501227,24.9709,True,,40,read
falkordb,mixed_c40,2256,9501350,23.8656,True,,40,read
falkordb,mixed_c40,2257,9501376,26.7346,True,,40,read
falkordb,mixed_c40,2258,9502306,25.866,True,,40,read
falkordb,mixed_c40,2259,9502360,24.6422,True,,40,read
falkordb,mixed_c40,2260,9503294,27.6739,True,,40,read
falkordb,mixed_c40,2261,9504347,26.9254,True,,40,read
falkordb,mixed_c40,2262,,28.7787,True,,40,write
falkordb,mixed_c40,2263,9505310,24.1661,True,,40,read
falkordb,mixed_c40,2264,9505324,27.6967,True,,40,read
falkordb,mixed_c40,2265,9508299,26.7129,True,,40,read
falkordb,mixed_c40,2266,9509349,27.8332,True,,40,read
falkordb,mixed_c40,2267,9603367,26.7624,True,,40,read
falkordb,mixed_c40,2268,9603420,25.2712,True,,40,read
falkordb,mixed_c40,2269,,24.3152,True,,40,write
falkordb,mixed_c40,2270,9609217,24.5877,True,,40,read
falkordb,mixed_c40,2271,9609470,25.2332,True,,40,read
falkordb,mixed_c40,2272,,26.1989,True,,40,write
falkordb,mixed_c40,2273,,24.018,True,,40,write
falkordb,mixed_c40,2274,,25.9924,True,,40,write
falkordb,mixed_c40,2275,9703209,25.3064,True,,40,read
falkordb,mixed_c40,2276,9703232,25.5866,True,,40,read
falkordb,mixed_c40,2277,,24.0269,True,,40,write
falkordb,mixed_c40,2278,,26.4075,True,,40,write
falkordb,mixed_c40,2279,9706541,25.7206,True,,40,read
falkordb,mixed_c40,2280,,25.4298,True,,40,write
falkordb,mixed_c40,2281,9707282,25.3818,True,,40,read
falkordb,mixed_c40,2282,9707295,24.7284,True,,40,read
falkordb,mixed_c40,2283,9710376,24.7093,True,,40,read
falkordb,mixed_c40,2284,9711261,24.6943,True,,40,read
falkordb,mixed_c40,2285,9711379,25.0279,True,,40,read
falkordb,mixed_c40,2286,9803439,23.6119,True,,40,read
falkordb,mixed_c40,2287,9804298,32.2617,True,,40,read
falkordb,mixed_c40,2288,,26.4383,True,,40,write
falkordb,mixed_c40,2289,9804343,32.4808,True,,40,read
falkordb,mixed_c40,2290,9805465,26.3786,True,,40,read
falkordb,mixed_c40,2291,9809529,25.8272,True,,40,read
falkordb,mixed_c40,2292,,30.9591,True,,40,write
falkordb,mixed_c40,2293,9811432,29.911,True,,40,read
falkordb,mixed_c40,2294,9811469,29.7115,True,,40,read
falkordb,mixed_c40,2295,9812342,27.406,True,,40,read
falkordb,mixed_c40,2296,9906506,30.3067,True,,40,read
falkordb,mixed_c40,2297,9907534,30.2287,True,,40,read
falkordb,mixed_c40,2298,9909234,29.217,True,,40,read
falkordb,mixed_c40,2299,,28.0908,True,,40,write
falkordb,mixed_c40,2300,2106,24.6607,True,,40,read
falkordb,mixed_c40,2301,6114,25.2596,True,,40,read
falkordb,mixed_c40,2302,6217,25.7072,True,,40,read
falkordb,mixed_c40,2303,,26.753,True,,40,write
falkordb,mixed_c40,2304,7211,25.2138,True,,40,read
falkordb,mixed_c40,2305,7232,25.2411,True,,40,read
falkordb,mixed_c40,2306,9292,24.0411,True,,40,read
falkordb,mixed_c40,2307,10094,26.9949,True,,40,read
falkordb,mixed_c40,2308,10180,23.8074,True,,40,read
falkordb,mixed_c40,2309,12020,25.0424,True,,40,read
falkordb,mixed_c40,2310,101328,23.1331,True,,40,read
falkordb,mixed_c40,2311,102194,26.5093,True,,40,read
falkordb,mixed_c40,2312,,25.1432,True,,40,write
falkordb,mixed_c40,2313,104122,24.4316,True,,40,read
falkordb,mixed_c40,2314,104187,24.7646,True,,40,read
falkordb,mixed_c40,2315,105349,24.0489,True,,40,read
falkordb,mixed_c40,2316,106261,24.9893,True,,40,read
falkordb,mixed_c40,2317,107028,25.0754,True,,40,read
falkordb,mixed_c40,2318,,26.6008,True,,40,write
falkordb,mixed_c40,2319,107295,25.8332,True,,40,read
falkordb,mixed_c40,2320,108250,25.9093,True,,40,read
falkordb,mixed_c40,2321,109054,24.1996,True,,40,read
falkordb,mixed_c40,2322,109073,24.8736,True,,40,read
falkordb,mixed_c40,2323,110264,25.2553,True,,40,read
falkordb,mixed_c40,2324,110376,25.3384,True,,40,read
falkordb,mixed_c40,2325,201053,24.1264,True,,40,read
falkordb,mixed_c40,2326,,24.2086,True,,40,write
falkordb,mixed_c40,2327,204176,24.3687,True,,40,read
falkordb,mixed_c40,2328,204182,24.8967,True,,40,read
falkordb,mixed_c40,2329,205038,25.6848,True,,40,read
falkordb,mixed_c40,2330,207048,24.7617,True,,40,read
falkordb,mixed_c40,2331,207227,26.88,True,,40,read
falkordb,mixed_c40,2332,208138,25.2482,True,,40,read
falkordb,mixed_c40,2333,208159,25.1012,True,,40,read
falkordb,mixed_c40,2334,209058,25.2247,True,,40,read
falkordb,mixed_c40,2335,209108,24.0798,True,,40,read
falkordb,mixed_c40,2336,,24.0352,True,,40,write
falkordb,mixed_c40,2337,302080,30.7078,True,,40,read
falkordb,mixed_c40,2338,9208245,29.7498,True,,40,read
falkordb,mixed_c40,2339,9304275,30.2629,True,,40,read
falkordb,mixed_c40,2340,9305258,26.6735,True,,40,read
falkordb,mixed_c40,2341,9306241,24.717,True,,40,read
falkordb,mixed_c40,2342,9307320,27.1568,True,,40,read
falkordb,mixed_c40,2343,9309220,27.0631,True,,40,read
falkordb,mixed_c40,2344,9309273,26.2397,True,,40,read
falkordb,mixed_c40,2345,,26.4868,True,,40,write
falkordb,mixed_c40,2346,,26.1437,True,,40,write
falkordb,mixed_c40,2347,9311240,28.0125,True,,40,read
falkordb,mixed_c40,2348,,27.644,True,,40,write
falkordb,mixed_c40,2349,9401326,26.4692,True,,40,read
falkordb,mixed_c40,2350,9403260,24.9782,True,,40,read
falkordb,mixed_c40,2351,,26.6314,True,,40,write
falkordb,mixed_c40,2352,9407272,26.6378,True,,40,read
falkordb,mixed_c40,2353,9407278,26.1082,True,,40,read
falkordb,mixed_c40,2354,,24.7078,True,,40,write
falkordb,mixed_c40,2355,,24.6392,True,,40,write
falkordb,mixed_c40,2356,9501350,24.0668,True,,40,read
falkordb,mixed_c40,2357,9501376,26.3313,True,,40,read
falkordb,mixed_c40,2358,9502306,25.8741,True,,40,read
falkordb,mixed_c40,2359,9502360,24.7809,True,,40,read
falkordb,mixed_c40,2360,9503294,25.2434,True,,40,read
falkordb,mixed_c40,2361,9504347,25.7757,True,,40,read
falkordb,mixed_c40,2362,9505303,25.4912,True,,40,read
falkordb,mixed_c40,2363,9505310,26.9815,True,,40,read
falkordb,mixed_c40,2364,9505324,24.4618,True,,40,read
falkordb,mixed_c40,2365,9508299,24.0263,True,,40,read
falkordb,mixed_c40,2366,9509349,26.0645,True,,40,read
falkordb,mixed_c40,2367,,24.572,True,,40,write
falkordb,mixed_c40,2368,9603420,24.9757,True,,40,read
falkordb,mixed_c40,2369,,25.845,True,,40,write
falkordb,mixed_c40,2370,9609217,24.2335,True,,40,read
falkordb,mixed_c40,2371,,23.7825,True,,40,write
falkordb,mixed_c40,2372,,23.2839,True,,40,write
falkordb,mixed_c40,2373,9701246,23.2912,True,,40,read
falkordb,mixed_c40,2374,9702270,27.9221,True,,40,read
falkordb,mixed_c40,2375,9703209,28.5465,True,,40,read
falkordb,mixed_c40,2376,9703232,24.2739,True,,40,read
falkordb,mixed_c40,2377,9703423,26.9101,True,,40,read
falkordb,mixed_c40,2378,,27.7932,True,,40,write
falkordb,mixed_c40,2379,9706541,24.1273,True,,40,read
falkordb,mixed_c40,2380,9707250,24.0503,True,,40,read
falkordb,mixed_c40,2381,9707282,25.4843,True,,40,read
falkordb,mixed_c40,2382,9707295,22.9117,True,,40,read
falkordb,mixed_c40,2383,9710376,22.7867,True,,40,read
falkordb,mixed_c40,2384,9711261,26.0365,True,,40,read
falkordb,mixed_c40,2385,9711379,24.8005,True,,40,read
falkordb,mixed_c40,2386,,23.6129,True,,40,write
falkordb,mixed_c40,2387,,25.7708,True,,40,write
falkordb,mixed_c40,2388,9804313,24.754,True,,40,read
falkordb,mixed_c40,2389,9804343,24.9678,True,,40,read
falkordb,mixed_c40,2390,9805465,23.0801,True,,40,read
falkordb,mixed_c40,2391,9809529,26.8816,True,,40,read
falkordb,mixed_c40,2392,9810418,26.8057,True,,40,read
falkordb,mixed_c40,2393,9811432,25.9037,True,,40,read
falkordb,mixed_c40,2394,9811469,25.7936,True,,40,read
falkordb,mixed_c40,2395,9812342,25.2061,True,,40,read
falkordb,mixed_c40,2396,,25.4762,True,,40,write
falkordb,mixed_c40,2397,,24.9414,True,,40,write
falkordb,mixed_c40,2398,9909234,25.582,True,,40,read
falkordb,mixed_c40,2399,9909512,23.8209,True,,40,read
falkordb,mixed_c40,2400,2106,24.609,True,,40,read
falkordb,mixed_c40,2401,6114,24.6005,True,,40,read
falkordb,mixed_c40,2402,6217,25.8157,True,,40,read
falkordb,mixed_c40,2403,7077,25.8688,True,,40,read
falkordb,mixed_c40,2404,7211,26.8047,True,,40,read
falkordb,mixed_c40,2405,7232,25.7567,True,,40,read
falkordb,mixed_c40,2406,9292,26.8377,True,,40,read
falkordb,mixed_c40,2407,,21.9649,True,,40,write
falkordb,mixed_c40,2408,10180,22.2546,True,,40,read
falkordb,mixed_c40,2409,12020,25.086,True,,40,read
falkordb,mixed_c40,2410,101328,25.1025,True,,40,read
falkordb,mixed_c40,2411,102194,24.9682,True,,40,read
falkordb,mixed_c40,2412,,24.5099,True,,40,write
falkordb,mixed_c40,2413,104122,24.616,True,,40,read
falkordb,mixed_c40,2414,104187,24.5993,True,,40,read
falkordb,mixed_c40,2415,105349,23.9956,True,,40,read
falkordb,mixed_c40,2416,,27.2816,True,,40,write
falkordb,mixed_c40,2417,,29.3334,True,,40,write
falkordb,mixed_c40,2418,107093,28.5317,True,,40,read
falkordb,mixed_c40,2419,107295,27.6901,True,,40,read
falkordb,mixed_c40,2420,108250,28.6255,True,,40,read
falkordb,mixed_c40,2421,109054,27.0324,True,,40,read
falkordb,mixed_c40,2422,109073,28.1352,True,,40,read
falkordb,mixed_c40,2423,110264,27.8313,True,,40,read
falkordb,mixed_c40,2424,110376,27.3777,True,,40,read
falkordb,mixed_c40,2425,,25.2662,True,,40,write
falkordb,mixed_c40,2426,,26.7276,True,,40,write
falkordb,mixed_c40,2427,204176,24.9191,True,,40,read
falkordb,mixed_c40,2428,204182,23.8066,True,,40,read
falkordb,mixed_c40,2429,205038,25.1131,True,,40,read
falkordb,mixed_c40,2430,207048,25.8936,True,,40,read
falkordb,mixed_c40,2431,207227,24.7503,True,,40,read
falkordb,mixed_c40,2432,208138,24.7977,True,,40,read
falkordb,mixed_c40,2433,,25.5156,True,,40,write
falkordb,mixed_c40,2434,209058,25.3394,True,,40,read
falkordb,mixed_c40,2435,,24.5679,True,,40,write
falkordb,mixed_c40,2436,,23.756,True,,40,write
falkordb,mixed_c40,2437,302080,23.0541,True,,40,read
falkordb,mixed_c40,2438,9208245,25.4103,True,,40,read
falkordb,mixed_c40,2439,9304275,25.008,True,,40,read
falkordb,mixed_c40,2440,,25.1882,True,,40,write
falkordb,mixed_c40,2441,,23.2742,True,,40,write
falkordb,mixed_c40,2442,9307320,25.3766,True,,40,read
falkordb,mixed_c40,2443,9309220,23.6639,True,,40,read
falkordb,mixed_c40,2444,9309273,26.3581,True,,40,read
falkordb,mixed_c40,2445,9309293,26.391,True,,40,read
falkordb,mixed_c40,2446,9310213,25.6438,True,,40,read
falkordb,mixed_c40,2447,,24.3465,True,,40,write
falkordb,mixed_c40,2448,9401244,24.7335,True,,40,read
falkordb,mixed_c40,2449,,24.1928,True,,40,write
falkordb,mixed_c40,2450,,25.0883,True,,40,write
falkordb,mixed_c40,2451,9403269,23.22,True,,40,read
falkordb,mixed_c40,2452,,24.4711,True,,40,write
falkordb,mixed_c40,2453,,25.2457,True,,40,write
falkordb,mixed_c40,2454,9407401,26.0151,True,,40,read
falkordb,mixed_c40,2455,9501227,25.6208,True,,40,read
falkordb,mixed_c40,2456,9501350,25.8703,True,,40,read
falkordb,mixed_c40,2457,9501376,26.1299,True,,40,read
falkordb,mixed_c40,2458,9502306,25.7594,True,,40,read
falkordb,mixed_c40,2459,9502360,25.9147,True,,40,read
falkordb,mixed_c40,2460,9503294,25.9216,True,,40,read
falkordb,mixed_c40,2461,9504347,24.6876,True,,40,read
falkordb,mixed_c40,2462,9505303,27.212,True,,40,read
falkordb,mixed_c40,2463,9505310,25.9745,True,,40,read
falkordb,mixed_c40,2464,9505324,24.8847,True,,40,read
falkordb,mixed_c40,2465,,25.3286,True,,40,write
falkordb,mixed_c40,2466,9509349,24.8913,True,,40,read
falkordb,mixed_c40,2467,,25.2154,True,,40,write
falkordb,mixed_c40,2468,9603420,23.1748,True,,40,read
falkordb,mixed_c40,2469,,27.815,True,,40,write
falkordb,mixed_c40,2470,9609217,25.6327,True,,40,read
falkordb,mixed_c40,2471,,26.911,True,,40,write
falkordb,mixed_c40,2472,9610393,26.0433,True,,40,read
falkordb,mixed_c40,2473,,25.0208,True,,40,write
falkordb,mixed_c40,2474,9702270,27.5514,True,,40,read
falkordb,mixed_c40,2475,9703209,27.5842,True,,40,read
falkordb,mixed_c40,2476,9703232,26.968,True,,40,read
falkordb,mixed_c40,2477,9703423,27.9085,True,,40,read
falkordb,mixed_c40,2478,9705262,25.9064,True,,40,read
falkordb,mixed_c40,2479,9706541,26.9131,True,,40,read
falkordb,mixed_c40,2480,,26.4498,True,,40,write
falkordb,mixed_c40,2481,9707282,26.5253,True,,40,read
falkordb,mixed_c40,2482,9707295,25.9031,True,,40,read
falkordb,mixed_c40,2483,,35.2753,True,,40,write
falkordb,mixed_c40,2484,,24.568,True,,40,write
falkordb,mixed_c40,2485,9711379,34.346,True,,40,read
falkordb,mixed_c40,2486,9803439,34.1394,True,,40,read
falkordb,mixed_c40,2487,9804298,25.954,True,,40,read
falkordb,mixed_c40,2488,9804313,25.0994,True,,40,read
falkordb,mixed_c40,2489,9804343,25.6067,True,,40,read
falkordb,mixed_c40,2490,,25.6396,True,,40,write
falkordb,mixed_c40,2491,9809529,24.6833,True,,40,read
falkordb,mixed_c40,2492,9810418,24.3018,True,,40,read
falkordb,mixed_c40,2493,9811432,26.5848,True,,40,read
falkordb,mixed_c40,2494,,30.0047,True,,40,write
falkordb,mixed_c40,2495,9812342,29.0821,True,,40,read
falkordb,mixed_c40,2496,9906506,31.2082,True,,40,read
falkordb,mixed_c40,2497,9907534,30.1414,True,,40,read
falkordb,mixed_c40,2498,9909234,30.7682,True,,40,read
falkordb,mixed_c40,2499,,28.1935,True,,40,write
falkordb,mixed_c40,2500,2106,27.8875,True,,40,read
falkordb,mixed_c40,2501,6114,26.7859,True,,40,read
falkordb,mixed_c40,2502,6217,27.0337,True,,40,read
falkordb,mixed_c40,2503,7077,27.171,True,,40,read
falkordb,mixed_c40,2504,,25.9803,True,,40,write
falkordb,mixed_c40,2505,7232,24.7208,True,,40,read
falkordb,mixed_c40,2506,9292,26.7552,True,,40,read
falkordb,mixed_c40,2507,10094,26.2144,True,,40,read
falkordb,mixed_c40,2508,,25.2619,True,,40,write
falkordb,mixed_c40,2509,12020,28.1428,True,,40,read
falkordb,mixed_c40,2510,101328,25.2246,True,,40,read
falkordb,mixed_c40,2511,102194,25.6745,True,,40,read
falkordb,mixed_c40,2512,102318,26.1381,True,,40,read
falkordb,mixed_c40,2513,104122,26.3223,True,,40,read
falkordb,mixed_c40,2514,104187,23.8257,True,,40,read
falkordb,mixed_c40,2515,105349,25.8241,True,,40,read
falkordb,mixed_c40,2516,106261,25.7649,True,,40,read
falkordb,mixed_c40,2517,107028,25.2595,True,,40,read
falkordb,mixed_c40,2518,107093,24.8009,True,,40,read
falkordb,mixed_c40,2519,107295,25.0223,True,,40,read
falkordb,mixed_c40,2520,108250,25.1283,True,,40,read
falkordb,mixed_c40,2521,,24.6236,True,,40,write
falkordb,mixed_c40,2522,109073,24.9438,True,,40,read
falkordb,mixed_c40,2523,110264,24.854,True,,40,read
falkordb,mixed_c40,2524,110376,26.8309,True,,40,read
falkordb,mixed_c40,2525,201053,26.5154,True,,40,read
falkordb,mixed_c40,2526,204096,26.7323,True,,40,read
falkordb,mixed_c40,2527,204176,26.0846,True,,40,read
falkordb,mixed_c40,2528,204182,26.7364,True,,40,read
falkordb,mixed_c40,2529,205038,25.0683,True,,40,read
falkordb,mixed_c40,2530,207048,26.3939,True,,40,read
falkordb,mixed_c40,2531,207227,24.3581,True,,40,read
falkordb,mixed_c40,2532,208138,25.3871,True,,40,read
falkordb,mixed_c40,2533,,24.7905,True,,40,write
falkordb,mixed_c40,2534,209058,24.6859,True,,40,read
falkordb,mixed_c40,2535,209108,25.3339,True,,40,read
falkordb,mixed_c40,2536,210254,24.8395,True,,40,read
falkordb,mixed_c40,2537,302080,27.2774,True,,40,read
falkordb,mixed_c40,2538,9208245,25.9717,True,,40,read
falkordb,mixed_c40,2539,9304275,26.1016,True,,40,read
falkordb,mixed_c40,2540,9305258,25.7237,True,,40,read
falkordb,mixed_c40,2541,9306241,24.019,True,,40,read
falkordb,mixed_c40,2542,9307320,22.9339,True,,40,read
falkordb,mixed_c40,2543,9309220,23.6368,True,,40,read
falkordb,mixed_c40,2544,,24.3446,True,,40,write
falkordb,mixed_c40,2545,9309293,24.6562,True,,40,read
falkordb,mixed_c40,2546,9310213,25.1985,True,,40,read
falkordb,mixed_c40,2547,,24.5232,True,,40,write
falkordb,mixed_c40,2548,9401244,23.7359,True,,40,read
falkordb,mixed_c40,2549,9401326,25.3483,True,,40,read
falkordb,mixed_c40,2550,9403260,24.8699,True,,40,read
falkordb,mixed_c40,2551,9403269,25.5148,True,,40,read
falkordb,mixed_c40,2552,9407272,26.1502,True,,40,read
falkordb,mixed_c40,2553,9407278,25.709,True,,40,read
falkordb,mixed_c40,2554,9407401,24.9407,True,,40,read
falkordb,mixed_c40,2555,9501227,23.683,True,,40,read
falkordb,mixed_c40,2556,9501350,25.9522,True,,40,read
falkordb,mixed_c40,2557,9501376,24.0447,True,,40,read
falkordb,mixed_c40,2558,9502306,25.2354,True,,40,read
falkordb,mixed_c40,2559,9502360,25.0319,True,,40,read
falkordb,mixed_c40,2560,9503294,28.4813,True,,40,read
falkordb,mixed_c40,2561,9504347,24.5152,True,,40,read
falkordb,mixed_c40,2562,9505303,25.9112,True,,40,read
falkordb,mixed_c40,2563,,25.25,True,,40,write
falkordb,mixed_c40,2564,,27.018,True,,40,write
falkordb,mixed_c40,2565,9508299,25.7075,True,,40,read
falkordb,mixed_c40,2566,9509349,25.183,True,,40,read
falkordb,mixed_c40,2567,9603367,26.6169,True,,40,read
falkordb,mixed_c40,2568,9603420,26.1287,True,,40,read
falkordb,mixed_c40,2569,,25.2522,True,,40,write
falkordb,mixed_c40,2570,,25.852,True,,40,write
falkordb,mixed_c40,2571,9609470,25.0218,True,,40,read
falkordb,mixed_c40,2572,9610393,24.9932,True,,40,read
falkordb,mixed_c40,2573,9701246,25.0523,True,,40,read
falkordb,mixed_c40,2574,9702270,27.1152,True,,40,read
falkordb,mixed_c40,2575,9703209,24.051,True,,40,read
falkordb,mixed_c40,2576,9703232,23.5083,True,,40,read
falkordb,mixed_c40,2577,9703423,23.9942,True,,40,read
falkordb,mixed_c40,2578,9705262,24.0503,True,,40,read
falkordb,mixed_c40,2579,9706541,27.0017,True,,40,read
falkordb,mixed_c40,2580,9707250,25.5163,True,,40,read
falkordb,mixed_c40,2581,9707282,25.5163,True,,40,read
falkordb,mixed_c40,2582,9707295,24.4022,True,,40,read
falkordb,mixed_c40,2583,9710376,26.2797,True,,40,read
falkordb,mixed_c40,2584,,24.1563,True,,40,write
falkordb,mixed_c40,2585,9711379,24.6664,True,,40,read
falkordb,mixed_c40,2586,9803439,28.9234,True,,40,read
falkordb,mixed_c40,2587,9804298,27.7764,True,,40,read
falkordb,mixed_c40,2588,9804313,27.9408,True,,40,read
falkordb,mixed_c40,2589,9804343,28.7715,True,,40,read
falkordb,mixed_c40,2590,9805465,28.2889,True,,40,read
falkordb,mixed_c40,2591,9809529,27.969,True,,40,read
falkordb,mixed_c40,2592,9810418,27.5471,True,,40,read
falkordb,mixed_c40,2593,9811432,25.6444,True,,40,read
falkordb,mixed_c40,2594,,24.7688,True,,40,write
falkordb,mixed_c40,2595,9812342,25.569,True,,40,read
falkordb,mixed_c40,2596,9906506,24.9037,True,,40,read
falkordb,mixed_c40,2597,,24.4256,True,,40,write
falkordb,mixed_c40,2598,,24.999,True,,40,write
falkordb,mixed_c40,2599,,24.8488,True,,40,write
falkordb,mixed_c40,2600,2106,24.6675,True,,40,read
falkordb,mixed_c40,2601,6114,24.6674,True,,40,read
falkordb,mixed_c40,2602,6217,24.3037,True,,40,read
falkordb,mixed_c40,2603,7077,23.861,True,,40,read
falkordb,mixed_c40,2604,7211,24.3227,True,,40,read
falkordb,mixed_c40,2605,7232,24.3139,True,,40,read
falkordb,mixed_c40,2606,9292,24.3401,True,,40,read
falkordb,mixed_c40,2607,10094,25.7106,True,,40,read
falkordb,mixed_c40,2608,10180,25.2856,True,,40,read
falkordb,mixed_c40,2609,,23.9246,True,,40,write
falkordb,mixed_c40,2610,,28.7096,True,,40,write
falkordb,mixed_c40,2611,102194,25.0326,True,,40,read
falkordb,mixed_c40,2612,,25.5101,True,,40,write
falkordb,mixed_c40,2613,,25.3711,True,,40,write
falkordb,mixed_c40,2614,,22.97,True,,40,write
falkordb,mixed_c40,2615,105349,24.2317,True,,40,read
falkordb,mixed_c40,2616,106261,26.8236,True,,40,read
falkordb,mixed_c40,2617,107028,24.7438,True,,40,read
falkordb,mixed_c40,2618,,25.4606,True,,40,write
falkordb,mixed_c40,2619,107295,26.9419,True,,40,read
falkordb,mixed_c40,2620,108250,26.7029,True,,40,read
falkordb,mixed_c40,2621,109054,29.8701,True,,40,read
falkordb,mixed_c40,2622,109073,30.2954,True,,40,read
falkordb,mixed_c40,2623,110264,32.3141,True,,40,read
falkordb,mixed_c40,2624,110376,25.7905,True,,40,read
falkordb,mixed_c40,2625,,28.1613,True,,40,write
falkordb,mixed_c40,2626,204096,30.4036,True,,40,read
falkordb,mixed_c40,2627,204176,26.9772,True,,40,read
falkordb,mixed_c40,2628,204182,29.4891,True,,40,read
falkordb,mixed_c40,2629,205038,24.391,True,,40,read
falkordb,mixed_c40,2630,207048,29.7162,True,,40,read
falkordb,mixed_c40,2631,207227,27.6716,True,,40,read
falkordb,mixed_c40,2632,208138,28.0284,True,,40,read
falkordb,mixed_c40,2633,,26.2539,True,,40,write
falkordb,mixed_c40,2634,209058,23.576,True,,40,read
falkordb,mixed_c40,2635,209108,25.8708,True,,40,read
falkordb,mixed_c40,2636,210254,25.3425,True,,40,read
falkordb,mixed_c40,2637,,26.0103,True,,40,write
falkordb,mixed_c40,2638,9208245,24.5646,True,,40,read
falkordb,mixed_c40,2639,9304275,29.6377,True,,40,read
falkordb,mixed_c40,2640,9305258,25.4676,True,,40,read
falkordb,mixed_c40,2641,9306241,27.8897,True,,40,read
falkordb,mixed_c40,2642,9307320,26.1311,True,,40,read
falkordb,mixed_c40,2643,9309220,26.6562,True,,40,read
falkordb,mixed_c40,2644,,24.2817,True,,40,write
falkordb,mixed_c40,2645,9309293,24.9322,True,,40,read
falkordb,mixed_c40,2646,9310213,35.158,True,,40,read
falkordb,mixed_c40,2647,,23.6922,True,,40,write
falkordb,mixed_c40,2648,9401244,34.9253,True,,40,read
falkordb,mixed_c40,2649,9401326,35.9799,True,,40,read
falkordb,mixed_c40,2650,9403260,26.8896,True,,40,read
falkordb,mixed_c40,2651,9403269,26.5867,True,,40,read
falkordb,mixed_c40,2652,9407272,30.0541,True,,40,read
falkordb,mixed_c40,2653,9407278,30.8677,True,,40,read
falkordb,mixed_c40,2654,9407401,26.903,True,,40,read
falkordb,mixed_c40,2655,,28.4965,True,,40,write
falkordb,mixed_c40,2656,,28.4221,True,,40,write
falkordb,mixed_c40,2657,9501376,27.2542,True,,40,read
falkordb,mixed_c40,2658,9502306,25.9902,True,,40,read
falkordb,mixed_c40,2659,9502360,28.1735,True,,40,read
falkordb,mixed_c40,2660,,24.6512,True,,40,write
falkordb,mixed_c40,2661,9504347,24.5821,True,,40,read
falkordb,mixed_c40,2662,9505303,25.6695,True,,40,read
falkordb,mixed_c40,2663,9505310,23.7981,True,,40,read
falkordb,mixed_c40,2664,9505324,24.9956,True,,40,read
falkordb,mixed_c40,2665,9508299,23.2062,True,,40,read
falkordb,mixed_c40,2666,9509349,27.6744,True,,40,read
falkordb,mixed_c40,2667,9603367,25.6601,True,,40,read
falkordb,mixed_c40,2668,,25.9691,True,,40,write
falkordb,mixed_c40,2669,9606252,25.6657,True,,40,read
falkordb,mixed_c40,2670,,26.3528,True,,40,write
falkordb,mixed_c40,2671,9609470,25.5761,True,,40,read
falkordb,mixed_c40,2672,9610393,26.0134,True,,40,read
falkordb,mixed_c40,2673,9701246,24.826,True,,40,read
falkordb,mixed_c40,2674,,25.3456,True,,40,write
falkordb,mixed_c40,2675,9703209,26.3243,True,,40,read
falkordb,mixed_c40,2676,9703232,23.9884,True,,40,read
falkordb,mixed_c40,2677,9703423,31.0423,True,,40,read
falkordb,mixed_c40,2678,9705262,26.3476,True,,40,read
falkordb,mixed_c40,2679,9706541,25.3333,True,,40,read
falkordb,mixed_c40,2680,9707250,24.4782,True,,40,read
falkordb,mixed_c40,2681,9707282,24.2352,True,,40,read
falkordb,mixed_c40,2682,9707295,31.0926,True,,40,read
falkordb,mixed_c40,2683,9710376,28.8925,True,,40,read
falkordb,mixed_c40,2684,9711261,29.7166,True,,40,read
falkordb,mixed_c40,2685,,27.0781,True,,40,write
falkordb,mixed_c40,2686,9803439,24.778,True,,40,read
falkordb,mixed_c40,2687,9804298,25.7593,True,,40,read
falkordb,mixed_c40,2688,9804313,27.3062,True,,40,read
falkordb,mixed_c40,2689,,25.1908,True,,40,write
falkordb,mixed_c40,2690,9805465,25.65,True,,40,read
falkordb,mixed_c40,2691,9809529,25.7891,True,,40,read
falkordb,mixed_c40,2692,9810418,26.1511,True,,40,read
falkordb,mixed_c40,2693,9811432,24.8459,True,,40,read
falkordb,mixed_c40,2694,9811469,26.612,True,,40,read
falkordb,mixed_c40,2695,9812342,25.9184,True,,40,read
falkordb,mixed_c40,2696,9906506,25.2431,True,,40,read
falkordb,mixed_c40,2697,9907534,23.6385,True,,40,read
falkordb,mixed_c40,2698,9909234,26.6619,True,,40,read
falkordb,mixed_c40,2699,9909512,23.5355,True,,40,read
falkordb,mixed_c40,2700,2106,23.7401,True,,40,read
falkordb,mixed_c40,2701,6114,24.4093,True,,40,read
falkordb,mixed_c40,2702,6217,25.1791,True,,40,read
falkordb,mixed_c40,2703,7077,26.0081,True,,40,read
falkordb,mixed_c40,2704,,25.085,True,,40,write
falkordb,mixed_c40,2705,7232,25.2281,True,,40,read
falkordb,mixed_c40,2706,9292,29.3075,True,,40,read
falkordb,mixed_c40,2707,10094,24.206,True,,40,read
falkordb,mixed_c40,2708,10180,22.9922,True,,40,read
falkordb,mixed_c40,2709,12020,24.5895,True,,40,read
falkordb,mixed_c40,2710,,24.049,True,,40,write
falkordb,mixed_c40,2711,102194,22.7324,True,,40,read
falkordb,mixed_c40,2712,102318,25.9362,True,,40,read
falkordb,mixed_c40,2713,104122,27.4834,True,,40,read
falkordb,mixed_c40,2714,104187,24.987,True,,40,read
falkordb,mixed_c40,2715,105349,25.1572,True,,40,read
falkordb,mixed_c40,2716,106261,32.6062,True,,40,read
falkordb,mixed_c40,2717,107028,35.7116,True,,40,read
falkordb,mixed_c40,2718,107093,32.3748,True,,40,read
falkordb,mixed_c40,2719,107295,32.2104,True,,40,read
falkordb,mixed_c40,2720,108250,31.435,True,,40,read
falkordb,mixed_c40,2721,109054,30.2866,True,,40,read
falkordb,mixed_c40,2722,,28.9564,True,,40,write
falkordb,mixed_c40,2723,110264,26.2934,True,,40,read
falkordb,mixed_c40,2724,110376,27.3072,True,,40,read
falkordb,mixed_c40,2725,,25.0731,True,,40,write
falkordb,mixed_c40,2726,204096,25.3024,True,,40,read
falkordb,mixed_c40,2727,,24.5186,True,,40,write
falkordb,mixed_c40,2728,204182,25.1575,True,,40,read
falkordb,mixed_c40,2729,205038,27.8021,True,,40,read
falkordb,mixed_c40,2730,207048,28.1468,True,,40,read
falkordb,mixed_c40,2731,,26.2173,True,,40,write
falkordb,mixed_c40,2732,208138,25.0489,True,,40,read
falkordb,mixed_c40,2733,208159,24.0025,True,,40,read
falkordb,mixed_c40,2734,209058,24.1448,True,,40,read
falkordb,mixed_c40,2735,,24.882,True,,40,write
falkordb,mixed_c40,2736,210254,25.1836,True,,40,read
falkordb,mixed_c40,2737,302080,24.7104,True,,40,read
falkordb,mixed_c40,2738,9208245,28.5125,True,,40,read
falkordb,mixed_c40,2739,9304275,27.9206,True,,40,read
falkordb,mixed_c40,2740,9305258,27.0526,True,,40,read
falkordb,mixed_c40,2741,9306241,23.5817,True,,40,read
falkordb,mixed_c40,2742,9307320,23.9568,True,,40,read
falkordb,mixed_c40,2743,,28.3466,True,,40,write
falkordb,mixed_c40,2744,9309273,32.0944,True,,40,read
falkordb,mixed_c40,2745,9309293,25.6697,True,,40,read
falkordb,mixed_c40,2746,9310213,28.2174,True,,40,read
falkordb,mixed_c40,2747,9311240,24.0466,True,,40,read
falkordb,mixed_c40,2748,9401244,25.7778,True,,40,read
falkordb,mixed_c40,2749,,23.9124,True,,40,write
falkordb,mixed_c40,2750,9403260,31.6863,True,,40,read
falkordb,mixed_c40,2751,,29.1408,True,,40,write
falkordb,mixed_c40,2752,,25.24,True,,40,write
falkordb,mixed_c40,2753,9407278,27.1286,True,,40,read
falkordb,mixed_c40,2754,9407401,25.9739,True,,40,read
falkordb,mixed_c40,2755,9501227,29.7796,True,,40,read
falkordb,mixed_c40,2756,9501350,29.4092,True,,40,read
falkordb,mixed_c40,2757,9501376,27.9821,True,,40,read
falkordb,mixed_c40,2758,9502306,28.1402,True,,40,read
falkordb,mixed_c40,2759,9502360,26.3854,True,,40,read
falkordb,mixed_c40,2760,9503294,26.4607,True,,40,read
falkordb,mixed_c40,2761,9504347,27.3257,True,,40,read
falkordb,mixed_c40,2762,9505303,26.5763,True,,40,read
falkordb,mixed_c40,2763,9505310,25.2384,True,,40,read
falkordb,mixed_c40,2764,9505324,25.2582,True,,40,read
falkordb,mixed_c40,2765,9508299,23.7205,True,,40,read
falkordb,mixed_c40,2766,9509349,23.9968,True,,40,read
falkordb,mixed_c40,2767,9603367,24.8922,True,,40,read
falkordb,mixed_c40,2768,,24.9281,True,,40,write
falkordb,mixed_c40,2769,9606252,24.886,True,,40,read
falkordb,mixed_c40,2770,9609217,25.1903,True,,40,read
falkordb,mixed_c40,2771,9609470,27.1158,True,,40,read
falkordb,mixed_c40,2772,9610393,25.5806,True,,40,read
falkordb,mixed_c40,2773,9701246,31.2677,True,,40,read
falkordb,mixed_c40,2774,9702270,26.2283,True,,40,read
falkordb,mixed_c40,2775,,23.454,True,,40,write
falkordb,mixed_c40,2776,,26.4885,True,,40,write
falkordb,mixed_c40,2777,9703423,26.6474,True,,40,read
falkordb,mixed_c40,2778,9705262,26.5584,True,,40,read
falkordb,mixed_c40,2779,9706541,24.8461,True,,40,read
falkordb,mixed_c40,2780,9707250,24.7367,True,,40,read
falkordb,mixed_c40,2781,9707282,26.1745,True,,40,read
falkordb,mixed_c40,2782,,26.7392,True,,40,write
falkordb,mixed_c40,2783,,25.7789,True,,40,write
falkordb,mixed_c40,2784,,32.1175,True,,40,write
falkordb,mixed_c40,2785,9711379,25.8998,True,,40,read
falkordb,mixed_c40,2786,9803439,32.7789,True,,40,read
falkordb,mixed_c40,2787,9804298,30.6181,True,,40,read
falkordb,mixed_c40,2788,9804313,28.7034,True,,40,read
falkordb,mixed_c40,2789,9804343,28.3522,True,,40,read
falkordb,mixed_c40,2790,9805465,27.7876,True,,40,read
falkordb,mixed_c40,2791,9809529,26.1855,True,,40,read
falkordb,mixed_c40,2792,9810418,27.1903,True,,40,read
falkordb,mixed_c40,2793,9811432,29.2212,True,,40,read
falkordb,mixed_c40,2794,9811469,26.9394,True,,40,read
falkordb,mixed_c40,2795,9812342,26.4806,True,,40,read
falkordb,mixed_c40,2796,9906506,25.232,True,,40,read
falkordb,mixed_c40,2797,9907534,27.2654,True,,40,read
falkordb,mixed_c40,2798,,25.6056,True,,40,write
falkordb,mixed_c40,2799,9909512,25.7239,True,,40,read
falkordb,mixed_c40,2800,2106,28.0744,True,,40,read
falkordb,mixed_c40,2801,6114,25.0365,True,,40,read
falkordb,mixed_c40,2802,6217,26.8474,True,,40,read
falkordb,mixed_c40,2803,7077,28.5874,True,,40,read
falkordb,mixed_c40,2804,7211,26.0468,True,,40,read
falkordb,mixed_c40,2805,7232,24.5538,True,,40,read
falkordb,mixed_c40,2806,9292,27.9236,True,,40,read
falkordb,mixed_c40,2807,10094,24.6887,True,,40,read
falkordb,mixed_c40,2808,10180,23.6887,True,,40,read
falkordb,mixed_c40,2809,12020,24.3958,True,,40,read
falkordb,mixed_c40,2810,,24.4161,True,,40,write
falkordb,mixed_c40,2811,102194,24.0279,True,,40,read
falkordb,mixed_c40,2812,102318,24.0636,True,,40,read
falkordb,mixed_c40,2813,104122,25.0422,True,,40,read
falkordb,mixed_c40,2814,104187,25.1237,True,,40,read
falkordb,mixed_c40,2815,105349,27.3901,True,,40,read
falkordb,mixed_c40,2816,,24.8107,True,,40,write
falkordb,mixed_c40,2817,,24.1787,True,,40,write
falkordb,mixed_c40,2818,107093,23.8871,True,,40,read
falkordb,mixed_c40,2819,,24.5519,True,,40,write
falkordb,mixed_c40,2820,108250,24.2904,True,,40,read
falkordb,mixed_c40,2821,,23.3682,True,,40,write
falkordb,mixed_c40,2822,109073,25.5992,True,,40,read
falkordb,mixed_c40,2823,110264,24.6845,True,,40,read
falkordb,mixed_c40,2824,110376,23.6773,True,,40,read
falkordb,mixed_c40,2825,201053,25.2902,True,,40,read
falkordb,mixed_c40,2826,204096,24.8658,True,,40,read
falkordb,mixed_c40,2827,,26.376,True,,40,write
falkordb,mixed_c40,2828,,24.2337,True,,40,write
falkordb,mixed_c40,2829,205038,24.7592,True,,40,read
falkordb,mixed_c40,2830,207048,23.9505,True,,40,read
falkordb,mixed_c40,2831,207227,25.0847,True,,40,read
falkordb,mixed_c40,2832,208138,24.2985,True,,40,read
falkordb,mixed_c40,2833,208159,24.357,True,,40,read
falkordb,mixed_c40,2834,,25.6684,True,,40,write
falkordb,mixed_c40,2835,209108,24.4135,True,,40,read
falkordb,mixed_c40,2836,210254,24.146,True,,40,read
falkordb,mixed_c40,2837,302080,26.439,True,,40,read
falkordb,mixed_c40,2838,9208245,26.6014,True,,40,read
falkordb,mixed_c40,2839,,24.1352,True,,40,write
falkordb,mixed_c40,2840,9305258,25.2208,True,,40,read
falkordb,mixed_c40,2841,9306241,25.438,True,,40,read
falkordb,mixed_c40,2842,,25.568,True,,40,write
falkordb,mixed_c40,2843,,25.5646,True,,40,write
falkordb,mixed_c40,2844,9309273,25.0172,True,,40,read
falkordb,mixed_c40,2845,9309293,25.022,True,,40,read
falkordb,mixed_c40,2846,9310213,24.5288,True,,40,read
falkordb,mixed_c40,2847,9311240,24.514,True,,40,read
falkordb,mixed_c40,2848,,24.5693,True,,40,write
falkordb,mixed_c40,2849,9401326,24.7519,True,,40,read
falkordb,mixed_c40,2850,9403260,24.4051,True,,40,read
falkordb,mixed_c40,2851,9403269,26.5334,True,,40,read
falkordb,mixed_c40,2852,9407272,25.1094,True,,40,read
falkordb,mixed_c40,2853,9407278,25.1464,True,,40,read
falkordb,mixed_c40,2854,9407401,24.8874,True,,40,read
falkordb,mixed_c40,2855,9501227,24.9087,True,,40,read
falkordb,mixed_c40,2856,9501350,28.6857,True,,40,read
falkordb,mixed_c40,2857,9501376,26.3997,True,,40,read
falkordb,mixed_c40,2858,9502306,24.3647,True,,40,read
falkordb,mixed_c40,2859,9502360,24.8246,True,,40,read
falkordb,mixed_c40,2860,9503294,26.8749,True,,40,read
falkordb,mixed_c40,2861,,24.309,True,,40,write
falkordb,mixed_c40,2862,,25.0901,True,,40,write
falkordb,mixed_c40,2863,9505310,23.7391,True,,40,read
falkordb,mixed_c40,2864,9505324,23.7508,True,,40,read
falkordb,mixed_c40,2865,9508299,26.3777,True,,40,read
falkordb,mixed_c40,2866,9509349,25.4938,True,,40,read
falkordb,mixed_c40,2867,9603367,25.2,True,,40,read
falkordb,mixed_c40,2868,,25.3011,True,,40,write
falkordb,mixed_c40,2869,9606252,25.4388,True,,40,read
falkordb,mixed_c40,2870,9609217,25.402,True,,40,read
falkordb,mixed_c40,2871,,27.9222,True,,40,write
falkordb,mixed_c40,2872,,23.658,True,,40,write
falkordb,mixed_c40,2873,,23.5827,True,,40,write
falkordb,mixed_c40,2874,9702270,24.7531,True,,40,read
falkordb,mixed_c40,2875,9703209,22.7455,True,,40,read
falkordb,mixed_c40,2876,9703232,23.4582,True,,40,read
falkordb,mixed_c40,2877,9703423,23.5721,True,,40,read
falkordb,mixed_c40,2878,9705262,26.3525,True,,40,read
falkordb,mixed_c40,2879,,27.7435,True,,40,write
falkordb,mixed_c40,2880,,25.8998,True,,40,write
falkordb,mixed_c40,2881,9707282,25.8609,True,,40,read
falkordb,mixed_c40,2882,9707295,24.8119,True,,40,read
falkordb,mixed_c40,2883,9710376,24.9557,True,,40,read
falkordb,mixed_c40,2884,9711261,26.6931,True,,40,read
falkordb,mixed_c40,2885,9711379,30.794,True,,40,read
falkordb,mixed_c40,2886,9803439,29.8271,True,,40,read
falkordb,mixed_c40,2887,9804298,25.2105,True,,40,read
falkordb,mixed_c40,2888,9804313,29.3524,True,,40,read
falkordb,mixed_c40,2889,9804343,27.7253,True,,40,read
falkordb,mixed_c40,2890,,27.3739,True,,40,write
falkordb,mixed_c40,2891,9809529,26.2856,True,,40,read
falkordb,mixed_c40,2892,,24.5693,True,,40,write
falkordb,mixed_c40,2893,9811432,25.2345,True,,40,read
falkordb,mixed_c40,2894,9811469,24.2898,True,,40,read
falkordb,mixed_c40,2895,9812342,26.0026,True,,40,read
falkordb,mixed_c40,2896,9906506,24.8515,True,,40,read
falkordb,mixed_c40,2897,9907534,25.79,True,,40,read
falkordb,mixed_c40,2898,9909234,29.177,True,,40,read
falkordb,mixed_c40,2899,9909512,27.4289,True,,40,read
falkordb,mixed_c40,2900,2106,27.6485,True,,40,read
falkordb,mixed_c40,2901,6114,26.699,True,,40,read
falkordb,mixed_c40,2902,6217,26.8695,True,,40,read
falkordb,mixed_c40,2903,7077,26.9315,True,,40,read
falkordb,mixed_c40,2904,7211,27.1687,True,,40,read
falkordb,mixed_c40,2905,7232,26.262,True,,40,read
falkordb,mixed_c40,2906,,27.1427,True,,40,write
falkordb,mixed_c40,2907,10094,24.7219,True,,40,read
falkordb,mixed_c40,2908,10180,25.9645,True,,40,read
falkordb,mixed_c40,2909,12020,26.5401,True,,40,read
falkordb,mixed_c40,2910,101328,24.9398,True,,40,read
falkordb,mixed_c40,2911,102194,24.8705,True,,40,read
falkordb,mixed_c40,2912,102318,24.7767,True,,40,read
falkordb,mixed_c40,2913,104122,25.5627,True,,40,read
falkordb,mixed_c40,2914,104187,26.0367,True,,40,read
falkordb,mixed_c40,2915,105349,26.8756,True,,40,read
falkordb,mixed_c40,2916,106261,25.8261,True,,40,read
falkordb,mixed_c40,2917,107028,26.6686,True,,40,read
falkordb,mixed_c40,2918,107093,24.567,True,,40,read
falkordb,mixed_c40,2919,107295,24.4719,True,,40,read
falkordb,mixed_c40,2920,108250,26.1518,True,,40,read
falkordb,mixed_c40,2921,109054,25.8838,True,,40,read
falkordb,mixed_c40,2922,109073,24.6595,True,,40,read
falkordb,mixed_c40,2923,110264,27.4588,True,,40,read
falkordb,mixed_c40,2924,110376,27.7139,True,,40,read
falkordb,mixed_c40,2925,201053,25.8619,True,,40,read
falkordb,mixed_c40,2926,204096,30.1245,True,,40,read
falkordb,mixed_c40,2927,,27.7528,True,,40,write
falkordb,mixed_c40,2928,204182,23.4946,True,,40,read
falkordb,mixed_c40,2929,205038,28.5071,True,,40,read
falkordb,mixed_c40,2930,207048,27.4013,True,,40,read
falkordb,mixed_c40,2931,207227,27.0809,True,,40,read
falkordb,mixed_c40,2932,208138,24.6361,True,,40,read
falkordb,mixed_c40,2933,208159,25.0647,True,,40,read
falkordb,mixed_c40,2934,209058,24.1194,True,,40,read
falkordb,mixed_c40,2935,209108,23.4239,True,,40,read
falkordb,mixed_c40,2936,,25.4749,True,,40,write
falkordb,mixed_c40,2937,302080,24.4907,True,,40,read
falkordb,mixed_c40,2938,9208245,25.3216,True,,40,read
falkordb,mixed_c40,2939,,23.4137,True,,40,write
falkordb,mixed_c40,2940,9305258,25.6979,True,,40,read
falkordb,mixed_c40,2941,9306241,25.8969,True,,40,read
falkordb,mixed_c40,2942,9307320,25.8902,True,,40,read
falkordb,mixed_c40,2943,9309220,26.92,True,,40,read
falkordb,mixed_c40,2944,9309273,23.9213,True,,40,read
falkordb,mixed_c40,2945,9309293,26.7118,True,,40,read
falkordb,mixed_c40,2946,,26.8564,True,,40,write
falkordb,mixed_c40,2947,9311240,25.9617,True,,40,read
falkordb,mixed_c40,2948,9401244,26.4248,True,,40,read
falkordb,mixed_c40,2949,9401326,24.7545,True,,40,read
falkordb,mixed_c40,2950,9403260,24.0861,True,,40,read
falkordb,mixed_c40,2951,9403269,26.8859,True,,40,read
falkordb,mixed_c40,2952,,24.5662,True,,40,write
falkordb,mixed_c40,2953,,23.7689,True,,40,write
falkordb,mixed_c40,2954,9407401,32.2819,True,,40,read
falkordb,mixed_c40,2955,9501227,29.2032,True,,40,read
falkordb,mixed_c40,2956,9501350,29.5366,True,,40,read
falkordb,mixed_c40,2957,9501376,27.702,True,,40,read
falkordb,mixed_c40,2958,,26.8707,True,,40,write
falkordb,mixed_c40,2959,,29.246,True,,40,write
falkordb,mixed_c40,2960,9503294,25.7812,True,,40,read
falkordb,mixed_c40,2961,9504347,26.0642,True,,40,read
falkordb,mixed_c40,2962,9505303,26.7667,True,,40,read
falkordb,mixed_c40,2963,9505310,28.3876,True,,40,read
falkordb,mixed_c40,2964,9505324,25.521,True,,40,read
falkordb,mixed_c40,2965,9508299,25.4452,True,,40,read
falkordb,mixed_c40,2966,9509349,27.4896,True,,40,read
falkordb,mixed_c40,2967,9603367,24.3772,True,,40,read
falkordb,mixed_c40,2968,,24.3166,True,,40,write
falkordb,mixed_c40,2969,9606252,23.5996,True,,40,read
falkordb,mixed_c40,2970,9609217,28.3355,True,,40,read
falkordb,mixed_c40,2971,9609470,25.0043,True,,40,read
falkordb,mixed_c40,2972,9610393,25.3396,True,,40,read
falkordb,mixed_c40,2973,9701246,27.2683,True,,40,read
falkordb,mixed_c40,2974,9702270,25.3375,True,,40,read
falkordb,mixed_c40,2975,9703209,26.0284,True,,40,read
falkordb,mixed_c40,2976,9703232,24.9619,True,,40,read
falkordb,mixed_c40,2977,,28.1027,True,,40,write
falkordb,mixed_c40,2978,9705262,26.6484,True,,40,read
falkordb,mixed_c40,2979,9706541,25.8185,True,,40,read
falkordb,mixed_c40,2980,,24.5424,True,,40,write
falkordb,mixed_c40,2981,9707282,24.5638,True,,40,read
falkordb,mixed_c40,2982,,25.1507,True,,40,write
falkordb,mixed_c40,2983,9710376,24.2982,True,,40,read
falkordb,mixed_c40,2984,9711261,28.9461,True,,40,read
falkordb,mixed_c40,2985,9711379,26.9147,True,,40,read
falkordb,mixed_c40,2986,9803439,25.7873,True,,40,read
falkordb,mixed_c40,2987,9804298,25.5539,True,,40,read
falkordb,mixed_c40,2988,9804313,24.1135,True,,40,read
falkordb,mixed_c40,2989,9804343,25.6512,True,,40,read
falkordb,mixed_c40,2990,9805465,26.0296,True,,40,read
falkordb,mixed_c40,2991,,23.1748,True,,40,write
falkordb,mixed_c40,2992,9810418,24.1591,True,,40,read
falkordb,mixed_c40,2993,,25.3332,True,,40,write
falkordb,mixed_c40,2994,9811469,24.7295,True,,40,read
falkordb,mixed_c40,2995,9812342,25.5136,True,,40,read
falkordb,mixed_c40,2996,9906506,24.9175,True,,40,read
falkordb,mixed_c40,2997,9907534,24.2817,True,,40,read
falkordb,mixed_c40,2998,9909234,23.8824,True,,40,read
falkordb,mixed_c40,2999,9909512,23.792,True,,40,read
falkordb,mixed_c40,3000,2106,25.4705,True,,40,read
falkordb,mixed_c40,3001,6114,26.2512,True,,40,read
falkordb,mixed_c40,3002,6217,25.6094,True,,40,read
falkordb,mixed_c40,3003,,24.9181,True,,40,write
falkordb,mixed_c40,3004,7211,25.6761,True,,40,read
falkordb,mixed_c40,3005,7232,24.4265,True,,40,read
falkordb,mixed_c40,3006,,24.8265,True,,40,write
falkordb,mixed_c40,3007,10094,25.5761,True,,40,read
falkordb,mixed_c40,3008,10180,25.3421,True,,40,read
falkordb,mixed_c40,3009,12020,25.2353,True,,40,read
falkordb,mixed_c40,3010,101328,25.4015,True,,40,read
falkordb,mixed_c40,3011,102194,25.1269,True,,40,read
falkordb,mixed_c40,3012,102318,25.08,True,,40,read
falkordb,mixed_c40,3013,104122,25.3533,True,,40,read
falkordb,mixed_c40,3014,104187,24.7162,True,,40,read
falkordb,mixed_c40,3015,105349,30.1511,True,,40,read
falkordb,mixed_c40,3016,106261,30.636,True,,40,read
falkordb,mixed_c40,3017,,27.6398,True,,40,write
falkordb,mixed_c40,3018,107093,27.7834,True,,40,read
falkordb,mixed_c40,3019,107295,27.6562,True,,40,read
falkordb,mixed_c40,3020,108250,27.7705,True,,40,read
falkordb,mixed_c40,3021,109054,26.2966,True,,40,read
falkordb,mixed_c40,3022,,25.1717,True,,40,write
falkordb,mixed_c40,3023,110264,26.9566,True,,40,read
falkordb,mixed_c40,3024,110376,25.7337,True,,40,read
falkordb,mixed_c40,3025,201053,25.135,True,,40,read
falkordb,mixed_c40,3026,204096,25.7916,True,,40,read
falkordb,mixed_c40,3027,204176,24.8338,True,,40,read
falkordb,mixed_c40,3028,204182,25.0648,True,,40,read
falkordb,mixed_c40,3029,205038,25.2203,True,,40,read
falkordb,mixed_c40,3030,207048,25.1546,True,,40,read
falkordb,mixed_c40,3031,,23.0197,True,,40,write
falkordb,mixed_c40,3032,208138,23.5646,True,,40,read
falkordb,mixed_c40,3033,208159,24.2988,True,,40,read
falkordb,mixed_c40,3034,209058,24.5091,True,,40,read
falkordb,mixed_c40,3035,,25.8499,True,,40,write
falkordb,mixed_c40,3036,210254,25.598,True,,40,read
falkordb,mixed_c40,3037,302080,25.8701,True,,40,read
falkordb,mixed_c40,3038,9208245,23.5174,True,,40,read
falkordb,mixed_c40,3039,9304275,25.1355,True,,40,read
falkordb,mixed_c40,3040,9305258,25.7765,True,,40,read
falkordb,mixed_c40,3041,9306241,24.979,True,,40,read
falkordb,mixed_c40,3042,9307320,24.8306,True,,40,read
falkordb,mixed_c40,3043,9309220,25.3118,True,,40,read
falkordb,mixed_c40,3044,9309273,25.5431,True,,40,read
falkordb,mixed_c40,3045,9309293,24.6774,True,,40,read
falkordb,mixed_c40,3046,9310213,24.0485,True,,40,read
falkordb,mixed_c40,3047,9311240,24.8305,True,,40,read
falkordb,mixed_c40,3048,9401244,28.2961,True,,40,read
falkordb,mixed_c40,3049,,25.4861,True,,40,write
falkordb,mixed_c40,3050,,26.4083,True,,40,write
falkordb,mixed_c40,3051,9403269,25.7116,True,,40,read
falkordb,mixed_c40,3052,,25.2011,True,,40,write
falkordb,mixed_c40,3053,9407278,25.3596,True,,40,read
falkordb,mixed_c40,3054,,25.2103,True,,40,write
falkordb,mixed_c40,3055,9501227,25.2348,True,,40,read
falkordb,mixed_c40,3056,9501350,25.1961,True,,40,read
falkordb,mixed_c40,3057,9501376,25.0341,True,,40,read
falkordb,mixed_c40,3058,9502306,23.4122,True,,40,read
falkordb,mixed_c40,3059,9502360,25.4151,True,,40,read
falkordb,mixed_c40,3060,9503294,23.8894,True,,40,read
falkordb,mixed_c40,3061,9504347,24.6095,True,,40,read
falkordb,mixed_c40,3062,9505303,24.3366,True,,40,read
falkordb,mixed_c40,3063,9505310,24.7768,True,,40,read
falkordb,mixed_c40,3064,,24.5578,True,,40,write
falkordb,mixed_c40,3065,,24.1766,True,,40,write
falkordb,mixed_c40,3066,9509349,22.9283,True,,40,read
falkordb,mixed_c40,3067,9603367,25.4125,True,,40,read
falkordb,mixed_c40,3068,9603420,25.0406,True,,40,read
falkordb,mixed_c40,3069,9606252,24.9143,True,,40,read
falkordb,mixed_c40,3070,9609217,25.1119,True,,40,read
falkordb,mixed_c40,3071,9609470,25.0279,True,,40,read
falkordb,mixed_c40,3072,,25.9947,True,,40,write
falkordb,mixed_c40,3073,9701246,24.8856,True,,40,read
falkordb,mixed_c40,3074,,24.9912,True,,40,write
falkordb,mixed_c40,3075,,23.2719,True,,40,write
falkordb,mixed_c40,3076,,23.9566,True,,40,write
falkordb,mixed_c40,3077,9703423,24.3138,True,,40,read
falkordb,mixed_c40,3078,,26.29,True,,40,write
falkordb,mixed_c40,3079,9706541,23.9544,True,,40,read
falkordb,mixed_c40,3080,9707250,26.7894,True,,40,read
falkordb,mixed_c40,3081,9707282,22.7229,True,,40,read
falkordb,mixed_c40,3082,9707295,25.0233,True,,40,read
falkordb,mixed_c40,3083,9710376,24.7622,True,,40,read
falkordb,mixed_c40,3084,9711261,24.7394,True,,40,read
falkordb,mixed_c40,3085,9711379,24.7784,True,,40,read
falkordb,mixed_c40,3086,9803439,24.4046,True,,40,read
falkordb,mixed_c40,3087,,24.8075,True,,40,write
falkordb,mixed_c40,3088,9804313,25.4428,True,,40,read
falkordb,mixed_c40,3089,9804343,24.5648,True,,40,read
falkordb,mixed_c40,3090,9805465,24.3778,True,,40,read
falkordb,mixed_c40,3091,9809529,24.5257,True,,40,read
falkordb,mixed_c40,3092,9810418,24.8505,True,,40,read
falkordb,mixed_c40,3093,9811432,24.8453,True,,40,read
falkordb,mixed_c40,3094,9811469,23.9929,True,,40,read
falkordb,mixed_c40,3095,9812342,24.2016,True,,40,read
falkordb,mixed_c40,3096,9906506,25.3043,True,,40,read
falkordb,mixed_c40,3097,9907534,25.6404,True,,40,read
falkordb,mixed_c40,3098,9909234,24.9006,True,,40,read
falkordb,mixed_c40,3099,9909512,23.9165,True,,40,read
falkordb,mixed_c40,3100,2106,25.7138,True,,40,read
falkordb,mixed_c40,3101,6114,24.9153,True,,40,read
falkordb,mixed_c40,3102,6217,24.9904,True,,40,read
falkordb,mixed_c40,3103,7077,25.7579,True,,40,read
falkordb,mixed_c40,3104,7211,24.8944,True,,40,read
falkordb,mixed_c40,3105,,24.4651,True,,40,write
falkordb,mixed_c40,3106,9292,25.3771,True,,40,read
falkordb,mixed_c40,3107,,29.8899,True,,40,write
falkordb,mixed_c40,3108,10180,28.5821,True,,40,read
falkordb,mixed_c40,3109,12020,29.4241,True,,40,read
falkordb,mixed_c40,3110,101328,28.7774,True,,40,read
falkordb,mixed_c40,3111,102194,28.2223,True,,40,read
falkordb,mixed_c40,3112,102318,29.0245,True,,40,read
falkordb,mixed_c40,3113,104122,27.635,True,,40,read
falkordb,mixed_c40,3114,104187,27.217,True,,40,read
falkordb,mixed_c40,3115,105349,25.1621,True,,40,read
falkordb,mixed_c40,3116,106261,23.31,True,,40,read
falkordb,mixed_c40,3117,,24.5202,True,,40,write
falkordb,mixed_c40,3118,,24.6445,True,,40,write
falkordb,mixed_c40,3119,107295,24.456,True,,40,read
falkordb,mixed_c40,3120,108250,24.89,True,,40,read
falkordb,mixed_c40,3121,109054,25.6287,True,,40,read
falkordb,mixed_c40,3122,,25.0276,True,,40,write
falkordb,mixed_c40,3123,110264,25.0644,True,,40,read
falkordb,mixed_c40,3124,110376,22.7649,True,,40,read
falkordb,mixed_c40,3125,201053,22.8616,True,,40,read
falkordb,mixed_c40,3126,204096,23.8225,True,,40,read
falkordb,mixed_c40,3127,204176,24.5081,True,,40,read
falkordb,mixed_c40,3128,204182,23.8924,True,,40,read
falkordb,mixed_c40,3129,205038,23.353,True,,40,read
falkordb,mixed_c40,3130,207048,25.7842,True,,40,read
falkordb,mixed_c40,3131,207227,25.3514,True,,40,read
falkordb,mixed_c40,3132,208138,25.446,True,,40,read
falkordb,mixed_c40,3133,208159,25.5253,True,,40,read
falkordb,mixed_c40,3134,209058,24.1662,True,,40,read
falkordb,mixed_c40,3135,209108,28.5075,True,,40,read
falkordb,mixed_c40,3136,,29.5503,True,,40,write
falkordb,mixed_c40,3137,,26.2672,True,,40,write
falkordb,mixed_c40,3138,9208245,27.5394,True,,40,read
falkordb,mixed_c40,3139,9304275,26.416,True,,40,read
falkordb,mixed_c40,3140,9305258,27.7957,True,,40,read
falkordb,mixed_c40,3141,,27.9202,True,,40,write
falkordb,mixed_c40,3142,9307320,27.9351,True,,40,read
falkordb,mixed_c40,3143,9309220,23.3083,True,,40,read
falkordb,mixed_c40,3144,9309273,23.8798,True,,40,read
falkordb,mixed_c40,3145,9309293,23.9668,True,,40,read
falkordb,mixed_c40,3146,9310213,24.2556,True,,40,read
falkordb,mixed_c40,3147,9311240,24.872,True,,40,read
falkordb,mixed_c40,3148,9401244,25.103,True,,40,read
falkordb,mixed_c40,3149,9401326,25.2545,True,,40,read
falkordb,mixed_c40,3150,,26.3876,True,,40,write
falkordb,mixed_c40,3151,,26.6074,True,,40,write
falkordb,mixed_c40,3152,9407272,24.8778,True,,40,read
falkordb,mixed_c40,3153,9407278,24.7484,True,,40,read
falkordb,mixed_c40,3154,9407401,25.1489,True,,40,read
falkordb,mixed_c40,3155,9501227,25.0363,True,,40,read
falkordb,mixed_c40,3156,9501350,25.0201,True,,40,read
falkordb,mixed_c40,3157,9501376,27.4537,True,,40,read
falkordb,mixed_c40,3158,9502306,27.0256,True,,40,read
falkordb,mixed_c40,3159,9502360,28.1677,True,,40,read
falkordb,mixed_c40,3160,9503294,27.0995,True,,40,read
falkordb,mixed_c40,3161,9504347,24.1682,True,,40,read
falkordb,mixed_c40,3162,,25.5585,True,,40,write
falkordb,mixed_c40,3163,9505310,24.9575,True,,40,read
falkordb,mixed_c40,3164,9505324,24.3169,True,,40,read
falkordb,mixed_c40,3165,9508299,24.7137,True,,40,read
falkordb,mixed_c40,3166,9509349,24.1339,True,,40,read
falkordb,mixed_c40,3167,9603367,28.8693,True,,40,read
falkordb,mixed_c40,3168,9603420,22.6855,True,,40,read
falkordb,mixed_c40,3169,9606252,23.8939,True,,40,read
falkordb,mixed_c40,3170,9609217,27.8191,True,,40,read
falkordb,mixed_c40,3171,9609470,23.8852,True,,40,read
falkordb,mixed_c40,3172,9610393,26.3996,True,,40,read
falkordb,mixed_c40,3173,9701246,25.6523,True,,40,read
falkordb,mixed_c40,3174,,25.7749,True,,40,write
falkordb,mixed_c40,3175,9703209,26.3323,True,,40,read
falkordb,mixed_c40,3176,9703232,25.3454,True,,40,read
falkordb,mixed_c40,3177,9703423,26.8452,True,,40,read
falkordb,mixed_c40,3178,9705262,26.7546,True,,40,read
falkordb,mixed_c40,3179,9706541,27.1083,True,,40,read
falkordb,mixed_c40,3180,9707250,27.3762,True,,40,read
falkordb,mixed_c40,3181,9707282,26.2775,True,,40,read
falkordb,mixed_c40,3182,9707295,25.9234,True,,40,read
falkordb,mixed_c40,3183,,26.6361,True,,40,write
falkordb,mixed_c40,3184,9711261,29.0384,True,,40,read
falkordb,mixed_c40,3185,,28.34,True,,40,write
falkordb,mixed_c40,3186,9803439,27.604,True,,40,read
falkordb,mixed_c40,3187,9804298,27.2747,True,,40,read
falkordb,mixed_c40,3188,9804313,26.8159,True,,40,read
falkordb,mixed_c40,3189,9804343,25.7009,True,,40,read
falkordb,mixed_c40,3190,9805465,24.1013,True,,40,read
falkordb,mixed_c40,3191,9809529,24.195,True,,40,read
falkordb,mixed_c40,3192,9810418,24.16,True,,40,read
falkordb,mixed_c40,3193,9811432,25.0889,True,,40,read
falkordb,mixed_c40,3194,9811469,24.572,True,,40,read
falkordb,mixed_c40,3195,9812342,24.6363,True,,40,read
falkordb,mixed_c40,3196,,24.7246,True,,40,write
falkordb,mixed_c40,3197,,26.505,True,,40,write
falkordb,mixed_c40,3198,9909234,24.6836,True,,40,read
falkordb,mixed_c40,3199,9909512,24.1324,True,,40,read
falkordb,mixed_c40,3200,2106,24.8576,True,,40,read
falkordb,mixed_c40,3201,6114,24.2198,True,,40,read
falkordb,mixed_c40,3202,6217,24.8294,True,,40,read
falkordb,mixed_c40,3203,7077,26.2453,True,,40,read
falkordb,mixed_c40,3204,7211,26.2573,True,,40,read
falkordb,mixed_c40,3205,7232,23.1439,True,,40,read
falkordb,mixed_c40,3206,9292,24.5667,True,,40,read
falkordb,mixed_c40,3207,,25.1608,True,,40,write
falkordb,mixed_c40,3208,10180,24.6705,True,,40,read
falkordb,mixed_c40,3209,12020,23.9175,True,,40,read
falkordb,mixed_c40,3210,101328,24.204,True,,40,read
falkordb,mixed_c40,3211,102194,23.8249,True,,40,read
falkordb,mixed_c40,3212,102318,27.4909,True,,40,read
falkordb,mixed_c40,3213,,31.3777,True,,40,write
falkordb,mixed_c40,3214,104187,27.2554,True,,40,read
falkordb,mixed_c40,3215,,28.4159,True,,40,write
falkordb,mixed_c40,3216,106261,27.9087,True,,40,read
falkordb,mixed_c40,3217,107028,26.637,True,,40,read
falkordb,mixed_c40,3218,107093,24.8377,True,,40,read
falkordb,mixed_c40,3219,,24.2749,True,,40,write
falkordb,mixed_c40,3220,108250,26.4429,True,,40,read
falkordb,mixed_c40,3221,109054,26.5605,True,,40,read
falkordb,mixed_c40,3222,109073,24.29,True,,40,read
falkordb,mixed_c40,3223,,25.3889,True,,40,write
falkordb,mixed_c40,3224,110376,28.7,True,,40,read
falkordb,mixed_c40,3225,201053,24.2668,True,,40,read
falkordb,mixed_c40,3226,204096,25.6257,True,,40,read
falkordb,mixed_c40,3227,204176,25.5845,True,,40,read
falkordb,mixed_c40,3228,204182,25.0796,True,,40,read
falkordb,mixed_c40,3229,205038,25.166,True,,40,read
falkordb,mixed_c40,3230,207048,23.9034,True,,40,read
falkordb,mixed_c40,3231,,26.1861,True,,40,write
falkordb,mixed_c40,3232,208138,26.1264,True,,40,read
falkordb,mixed_c40,3233,208159,23.6927,True,,40,read
falkordb,mixed_c40,3234,209058,26.8108,True,,40,read
falkordb,mixed_c40,3235,209108,24.6851,True,,40,read
falkordb,mixed_c40,3236,210254,26.4543,True,,40,read
falkordb,mixed_c40,3237,302080,25.5204,True,,40,read
falkordb,mixed_c40,3238,9208245,25.6014,True,,40,read
falkordb,mixed_c40,3239,9304275,24.5743,True,,40,read
falkordb,mixed_c40,3240,9305258,23.9987,True,,40,read
falkordb,mixed_c40,3241,9306241,25.5959,True,,40,read
falkordb,mixed_c40,3242,9307320,25.5743,True,,40,read
falkordb,mixed_c40,3243,,23.9866,True,,40,write
falkordb,mixed_c40,3244,9309273,25.4272,True,,40,read
falkordb,mixed_c40,3245,,25.171,True,,40,write
falkordb,mixed_c40,3246,9310213,33.336,True,,40,read
falkordb,mixed_c40,3247,,33.8164,True,,40,write
falkordb,mixed_c40,3248,9401244,29.2873,True,,40,read
falkordb,mixed_c40,3249,,31.5807,True,,40,write
falkordb,mixed_c40,3250,9403260,29.9284,True,,40,read
falkordb,mixed_c40,3251,9403269,30.8243,True,,40,read
falkordb,mixed_c40,3252,9407272,29.2695,True,,40,read
falkordb,mixed_c40,3253,,26.9716,True,,40,write
falkordb,mixed_c40,3254,9407401,26.8164,True,,40,read
falkordb,mixed_c40,3255,9501227,26.4922,True,,40,read
falkordb,mixed_c40,3256,9501350,25.265,True,,40,read
falkordb,mixed_c40,3257,9501376,24.6234,True,,40,read
falkordb,mixed_c40,3258,,26.92,True,,40,write
falkordb,mixed_c40,3259,9502360,24.5291,True,,40,read
falkordb,mixed_c40,3260,9503294,26.2768,True,,40,read
falkordb,mixed_c40,3261,,25.8475,True,,40,write
falkordb,mixed_c40,3262,9505303,23.5994,True,,40,read
falkordb,mixed_c40,3263,9505310,23.9997,True,,40,read
falkordb,mixed_c40,3264,9505324,25.1353,True,,40,read
falkordb,mixed_c40,3265,9508299,24.7571,True,,40,read
falkordb,mixed_c40,3266,9509349,23.7706,True,,40,read
falkordb,mixed_c40,3267,9603367,24.5079,True,,40,read
falkordb,mixed_c40,3268,9603420,25.2959,True,,40,read
falkordb,mixed_c40,3269,,25.2141,True,,40,write
falkordb,mixed_c40,3270,9609217,24.9994,True,,40,read
falkordb,mixed_c40,3271,9609470,23.5622,True,,40,read
falkordb,mixed_c40,3272,9610393,23.7979,True,,40,read
falkordb,mixed_c40,3273,9701246,24.9257,True,,40,read
falkordb,mixed_c40,3274,,24.9345,True,,40,write
falkordb,mixed_c40,3275,9703209,27.4954,True,,40,read
falkordb,mixed_c40,3276,9703232,24.6741,True,,40,read
falkordb,mixed_c40,3277,9703423,25.0039,True,,40,read
falkordb,mixed_c40,3278,9705262,24.4181,True,,40,read
falkordb,mixed_c40,3279,9706541,26.7845,True,,40,read
falkordb,mixed_c40,3280,9707250,25.5184,True,,40,read
falkordb,mixed_c40,3281,9707282,26.6841,True,,40,read
falkordb,mixed_c40,3282,9707295,25.2565,True,,40,read
falkordb,mixed_c40,3283,,23.871,True,,40,write
falkordb,mixed_c40,3284,9711261,25.1363,True,,40,read
falkordb,mixed_c40,3285,9711379,30.8414,True,,40,read
falkordb,mixed_c40,3286,,27.1334,True,,40,write
falkordb,mixed_c40,3287,,24.6094,True,,40,write
falkordb,mixed_c40,3288,9804313,30.1939,True,,40,read
falkordb,mixed_c40,3289,9804343,29.387,True,,40,read
falkordb,mixed_c40,3290,9805465,27.3761,True,,40,read
falkordb,mixed_c40,3291,9809529,26.1687,True,,40,read
falkordb,mixed_c40,3292,9810418,27.5481,True,,40,read
falkordb,mixed_c40,3293,9811432,24.9789,True,,40,read
falkordb,mixed_c40,3294,9811469,25.3924,True,,40,read
falkordb,mixed_c40,3295,9812342,25.9011,True,,40,read
falkordb,mixed_c40,3296,9906506,26.2624,True,,40,read
falkordb,mixed_c40,3297,9907534,24.0694,True,,40,read
falkordb,mixed_c40,3298,9909234,24.8894,True,,40,read
falkordb,mixed_c40,3299,9909512,24.4596,True,,40,read
falkordb,mixed_c40,3300,2106,23.8723,True,,40,read
falkordb,mixed_c40,3301,6114,23.1802,True,,40,read
falkordb,mixed_c40,3302,6217,23.9329,True,,40,read
falkordb,mixed_c40,3303,7077,24.9012,True,,40,read
falkordb,mixed_c40,3304,7211,24.4405,True,,40,read
falkordb,mixed_c40,3305,7232,24.8162,True,,40,read
falkordb,mixed_c40,3306,9292,24.2323,True,,40,read
falkordb,mixed_c40,3307,10094,23.4785,True,,40,read
falkordb,mixed_c40,3308,10180,27.8959,True,,40,read
falkordb,mixed_c40,3309,,24.5841,True,,40,write
falkordb,mixed_c40,3310,101328,25.9958,True,,40,read
falkordb,mixed_c40,3311,,24.5531,True,,40,write
falkordb,mixed_c40,3312,102318,24.9648,True,,40,read
falkordb,mixed_c40,3313,104122,29.32,True,,40,read
falkordb,mixed_c40,3314,104187,24.1666,True,,40,read
falkordb,mixed_c40,3315,,27.6177,True,,40,write
falkordb,mixed_c40,3316,106261,25.0411,True,,40,read
falkordb,mixed_c40,3317,107028,26.0821,True,,40,read
falkordb,mixed_c40,3318,107093,26.4184,True,,40,read
falkordb,mixed_c40,3319,107295,24.1532,True,,40,read
falkordb,mixed_c40,3320,108250,24.2681,True,,40,read
falkordb,mixed_c40,3321,,23.771,True,,40,write
falkordb,mixed_c40,3322,109073,23.8739,True,,40,read
falkordb,mixed_c40,3323,,24.013,True,,40,write
falkordb,mixed_c40,3324,,23.1036,True,,40,write
falkordb,mixed_c40,3325,,27.0321,True,,40,write
falkordb,mixed_c40,3326,204096,26.6963,True,,40,read
falkordb,mixed_c40,3327,204176,26.1094,True,,40,read
falkordb,mixed_c40,3328,204182,24.5806,True,,40,read
falkordb,mixed_c40,3329,205038,25.7407,True,,40,read
falkordb,mixed_c40,3330,207048,24.8043,True,,40,read
falkordb,mixed_c40,3331,207227,24.4332,True,,40,read
falkordb,mixed_c40,3332,208138,25.3222,True,,40,read
falkordb,mixed_c40,3333,208159,25.3518,True,,40,read
falkordb,mixed_c40,3334,,24.4621,True,,40,write
falkordb,mixed_c40,3335,209108,25.3199,True,,40,read
falkordb,mixed_c40,3336,210254,24.6685,True,,40,read
falkordb,mixed_c40,3337,302080,24.6534,True,,40,read
falkordb,mixed_c40,3338,9208245,24.8727,True,,40,read
falkordb,mixed_c40,3339,9304275,23.9655,True,,40,read
falkordb,mixed_c40,3340,,28.8729,True,,40,write
falkordb,mixed_c40,3341,9306241,24.7921,True,,40,read
falkordb,mixed_c40,3342,9307320,26.8188,True,,40,read
falkordb,mixed_c40,3343,9309220,27.7253,True,,40,read
falkordb,mixed_c40,3344,9309273,26.8932,True,,40,read
falkordb,mixed_c40,3345,9309293,25.9125,True,,40,read
falkordb,mixed_c40,3346,9310213,25.2514,True,,40,read
falkordb,mixed_c40,3347,9311240,25.308,True,,40,read
falkordb,mixed_c40,3348,,26.3628,True,,40,write
falkordb,mixed_c40,3349,9401326,25.6639,True,,40,read
falkordb,mixed_c40,3350,,26.8207,True,,40,write
falkordb,mixed_c40,3351,9403269,25.9172,True,,40,read
falkordb,mixed_c40,3352,,25.0707,True,,40,write
falkordb,mixed_c40,3353,9407278,25.4197,True,,40,read
falkordb,mixed_c40,3354,9407401,29.3417,True,,40,read
falkordb,mixed_c40,3355,9501227,26.6515,True,,40,read
falkordb,mixed_c40,3356,,26.7459,True,,40,write
falkordb,mixed_c40,3357,9501376,25.9538,True,,40,read
falkordb,mixed_c40,3358,,25.2449,True,,40,write
falkordb,mixed_c40,3359,9502360,25.4733,True,,40,read
falkordb,mixed_c40,3360,9503294,26.2361,True,,40,read
falkordb,mixed_c40,3361,9504347,25.3614,True,,40,read
falkordb,mixed_c40,3362,,25.392,True,,40,write
falkordb,mixed_c40,3363,,26.1062,True,,40,write
falkordb,mixed_c40,3364,9505324,25.3935,True,,40,read
falkordb,mixed_c40,3365,9508299,25.8485,True,,40,read
falkordb,mixed_c40,3366,,23.6116,True,,40,write
falkordb,mixed_c40,3367,,25.8881,True,,40,write
falkordb,mixed_c40,3368,9603420,25.7775,True,,40,read
falkordb,mixed_c40,3369,9606252,22.912,True,,40,read
falkordb,mixed_c40,3370,,23.6689,True,,40,write
falkordb,mixed_c40,3371,9609470,25.4385,True,,40,read
falkordb,mixed_c40,3372,9610393,23.8082,True,,40,read
falkordb,mixed_c40,3373,9701246,25.8607,True,,40,read
falkordb,mixed_c40,3374,9702270,25.1572,True,,40,read
falkordb,mixed_c40,3375,,25.15,True,,40,write
falkordb,mixed_c40,3376,9703232,25.6744,True,,40,read
falkordb,mixed_c40,3377,9703423,26.2232,True,,40,read
falkordb,mixed_c40,3378,9705262,24.4526,True,,40,read
falkordb,mixed_c40,3379,9706541,24.6188,True,,40,read
falkordb,mixed_c40,3380,,25.796,True,,40,write
falkordb,mixed_c40,3381,,25.2532,True,,40,write
falkordb,mixed_c40,3382,9707295,24.3103,True,,40,read
falkordb,mixed_c40,3383,9710376,26.4023,True,,40,read
falkordb,mixed_c40,3384,9711261,23.7217,True,,40,read
falkordb,mixed_c40,3385,,23.1725,True,,40,write
falkordb,mixed_c40,3386,9803439,23.5469,True,,40,read
falkordb,mixed_c40,3387,9804298,24.4429,True,,40,read
falkordb,mixed_c40,3388,,23.9383,True,,40,write
falkordb,mixed_c40,3389,9804343,22.8263,True,,40,read
falkordb,mixed_c40,3390,9805465,24.4627,True,,40,read
falkordb,mixed_c40,3391,9809529,24.6815,True,,40,read
falkordb,mixed_c40,3392,,23.7884,True,,40,write
falkordb,mixed_c40,3393,9811432,24.5491,True,,40,read
falkordb,mixed_c40,3394,,25.9163,True,,40,write
falkordb,mixed_c40,3395,9812342,24.1837,True,,40,read
falkordb,mixed_c40,3396,9906506,24.469,True,,40,read
falkordb,mixed_c40,3397,9907534,23.8475,True,,40,read
falkordb,mixed_c40,3398,9909234,23.9637,True,,40,read
falkordb,mixed_c40,3399,9909512,26.2025,True,,40,read
falkordb,mixed_c40,3400,2106,24.2074,True,,40,read
falkordb,mixed_c40,3401,6114,24.3019,True,,40,read
falkordb,mixed_c40,3402,6217,24.1614,True,,40,read
falkordb,mixed_c40,3403,7077,23.8899,True,,40,read
falkordb,mixed_c40,3404,7211,24.1373,True,,40,read
falkordb,mixed_c40,3405,,24.1578,True,,40,write
falkordb,mixed_c40,3406,9292,24.8104,True,,40,read
falkordb,mixed_c40,3407,10094,24.785,True,,40,read
falkordb,mixed_c40,3408,10180,24.8385,True,,40,read
falkordb,mixed_c40,3409,12020,25.4233,True,,40,read
falkordb,mixed_c40,3410,101328,24.3383,True,,40,read
falkordb,mixed_c40,3411,102194,23.7947,True,,40,read
falkordb,mixed_c40,3412,102318,25.2006,True,,40,read
falkordb,mixed_c40,3413,104122,25.7317,True,,40,read
falkordb,mixed_c40,3414,104187,25.2578,True,,40,read
falkordb,mixed_c40,3415,105349,24.7527,True,,40,read
falkordb,mixed_c40,3416,106261,25.0598,True,,40,read
falkordb,mixed_c40,3417,107028,23.9741,True,,40,read
falkordb,mixed_c40,3418,107093,27.1788,True,,40,read
falkordb,mixed_c40,3419,,25.9519,True,,40,write
falkordb,mixed_c40,3420,108250,25.4291,True,,40,read
falkordb,mixed_c40,3421,,24.6264,True,,40,write
falkordb,mixed_c40,3422,109073,25.8606,True,,40,read
falkordb,mixed_c40,3423,110264,24.7482,True,,40,read
falkordb,mixed_c40,3424,110376,24.5201,True,,40,read
falkordb,mixed_c40,3425,201053,25.2977,True,,40,read
falkordb,mixed_c40,3426,204096,24.8904,True,,40,read
falkordb,mixed_c40,3427,204176,24.5476,True,,40,read
falkordb,mixed_c40,3428,204182,24.7043,True,,40,read
falkordb,mixed_c40,3429,205038,25.5843,True,,40,read
falkordb,mixed_c40,3430,207048,25.1651,True,,40,read
falkordb,mixed_c40,3431,207227,26.2111,True,,40,read
falkordb,mixed_c40,3432,208138,25.0122,True,,40,read
falkordb,mixed_c40,3433,208159,25.3345,True,,40,read
falkordb,mixed_c40,3434,209058,29.007,True,,40,read
falkordb,mixed_c40,3435,209108,29.5724,True,,40,read
falkordb,mixed_c40,3436,210254,25.9869,True,,40,read
falkordb,mixed_c40,3437,,25.5048,True,,40,write
falkordb,mixed_c40,3438,9208245,27.1899,True,,40,read
falkordb,mixed_c40,3439,9304275,26.3797,True,,40,read
falkordb,mixed_c40,3440,9305258,37.4594,True,,40,read
falkordb,mixed_c40,3441,9306241,32.8923,True,,40,read
falkordb,mixed_c40,3442,9307320,35.9278,True,,40,read
falkordb,mixed_c40,3443,9309220,33.5788,True,,40,read
falkordb,mixed_c40,3444,9309273,35.7729,True,,40,read
falkordb,mixed_c40,3445,,34.8843,True,,40,write
falkordb,mixed_c40,3446,9310213,33.5701,True,,40,read
falkordb,mixed_c40,3447,,32.0459,True,,40,write
falkordb,mixed_c40,3448,9401244,25.5238,True,,40,read
falkordb,mixed_c40,3449,9401326,28.328,True,,40,read
falkordb,mixed_c40,3450,9403260,26.0177,True,,40,read
falkordb,mixed_c40,3451,9403269,25.5157,True,,40,read
falkordb,mixed_c40,3452,9407272,27.594,True,,40,read
falkordb,mixed_c40,3453,9407278,26.5393,True,,40,read
falkordb,mixed_c40,3454,9407401,27.4853,True,,40,read
falkordb,mixed_c40,3455,9501227,26.9391,True,,40,read
falkordb,mixed_c40,3456,9501350,24.7889,True,,40,read
falkordb,mixed_c40,3457,9501376,24.188,True,,40,read
falkordb,mixed_c40,3458,9502306,26.4668,True,,40,read
falkordb,mixed_c40,3459,9502360,26.3695,True,,40,read
falkordb,mixed_c40,3460,9503294,26.8395,True,,40,read
falkordb,mixed_c40,3461,9504347,24.0738,True,,40,read
falkordb,mixed_c40,3462,9505303,25.5118,True,,40,read
falkordb,mixed_c40,3463,9505310,26.0191,True,,40,read
falkordb,mixed_c40,3464,9505324,24.9707,True,,40,read
falkordb,mixed_c40,3465,,27.1167,True,,40,write
falkordb,mixed_c40,3466,,23.273,True,,40,write
falkordb,mixed_c40,3467,,24.9878,True,,40,write
falkordb,mixed_c40,3468,9603420,23.9172,True,,40,read
falkordb,mixed_c40,3469,9606252,27.0259,True,,40,read
falkordb,mixed_c40,3470,9609217,25.6248,True,,40,read
falkordb,mixed_c40,3471,9609470,25.6994,True,,40,read
falkordb,mixed_c40,3472,9610393,26.4485,True,,40,read
falkordb,mixed_c40,3473,9701246,27.1444,True,,40,read
falkordb,mixed_c40,3474,9702270,24.963,True,,40,read
falkordb,mixed_c40,3475,9703209,24.0269,True,,40,read
falkordb,mixed_c40,3476,9703232,25.5985,True,,40,read
falkordb,mixed_c40,3477,9703423,24.4763,True,,40,read
falkordb,mixed_c40,3478,9705262,31.6648,True,,40,read
falkordb,mixed_c40,3479,,29.4908,True,,40,write
falkordb,mixed_c40,3480,9707250,24.334,True,,40,read
falkordb,mixed_c40,3481,,24.701,True,,40,write
falkordb,mixed_c40,3482,9707295,27.685,True,,40,read
falkordb,mixed_c40,3483,9710376,30.0901,True,,40,read
falkordb,mixed_c40,3484,9711261,28.6957,True,,40,read
falkordb,mixed_c40,3485,,28.8766,True,,40,write
falkordb,mixed_c40,3486,,25.7284,True,,40,write
falkordb,mixed_c40,3487,,27.8771,True,,40,write
falkordb,mixed_c40,3488,9804313,26.994,True,,40,read
falkordb,mixed_c40,3489,9804343,26.3427,True,,40,read
falkordb,mixed_c40,3490,9805465,29.4834,True,,40,read
falkordb,mixed_c40,3491,9809529,26.0682,True,,40,read
falkordb,mixed_c40,3492,9810418,31.023,True,,40,read
falkordb,mixed_c40,3493,9811432,26.3393,True,,40,read
falkordb,mixed_c40,3494,9811469,26.9006,True,,40,read
falkordb,mixed_c40,3495,9812342,27.7704,True,,40,read
falkordb,mixed_c40,3496,9906506,27.0026,True,,40,read
falkordb,mixed_c40,3497,9907534,27.0781,True,,40,read
falkordb,mixed_c40,3498,9909234,22.9111,True,,40,read
falkordb,mixed_c40,3499,,27.5936,True,,40,write
falkordb,mixed_c40,3500,2106,27.2209,True,,40,read
falkordb,mixed_c40,3501,6114,24.8887,True,,40,read
falkordb,mixed_c40,3502,,26.6071,True,,40,write
falkordb,mixed_c40,3503,,24.6382,True,,40,write
falkordb,mixed_c40,3504,7211,25.2666,True,,40,read
falkordb,mixed_c40,3505,7232,26.1496,True,,40,read
falkordb,mixed_c40,3506,9292,24.9251,True,,40,read
falkordb,mixed_c40,3507,10094,24.2327,True,,40,read
falkordb,mixed_c40,3508,10180,26.5976,True,,40,read
falkordb,mixed_c40,3509,12020,24.2392,True,,40,read
falkordb,mixed_c40,3510,101328,26.4126,True,,40,read
falkordb,mixed_c40,3511,102194,26.1017,True,,40,read
falkordb,mixed_c40,3512,,24.3926,True,,40,write
falkordb,mixed_c40,3513,104122,28.1559,True,,40,read
falkordb,mixed_c40,3514,104187,26.13,True,,40,read
falkordb,mixed_c40,3515,105349,24.3453,True,,40,read
falkordb,mixed_c40,3516,106261,25.062,True,,40,read
falkordb,mixed_c40,3517,,29.3915,True,,40,write
falkordb,mixed_c40,3518,107093,30.096,True,,40,read
falkordb,mixed_c40,3519,,26.7908,True,,40,write
falkordb,mixed_c40,3520,108250,26.8217,True,,40,read
falkordb,mixed_c40,3521,109054,26.0862,True,,40,read
falkordb,mixed_c40,3522,109073,25.4294,True,,40,read
falkordb,mixed_c40,3523,110264,27.2104,True,,40,read
falkordb,mixed_c40,3524,110376,25.7549,True,,40,read
falkordb,mixed_c40,3525,201053,25.3403,True,,40,read
falkordb,mixed_c40,3526,204096,25.865,True,,40,read
falkordb,mixed_c40,3527,204176,24.2761,True,,40,read
falkordb,mixed_c40,3528,204182,25.4166,True,,40,read
falkordb,mixed_c40,3529,205038,22.9904,True,,40,read
falkordb,mixed_c40,3530,207048,24.7879,True,,40,read
falkordb,mixed_c40,3531,207227,25.9316,True,,40,read
falkordb,mixed_c40,3532,208138,26.0047,True,,40,read
falkordb,mixed_c40,3533,208159,25.2016,True,,40,read
falkordb,mixed_c40,3534,209058,23.0178,True,,40,read
falkordb,mixed_c40,3535,209108,24.188,True,,40,read
falkordb,mixed_c40,3536,,25.3255,True,,40,write
falkordb,mixed_c40,3537,,24.3725,True,,40,write
falkordb,mixed_c40,3538,9208245,23.4239,True,,40,read
falkordb,mixed_c40,3539,9304275,27.0348,True,,40,read
falkordb,mixed_c40,3540,,24.3633,True,,40,write
falkordb,mixed_c40,3541,9306241,24.8367,True,,40,read
falkordb,mixed_c40,3542,,25.8314,True,,40,write
falkordb,mixed_c40,3543,9309220,26.2495,True,,40,read
falkordb,mixed_c40,3544,9309273,23.6319,True,,40,read
falkordb,mixed_c40,3545,9309293,23.3291,True,,40,read
falkordb,mixed_c40,3546,,24.4761,True,,40,write
falkordb,mixed_c40,3547,9311240,24.5213,True,,40,read
falkordb,mixed_c40,3548,,24.4094,True,,40,write
falkordb,mixed_c40,3549,9401326,24.8368,True,,40,read
falkordb,mixed_c40,3550,9403260,24.3882,True,,40,read
falkordb,mixed_c40,3551,9403269,24.4383,True,,40,read
falkordb,mixed_c40,3552,9407272,25.2795,True,,40,read
falkordb,mixed_c40,3553,,23.9405,True,,40,write
falkordb,mixed_c40,3554,9407401,24.6681,True,,40,read
falkordb,mixed_c40,3555,9501227,24.2386,True,,40,read
falkordb,mixed_c40,3556,9501350,23.1096,True,,40,read
falkordb,mixed_c40,3557,9501376,23.9205,True,,40,read
falkordb,mixed_c40,3558,,24.3771,True,,40,write
falkordb,mixed_c40,3559,9502360,24.0346,True,,40,read
falkordb,mixed_c40,3560,,23.3461,True,,40,write
falkordb,mixed_c40,3561,9504347,25.7692,True,,40,read
falkordb,mixed_c40,3562,9505303,26.1323,True,,40,read
falkordb,mixed_c40,3563,9505310,25.3703,True,,40,read
falkordb,mixed_c40,3564,9505324,25.2607,True,,40,read
falkordb,mixed_c40,3565,9508299,24.6367,True,,40,read
falkordb,mixed_c40,3566,,23.2054,True,,40,write
falkordb,mixed_c40,3567,9603367,25.6685,True,,40,read
falkordb,mixed_c40,3568,9603420,26.7696,True,,40,read
falkordb,mixed_c40,3569,,27.7077,True,,40,write
falkordb,mixed_c40,3570,9609217,26.7072,True,,40,read
falkordb,mixed_c40,3571,9609470,26.1316,True,,40,read
falkordb,mixed_c40,3572,,25.515,True,,40,write
falkordb,mixed_c40,3573,,25.9456,True,,40,write
falkordb,mixed_c40,3574,,25.4598,True,,40,write
falkordb,mixed_c40,3575,9703209,24.9353,True,,40,read
falkordb,mixed_c40,3576,9703232,25.1298,True,,40,read
falkordb,mixed_c40,3577,,27.5607,True,,40,write
falkordb,mixed_c40,3578,9705262,26.9436,True,,40,read
falkordb,mixed_c40,3579,9706541,27.4741,True,,40,read
falkordb,mixed_c40,3580,9707250,27.3713,True,,40,read
falkordb,mixed_c40,3581,9707282,26.8719,True,,40,read
falkordb,mixed_c40,3582,9707295,27.088,True,,40,read
falkordb,mixed_c40,3583,,25.94,True,,40,write
falkordb,mixed_c40,3584,9711261,24.729,True,,40,read
falkordb,mixed_c40,3585,,23.3073,True,,40,write
falkordb,mixed_c40,3586,9803439,25.2475,True,,40,read
falkordb,mixed_c40,3587,9804298,25.0144,True,,40,read
falkordb,mixed_c40,3588,,25.4652,True,,40,write
falkordb,mixed_c40,3589,9804343,25.727,True,,40,read
falkordb,mixed_c40,3590,9805465,22.6935,True,,40,read
falkordb,mixed_c40,3591,9809529,24.6968,True,,40,read
falkordb,mixed_c40,3592,,24.3371,True,,40,write
falkordb,mixed_c40,3593,9811432,27.7192,True,,40,read
falkordb,mixed_c40,3594,9811469,26.5889,True,,40,read
falkordb,mixed_c40,3595,9812342,26.7771,True,,40,read
falkordb,mixed_c40,3596,9906506,27.9143,True,,40,read
falkordb,mixed_c40,3597,9907534,23.8607,True,,40,read
falkordb,mixed_c40,3598,9909234,26.6056,True,,40,read
falkordb,mixed_c40,3599,9909512,24.7584,True,,40,read
falkordb,mixed_c40,3600,2106,24.876,True,,40,read
falkordb,mixed_c40,3601,6114,24.1867,True,,40,read
falkordb,mixed_c40,3602,6217,23.7808,True,,40,read
falkordb,mixed_c40,3603,7077,25.2828,True,,40,read
falkordb,mixed_c40,3604,7211,29.692,True,,40,read
falkordb,mixed_c40,3605,7232,28.662,True,,40,read
falkordb,mixed_c40,3606,9292,27.4271,True,,40,read
falkordb,mixed_c40,3607,10094,28.7677,True,,40,read
falkordb,mixed_c40,3608,,27.6642,True,,40,write
falkordb,mixed_c40,3609,12020,25.8642,True,,40,read
falkordb,mixed_c40,3610,101328,27.225,True,,40,read
falkordb,mixed_c40,3611,102194,26.5962,True,,40,read
falkordb,mixed_c40,3612,102318,28.7414,True,,40,read
falkordb,mixed_c40,3613,,25.0188,True,,40,write
falkordb,mixed_c40,3614,,28.5112,True,,40,write
falkordb,mixed_c40,3615,105349,23.6847,True,,40,read
falkordb,mixed_c40,3616,106261,25.275,True,,40,read
falkordb,mixed_c40,3617,,25.1811,True,,40,write
falkordb,mixed_c40,3618,107093,24.8372,True,,40,read
falkordb,mixed_c40,3619,,23.1364,True,,40,write
falkordb,mixed_c40,3620,108250,24.957,True,,40,read
falkordb,mixed_c40,3621,109054,25.1071,True,,40,read
falkordb,mixed_c40,3622,109073,28.218,True,,40,read
falkordb,mixed_c40,3623,110264,27.4528,True,,40,read
falkordb,mixed_c40,3624,110376,26.5824,True,,40,read
falkordb,mixed_c40,3625,,26.2384,True,,40,write
falkordb,mixed_c40,3626,,24.8736,True,,40,write
falkordb,mixed_c40,3627,204176,24.0413,True,,40,read
falkordb,mixed_c40,3628,204182,24.6647,True,,40,read
falkordb,mixed_c40,3629,205038,26.7374,True,,40,read
falkordb,mixed_c40,3630,207048,26.7362,True,,40,read
falkordb,mixed_c40,3631,207227,27.0571,True,,40,read
falkordb,mixed_c40,3632,,29.3261,True,,40,write
falkordb,mixed_c40,3633,,29.2639,True,,40,write
falkordb,mixed_c40,3634,209058,33.4668,True,,40,read
falkordb,mixed_c40,3635,209108,27.3432,True,,40,read
falkordb,mixed_c40,3636,210254,28.6864,True,,40,read
falkordb,mixed_c40,3637,302080,27.119,True,,40,read
falkordb,mixed_c40,3638,9208245,24.5958,True,,40,read
falkordb,mixed_c40,3639,9304275,24.4807,True,,40,read
falkordb,mixed_c40,3640,9305258,37.7465,True,,40,read
falkordb,mixed_c40,3641,9306241,24.4442,True,,40,read
falkordb,mixed_c40,3642,9307320,32.299,True,,40,read
falkordb,mixed_c40,3643,,32.2749,True,,40,write
falkordb,mixed_c40,3644,,33.8204,True,,40,write
falkordb,mixed_c40,3645,9309293,28.2291,True,,40,read
falkordb,mixed_c40,3646,9310213,29.658,True,,40,read
falkordb,mixed_c40,3647,,27.6687,True,,40,write
falkordb,mixed_c40,3648,9401244,27.5128,True,,40,read
falkordb,mixed_c40,3649,9401326,29.6108,True,,40,read
falkordb,mixed_c40,3650,,29.8361,True,,40,write
falkordb,mixed_c40,3651,9403269,29.3136,True,,40,read
falkordb,mixed_c40,3652,9407272,31.2352,True,,40,read
falkordb,mixed_c40,3653,9407278,25.6266,True,,40,read
falkordb,mixed_c40,3654,9407401,25.7804,True,,40,read
falkordb,mixed_c40,3655,9501227,26.0301,True,,40,read
falkordb,mixed_c40,3656,,26.0548,True,,40,write
falkordb,mixed_c40,3657,,27.0416,True,,40,write
falkordb,mixed_c40,3658,9502306,26.4327,True,,40,read
falkordb,mixed_c40,3659,9502360,25.3095,True,,40,read
falkordb,mixed_c40,3660,9503294,24.6826,True,,40,read
falkordb,mixed_c40,3661,9504347,24.5803,True,,40,read
falkordb,mixed_c40,3662,9505303,24.2059,True,,40,read
falkordb,mixed_c40,3663,9505310,23.5862,True,,40,read
falkordb,mixed_c40,3664,9505324,24.3522,True,,40,read
falkordb,mixed_c40,3665,9508299,24.0213,True,,40,read
falkordb,mixed_c40,3666,9509349,23.8594,True,,40,read
falkordb,mixed_c40,3667,9603367,23.0941,True,,40,read
falkordb,mixed_c40,3668,,24.2009,True,,40,write
falkordb,mixed_c40,3669,,23.9678,True,,40,write
falkordb,mixed_c40,3670,9609217,23.8446,True,,40,read
falkordb,mixed_c40,3671,9609470,24.9684,True,,40,read
falkordb,mixed_c40,3672,9610393,30.8301,True,,40,read
falkordb,mixed_c40,3673,,25.892,True,,40,write
falkordb,mixed_c40,3674,9702270,24.619,True,,40,read
falkordb,mixed_c40,3675,9703209,25.868,True,,40,read
falkordb,mixed_c40,3676,,24.8277,True,,40,write
falkordb,mixed_c40,3677,9703423,23.7564,True,,40,read
falkordb,mixed_c40,3678,9705262,26.1125,True,,40,read
falkordb,mixed_c40,3679,,25.9776,True,,40,write
falkordb,mixed_c40,3680,9707250,28.0837,True,,40,read
falkordb,mixed_c40,3681,9707282,26.8926,True,,40,read
falkordb,mixed_c40,3682,9707295,26.379,True,,40,read
falkordb,mixed_c40,3683,9710376,26.4198,True,,40,read
falkordb,mixed_c40,3684,9711261,26.2994,True,,40,read
falkordb,mixed_c40,3685,9711379,24.0672,True,,40,read
falkordb,mixed_c40,3686,9803439,25.3937,True,,40,read
falkordb,mixed_c40,3687,9804298,24.3404,True,,40,read
falkordb,mixed_c40,3688,,27.0204,True,,40,write
falkordb,mixed_c40,3689,9804343,26.9828,True,,40,read
falkordb,mixed_c40,3690,9805465,24.9523,True,,40,read
falkordb,mixed_c40,3691,9809529,25.0874,True,,40,read
falkordb,mixed_c40,3692,9810418,24.4124,True,,40,read
falkordb,mixed_c40,3693,9811432,27.03,True,,40,read
falkordb,mixed_c40,3694,9811469,23.8921,True,,40,read
falkordb,mixed_c40,3695,9812342,25.8986,True,,40,read
falkordb,mixed_c40,3696,9906506,24.9547,True,,40,read
falkordb,mixed_c40,3697,9907534,24.5155,True,,40,read
falkordb,mixed_c40,3698,9909234,24.94,True,,40,read
falkordb,mixed_c40,3699,9909512,22.4542,True,,40,read
falkordb,mixed_c40,3700,2106,24.7407,True,,40,read
falkordb,mixed_c40,3701,6114,24.9187,True,,40,read
falkordb,mixed_c40,3702,6217,24.8237,True,,40,read
falkordb,mixed_c40,3703,7077,22.6212,True,,40,read
falkordb,mixed_c40,3704,7211,24.8627,True,,40,read
falkordb,mixed_c40,3705,7232,24.829,True,,40,read
falkordb,mixed_c40,3706,9292,26.7351,True,,40,read
falkordb,mixed_c40,3707,,25.4959,True,,40,write
falkordb,mixed_c40,3708,10180,25.3881,True,,40,read
falkordb,mixed_c40,3709,12020,25.5835,True,,40,read
falkordb,mixed_c40,3710,101328,25.9193,True,,40,read
falkordb,mixed_c40,3711,,24.6076,True,,40,write
falkordb,mixed_c40,3712,102318,24.9951,True,,40,read
falkordb,mixed_c40,3713,104122,27.6619,True,,40,read
falkordb,mixed_c40,3714,104187,26.049,True,,40,read
falkordb,mixed_c40,3715,105349,26.5569,True,,40,read
falkordb,mixed_c40,3716,106261,24.3692,True,,40,read
falkordb,mixed_c40,3717,107028,24.9412,True,,40,read
falkordb,mixed_c40,3718,107093,26.0553,True,,40,read
falkordb,mixed_c40,3719,,25.4469,True,,40,write
falkordb,mixed_c40,3720,108250,24.5364,True,,40,read
falkordb,mixed_c40,3721,109054,26.2781,True,,40,read
falkordb,mixed_c40,3722,109073,25.0333,True,,40,read
falkordb,mixed_c40,3723,110264,26.1471,True,,40,read
falkordb,mixed_c40,3724,110376,25.8196,True,,40,read
falkordb,mixed_c40,3725,201053,26.2213,True,,40,read
falkordb,mixed_c40,3726,204096,24.36,True,,40,read
falkordb,mixed_c40,3727,204176,25.1915,True,,40,read
falkordb,mixed_c40,3728,204182,25.2606,True,,40,read
falkordb,mixed_c40,3729,,24.9059,True,,40,write
falkordb,mixed_c40,3730,207048,24.1724,True,,40,read
falkordb,mixed_c40,3731,,24.412,True,,40,write
falkordb,mixed_c40,3732,208138,24.0344,True,,40,read
falkordb,mixed_c40,3733,208159,24.5649,True,,40,read
falkordb,mixed_c40,3734,209058,24.3508,True,,40,read
falkordb,mixed_c40,3735,,23.9899,True,,40,write
falkordb,mixed_c40,3736,210254,24.049,True,,40,read
falkordb,mixed_c40,3737,302080,27.2079,True,,40,read
falkordb,mixed_c40,3738,9208245,25.2538,True,,40,read
falkordb,mixed_c40,3739,9304275,26.0089,True,,40,read
falkordb,mixed_c40,3740,9305258,25.7703,True,,40,read
falkordb,mixed_c40,3741,9306241,25.7572,True,,40,read
falkordb,mixed_c40,3742,9307320,27.6168,True,,40,read
falkordb,mixed_c40,3743,,27.2378,True,,40,write
falkordb,mixed_c40,3744,9309273,25.7115,True,,40,read
falkordb,mixed_c40,3745,9309293,28.0733,True,,40,read
falkordb,mixed_c40,3746,,27.215,True,,40,write
falkordb,mixed_c40,3747,9311240,24.6859,True,,40,read
falkordb,mixed_c40,3748,9401244,25.4576,True,,40,read
falkordb,mixed_c40,3749,9401326,23.246,True,,40,read
falkordb,mixed_c40,3750,9403260,23.5028,True,,40,read
falkordb,mixed_c40,3751,,28.0246,True,,40,write
falkordb,mixed_c40,3752,,29.2198,True,,40,write
falkordb,mixed_c40,3753,9407278,26.0665,True,,40,read
falkordb,mixed_c40,3754,9407401,26.5332,True,,40,read
falkordb,mixed_c40,3755,9501227,26.4258,True,,40,read
falkordb,mixed_c40,3756,9501350,26.4275,True,,40,read
falkordb,mixed_c40,3757,9501376,26.6591,True,,40,read
falkordb,mixed_c40,3758,9502306,25.7194,True,,40,read
falkordb,mixed_c40,3759,9502360,25.9671,True,,40,read
falkordb,mixed_c40,3760,,27.0514,True,,40,write
falkordb,mixed_c40,3761,9504347,27.1706,True,,40,read
falkordb,mixed_c40,3762,9505303,24.7374,True,,40,read
falkordb,mixed_c40,3763,9505310,26.0567,True,,40,read
falkordb,mixed_c40,3764,9505324,25.0549,True,,40,read
falkordb,mixed_c40,3765,9508299,24.643,True,,40,read
falkordb,mixed_c40,3766,,25.0873,True,,40,write
falkordb,mixed_c40,3767,9603367,24.9685,True,,40,read
falkordb,mixed_c40,3768,,28.5222,True,,40,write
falkordb,mixed_c40,3769,9606252,26.9425,True,,40,read
falkordb,mixed_c40,3770,9609217,25.6243,True,,40,read
falkordb,mixed_c40,3771,,24.9615,True,,40,write
falkordb,mixed_c40,3772,,26.9607,True,,40,write
falkordb,mixed_c40,3773,9701246,26.4917,True,,40,read
falkordb,mixed_c40,3774,9702270,26.2711,True,,40,read
falkordb,mixed_c40,3775,9703209,24.7882,True,,40,read
falkordb,mixed_c40,3776,9703232,25.0265,True,,40,read
falkordb,mixed_c40,3777,9703423,28.6129,True,,40,read
falkordb,mixed_c40,3778,9705262,25.6376,True,,40,read
falkordb,mixed_c40,3779,9706541,25.6069,True,,40,read
falkordb,mixed_c40,3780,9707250,27.635,True,,40,read
falkordb,mixed_c40,3781,9707282,28.5909,True,,40,read
falkordb,mixed_c40,3782,9707295,26.6975,True,,40,read
falkordb,mixed_c40,3783,,27.2868,True,,40,write
falkordb,mixed_c40,3784,9711261,30.1828,True,,40,read
falkordb,mixed_c40,3785,9711379,26.8352,True,,40,read
falkordb,mixed_c40,3786,9803439,26.2481,True,,40,read
falkordb,mixed_c40,3787,9804298,32.5251,True,,40,read
falkordb,mixed_c40,3788,9804313,27.7638,True,,40,read
falkordb,mixed_c40,3789,,25.904,True,,40,write
falkordb,mixed_c40,3790,9805465,22.8287,True,,40,read
falkordb,mixed_c40,3791,9809529,24.2369,True,,40,read
falkordb,mixed_c40,3792,9810418,24.3926,True,,40,read
falkordb,mixed_c40,3793,9811432,23.407,True,,40,read
falkordb,mixed_c40,3794,,27.6655,True,,40,write
falkordb,mixed_c40,3795,9812342,25.4517,True,,40,read
falkordb,mixed_c40,3796,,24.9313,True,,40,write
falkordb,mixed_c40,3797,9907534,24.7784,True,,40,read
falkordb,mixed_c40,3798,,24.5441,True,,40,write
falkordb,mixed_c40,3799,,25.79,True,,40,write
falkordb,mixed_c40,3800,2106,24.0929,True,,40,read
falkordb,mixed_c40,3801,6114,26.1707,True,,40,read
falkordb,mixed_c40,3802,6217,25.6596,True,,40,read
falkordb,mixed_c40,3803,7077,24.7056,True,,40,read
falkordb,mixed_c40,3804,7211,24.2674,True,,40,read
falkordb,mixed_c40,3805,7232,23.7464,True,,40,read
falkordb,mixed_c40,3806,,25.4792,True,,40,write
falkordb,mixed_c40,3807,10094,24.897,True,,40,read
falkordb,mixed_c40,3808,10180,27.8871,True,,40,read
falkordb,mixed_c40,3809,12020,24.1262,True,,40,read
falkordb,mixed_c40,3810,101328,26.213,True,,40,read
falkordb,mixed_c40,3811,102194,25.1547,True,,40,read
falkordb,mixed_c40,3812,,25.421,True,,40,write
falkordb,mixed_c40,3813,104122,25.3011,True,,40,read
falkordb,mixed_c40,3814,104187,27.324,True,,40,read
falkordb,mixed_c40,3815,105349,25.0472,True,,40,read
falkordb,mixed_c40,3816,106261,27.0754,True,,40,read
falkordb,mixed_c40,3817,,24.8867,True,,40,write
falkordb,mixed_c40,3818,107093,24.5689,True,,40,read
falkordb,mixed_c40,3819,107295,25.1712,True,,40,read
falkordb,mixed_c40,3820,108250,25.2623,True,,40,read
falkordb,mixed_c40,3821,109054,24.6554,True,,40,read
falkordb,mixed_c40,3822,,24.6547,True,,40,write
falkordb,mixed_c40,3823,,23.9554,True,,40,write
falkordb,mixed_c40,3824,110376,26.414,True,,40,read
falkordb,mixed_c40,3825,201053,26.2603,True,,40,read
falkordb,mixed_c40,3826,204096,25.1241,True,,40,read
falkordb,mixed_c40,3827,204176,24.6162,True,,40,read
falkordb,mixed_c40,3828,204182,24.336,True,,40,read
falkordb,mixed_c40,3829,205038,24.5807,True,,40,read
falkordb,mixed_c40,3830,207048,24.6459,True,,40,read
falkordb,mixed_c40,3831,207227,25.5875,True,,40,read
falkordb,mixed_c40,3832,208138,24.184,True,,40,read
falkordb,mixed_c40,3833,208159,24.4077,True,,40,read
falkordb,mixed_c40,3834,209058,25.039,True,,40,read
falkordb,mixed_c40,3835,,24.9952,True,,40,write
falkordb,mixed_c40,3836,210254,23.6802,True,,40,read
falkordb,mixed_c40,3837,,25.201,True,,40,write
falkordb,mixed_c40,3838,9208245,25.3831,True,,40,read
falkordb,mixed_c40,3839,9304275,25.0101,True,,40,read
falkordb,mixed_c40,3840,9305258,25.6298,True,,40,read
falkordb,mixed_c40,3841,9306241,26.001,True,,40,read
falkordb,mixed_c40,3842,9307320,28.3665,True,,40,read
falkordb,mixed_c40,3843,9309220,25.4429,True,,40,read
falkordb,mixed_c40,3844,9309273,24.1169,True,,40,read
falkordb,mixed_c40,3845,9309293,23.9499,True,,40,read
falkordb,mixed_c40,3846,9310213,27.1175,True,,40,read
falkordb,mixed_c40,3847,9311240,25.1418,True,,40,read
falkordb,mixed_c40,3848,9401244,24.5397,True,,40,read
falkordb,mixed_c40,3849,9401326,24.5716,True,,40,read
falkordb,mixed_c40,3850,9403260,24.4815,True,,40,read
falkordb,mixed_c40,3851,,24.5929,True,,40,write
falkordb,mixed_c40,3852,9407272,26.046,True,,40,read
falkordb,mixed_c40,3853,9407278,24.3557,True,,40,read
falkordb,mixed_c40,3854,9407401,26.0518,True,,40,read
falkordb,mixed_c40,3855,9501227,23.5019,True,,40,read
falkordb,mixed_c40,3856,9501350,24.1312,True,,40,read
falkordb,mixed_c40,3857,,26.173,True,,40,write
falkordb,mixed_c40,3858,9502306,25.7283,True,,40,read
falkordb,mixed_c40,3859,9502360,24.5026,True,,40,read
falkordb,mixed_c40,3860,9503294,24.3096,True,,40,read
falkordb,mixed_c40,3861,9504347,23.8294,True,,40,read
falkordb,mixed_c40,3862,9505303,24.2047,True,,40,read
falkordb,mixed_c40,3863,9505310,25.0765,True,,40,read
falkordb,mixed_c40,3864,9505324,24.518,True,,40,read
falkordb,mixed_c40,3865,,23.1625,True,,40,write
falkordb,mixed_c40,3866,9509349,23.1912,True,,40,read
falkordb,mixed_c40,3867,9603367,26.676,True,,40,read
falkordb,mixed_c40,3868,,23.8749,True,,40,write
falkordb,mixed_c40,3869,9606252,24.159,True,,40,read
falkordb,mixed_c40,3870,,23.7095,True,,40,write
falkordb,mixed_c40,3871,9609470,26.662,True,,40,read
falkordb,mixed_c40,3872,,25.1489,True,,40,write
falkordb,mixed_c40,3873,,26.6,True,,40,write
falkordb,mixed_c40,3874,,25.3769,True,,40,write
falkordb,mixed_c40,3875,,26.2515,True,,40,write
falkordb,mixed_c40,3876,9703232,25.4355,True,,40,read
falkordb,mixed_c40,3877,,26.2952,True,,40,write
falkordb,mixed_c40,3878,,26.9135,True,,40,write
falkordb,mixed_c40,3879,9706541,26.4978,True,,40,read
falkordb,mixed_c40,3880,9707250,24.9447,True,,40,read
falkordb,mixed_c40,3881,9707282,26.7577,True,,40,read
falkordb,mixed_c40,3882,9707295,24.9594,True,,40,read
falkordb,mixed_c40,3883,9710376,26.4669,True,,40,read
falkordb,mixed_c40,3884,,26.2198,True,,40,write
falkordb,mixed_c40,3885,9711379,26.0118,True,,40,read
falkordb,mixed_c40,3886,9803439,26.1766,True,,40,read
falkordb,mixed_c40,3887,,25.5033,True,,40,write
falkordb,mixed_c40,3888,9804313,24.6618,True,,40,read
falkordb,mixed_c40,3889,,24.7734,True,,40,write
falkordb,mixed_c40,3890,9805465,24.6527,True,,40,read
falkordb,mixed_c40,3891,9809529,23.7771,True,,40,read
falkordb,mixed_c40,3892,9810418,26.2195,True,,40,read
falkordb,mixed_c40,3893,9811432,25.1236,True,,40,read
falkordb,mixed_c40,3894,9811469,26.7614,True,,40,read
falkordb,mixed_c40,3895,9812342,26.0116,True,,40,read
falkordb,mixed_c40,3896,,24.8232,True,,40,write
falkordb,mixed_c40,3897,9907534,24.9169,True,,40,read
falkordb,mixed_c40,3898,9909234,25.541,True,,40,read
falkordb,mixed_c40,3899,,25.0278,True,,40,write
falkordb,mixed_c40,3900,2106,24.6032,True,,40,read
falkordb,mixed_c40,3901,,24.3202,True,,40,write
falkordb,mixed_c40,3902,6217,24.0702,True,,40,read
falkordb,mixed_c40,3903,7077,29.7585,True,,40,read
falkordb,mixed_c40,3904,7211,23.2519,True,,40,read
falkordb,mixed_c40,3905,,25.7394,True,,40,write
falkordb,mixed_c40,3906,9292,24.9715,True,,40,read
falkordb,mixed_c40,3907,,23.5278,True,,40,write
falkordb,mixed_c40,3908,10180,24.5587,True,,40,read
falkordb,mixed_c40,3909,12020,23.9996,True,,40,read
falkordb,mixed_c40,3910,101328,25.5416,True,,40,read
falkordb,mixed_c40,3911,102194,23.5208,True,,40,read
falkordb,mixed_c40,3912,102318,25.0255,True,,40,read
falkordb,mixed_c40,3913,104122,26.1821,True,,40,read
falkordb,mixed_c40,3914,,27.5957,True,,40,write
falkordb,mixed_c40,3915,105349,25.9803,True,,40,read
falkordb,mixed_c40,3916,,27.8248,True,,40,write
falkordb,mixed_c40,3917,107028,24.5446,True,,40,read
falkordb,mixed_c40,3918,107093,24.7322,True,,40,read
falkordb,mixed_c40,3919,,23.2562,True,,40,write
falkordb,mixed_c40,3920,108250,26.2238,True,,40,read
falkordb,mixed_c40,3921,109054,26.4549,True,,40,read
falkordb,mixed_c40,3922,109073,25.5928,True,,40,read
falkordb,mixed_c40,3923,,24.342,True,,40,write
falkordb,mixed_c40,3924,,24.1302,True,,40,write
falkordb,mixed_c40,3925,201053,26.4356,True,,40,read
falkordb,mixed_c40,3926,204096,24.0059,True,,40,read
falkordb,mixed_c40,3927,,26.4845,True,,40,write
falkordb,mixed_c40,3928,204182,25.6321,True,,40,read
falkordb,mixed_c40,3929,,24.2605,True,,40,write
falkordb,mixed_c40,3930,207048,24.9395,True,,40,read
falkordb,mixed_c40,3931,207227,23.96,True,,40,read
falkordb,mixed_c40,3932,208138,24.7065,True,,40,read
falkordb,mixed_c40,3933,,25.996,True,,40,write
falkordb,mixed_c40,3934,209058,26.2426,True,,40,read
falkordb,mixed_c40,3935,209108,25.1633,True,,40,read
falkordb,mixed_c40,3936,210254,25.4385,True,,40,read
falkordb,mixed_c40,3937,302080,24.8427,True,,40,read
falkordb,mixed_c40,3938,,24.9108,True,,40,write
falkordb,mixed_c40,3939,9304275,24.0627,True,,40,read
falkordb,mixed_c40,3940,9305258,25.1633,True,,40,read
falkordb,mixed_c40,3941,9306241,24.2258,True,,40,read
falkordb,mixed_c40,3942,,24.3012,True,,40,write
falkordb,mixed_c40,3943,9309220,26.9814,True,,40,read
falkordb,mixed_c40,3944,,25.8982,True,,40,write
falkordb,mixed_c40,3945,9309293,32.0773,True,,40,read
falkordb,mixed_c40,3946,9310213,28.6961,True,,40,read
falkordb,mixed_c40,3947,9311240,30.6615,True,,40,read
falkordb,mixed_c40,3948,9401244,25.0724,True,,40,read
falkordb,mixed_c40,3949,9401326,28.3969,True,,40,read
falkordb,mixed_c40,3950,9403260,27.6138,True,,40,read
falkordb,mixed_c40,3951,9403269,29.1096,True,,40,read
falkordb,mixed_c40,3952,9407272,26.6969,True,,40,read
falkordb,mixed_c40,3953,9407278,26.914,True,,40,read
falkordb,mixed_c40,3954,,27.4602,True,,40,write
falkordb,mixed_c40,3955,,30.3414,True,,40,write
falkordb,mixed_c40,3956,9501350,27.6973,True,,40,read
falkordb,mixed_c40,3957,9501376,25.2382,True,,40,read
falkordb,mixed_c40,3958,,25.4084,True,,40,write
falkordb,mixed_c40,3959,9502360,26.8669,True,,40,read
falkordb,mixed_c40,3960,9503294,24.1946,True,,40,read
falkordb,mixed_c40,3961,9504347,27.438,True,,40,read
falkordb,mixed_c40,3962,9505303,25.83,True,,40,read
falkordb,mixed_c40,3963,,25.2302,True,,40,write
falkordb,mixed_c40,3964,9505324,23.5427,True,,40,read
falkordb,mixed_c40,3965,9508299,24.8007,True,,40,read
falkordb,mixed_c40,3966,9509349,23.936,True,,40,read
falkordb,mixed_c40,3967,9603367,24.0865,True,,40,read
falkordb,mixed_c40,3968,,24.6356,True,,40,write
falkordb,mixed_c40,3969,9606252,24.6922,True,,40,read
falkordb,mixed_c40,3970,9609217,23.8896,True,,40,read
falkordb,mixed_c40,3971,9609470,24.507,True,,40,read
falkordb,mixed_c40,3972,,24.2632,True,,40,write
falkordb,mixed_c40,3973,9701246,24.5642,True,,40,read
falkordb,mixed_c40,3974,9702270,26.5604,True,,40,read
falkordb,mixed_c40,3975,9703209,25.6941,True,,40,read
falkordb,mixed_c40,3976,9703232,24.323,True,,40,read
falkordb,mixed_c40,3977,9703423,23.9302,True,,40,read
falkordb,mixed_c40,3978,9705262,25.0229,True,,40,read
falkordb,mixed_c40,3979,9706541,23.6258,True,,40,read
falkordb,mixed_c40,3980,9707250,26.3778,True,,40,read
falkordb,mixed_c40,3981,9707282,25.5204,True,,40,read
falkordb,mixed_c40,3982,9707295,24.7371,True,,40,read
falkordb,mixed_c40,3983,9710376,27.227,True,,40,read
falkordb,mixed_c40,3984,9711261,25.6818,True,,40,read
falkordb,mixed_c40,3985,,24.5457,True,,40,write
falkordb,mixed_c40,3986,,24.606,True,,40,write
falkordb,mixed_c40,3987,9804298,28.5947,True,,40,read
falkordb,mixed_c40,3988,,23.6759,True,,40,write
falkordb,mixed_c40,3989,9804343,25.1277,True,,40,read
falkordb,mixed_c40,3990,9805465,27.9196,True,,40,read
falkordb,mixed_c40,3991,9809529,27.4131,True,,40,read
falkordb,mixed_c40,3992,9810418,26.9729,True,,40,read
falkordb,mixed_c40,3993,,26.6744,True,,40,write
falkordb,mixed_c40,3994,9811469,25.7278,True,,40,read
falkordb,mixed_c40,3995,9812342,24.3989,True,,40,read
falkordb,mixed_c40,3996,9906506,25.6416,True,,40,read
falkordb,mixed_c40,3997,9907534,25.5162,True,,40,read
falkordb,mixed_c40,3998,9909234,25.6427,True,,40,read
falkordb,mixed_c40,3999,9909512,26.3982,True,,40,read
