database,workload,iteration,start_node,latency_ms,success,error,concurrency,op_type
memgraph,mixed_c1,0,2106,220.7151,True,,1,read
memgraph,mixed_c1,1,6114,219.3302,True,,1,read
memgraph,mixed_c1,2,6217,220.3255,True,,1,read
memgraph,mixed_c1,3,7077,221.0745,True,,1,read
memgraph,mixed_c1,4,7211,220.1401,True,,1,read
memgraph,mixed_c1,5,7232,219.1541,True,,1,read
memgraph,mixed_c1,6,9292,218.6408,True,,1,read
memgraph,mixed_c1,7,10094,220.3784,True,,1,read
memgraph,mixed_c1,8,10180,220.5305,True,,1,read
memgraph,mixed_c1,9,12020,221.047,True,,1,read
memgraph,mixed_c1,10,101328,220.1208,True,,1,read
memgraph,mixed_c1,11,,222.7275,True,,1,write
memgraph,mixed_c1,12,102318,220.6324,True,,1,read
memgraph,mixed_c1,13,104122,219.2697,True,,1,read
memgraph,mixed_c1,14,104187,218.824,True,,1,read
memgraph,mixed_c1,15,105349,219.2704,True,,1,read
memgraph,mixed_c1,16,,219.6395,True,,1,write
memgraph,mixed_c1,17,,219.7953,True,,1,write
memgraph,mixed_c1,18,107093,221.8287,True,,1,read
memgraph,mixed_c1,19,107295,220.9179,True,,1,read
memgraph,mixed_c1,20,108250,219.4086,True,,1,read
memgraph,mixed_c1,21,109054,220.2595,True,,1,read
memgraph,mixed_c1,22,109073,220.5727,True,,1,read
memgraph,mixed_c1,23,110264,219.1736,True,,1,read
memgraph,mixed_c1,24,110376,220.2635,True,,1,read
memgraph,mixed_c1,25,201053,219.7263,True,,1,read
memgraph,mixed_c1,26,204096,222.0362,True,,1,read
memgraph,mixed_c1,27,204176,222.9518,True,,1,read
memgraph,mixed_c1,28,204182,222.7754,True,,1,read
memgraph,mixed_c1,29,,220.1611,True,,1,write
memgraph,mixed_c1,30,,221.5875,True,,1,write
memgraph,mixed_c1,31,207227,219.5779,True,,1,read
memgraph,mixed_c1,32,,219.0651,True,,1,write
memgraph,mixed_c1,33,208159,220.4234,True,,1,read
memgraph,mixed_c1,34,209058,220.4194,True,,1,read
memgraph,mixed_c1,35,,220.162,True,,1,write
memgraph,mixed_c1,36,210254,322.652,True,,1,read
memgraph,mixed_c1,37,,297.7631,True,,1,write
memgraph,mixed_c1,38,9208245,316.3107,True,,1,read
memgraph,mixed_c1,39,9304275,255.8869,True,,1,read
memgraph,mixed_c1,40,9305258,226.5629,True,,1,read
memgraph,mixed_c1,41,9306241,223.9909,True,,1,read
memgraph,mixed_c1,42,,327.2734,True,,1,write
memgraph,mixed_c1,43,9309220,220.7048,True,,1,read
memgraph,mixed_c1,44,9309273,226.5694,True,,1,read
memgraph,mixed_c1,45,9309293,223.4741,True,,1,read
memgraph,mixed_c1,46,9310213,219.7054,True,,1,read
memgraph,mixed_c1,47,,220.809,True,,1,write
memgraph,mixed_c1,48,9401244,333.8139,True,,1,read
memgraph,mixed_c1,49,9401326,220.4463,True,,1,read
memgraph,mixed_c1,50,9403260,220.4177,True,,1,read
memgraph,mixed_c1,51,9403269,220.3596,True,,1,read
memgraph,mixed_c1,52,9407272,219.6929,True,,1,read
memgraph,mixed_c1,53,9407278,286.1254,True,,1,read
memgraph,mixed_c1,54,,219.67,True,,1,write
memgraph,mixed_c1,55,9501227,220.8805,True,,1,read
memgraph,mixed_c1,56,9501350,220.3816,True,,1,read
memgraph,mixed_c1,57,9501376,219.7893,True,,1,read
memgraph,mixed_c1,58,9502306,221.4667,True,,1,read
memgraph,mixed_c1,59,,219.5966,True,,1,write
memgraph,mixed_c1,60,9503294,218.8737,True,,1,read
memgraph,mixed_c1,61,9504347,218.3963,True,,1,read
memgraph,mixed_c1,62,,220.4744,True,,1,write
memgraph,mixed_c1,63,9505310,221.1686,True,,1,read
memgraph,mixed_c1,64,9505324,218.9477,True,,1,read
memgraph,mixed_c1,65,9508299,221.2986,True,,1,read
memgraph,mixed_c1,66,9509349,221.3907,True,,1,read
memgraph,mixed_c1,67,9603367,220.6406,True,,1,read
memgraph,mixed_c1,68,9603420,221.2271,True,,1,read
memgraph,mixed_c1,69,,221.5721,True,,1,write
memgraph,mixed_c1,70,9609217,219.3286,True,,1,read
memgraph,mixed_c1,71,9609470,218.9353,True,,1,read
memgraph,mixed_c1,72,9610393,222.3428,True,,1,read
memgraph,mixed_c1,73,9701246,220.3572,True,,1,read
memgraph,mixed_c1,74,9702270,222.0232,True,,1,read
memgraph,mixed_c1,75,,218.7308,True,,1,write
memgraph,mixed_c1,76,,220.4284,True,,1,write
memgraph,mixed_c1,77,9703423,219.5927,True,,1,read
memgraph,mixed_c1,78,9705262,224.1497,True,,1,read
memgraph,mixed_c1,79,,221.7541,True,,1,write
memgraph,mixed_c1,80,,220.5919,True,,1,write
memgraph,mixed_c1,81,,222.1482,True,,1,write
memgraph,mixed_c1,82,9707295,222.4925,True,,1,read
memgraph,mixed_c1,83,9710376,228.8386,True,,1,read
memgraph,mixed_c1,84,9711261,221.806,True,,1,read
memgraph,mixed_c1,85,,221.5466,True,,1,write
memgraph,mixed_c1,86,9803439,218.8919,True,,1,read
memgraph,mixed_c1,87,,219.8067,True,,1,write
memgraph,mixed_c1,88,,223.5353,True,,1,write
memgraph,mixed_c1,89,9804343,220.8406,True,,1,read
memgraph,mixed_c1,90,9805465,218.2444,True,,1,read
memgraph,mixed_c1,91,9809529,218.774,True,,1,read
memgraph,mixed_c1,92,9810418,220.5255,True,,1,read
memgraph,mixed_c1,93,,220.5353,True,,1,write
memgraph,mixed_c1,94,9811469,217.68,True,,1,read
memgraph,mixed_c1,95,9812342,221.3102,True,,1,read
memgraph,mixed_c1,96,9906506,220.5928,True,,1,read
memgraph,mixed_c1,97,9907534,219.7207,True,,1,read
memgraph,mixed_c1,98,9909234,219.787,True,,1,read
memgraph,mixed_c1,99,,219.115,True,,1,write
memgraph,mixed_c10,0,,221.1778,True,,10,write
memgraph,mixed_c10,1,6114,1156.9796,True,,10,read
memgraph,mixed_c10,2,6217,1163.3238,True,,10,read
memgraph,mixed_c10,3,7077,1133.5698,True,,10,read
memgraph,mixed_c10,4,,1178.4168,True,,10,write
memgraph,mixed_c10,5,7232,1079.0779,True,,10,read
memgraph,mixed_c10,6,,1204.1921,True,,10,write
memgraph,mixed_c10,7,10094,1063.0146,True,,10,read
memgraph,mixed_c10,8,,1163.2021,True,,10,write
memgraph,mixed_c10,9,12020,1137.7818,True,,10,read
memgraph,mixed_c10,10,101328,220.0777,True,,10,read
memgraph,mixed_c10,11,102194,220.8643,True,,10,read
memgraph,mixed_c10,12,102318,220.6859,True,,10,read
memgraph,mixed_c10,13,104122,220.89,True,,10,read
memgraph,mixed_c10,14,104187,208.0797,True,,10,read
memgraph,mixed_c10,15,105349,216.8488,True,,10,read
memgraph,mixed_c10,16,106261,219.9317,True,,10,read
memgraph,mixed_c10,17,107028,219.5067,True,,10,read
memgraph,mixed_c10,18,107093,224.461,True,,10,read
memgraph,mixed_c10,19,107295,228.5964,True,,10,read
memgraph,mixed_c10,20,108250,229.8111,True,,10,read
memgraph,mixed_c10,21,109054,226.1144,True,,10,read
memgraph,mixed_c10,22,,231.7229,True,,10,write
memgraph,mixed_c10,23,,236.8133,True,,10,write
memgraph,mixed_c10,24,,209.3331,True,,10,write
memgraph,mixed_c10,25,,213.9381,True,,10,write
memgraph,mixed_c10,26,204096,219.1588,True,,10,read
memgraph,mixed_c10,27,204176,221.7804,True,,10,read
memgraph,mixed_c10,28,,225.1369,True,,10,write
memgraph,mixed_c10,29,205038,228.0378,True,,10,read
memgraph,mixed_c10,30,207048,229.69,True,,10,read
memgraph,mixed_c10,31,207227,227.6546,True,,10,read
memgraph,mixed_c10,32,208138,230.1645,True,,10,read
memgraph,mixed_c10,33,208159,235.9037,True,,10,read
memgraph,mixed_c10,34,209058,208.988,True,,10,read
memgraph,mixed_c10,35,209108,212.5819,True,,10,read
memgraph,mixed_c10,36,210254,219.6943,True,,10,read
memgraph,mixed_c10,37,,219.3192,True,,10,write
memgraph,mixed_c10,38,9208245,224.3122,True,,10,read
memgraph,mixed_c10,39,9304275,229.5347,True,,10,read
memgraph,mixed_c10,40,9305258,230.271,True,,10,read
memgraph,mixed_c10,41,9306241,226.7058,True,,10,read
memgraph,mixed_c10,42,9307320,232.3591,True,,10,read
memgraph,mixed_c10,43,9309220,235.2774,True,,10,read
memgraph,mixed_c10,44,9309273,208.3065,True,,10,read
memgraph,mixed_c10,45,9309293,212.7835,True,,10,read
memgraph,mixed_c10,46,9310213,222.2605,True,,10,read
memgraph,mixed_c10,47,9311240,220.3639,True,,10,read
memgraph,mixed_c10,48,9401244,223.946,True,,10,read
memgraph,mixed_c10,49,9401326,228.4448,True,,10,read
memgraph,mixed_c10,50,9403260,228.0508,True,,10,read
memgraph,mixed_c10,51,9403269,226.4165,True,,10,read
memgraph,mixed_c10,52,9407272,233.4729,True,,10,read
memgraph,mixed_c10,53,9407278,207.8267,True,,10,read
memgraph,mixed_c10,54,9407401,235.9867,True,,10,read
memgraph,mixed_c10,55,9501227,212.6761,True,,10,read
memgraph,mixed_c10,56,9501350,220.8635,True,,10,read
memgraph,mixed_c10,57,,221.575,True,,10,write
memgraph,mixed_c10,58,,224.2913,True,,10,write
memgraph,mixed_c10,59,,225.8033,True,,10,write
memgraph,mixed_c10,60,9503294,227.1317,True,,10,read
memgraph,mixed_c10,61,,227.7024,True,,10,write
memgraph,mixed_c10,62,,233.748,True,,10,write
memgraph,mixed_c10,63,9505310,209.6326,True,,10,read
memgraph,mixed_c10,64,9505324,213.6386,True,,10,read
memgraph,mixed_c10,65,,238.3508,True,,10,write
memgraph,mixed_c10,66,9509349,221.0459,True,,10,read
memgraph,mixed_c10,67,,221.0231,True,,10,write
memgraph,mixed_c10,68,9603420,223.7403,True,,10,read
memgraph,mixed_c10,69,9606252,228.1581,True,,10,read
memgraph,mixed_c10,70,9609217,231.3259,True,,10,read
memgraph,mixed_c10,71,9609470,232.2772,True,,10,read
memgraph,mixed_c10,72,9610393,218.6125,True,,10,read
memgraph,mixed_c10,73,9701246,234.1272,True,,10,read
memgraph,mixed_c10,74,,213.1016,True,,10,write
memgraph,mixed_c10,75,9703209,235.7543,True,,10,read
memgraph,mixed_c10,76,9703232,222.901,True,,10,read
memgraph,mixed_c10,77,9703423,221.1227,True,,10,read
memgraph,mixed_c10,78,9705262,223.7288,True,,10,read
memgraph,mixed_c10,79,9706541,225.4376,True,,10,read
memgraph,mixed_c10,80,9707250,229.4589,True,,10,read
memgraph,mixed_c10,81,9707282,227.5785,True,,10,read
memgraph,mixed_c10,82,9707295,209.3372,True,,10,read
memgraph,mixed_c10,83,9710376,230.8438,True,,10,read
memgraph,mixed_c10,84,9711261,212.6879,True,,10,read
memgraph,mixed_c10,85,9711379,236.1016,True,,10,read
memgraph,mixed_c10,86,9803439,219.6057,True,,10,read
memgraph,mixed_c10,87,9804298,220.7046,True,,10,read
memgraph,mixed_c10,88,9804313,225.0672,True,,10,read
memgraph,mixed_c10,89,9804343,228.1503,True,,10,read
memgraph,mixed_c10,90,9805465,209.1532,True,,10,read
memgraph,mixed_c10,91,,232.3889,True,,10,write
memgraph,mixed_c10,92,9810418,226.6183,True,,10,read
memgraph,mixed_c10,93,9811432,213.0835,True,,10,read
memgraph,mixed_c10,94,9811469,232.3722,True,,10,read
memgraph,mixed_c10,95,,221.3427,True,,10,write
memgraph,mixed_c10,96,9906506,236.3766,True,,10,read
memgraph,mixed_c10,97,9907534,235.4248,True,,10,read
memgraph,mixed_c10,98,9909234,221.7032,True,,10,read
memgraph,mixed_c10,99,9909512,207.7187,True,,10,read
memgraph,mixed_c10,100,,228.6926,True,,10,write
memgraph,mixed_c10,101,,227.8605,True,,10,write
memgraph,mixed_c10,102,6217,228.7018,True,,10,read
memgraph,mixed_c10,103,7077,211.6177,True,,10,read
memgraph,mixed_c10,104,7211,230.8676,True,,10,read
memgraph,mixed_c10,105,,219.5202,True,,10,write
memgraph,mixed_c10,106,9292,235.6397,True,,10,read
memgraph,mixed_c10,107,10094,219.5206,True,,10,read
memgraph,mixed_c10,108,10180,223.2277,True,,10,read
memgraph,mixed_c10,109,12020,209.1734,True,,10,read
memgraph,mixed_c10,110,101328,226.3053,True,,10,read
memgraph,mixed_c10,111,102194,210.5299,True,,10,read
memgraph,mixed_c10,112,102318,225.3024,True,,10,read
memgraph,mixed_c10,113,104122,226.3334,True,,10,read
memgraph,mixed_c10,114,,229.9478,True,,10,write
memgraph,mixed_c10,115,105349,220.4354,True,,10,read
memgraph,mixed_c10,116,106261,238.4597,True,,10,read
memgraph,mixed_c10,117,107028,219.8775,True,,10,read
memgraph,mixed_c10,118,107093,209.901,True,,10,read
memgraph,mixed_c10,119,107295,223.6484,True,,10,read
memgraph,mixed_c10,120,108250,212.8507,True,,10,read
memgraph,mixed_c10,121,,228.1755,True,,10,write
memgraph,mixed_c10,122,109073,227.8379,True,,10,read
memgraph,mixed_c10,123,110264,227.3486,True,,10,read
memgraph,mixed_c10,124,110376,230.82,True,,10,read
memgraph,mixed_c10,125,201053,219.2265,True,,10,read
memgraph,mixed_c10,126,,219.6017,True,,10,write
memgraph,mixed_c10,127,204176,234.9786,True,,10,read
memgraph,mixed_c10,128,204182,208.1301,True,,10,read
memgraph,mixed_c10,129,,223.5236,True,,10,write
memgraph,mixed_c10,130,207048,212.9758,True,,10,read
memgraph,mixed_c10,131,207227,226.356,True,,10,read
memgraph,mixed_c10,132,,226.4254,True,,10,write
memgraph,mixed_c10,133,208159,229.0651,True,,10,read
memgraph,mixed_c10,134,209058,233.7688,True,,10,read
memgraph,mixed_c10,135,209108,219.7299,True,,10,read
memgraph,mixed_c10,136,210254,218.1738,True,,10,read
memgraph,mixed_c10,137,302080,209.1379,True,,10,read
memgraph,mixed_c10,138,,235.7555,True,,10,write
memgraph,mixed_c10,139,9304275,224.378,True,,10,read
memgraph,mixed_c10,140,9305258,211.5827,True,,10,read
memgraph,mixed_c10,141,9306241,227.0002,True,,10,read
memgraph,mixed_c10,142,9307320,224.7629,True,,10,read
memgraph,mixed_c10,143,9309220,227.9258,True,,10,read
memgraph,mixed_c10,144,9309273,220.508,True,,10,read
memgraph,mixed_c10,145,,233.6561,True,,10,write
memgraph,mixed_c10,146,9310213,209.7399,True,,10,read
memgraph,mixed_c10,147,9311240,221.204,True,,10,read
memgraph,mixed_c10,148,9401244,237.4769,True,,10,read
memgraph,mixed_c10,149,9401326,224.7542,True,,10,read
memgraph,mixed_c10,150,9403260,211.2289,True,,10,read
memgraph,mixed_c10,151,9403269,226.351,True,,10,read
memgraph,mixed_c10,152,9407272,227.5242,True,,10,read
memgraph,mixed_c10,153,9407278,227.3297,True,,10,read
memgraph,mixed_c10,154,,220.7936,True,,10,write
memgraph,mixed_c10,155,,232.0502,True,,10,write
memgraph,mixed_c10,156,,210.1736,True,,10,write
memgraph,mixed_c10,157,9501376,220.2008,True,,10,read
memgraph,mixed_c10,158,9502306,214.5461,True,,10,read
memgraph,mixed_c10,159,9502360,237.1476,True,,10,read
memgraph,mixed_c10,160,9503294,222.0289,True,,10,read
memgraph,mixed_c10,161,9504347,228.1011,True,,10,read
memgraph,mixed_c10,162,9505303,226.3657,True,,10,read
memgraph,mixed_c10,163,9505310,229.171,True,,10,read
memgraph,mixed_c10,164,9505324,218.77,True,,10,read
memgraph,mixed_c10,165,9508299,208.1329,True,,10,read
memgraph,mixed_c10,166,9509349,231.2857,True,,10,read
memgraph,mixed_c10,167,9603367,219.4563,True,,10,read
memgraph,mixed_c10,168,9603420,212.9487,True,,10,read
memgraph,mixed_c10,169,9606252,220.5561,True,,10,read
memgraph,mixed_c10,170,,236.4358,True,,10,write
memgraph,mixed_c10,171,9609470,226.2172,True,,10,read
memgraph,mixed_c10,172,9610393,226.2449,True,,10,read
memgraph,mixed_c10,173,9701246,226.4,True,,10,read
memgraph,mixed_c10,174,9702270,219.2444,True,,10,read
memgraph,mixed_c10,175,9703209,208.3689,True,,10,read
memgraph,mixed_c10,176,9703232,233.4643,True,,10,read
memgraph,mixed_c10,177,9703423,220.2107,True,,10,read
memgraph,mixed_c10,178,9705262,211.9799,True,,10,read
memgraph,mixed_c10,179,,222.4364,True,,10,write
memgraph,mixed_c10,180,9707250,235.2338,True,,10,read
memgraph,mixed_c10,181,,227.6388,True,,10,write
memgraph,mixed_c10,182,,225.7141,True,,10,write
memgraph,mixed_c10,183,,228.5704,True,,10,write
memgraph,mixed_c10,184,9711261,218.9844,True,,10,read
memgraph,mixed_c10,185,9711379,208.112,True,,10,read
memgraph,mixed_c10,186,,223.4231,True,,10,write
memgraph,mixed_c10,187,9804298,231.0035,True,,10,read
memgraph,mixed_c10,188,9804313,213.258,True,,10,read
memgraph,mixed_c10,189,9804343,221.9814,True,,10,read
memgraph,mixed_c10,190,9805465,234.6797,True,,10,read
memgraph,mixed_c10,191,9809529,226.1086,True,,10,read
memgraph,mixed_c10,192,9810418,227.0468,True,,10,read
memgraph,mixed_c10,193,,227.9004,True,,10,write
memgraph,mixed_c10,194,9811469,207.3246,True,,10,read
memgraph,mixed_c10,195,9812342,218.203,True,,10,read
memgraph,mixed_c10,196,9906506,219.0914,True,,10,read
memgraph,mixed_c10,197,9907534,228.9737,True,,10,read
memgraph,mixed_c10,198,9909234,211.7444,True,,10,read
memgraph,mixed_c10,199,9909512,221.7844,True,,10,read
memgraph,mixed_c10,200,2106,235.8081,True,,10,read
memgraph,mixed_c10,201,6114,227.3438,True,,10,read
memgraph,mixed_c10,202,6217,210.5798,True,,10,read
memgraph,mixed_c10,203,7077,223.9879,True,,10,read
memgraph,mixed_c10,204,,228.581,True,,10,write
memgraph,mixed_c10,205,7232,220.7861,True,,10,read
memgraph,mixed_c10,206,9292,220.1962,True,,10,read
memgraph,mixed_c10,207,10094,211.7782,True,,10,read
memgraph,mixed_c10,208,10180,229.8553,True,,10,read
memgraph,mixed_c10,209,,224.5856,True,,10,write
memgraph,mixed_c10,210,,237.5509,True,,10,write
memgraph,mixed_c10,211,102194,207.679,True,,10,read
memgraph,mixed_c10,212,102318,227.8693,True,,10,read
memgraph,mixed_c10,213,104122,227.0034,True,,10,read
memgraph,mixed_c10,214,104187,222.411,True,,10,read
memgraph,mixed_c10,215,,229.1047,True,,10,write
memgraph,mixed_c10,216,106261,211.8351,True,,10,read
memgraph,mixed_c10,217,107028,219.277,True,,10,read
memgraph,mixed_c10,218,107093,230.86,True,,10,read
memgraph,mixed_c10,219,107295,225.3382,True,,10,read
memgraph,mixed_c10,220,108250,207.063,True,,10,read
memgraph,mixed_c10,221,109054,224.111,True,,10,read
memgraph,mixed_c10,222,109073,235.8069,True,,10,read
memgraph,mixed_c10,223,,226.137,True,,10,write
memgraph,mixed_c10,224,110376,218.7186,True,,10,read
memgraph,mixed_c10,225,,226.8969,True,,10,write
memgraph,mixed_c10,226,204096,211.2245,True,,10,read
memgraph,mixed_c10,227,204176,218.7322,True,,10,read
memgraph,mixed_c10,228,204182,229.025,True,,10,read
memgraph,mixed_c10,229,205038,224.1218,True,,10,read
memgraph,mixed_c10,230,207048,208.4295,True,,10,read
memgraph,mixed_c10,231,207227,228.1583,True,,10,read
memgraph,mixed_c10,232,,235.369,True,,10,write
memgraph,mixed_c10,233,,226.5232,True,,10,write
memgraph,mixed_c10,234,209058,219.7305,True,,10,read
memgraph,mixed_c10,235,,227.774,True,,10,write
memgraph,mixed_c10,236,,211.2711,True,,10,write
memgraph,mixed_c10,237,,219.332,True,,10,write
memgraph,mixed_c10,238,9208245,237.6478,True,,10,read
memgraph,mixed_c10,239,9304275,222.5784,True,,10,read
memgraph,mixed_c10,240,9305258,209.361,True,,10,read
memgraph,mixed_c10,241,9306241,226.8763,True,,10,read
memgraph,mixed_c10,242,9307320,221.3981,True,,10,read
memgraph,mixed_c10,243,,227.3883,True,,10,write
memgraph,mixed_c10,244,9309273,237.2469,True,,10,read
memgraph,mixed_c10,245,9309293,211.1353,True,,10,read
memgraph,mixed_c10,246,,227.0178,True,,10,write
memgraph,mixed_c10,247,9311240,219.2531,True,,10,read
memgraph,mixed_c10,248,9401244,230.7865,True,,10,read
memgraph,mixed_c10,249,9401326,224.2786,True,,10,read
memgraph,mixed_c10,250,9403260,208.4989,True,,10,read
memgraph,mixed_c10,251,9403269,227.0573,True,,10,read
memgraph,mixed_c10,252,9407272,219.0049,True,,10,read
memgraph,mixed_c10,253,9407278,227.216,True,,10,read
memgraph,mixed_c10,254,9407401,211.1153,True,,10,read
memgraph,mixed_c10,255,,240.0229,True,,10,write
memgraph,mixed_c10,256,9501350,229.4259,True,,10,read
memgraph,mixed_c10,257,9501376,220.9956,True,,10,read
memgraph,mixed_c10,258,9502306,207.3203,True,,10,read
memgraph,mixed_c10,259,9502360,230.8806,True,,10,read
memgraph,mixed_c10,260,9503294,223.3999,True,,10,read
memgraph,mixed_c10,261,9504347,222.4176,True,,10,read
memgraph,mixed_c10,262,9505303,226.2872,True,,10,read
memgraph,mixed_c10,263,9505310,211.5276,True,,10,read
memgraph,mixed_c10,264,9505324,226.4743,True,,10,read
memgraph,mixed_c10,265,9508299,230.1729,True,,10,read
memgraph,mixed_c10,266,9509349,236.7771,True,,10,read
memgraph,mixed_c10,267,9603367,220.0057,True,,10,read
memgraph,mixed_c10,268,9603420,207.3637,True,,10,read
memgraph,mixed_c10,269,9606252,222.2494,True,,10,read
memgraph,mixed_c10,270,,231.3098,True,,10,write
memgraph,mixed_c10,271,9609470,212.648,True,,10,read
memgraph,mixed_c10,272,9610393,220.6947,True,,10,read
memgraph,mixed_c10,273,9701246,227.3279,True,,10,read
memgraph,mixed_c10,274,,227.1531,True,,10,write
memgraph,mixed_c10,275,9703209,219.082,True,,10,read
memgraph,mixed_c10,276,9703232,231.3474,True,,10,read
memgraph,mixed_c10,277,9703423,235.0392,True,,10,read
memgraph,mixed_c10,278,,207.8613,True,,10,write
memgraph,mixed_c10,279,9706541,223.426,True,,10,read
memgraph,mixed_c10,280,9707250,230.9986,True,,10,read
memgraph,mixed_c10,281,9707282,212.4838,True,,10,read
memgraph,mixed_c10,282,9707295,220.3353,True,,10,read
memgraph,mixed_c10,283,9710376,226.7603,True,,10,read
memgraph,mixed_c10,284,9711261,226.3168,True,,10,read
memgraph,mixed_c10,285,9711379,218.5756,True,,10,read
memgraph,mixed_c10,286,9803439,226.3312,True,,10,read
memgraph,mixed_c10,287,9804298,237.1953,True,,10,read
memgraph,mixed_c10,288,9804313,208.7945,True,,10,read
memgraph,mixed_c10,289,9804343,223.0436,True,,10,read
memgraph,mixed_c10,290,9805465,229.6828,True,,10,read
memgraph,mixed_c10,291,9809529,211.505,True,,10,read
memgraph,mixed_c10,292,9810418,220.091,True,,10,read
memgraph,mixed_c10,293,9811432,227.7925,True,,10,read
memgraph,mixed_c10,294,9811469,226.621,True,,10,read
memgraph,mixed_c10,295,9812342,220.0228,True,,10,read
memgraph,mixed_c10,296,9906506,226.313,True,,10,read
memgraph,mixed_c10,297,9907534,208.863,True,,10,read
memgraph,mixed_c10,298,,237.8197,True,,10,write
memgraph,mixed_c10,299,9909512,221.6735,True,,10,read
memgraph,mixed_c10,300,2106,229.4102,True,,10,read
memgraph,mixed_c10,301,6114,210.5916,True,,10,read
memgraph,mixed_c10,302,6217,219.8887,True,,10,read
memgraph,mixed_c10,303,7077,228.7539,True,,10,read
memgraph,mixed_c10,304,7211,225.7633,True,,10,read
memgraph,mixed_c10,305,7232,218.9409,True,,10,read
memgraph,mixed_c10,306,9292,209.1836,True,,10,read
memgraph,mixed_c10,307,10094,227.1747,True,,10,read
memgraph,mixed_c10,308,10180,236.9314,True,,10,read
memgraph,mixed_c10,309,12020,223.441,True,,10,read
memgraph,mixed_c10,310,101328,229.2761,True,,10,read
memgraph,mixed_c10,311,102194,211.8938,True,,10,read
memgraph,mixed_c10,312,102318,220.5961,True,,10,read
memgraph,mixed_c10,313,104122,227.7403,True,,10,read
memgraph,mixed_c10,314,104187,224.898,True,,10,read
memgraph,mixed_c10,315,105349,225.6975,True,,10,read
memgraph,mixed_c10,316,106261,207.4838,True,,10,read
memgraph,mixed_c10,317,,226.9677,True,,10,write
memgraph,mixed_c10,318,107093,235.2798,True,,10,read
memgraph,mixed_c10,319,107295,221.4275,True,,10,read
memgraph,mixed_c10,320,108250,210.8484,True,,10,read
memgraph,mixed_c10,321,,231.374,True,,10,write
memgraph,mixed_c10,322,,221.1789,True,,10,write
memgraph,mixed_c10,323,110264,206.1557,True,,10,read
memgraph,mixed_c10,324,110376,227.5397,True,,10,read
memgraph,mixed_c10,325,,223.3564,True,,10,write
memgraph,mixed_c10,326,204096,229.2932,True,,10,read
memgraph,mixed_c10,327,204176,230.894,True,,10,read
memgraph,mixed_c10,328,204182,236.8984,True,,10,read
memgraph,mixed_c10,329,,1067.1109,True,,10,write
memgraph,mixed_c10,330,,894.8173,True,,10,write
memgraph,mixed_c10,331,207227,1868.1464,True,,10,read
memgraph,mixed_c10,332,208138,220.7454,True,,10,read
memgraph,mixed_c10,333,208159,210.3298,True,,10,read
memgraph,mixed_c10,334,,1794.5252,True,,10,write
memgraph,mixed_c10,335,209108,226.5784,True,,10,read
memgraph,mixed_c10,336,210254,226.2117,True,,10,read
memgraph,mixed_c10,337,302080,940.6773,True,,10,read
memgraph,mixed_c10,338,9208245,236.956,True,,10,read
memgraph,mixed_c10,339,,220.2966,True,,10,write
memgraph,mixed_c10,340,9305258,1727.3674,True,,10,read
memgraph,mixed_c10,341,9306241,7012.1516,True,,10,read
memgraph,mixed_c10,342,9307320,225.4631,True,,10,read
memgraph,mixed_c10,343,9309220,972.8112,True,,10,read
memgraph,mixed_c10,344,9309273,222.1868,True,,10,read
memgraph,mixed_c10,345,,1839.7686,True,,10,write
memgraph,mixed_c10,346,,497.0785,True,,10,write
memgraph,mixed_c10,347,9311240,3175.7082,True,,10,read
memgraph,mixed_c10,348,9401244,223.5372,True,,10,read
memgraph,mixed_c10,349,9401326,228.691,True,,10,read
memgraph,mixed_c10,350,9403260,3494.9495,True,,10,read
memgraph,mixed_c10,351,9403269,3882.9686,True,,10,read
memgraph,mixed_c10,352,9407272,1315.6142,True,,10,read
memgraph,mixed_c10,353,9407278,1887.9748,True,,10,read
memgraph,mixed_c10,354,9407401,496.0589,True,,10,read
memgraph,mixed_c10,355,9501227,232.7449,True,,10,read
memgraph,mixed_c10,356,9501350,210.2598,True,,10,read
memgraph,mixed_c10,357,,233.1441,True,,10,write
memgraph,mixed_c10,358,9502306,471.7519,True,,10,read
memgraph,mixed_c10,359,9502360,1325.3981,True,,10,read
memgraph,mixed_c10,360,9503294,912.2031,True,,10,read
memgraph,mixed_c10,361,9504347,225.4452,True,,10,read
memgraph,mixed_c10,362,9505303,225.4709,True,,10,read
memgraph,mixed_c10,363,9505310,229.0162,True,,10,read
memgraph,mixed_c10,364,,208.081,True,,10,write
memgraph,mixed_c10,365,9508299,228.4342,True,,10,read
memgraph,mixed_c10,366,,230.3876,True,,10,write
memgraph,mixed_c10,367,,1733.1772,True,,10,write
memgraph,mixed_c10,368,9603420,936.4355,True,,10,read
memgraph,mixed_c10,369,9606252,1316.4008,True,,10,read
memgraph,mixed_c10,370,9609217,920.0154,True,,10,read
memgraph,mixed_c10,371,,967.5939,True,,10,write
memgraph,mixed_c10,372,,235.1525,True,,10,write
memgraph,mixed_c10,373,9701246,231.4865,True,,10,read
memgraph,mixed_c10,374,9702270,227.6074,True,,10,read
memgraph,mixed_c10,375,9703209,212.8639,True,,10,read
memgraph,mixed_c10,376,9703232,231.4774,True,,10,read
memgraph,mixed_c10,377,9703423,220.8168,True,,10,read
memgraph,mixed_c10,378,9705262,225.5277,True,,10,read
memgraph,mixed_c10,379,9706541,236.1011,True,,10,read
memgraph,mixed_c10,380,9707250,213.2872,True,,10,read
memgraph,mixed_c10,381,9707282,230.0929,True,,10,read
memgraph,mixed_c10,382,9707295,230.283,True,,10,read
memgraph,mixed_c10,383,9710376,219.6751,True,,10,read
memgraph,mixed_c10,384,9711261,226.2334,True,,10,read
memgraph,mixed_c10,385,9711379,212.9324,True,,10,read
memgraph,mixed_c10,386,9803439,236.3253,True,,10,read
memgraph,mixed_c10,387,9804298,228.8463,True,,10,read
memgraph,mixed_c10,388,9804313,208.3086,True,,10,read
memgraph,mixed_c10,389,9804343,226.1074,True,,10,read
memgraph,mixed_c10,390,,219.7241,True,,10,write
memgraph,mixed_c10,391,9809529,224.4429,True,,10,read
memgraph,mixed_c10,392,9810418,212.636,True,,10,read
memgraph,mixed_c10,393,9811432,219.3322,True,,10,read
memgraph,mixed_c10,394,,237.4098,True,,10,write
memgraph,mixed_c10,395,9812342,206.5085,True,,10,read
memgraph,mixed_c10,396,9906506,230.1065,True,,10,read
memgraph,mixed_c10,397,9907534,228.9478,True,,10,read
memgraph,mixed_c10,398,9909234,218.2794,True,,10,read
memgraph,mixed_c10,399,9909512,212.7585,True,,10,read
memgraph,mixed_c10,400,2106,227.3459,True,,10,read
memgraph,mixed_c10,401,6114,220.6862,True,,10,read
memgraph,mixed_c10,402,6217,236.4374,True,,10,read
memgraph,mixed_c10,403,7077,206.6558,True,,10,read
memgraph,mixed_c10,404,7211,229.924,True,,10,read
memgraph,mixed_c10,405,7232,229.0942,True,,10,read
memgraph,mixed_c10,406,,223.3407,True,,10,write
memgraph,mixed_c10,407,,212.6535,True,,10,write
memgraph,mixed_c10,408,10180,220.0636,True,,10,read
memgraph,mixed_c10,409,12020,229.0459,True,,10,read
memgraph,mixed_c10,410,101328,223.8385,True,,10,read
memgraph,mixed_c10,411,102194,235.936,True,,10,read
memgraph,mixed_c10,412,102318,208.0909,True,,10,read
memgraph,mixed_c10,413,104122,229.4748,True,,10,read
memgraph,mixed_c10,414,,228.2423,True,,10,write
memgraph,mixed_c10,415,105349,218.5623,True,,10,read
memgraph,mixed_c10,416,106261,213.5502,True,,10,read
memgraph,mixed_c10,417,107028,221.1729,True,,10,read
memgraph,mixed_c10,418,107093,223.2596,True,,10,read
memgraph,mixed_c10,419,107295,226.1056,True,,10,read
memgraph,mixed_c10,420,108250,237.9121,True,,10,read
memgraph,mixed_c10,421,109054,210.0745,True,,10,read
memgraph,mixed_c10,422,109073,233.8455,True,,10,read
memgraph,mixed_c10,423,110264,220.6575,True,,10,read
memgraph,mixed_c10,424,,227.2416,True,,10,write
memgraph,mixed_c10,425,201053,213.1688,True,,10,read
memgraph,mixed_c10,426,204096,220.7881,True,,10,read
memgraph,mixed_c10,427,204176,223.9609,True,,10,read
memgraph,mixed_c10,428,204182,226.8002,True,,10,read
memgraph,mixed_c10,429,205038,208.1053,True,,10,read
memgraph,mixed_c10,430,207048,234.0761,True,,10,read
memgraph,mixed_c10,431,207227,220.2089,True,,10,read
memgraph,mixed_c10,432,,212.1301,True,,10,write
memgraph,mixed_c10,433,208159,231.3051,True,,10,read
memgraph,mixed_c10,434,209058,227.2066,True,,10,read
memgraph,mixed_c10,435,209108,221.092,True,,10,read
memgraph,mixed_c10,436,210254,223.2974,True,,10,read
memgraph,mixed_c10,437,,226.2228,True,,10,write
memgraph,mixed_c10,438,,208.1464,True,,10,write
memgraph,mixed_c10,439,9304275,235.4097,True,,10,read
memgraph,mixed_c10,440,,212.2389,True,,10,write
memgraph,mixed_c10,441,9306241,219.628,True,,10,read
memgraph,mixed_c10,442,9307320,229.8968,True,,10,read
memgraph,mixed_c10,443,9309220,227.0418,True,,10,read
memgraph,mixed_c10,444,9309273,221.5619,True,,10,read
memgraph,mixed_c10,445,9309293,223.629,True,,10,read
memgraph,mixed_c10,446,9310213,226.5168,True,,10,read
memgraph,mixed_c10,447,9311240,210.6145,True,,10,read
memgraph,mixed_c10,448,9401244,236.1343,True,,10,read
memgraph,mixed_c10,449,9401326,212.353,True,,10,read
memgraph,mixed_c10,450,9403260,219.9675,True,,10,read
memgraph,mixed_c10,451,9403269,229.0678,True,,10,read
memgraph,mixed_c10,452,9407272,226.4162,True,,10,read
memgraph,mixed_c10,453,9407278,219.2693,True,,10,read
memgraph,mixed_c10,454,9407401,221.9075,True,,10,read
memgraph,mixed_c10,455,9501227,223.8934,True,,10,read
memgraph,mixed_c10,456,9501350,208.2513,True,,10,read
memgraph,mixed_c10,457,9501376,234.377,True,,10,read
memgraph,mixed_c10,458,9502306,210.4717,True,,10,read
memgraph,mixed_c10,459,,219.0072,True,,10,write
memgraph,mixed_c10,460,,224.9954,True,,10,write
memgraph,mixed_c10,461,,229.7625,True,,10,write
memgraph,mixed_c10,462,9505303,218.7294,True,,10,read
memgraph,mixed_c10,463,9505310,222.5636,True,,10,read
memgraph,mixed_c10,464,9505324,225.1887,True,,10,read
memgraph,mixed_c10,465,9508299,207.8725,True,,10,read
memgraph,mixed_c10,466,9509349,212.069,True,,10,read
memgraph,mixed_c10,467,,236.6606,True,,10,write
memgraph,mixed_c10,468,,219.9476,True,,10,write
memgraph,mixed_c10,469,9606252,225.2535,True,,10,read
memgraph,mixed_c10,470,9609217,218.2775,True,,10,read
memgraph,mixed_c10,471,,231.1471,True,,10,write
memgraph,mixed_c10,472,,221.9593,True,,10,write
memgraph,mixed_c10,473,9701246,206.5538,True,,10,read
memgraph,mixed_c10,474,9702270,225.1241,True,,10,read
memgraph,mixed_c10,475,9703209,209.8643,True,,10,read
memgraph,mixed_c10,476,9703232,219.3243,True,,10,read
memgraph,mixed_c10,477,9703423,236.7746,True,,10,read
memgraph,mixed_c10,478,,218.9609,True,,10,write
memgraph,mixed_c10,479,,225.9368,True,,10,write
memgraph,mixed_c10,480,9707250,228.1699,True,,10,read
memgraph,mixed_c10,481,9707282,206.4772,True,,10,read
memgraph,mixed_c10,482,9707295,221.2228,True,,10,read
memgraph,mixed_c10,483,9710376,223.9379,True,,10,read
memgraph,mixed_c10,484,9711261,211.4577,True,,10,read
memgraph,mixed_c10,485,,220.4474,True,,10,write
memgraph,mixed_c10,486,9803439,241.0858,True,,10,read
memgraph,mixed_c10,487,9804298,225.9905,True,,10,read
memgraph,mixed_c10,488,9804313,209.2503,True,,10,read
memgraph,mixed_c10,489,9804343,227.1871,True,,10,read
memgraph,mixed_c10,490,9805465,232.3259,True,,10,read
memgraph,mixed_c10,491,9809529,223.2538,True,,10,read
memgraph,mixed_c10,492,,226.9023,True,,10,write
memgraph,mixed_c10,493,9811432,210.9429,True,,10,read
memgraph,mixed_c10,494,9811469,218.9395,True,,10,read
memgraph,mixed_c10,495,9812342,227.4749,True,,10,read
memgraph,mixed_c10,496,,209.75,True,,10,write
memgraph,mixed_c10,497,9907534,235.1686,True,,10,read
memgraph,mixed_c10,498,,220.3479,True,,10,write
memgraph,mixed_c10,499,9909512,227.8428,True,,10,read
memgraph,mixed_c10,500,2106,226.9968,True,,10,read
memgraph,mixed_c10,501,6114,229.2739,True,,10,read
memgraph,mixed_c10,502,6217,225.7554,True,,10,read
memgraph,mixed_c10,503,7077,210.8396,True,,10,read
memgraph,mixed_c10,504,,220.7508,True,,10,write
memgraph,mixed_c10,505,7232,208.072,True,,10,read
memgraph,mixed_c10,506,,226.5681,True,,10,write
memgraph,mixed_c10,507,10094,220.2909,True,,10,read
memgraph,mixed_c10,508,10180,236.3464,True,,10,read
memgraph,mixed_c10,509,,226.9574,True,,10,write
memgraph,mixed_c10,510,101328,221.1966,True,,10,read
memgraph,mixed_c10,511,102194,229.4923,True,,10,read
memgraph,mixed_c10,512,102318,225.5332,True,,10,read
memgraph,mixed_c10,513,104122,212.7891,True,,10,read
memgraph,mixed_c10,514,,225.586,True,,10,write
memgraph,mixed_c10,515,,209.8185,True,,10,write
memgraph,mixed_c10,516,,219.9233,True,,10,write
memgraph,mixed_c10,517,107028,227.4322,True,,10,read
memgraph,mixed_c10,518,107093,226.6824,True,,10,read
memgraph,mixed_c10,519,107295,236.0687,True,,10,read
memgraph,mixed_c10,520,108250,224.785,True,,10,read
memgraph,mixed_c10,521,,229.6982,True,,10,write
memgraph,mixed_c10,522,109073,224.3834,True,,10,read
memgraph,mixed_c10,523,,211.9257,True,,10,write
memgraph,mixed_c10,524,110376,219.2998,True,,10,read
memgraph,mixed_c10,525,201053,206.4148,True,,10,read
memgraph,mixed_c10,526,204096,220.9114,True,,10,read
memgraph,mixed_c10,527,204176,227.5238,True,,10,read
memgraph,mixed_c10,528,204182,226.7148,True,,10,read
memgraph,mixed_c10,529,205038,221.4099,True,,10,read
memgraph,mixed_c10,530,207048,234.9642,True,,10,read
memgraph,mixed_c10,531,207227,229.6047,True,,10,read
memgraph,mixed_c10,532,208138,226.9549,True,,10,read
memgraph,mixed_c10,533,208159,212.3071,True,,10,read
memgraph,mixed_c10,534,,209.4435,True,,10,write
memgraph,mixed_c10,535,209108,219.8048,True,,10,read
memgraph,mixed_c10,536,210254,219.9562,True,,10,read
memgraph,mixed_c10,537,302080,239.3126,True,,10,read
memgraph,mixed_c10,538,9208245,227.6816,True,,10,read
memgraph,mixed_c10,539,9304275,227.2224,True,,10,read
memgraph,mixed_c10,540,9305258,237.2043,True,,10,read
memgraph,mixed_c10,541,,231.6109,True,,10,write
memgraph,mixed_c10,542,9307320,212.8768,True,,10,read
memgraph,mixed_c10,543,9309220,225.6684,True,,10,read
memgraph,mixed_c10,544,9309273,207.1024,True,,10,read
memgraph,mixed_c10,545,9309293,220.441,True,,10,read
memgraph,mixed_c10,546,9310213,218.428,True,,10,read
memgraph,mixed_c10,547,9311240,226.5166,True,,10,read
memgraph,mixed_c10,548,9401244,228.7299,True,,10,read
memgraph,mixed_c10,549,9401326,223.2084,True,,10,read
memgraph,mixed_c10,550,9403260,212.3552,True,,10,read
memgraph,mixed_c10,551,,276.3425,True,,10,write
memgraph,mixed_c10,552,9407272,275.5254,True,,10,read
memgraph,mixed_c10,553,9407278,270.4212,True,,10,read
memgraph,mixed_c10,554,9407401,213.1812,True,,10,read
memgraph,mixed_c10,555,9501227,219.7626,True,,10,read
memgraph,mixed_c10,556,9501350,219.479,True,,10,read
memgraph,mixed_c10,557,9501376,225.6011,True,,10,read
memgraph,mixed_c10,558,9502306,222.2234,True,,10,read
memgraph,mixed_c10,559,9502360,227.3941,True,,10,read
memgraph,mixed_c10,560,9503294,284.9068,True,,10,read
memgraph,mixed_c10,561,9504347,234.7654,True,,10,read
memgraph,mixed_c10,562,9505303,209.4013,True,,10,read
memgraph,mixed_c10,563,9505310,225.1542,True,,10,read
memgraph,mixed_c10,564,9505324,228.2851,True,,10,read
memgraph,mixed_c10,565,9508299,219.0056,True,,10,read
memgraph,mixed_c10,566,9509349,219.006,True,,10,read
memgraph,mixed_c10,567,9603367,226.1347,True,,10,read
memgraph,mixed_c10,568,9603420,229.3489,True,,10,read
memgraph,mixed_c10,569,9606252,227.8681,True,,10,read
memgraph,mixed_c10,570,9609217,212.604,True,,10,read
memgraph,mixed_c10,571,9609470,226.6698,True,,10,read
memgraph,mixed_c10,572,9610393,228.8067,True,,10,read
memgraph,mixed_c10,573,9701246,228.6699,True,,10,read
memgraph,mixed_c10,574,9702270,235.4412,True,,10,read
memgraph,mixed_c10,575,9703209,218.2056,True,,10,read
memgraph,mixed_c10,576,9703232,222.7004,True,,10,read
memgraph,mixed_c10,577,9703423,227.0721,True,,10,read
memgraph,mixed_c10,578,9705262,220.4651,True,,10,read
memgraph,mixed_c10,579,9706541,227.5966,True,,10,read
memgraph,mixed_c10,580,9707250,208.1645,True,,10,read
memgraph,mixed_c10,581,9707282,214.295,True,,10,read
memgraph,mixed_c10,582,,225.1526,True,,10,write
memgraph,mixed_c10,583,9710376,229.9914,True,,10,read
memgraph,mixed_c10,584,,236.6208,True,,10,write
memgraph,mixed_c10,585,9711379,218.4793,True,,10,read
memgraph,mixed_c10,586,9803439,218.8296,True,,10,read
memgraph,mixed_c10,587,9804298,225.4223,True,,10,read
memgraph,mixed_c10,588,9804313,227.1933,True,,10,read
memgraph,mixed_c10,589,9804343,226.8129,True,,10,read
memgraph,mixed_c10,590,9805465,207.128,True,,10,read
memgraph,mixed_c10,591,9809529,211.7553,True,,10,read
memgraph,mixed_c10,592,,223.9693,True,,10,write
memgraph,mixed_c10,593,,228.8148,True,,10,write
memgraph,mixed_c10,594,,219.8902,True,,10,write
memgraph,mixed_c10,595,9812342,234.0892,True,,10,read
memgraph,mixed_c10,596,9906506,217.6226,True,,10,read
memgraph,mixed_c10,597,9907534,231.9434,True,,10,read
memgraph,mixed_c10,598,9909234,227.7084,True,,10,read
memgraph,mixed_c10,599,9909512,231.0925,True,,10,read
memgraph,mixed_c10,600,,212.0476,True,,10,write
memgraph,mixed_c10,601,6114,210.2396,True,,10,read
memgraph,mixed_c10,602,6217,222.7596,True,,10,read
memgraph,mixed_c10,603,7077,230.2913,True,,10,read
memgraph,mixed_c10,604,7211,219.4124,True,,10,read
memgraph,mixed_c10,605,,240.3461,True,,10,write
memgraph,mixed_c10,606,9292,218.9616,True,,10,read
memgraph,mixed_c10,607,10094,226.5947,True,,10,read
memgraph,mixed_c10,608,10180,220.4683,True,,10,read
memgraph,mixed_c10,609,12020,209.5654,True,,10,read
memgraph,mixed_c10,610,101328,224.4474,True,,10,read
memgraph,mixed_c10,611,,209.2981,True,,10,write
memgraph,mixed_c10,612,102318,227.4622,True,,10,read
memgraph,mixed_c10,613,,217.7416,True,,10,write
memgraph,mixed_c10,614,104187,228.9787,True,,10,read
memgraph,mixed_c10,615,105349,237.9407,True,,10,read
memgraph,mixed_c10,616,106261,220.2732,True,,10,read
memgraph,mixed_c10,617,107028,209.3801,True,,10,read
memgraph,mixed_c10,618,,229.2016,True,,10,write
memgraph,mixed_c10,619,107295,227.2298,True,,10,read
memgraph,mixed_c10,620,108250,210.9487,True,,10,read
memgraph,mixed_c10,621,109054,224.6162,True,,10,read
memgraph,mixed_c10,622,109073,225.0681,True,,10,read
memgraph,mixed_c10,623,110264,218.586,True,,10,read
memgraph,mixed_c10,624,110376,233.1197,True,,10,read
memgraph,mixed_c10,625,201053,220.3098,True,,10,read
memgraph,mixed_c10,626,204096,239.8585,True,,10,read
memgraph,mixed_c10,627,204176,219.5764,True,,10,read
memgraph,mixed_c10,628,204182,210.1455,True,,10,read
memgraph,mixed_c10,629,205038,221.9614,True,,10,read
memgraph,mixed_c10,630,207048,228.0961,True,,10,read
memgraph,mixed_c10,631,207227,227.3777,True,,10,read
memgraph,mixed_c10,632,208138,220.2654,True,,10,read
memgraph,mixed_c10,633,,225.1631,True,,10,write
memgraph,mixed_c10,634,209058,230.5008,True,,10,read
memgraph,mixed_c10,635,209108,220.6328,True,,10,read
memgraph,mixed_c10,636,210254,234.9604,True,,10,read
memgraph,mixed_c10,637,302080,206.0325,True,,10,read
memgraph,mixed_c10,638,9208245,211.9359,True,,10,read
memgraph,mixed_c10,639,9304275,222.4989,True,,10,read
memgraph,mixed_c10,640,9305258,225.4304,True,,10,read
memgraph,mixed_c10,641,9306241,230.7292,True,,10,read
memgraph,mixed_c10,642,9307320,217.3613,True,,10,read
memgraph,mixed_c10,643,9309220,226.7524,True,,10,read
memgraph,mixed_c10,644,,229.8166,True,,10,write
memgraph,mixed_c10,645,,219.0917,True,,10,write
memgraph,mixed_c10,646,9310213,238.6356,True,,10,read
memgraph,mixed_c10,647,9311240,215.0043,True,,10,read
memgraph,mixed_c10,648,,216.0986,True,,10,write
memgraph,mixed_c10,649,9401326,223.2131,True,,10,read
memgraph,mixed_c10,650,,226.6491,True,,10,write
memgraph,mixed_c10,651,9403269,230.0548,True,,10,read
memgraph,mixed_c10,652,,219.8603,True,,10,write
memgraph,mixed_c10,653,9407278,229.1283,True,,10,read
memgraph,mixed_c10,654,9407401,220.8236,True,,10,read
memgraph,mixed_c10,655,9501227,229.8377,True,,10,read
memgraph,mixed_c10,656,9501350,206.5498,True,,10,read
memgraph,mixed_c10,657,,235.6668,True,,10,write
memgraph,mixed_c10,658,9502306,211.2159,True,,10,read
memgraph,mixed_c10,659,9502360,221.2625,True,,10,read
memgraph,mixed_c10,660,9503294,227.2809,True,,10,read
memgraph,mixed_c10,661,,227.9386,True,,10,write
memgraph,mixed_c10,662,9505303,218.761,True,,10,read
memgraph,mixed_c10,663,,225.3865,True,,10,write
memgraph,mixed_c10,664,9505324,223.9828,True,,10,read
memgraph,mixed_c10,665,9508299,230.5921,True,,10,read
memgraph,mixed_c10,666,9509349,206.8104,True,,10,read
memgraph,mixed_c10,667,,210.7488,True,,10,write
memgraph,mixed_c10,668,,237.2824,True,,10,write
memgraph,mixed_c10,669,9606252,220.9058,True,,10,read
memgraph,mixed_c10,670,,226.8534,True,,10,write
memgraph,mixed_c10,671,9609470,227.5306,True,,10,read
memgraph,mixed_c10,672,9610393,220.5978,True,,10,read
memgraph,mixed_c10,673,,230.9768,True,,10,write
memgraph,mixed_c10,674,9702270,221.2,True,,10,read
memgraph,mixed_c10,675,9703209,210.0117,True,,10,read
memgraph,mixed_c10,676,9703232,231.5475,True,,10,read
memgraph,mixed_c10,677,9703423,210.2429,True,,10,read
memgraph,mixed_c10,678,9705262,237.9158,True,,10,read
memgraph,mixed_c10,679,,222.8776,True,,10,write
memgraph,mixed_c10,680,,228.0842,True,,10,write
memgraph,mixed_c10,681,,235.2024,True,,10,write
memgraph,mixed_c10,682,9707295,218.9258,True,,10,read
memgraph,mixed_c10,683,9710376,225.387,True,,10,read
memgraph,mixed_c10,684,9711261,219.5074,True,,10,read
memgraph,mixed_c10,685,,207.4979,True,,10,write
memgraph,mixed_c10,686,9803439,228.9339,True,,10,read
memgraph,mixed_c10,687,,214.1801,True,,10,write
memgraph,mixed_c10,688,9804313,223.9446,True,,10,read
memgraph,mixed_c10,689,9804343,236.7065,True,,10,read
memgraph,mixed_c10,690,9805465,226.9477,True,,10,read
memgraph,mixed_c10,691,,219.1055,True,,10,write
memgraph,mixed_c10,692,,228.0148,True,,10,write
memgraph,mixed_c10,693,,212.5604,True,,10,write
memgraph,mixed_c10,694,,227.8048,True,,10,write
memgraph,mixed_c10,695,,223.9563,True,,10,write
memgraph,mixed_c10,696,9906506,212.5292,True,,10,read
memgraph,mixed_c10,697,9907534,230.2241,True,,10,read
memgraph,mixed_c10,698,9909234,223.8236,True,,10,read
memgraph,mixed_c10,699,9909512,239.7945,True,,10,read
memgraph,mixed_c10,700,2106,230.3568,True,,10,read
memgraph,mixed_c10,701,6114,218.0261,True,,10,read
memgraph,mixed_c10,702,,228.2918,True,,10,write
memgraph,mixed_c10,703,7077,207.9991,True,,10,read
memgraph,mixed_c10,704,7211,225.2147,True,,10,read
memgraph,mixed_c10,705,7232,222.1369,True,,10,read
memgraph,mixed_c10,706,9292,211.9474,True,,10,read
memgraph,mixed_c10,707,10094,231.1155,True,,10,read
memgraph,mixed_c10,708,10180,223.1055,True,,10,read
memgraph,mixed_c10,709,12020,228.6512,True,,10,read
memgraph,mixed_c10,710,101328,234.4329,True,,10,read
memgraph,mixed_c10,711,102194,222.893,True,,10,read
memgraph,mixed_c10,712,102318,230.8001,True,,10,read
memgraph,mixed_c10,713,104122,207.4868,True,,10,read
memgraph,mixed_c10,714,104187,220.1607,True,,10,read
memgraph,mixed_c10,715,105349,224.6935,True,,10,read
memgraph,mixed_c10,716,106261,213.0054,True,,10,read
memgraph,mixed_c10,717,,231.9833,True,,10,write
memgraph,mixed_c10,718,,222.4445,True,,10,write
memgraph,mixed_c10,719,107295,227.6956,True,,10,read
memgraph,mixed_c10,720,108250,219.696,True,,10,read
memgraph,mixed_c10,721,109054,236.8991,True,,10,read
memgraph,mixed_c10,722,109073,207.8137,True,,10,read
memgraph,mixed_c10,723,110264,225.1511,True,,10,read
memgraph,mixed_c10,724,110376,218.0715,True,,10,read
memgraph,mixed_c10,725,,211.2056,True,,10,write
memgraph,mixed_c10,726,204096,224.9134,True,,10,read
memgraph,mixed_c10,727,,237.845,True,,10,write
memgraph,mixed_c10,728,204182,222.3125,True,,10,read
memgraph,mixed_c10,729,205038,216.7158,True,,10,read
memgraph,mixed_c10,730,207048,226.117,True,,10,read
memgraph,mixed_c10,731,207227,206.5674,True,,10,read
memgraph,mixed_c10,732,208138,236.506,True,,10,read
memgraph,mixed_c10,733,208159,225.0061,True,,10,read
memgraph,mixed_c10,734,,212.0373,True,,10,write
memgraph,mixed_c10,735,,219.8053,True,,10,write
memgraph,mixed_c10,736,210254,222.8704,True,,10,read
memgraph,mixed_c10,737,302080,228.7083,True,,10,read
memgraph,mixed_c10,738,9208245,222.755,True,,10,read
memgraph,mixed_c10,739,9304275,207.3748,True,,10,read
memgraph,mixed_c10,740,9305258,219.7375,True,,10,read
memgraph,mixed_c10,741,9306241,224.8784,True,,10,read
memgraph,mixed_c10,742,9307320,234.7851,True,,10,read
memgraph,mixed_c10,743,,227.438,True,,10,write
memgraph,mixed_c10,744,9309273,211.6214,True,,10,read
memgraph,mixed_c10,745,9309293,219.0163,True,,10,read
memgraph,mixed_c10,746,9310213,224.4497,True,,10,read
memgraph,mixed_c10,747,9311240,228.5608,True,,10,read
memgraph,mixed_c10,748,,228.3239,True,,10,write
memgraph,mixed_c10,749,9401326,208.3131,True,,10,read
memgraph,mixed_c10,750,9403260,220.608,True,,10,read
memgraph,mixed_c10,751,,225.8964,True,,10,write
memgraph,mixed_c10,752,9407272,212.5532,True,,10,read
memgraph,mixed_c10,753,,226.6987,True,,10,write
memgraph,mixed_c10,754,9407401,235.7833,True,,10,read
memgraph,mixed_c10,755,9501227,221.6308,True,,10,read
memgraph,mixed_c10,756,9501350,226.0854,True,,10,read
memgraph,mixed_c10,757,9501376,229.2268,True,,10,read
memgraph,mixed_c10,758,9502306,221.3909,True,,10,read
memgraph,mixed_c10,759,,207.1993,True,,10,write
memgraph,mixed_c10,760,9503294,218.9601,True,,10,read
memgraph,mixed_c10,761,,224.4611,True,,10,write
memgraph,mixed_c10,762,9505303,212.0024,True,,10,read
memgraph,mixed_c10,763,9505310,225.8291,True,,10,read
memgraph,mixed_c10,764,,219.2453,True,,10,write
memgraph,mixed_c10,765,9508299,234.6118,True,,10,read
memgraph,mixed_c10,766,9509349,223.8794,True,,10,read
memgraph,mixed_c10,767,9603367,208.2643,True,,10,read
memgraph,mixed_c10,768,9603420,236.8547,True,,10,read
memgraph,mixed_c10,769,,225.9577,True,,10,write
memgraph,mixed_c10,770,,219.5863,True,,10,write
memgraph,mixed_c10,771,9609470,226.4863,True,,10,read
memgraph,mixed_c10,772,9610393,210.923,True,,10,read
memgraph,mixed_c10,773,,226.6243,True,,10,write
memgraph,mixed_c10,774,9702270,220.2058,True,,10,read
memgraph,mixed_c10,775,9703209,235.3935,True,,10,read
memgraph,mixed_c10,776,,226.5267,True,,10,write
memgraph,mixed_c10,777,9703423,206.7964,True,,10,read
memgraph,mixed_c10,778,9705262,224.5316,True,,10,read
memgraph,mixed_c10,779,9706541,230.8374,True,,10,read
memgraph,mixed_c10,780,9707250,219.0053,True,,10,read
memgraph,mixed_c10,781,9707282,212.1862,True,,10,read
memgraph,mixed_c10,782,9707295,225.2864,True,,10,read
memgraph,mixed_c10,783,9710376,221.295,True,,10,read
memgraph,mixed_c10,784,,227.8922,True,,10,write
memgraph,mixed_c10,785,9711379,234.9238,True,,10,read
memgraph,mixed_c10,786,9803439,224.5997,True,,10,read
memgraph,mixed_c10,787,9804298,209.1615,True,,10,read
memgraph,mixed_c10,788,9804313,220.8904,True,,10,read
memgraph,mixed_c10,789,9804343,229.9788,True,,10,read
memgraph,mixed_c10,790,,219.0574,True,,10,write
memgraph,mixed_c10,791,9809529,210.9478,True,,10,read
memgraph,mixed_c10,792,9810418,227.5211,True,,10,read
memgraph,mixed_c10,793,9811432,222.4043,True,,10,read
memgraph,mixed_c10,794,9811469,230.3129,True,,10,read
memgraph,mixed_c10,795,9812342,224.6385,True,,10,read
memgraph,mixed_c10,796,9906506,237.5281,True,,10,read
memgraph,mixed_c10,797,9907534,208.5046,True,,10,read
memgraph,mixed_c10,798,9909234,221.7394,True,,10,read
memgraph,mixed_c10,799,9909512,216.8365,True,,10,read
memgraph,mixed_c10,800,2106,230.1535,True,,10,read
memgraph,mixed_c10,801,6114,216.6563,True,,10,read
memgraph,mixed_c10,802,6217,229.4116,True,,10,read
memgraph,mixed_c10,803,,220.9864,True,,10,write
memgraph,mixed_c10,804,,225.262,True,,10,write
memgraph,mixed_c10,805,7232,226.6079,True,,10,read
memgraph,mixed_c10,806,9292,206.9641,True,,10,read
memgraph,mixed_c10,807,10094,235.6342,True,,10,read
memgraph,mixed_c10,808,10180,221.5784,True,,10,read
memgraph,mixed_c10,809,12020,222.551,True,,10,read
memgraph,mixed_c10,810,101328,213.7299,True,,10,read
memgraph,mixed_c10,811,102194,231.0254,True,,10,read
memgraph,mixed_c10,812,102318,226.4626,True,,10,read
memgraph,mixed_c10,813,104122,219.3355,True,,10,read
memgraph,mixed_c10,814,104187,225.0514,True,,10,read
memgraph,mixed_c10,815,105349,226.8269,True,,10,read
memgraph,mixed_c10,816,106261,210.2418,True,,10,read
memgraph,mixed_c10,817,107028,237.0995,True,,10,read
memgraph,mixed_c10,818,107093,222.8462,True,,10,read
memgraph,mixed_c10,819,107295,211.8115,True,,10,read
memgraph,mixed_c10,820,108250,218.2307,True,,10,read
memgraph,mixed_c10,821,109054,232.8102,True,,10,read
memgraph,mixed_c10,822,109073,224.9871,True,,10,read
memgraph,mixed_c10,823,110264,218.905,True,,10,read
memgraph,mixed_c10,824,110376,226.3708,True,,10,read
memgraph,mixed_c10,825,201053,209.0722,True,,10,read
memgraph,mixed_c10,826,204096,226.8447,True,,10,read
memgraph,mixed_c10,827,204176,238.2821,True,,10,read
memgraph,mixed_c10,828,204182,213.1193,True,,10,read
memgraph,mixed_c10,829,205038,229.8032,True,,10,read
memgraph,mixed_c10,830,207048,228.2169,True,,10,read
memgraph,mixed_c10,831,207227,230.067,True,,10,read
memgraph,mixed_c10,832,,218.5549,True,,10,write
memgraph,mixed_c10,833,208159,227.2145,True,,10,read
memgraph,mixed_c10,834,,208.2479,True,,10,write
memgraph,mixed_c10,835,209108,226.4912,True,,10,read
memgraph,mixed_c10,836,210254,227.8381,True,,10,read
memgraph,mixed_c10,837,302080,235.5752,True,,10,read
memgraph,mixed_c10,838,,212.1579,True,,10,write
memgraph,mixed_c10,839,9304275,224.6521,True,,10,read
memgraph,mixed_c10,840,9305258,217.7728,True,,10,read
memgraph,mixed_c10,841,9306241,229.6782,True,,10,read
memgraph,mixed_c10,842,9307320,221.2451,True,,10,read
memgraph,mixed_c10,843,9309220,227.3783,True,,10,read
memgraph,mixed_c10,844,9309273,206.6587,True,,10,read
memgraph,mixed_c10,845,,225.7006,True,,10,write
memgraph,mixed_c10,846,9310213,224.8455,True,,10,read
memgraph,mixed_c10,847,9311240,211.9104,True,,10,read
memgraph,mixed_c10,848,9401244,235.7477,True,,10,read
memgraph,mixed_c10,849,9401326,219.6664,True,,10,read
memgraph,mixed_c10,850,9403260,225.0805,True,,10,read
memgraph,mixed_c10,851,9403269,229.4138,True,,10,read
memgraph,mixed_c10,852,,222.3409,True,,10,write
memgraph,mixed_c10,853,,211.0806,True,,10,write
memgraph,mixed_c10,854,,227.2095,True,,10,write
memgraph,mixed_c10,855,9501227,227.0757,True,,10,read
memgraph,mixed_c10,856,9501350,225.705,True,,10,read
memgraph,mixed_c10,857,9501376,211.9582,True,,10,read
memgraph,mixed_c10,858,9502306,238.8105,True,,10,read
memgraph,mixed_c10,859,9502360,219.9687,True,,10,read
memgraph,mixed_c10,860,9503294,225.2613,True,,10,read
memgraph,mixed_c10,861,9504347,228.6,True,,10,read
memgraph,mixed_c10,862,,208.0856,True,,10,write
memgraph,mixed_c10,863,,220.0694,True,,10,write
memgraph,mixed_c10,864,9505324,226.6505,True,,10,read
memgraph,mixed_c10,865,9508299,225.3951,True,,10,read
memgraph,mixed_c10,866,,223.9303,True,,10,write
memgraph,mixed_c10,867,,210.874,True,,10,write
memgraph,mixed_c10,868,,218.3869,True,,10,write
memgraph,mixed_c10,869,9606252,223.0033,True,,10,read
memgraph,mixed_c10,870,9609217,235.8342,True,,10,read
memgraph,mixed_c10,871,9609470,205.5698,True,,10,read
memgraph,mixed_c10,872,9610393,219.3969,True,,10,read
memgraph,mixed_c10,873,9701246,228.3679,True,,10,read
memgraph,mixed_c10,874,9702270,226.74,True,,10,read
memgraph,mixed_c10,875,9703209,227.8609,True,,10,read
memgraph,mixed_c10,876,,226.244,True,,10,write
memgraph,mixed_c10,877,9703423,212.4572,True,,10,read
memgraph,mixed_c10,878,9705262,218.9066,True,,10,read
memgraph,mixed_c10,879,9706541,221.6352,True,,10,read
memgraph,mixed_c10,880,,236.3926,True,,10,write
memgraph,mixed_c10,881,9707282,208.1628,True,,10,read
memgraph,mixed_c10,882,9707295,219.6162,True,,10,read
memgraph,mixed_c10,883,9710376,229.5672,True,,10,read
memgraph,mixed_c10,884,9711261,225.0926,True,,10,read
memgraph,mixed_c10,885,,227.7094,True,,10,write
memgraph,mixed_c10,886,,211.5295,True,,10,write
memgraph,mixed_c10,887,9804298,223.7498,True,,10,read
memgraph,mixed_c10,888,,218.1388,True,,10,write
memgraph,mixed_c10,889,9804343,220.7769,True,,10,read
memgraph,mixed_c10,890,,208.5924,True,,10,write
memgraph,mixed_c10,891,9809529,235.9819,True,,10,read
memgraph,mixed_c10,892,,219.6679,True,,10,write
memgraph,mixed_c10,893,,231.5433,True,,10,write
memgraph,mixed_c10,894,9811469,227.3378,True,,10,read
memgraph,mixed_c10,895,9812342,230.5396,True,,10,read
memgraph,mixed_c10,896,,213.1214,True,,10,write
memgraph,mixed_c10,897,9907534,226.9399,True,,10,read
memgraph,mixed_c10,898,9909234,219.7027,True,,10,read
memgraph,mixed_c10,899,9909512,208.908,True,,10,read
memgraph,mixed_c10,900,2106,224.7366,True,,10,read
memgraph,mixed_c10,901,6114,238.5304,True,,10,read
memgraph,mixed_c10,902,6217,219.1101,True,,10,read
memgraph,mixed_c10,903,7077,227.9045,True,,10,read
memgraph,mixed_c10,904,,226.9672,True,,10,write
memgraph,mixed_c10,905,,211.0454,True,,10,write
memgraph,mixed_c10,906,9292,227.4639,True,,10,read
memgraph,mixed_c10,907,10094,224.2525,True,,10,read
memgraph,mixed_c10,908,10180,220.6747,True,,10,read
memgraph,mixed_c10,909,,212.7391,True,,10,write
memgraph,mixed_c10,910,101328,225.2335,True,,10,read
memgraph,mixed_c10,911,102194,221.8446,True,,10,read
memgraph,mixed_c10,912,102318,234.0874,True,,10,read
memgraph,mixed_c10,913,,231.0103,True,,10,write
memgraph,mixed_c10,914,104187,226.4753,True,,10,read
memgraph,mixed_c10,915,105349,211.0778,True,,10,read
memgraph,mixed_c10,916,106261,227.2371,True,,10,read
memgraph,mixed_c10,917,,224.9031,True,,10,write
memgraph,mixed_c10,918,107093,217.6271,True,,10,read
memgraph,mixed_c10,919,,207.518,True,,10,write
memgraph,mixed_c10,920,108250,224.6814,True,,10,read
memgraph,mixed_c10,921,,219.4502,True,,10,write
memgraph,mixed_c10,922,109073,235.6236,True,,10,read
memgraph,mixed_c10,923,110264,229.2854,True,,10,read
memgraph,mixed_c10,924,,211.6116,True,,10,write
memgraph,mixed_c10,925,201053,226.3201,True,,10,read
memgraph,mixed_c10,926,,227.3514,True,,10,write
memgraph,mixed_c10,927,204176,224.9888,True,,10,read
memgraph,mixed_c10,928,204182,207.0019,True,,10,read
memgraph,mixed_c10,929,205038,220.1056,True,,10,read
memgraph,mixed_c10,930,207048,222.0595,True,,10,read
memgraph,mixed_c10,931,207227,220.0431,True,,10,read
memgraph,mixed_c10,932,208138,536.8332,True,,10,read
memgraph,mixed_c10,933,208159,891.3136,True,,10,read
memgraph,mixed_c10,934,209058,231.3965,True,,10,read
memgraph,mixed_c10,935,209108,508.9742,True,,10,read
memgraph,mixed_c10,936,210254,511.8482,True,,10,read
memgraph,mixed_c10,937,302080,224.4058,True,,10,read
memgraph,mixed_c10,938,9208245,475.5672,True,,10,read
memgraph,mixed_c10,939,,495.3081,True,,10,write
memgraph,mixed_c10,940,9305258,502.4212,True,,10,read
memgraph,mixed_c10,941,9306241,495.8493,True,,10,read
memgraph,mixed_c10,942,9307320,231.0423,True,,10,read
memgraph,mixed_c10,943,9309220,225.522,True,,10,read
memgraph,mixed_c10,944,9309273,229.6255,True,,10,read
memgraph,mixed_c10,945,9309293,227.6762,True,,10,read
memgraph,mixed_c10,946,9310213,228.8144,True,,10,read
memgraph,mixed_c10,947,,236.3308,True,,10,write
memgraph,mixed_c10,948,9401244,209.054,True,,10,read
memgraph,mixed_c10,949,,229.8204,True,,10,write
memgraph,mixed_c10,950,9403260,218.6667,True,,10,read
memgraph,mixed_c10,951,,230.354,True,,10,write
memgraph,mixed_c10,952,9407272,219.2123,True,,10,read
memgraph,mixed_c10,953,9407278,235.0301,True,,10,read
memgraph,mixed_c10,954,,229.922,True,,10,write
memgraph,mixed_c10,955,9501227,231.1611,True,,10,read
memgraph,mixed_c10,956,9501350,208.3425,True,,10,read
memgraph,mixed_c10,957,9501376,240.1351,True,,10,read
memgraph,mixed_c10,958,9502306,226.0154,True,,10,read
memgraph,mixed_c10,959,9502360,220.2981,True,,10,read
memgraph,mixed_c10,960,9503294,223.7546,True,,10,read
memgraph,mixed_c10,961,9504347,222.7392,True,,10,read
memgraph,mixed_c10,962,9505303,216.9888,True,,10,read
memgraph,mixed_c10,963,9505310,227.9138,True,,10,read
memgraph,mixed_c10,964,9505324,207.7243,True,,10,read
memgraph,mixed_c10,965,,224.2993,True,,10,write
memgraph,mixed_c10,966,9509349,226.1958,True,,10,read
memgraph,mixed_c10,967,9603367,236.4036,True,,10,read
memgraph,mixed_c10,968,9603420,226.366,True,,10,read
memgraph,mixed_c10,969,9606252,220.0403,True,,10,read
memgraph,mixed_c10,970,9609217,220.5177,True,,10,read
memgraph,mixed_c10,971,9609470,209.1129,True,,10,read
memgraph,mixed_c10,972,9610393,219.4076,True,,10,read
memgraph,mixed_c10,973,9701246,229.7808,True,,10,read
memgraph,mixed_c10,974,9702270,209.1094,True,,10,read
memgraph,mixed_c10,975,9703209,226.3541,True,,10,read
memgraph,mixed_c10,976,9703232,227.3691,True,,10,read
memgraph,mixed_c10,977,9703423,234.9634,True,,10,read
memgraph,mixed_c10,978,9705262,219.6281,True,,10,read
memgraph,mixed_c10,979,9706541,228.5177,True,,10,read
memgraph,mixed_c10,980,9707250,222.2091,True,,10,read
memgraph,mixed_c10,981,9707282,213.8809,True,,10,read
memgraph,mixed_c10,982,9707295,219.1213,True,,10,read
memgraph,mixed_c10,983,,207.2158,True,,10,write
memgraph,mixed_c10,984,,229.3343,True,,10,write
memgraph,mixed_c10,985,9711379,224.4179,True,,10,read
memgraph,mixed_c10,986,9803439,226.8589,True,,10,read
memgraph,mixed_c10,987,9804298,219.7218,True,,10,read
memgraph,mixed_c10,988,9804313,237.3784,True,,10,read
memgraph,mixed_c10,989,,225.6562,True,,10,write
memgraph,mixed_c10,990,9805465,213.3116,True,,10,read
memgraph,mixed_c10,991,,222.1231,True,,10,write
memgraph,mixed_c10,992,,218.397,True,,10,write
memgraph,mixed_c10,993,,206.3292,True,,10,write
memgraph,mixed_c10,994,9811469,230.1484,True,,10,read
memgraph,mixed_c10,995,9812342,225.172,True,,10,read
memgraph,mixed_c10,996,9906506,224.9805,True,,10,read
memgraph,mixed_c10,997,9907534,217.7738,True,,10,read
memgraph,mixed_c10,998,9909234,228.0658,True,,10,read
memgraph,mixed_c10,999,,234.05,True,,10,write
memgraph,mixed_c40,0,2106,222.9573,True,,40,read
memgraph,mixed_c40,1,6114,215.8571,True,,40,read
memgraph,mixed_c40,2,6217,217.8536,True,,40,read
memgraph,mixed_c40,3,,225.6703,True,,40,write
memgraph,mixed_c40,4,,232.0296,True,,40,write
memgraph,mixed_c40,5,7232,232.5236,True,,40,read
memgraph,mixed_c40,6,9292,235.5831,True,,40,read
memgraph,mixed_c40,7,10094,232.685,True,,40,read
memgraph,mixed_c40,8,,240.8947,True,,40,write
memgraph,mixed_c40,9,12020,241.6957,True,,40,read
memgraph,mixed_c40,10,101328,2169.1438,True,,40,read
memgraph,mixed_c40,11,102194,1390.7851,True,,40,read
memgraph,mixed_c40,12,102318,1245.2611,True,,40,read
memgraph,mixed_c40,13,,2501.5119,True,,40,write
memgraph,mixed_c40,14,104187,2241.8282,True,,40,read
memgraph,mixed_c40,15,105349,2970.8429,True,,40,read
memgraph,mixed_c40,16,106261,2042.5643,True,,40,read
memgraph,mixed_c40,17,107028,1496.2138,True,,40,read
memgraph,mixed_c40,18,107093,1471.8999,True,,40,read
memgraph,mixed_c40,19,107295,1753.5495,True,,40,read
memgraph,mixed_c40,20,108250,2143.522,True,,40,read
memgraph,mixed_c40,21,109054,1554.8504,True,,40,read
memgraph,mixed_c40,22,109073,1229.0451,True,,40,read
memgraph,mixed_c40,23,110264,1566.2992,True,,40,read
memgraph,mixed_c40,24,110376,2202.7651,True,,40,read
memgraph,mixed_c40,25,201053,1460.5949,True,,40,read
memgraph,mixed_c40,26,204096,1626.5192,True,,40,read
memgraph,mixed_c40,27,204176,1477.6967,True,,40,read
memgraph,mixed_c40,28,204182,2383.3306,True,,40,read
memgraph,mixed_c40,29,205038,1793.1556,True,,40,read
memgraph,mixed_c40,30,,1453.4075,True,,40,write
memgraph,mixed_c40,31,207227,2508.494,True,,40,read
memgraph,mixed_c40,32,208138,1590.3317,True,,40,read
memgraph,mixed_c40,33,208159,1555.936,True,,40,read
memgraph,mixed_c40,34,,1507.5461,True,,40,write
memgraph,mixed_c40,35,,1467.2889,True,,40,write
memgraph,mixed_c40,36,210254,1599.1779,True,,40,read
memgraph,mixed_c40,37,302080,2715.0852,True,,40,read
memgraph,mixed_c40,38,9208245,1740.886,True,,40,read
memgraph,mixed_c40,39,9304275,1741.8575,True,,40,read
memgraph,mixed_c40,40,9305258,206.5648,True,,40,read
memgraph,mixed_c40,41,,211.7325,True,,40,write
memgraph,mixed_c40,42,,241.0997,True,,40,write
memgraph,mixed_c40,43,9309220,232.7701,True,,40,read
memgraph,mixed_c40,44,9309273,261.3354,True,,40,read
memgraph,mixed_c40,45,,246.3706,True,,40,write
memgraph,mixed_c40,46,9310213,245.8092,True,,40,read
memgraph,mixed_c40,47,,257.6734,True,,40,write
memgraph,mixed_c40,48,9401244,260.1551,True,,40,read
memgraph,mixed_c40,49,,260.4631,True,,40,write
memgraph,mixed_c40,50,,243.923,True,,40,write
memgraph,mixed_c40,51,9403269,875.3751,True,,40,read
memgraph,mixed_c40,52,9407272,254.7509,True,,40,read
memgraph,mixed_c40,53,9407278,245.6563,True,,40,read
memgraph,mixed_c40,54,9407401,237.9751,True,,40,read
memgraph,mixed_c40,55,,250.8829,True,,40,write
memgraph,mixed_c40,56,9501350,573.7237,True,,40,read
memgraph,mixed_c40,57,9501376,284.8567,True,,40,read
memgraph,mixed_c40,58,9502306,594.5653,True,,40,read
memgraph,mixed_c40,59,9502360,953.0435,True,,40,read
memgraph,mixed_c40,60,,238.8518,True,,40,write
memgraph,mixed_c40,61,9504347,326.5367,True,,40,read
memgraph,mixed_c40,62,9505303,327.4915,True,,40,read
memgraph,mixed_c40,63,9505310,313.2098,True,,40,read
memgraph,mixed_c40,64,9505324,303.4991,True,,40,read
memgraph,mixed_c40,65,9508299,255.1861,True,,40,read
memgraph,mixed_c40,66,9509349,208.8142,True,,40,read
memgraph,mixed_c40,67,9603367,226.5457,True,,40,read
memgraph,mixed_c40,68,9603420,220.3873,True,,40,read
memgraph,mixed_c40,69,9606252,235.5289,True,,40,read
memgraph,mixed_c40,70,,225.3834,True,,40,write
memgraph,mixed_c40,71,,219.8293,True,,40,write
memgraph,mixed_c40,72,9610393,235.3246,True,,40,read
memgraph,mixed_c40,73,9701246,238.3622,True,,40,read
memgraph,mixed_c40,74,9702270,214.0341,True,,40,read
memgraph,mixed_c40,75,9703209,213.0446,True,,40,read
memgraph,mixed_c40,76,9703232,224.1151,True,,40,read
memgraph,mixed_c40,77,9703423,223.5571,True,,40,read
memgraph,mixed_c40,78,9705262,225.2097,True,,40,read
memgraph,mixed_c40,79,9706541,220.3121,True,,40,read
memgraph,mixed_c40,80,,227.7392,True,,40,write
memgraph,mixed_c40,81,,231.5497,True,,40,write
memgraph,mixed_c40,82,9707295,228.5666,True,,40,read
memgraph,mixed_c40,83,9710376,211.6489,True,,40,read
memgraph,mixed_c40,84,9711261,213.3907,True,,40,read
memgraph,mixed_c40,85,9711379,241.2709,True,,40,read
memgraph,mixed_c40,86,9803439,213.8514,True,,40,read
memgraph,mixed_c40,87,9804298,211.7213,True,,40,read
memgraph,mixed_c40,88,,258.2081,True,,40,write
memgraph,mixed_c40,89,9804343,228.9542,True,,40,read
memgraph,mixed_c40,90,9805465,270.7929,True,,40,read
memgraph,mixed_c40,91,9809529,242.644,True,,40,read
memgraph,mixed_c40,92,9810418,284.828,True,,40,read
memgraph,mixed_c40,93,9811432,220.9603,True,,40,read
memgraph,mixed_c40,94,9811469,262.3915,True,,40,read
memgraph,mixed_c40,95,9812342,280.9466,True,,40,read
memgraph,mixed_c40,96,,258.3875,True,,40,write
memgraph,mixed_c40,97,9907534,271.0202,True,,40,read
memgraph,mixed_c40,98,,267.1668,True,,40,write
memgraph,mixed_c40,99,,244.3353,True,,40,write
memgraph,mixed_c40,100,2106,256.9794,True,,40,read
memgraph,mixed_c40,101,6114,231.3417,True,,40,read
memgraph,mixed_c40,102,6217,235.5978,True,,40,read
memgraph,mixed_c40,103,7077,261.6511,True,,40,read
memgraph,mixed_c40,104,,235.7485,True,,40,write
memgraph,mixed_c40,105,7232,241.3184,True,,40,read
memgraph,mixed_c40,106,9292,248.3165,True,,40,read
memgraph,mixed_c40,107,,232.05,True,,40,write
memgraph,mixed_c40,108,10180,245.5532,True,,40,read
memgraph,mixed_c40,109,12020,226.8935,True,,40,read
memgraph,mixed_c40,110,101328,241.9043,True,,40,read
memgraph,mixed_c40,111,102194,245.4228,True,,40,read
memgraph,mixed_c40,112,,241.6278,True,,40,write
memgraph,mixed_c40,113,104122,217.1483,True,,40,read
memgraph,mixed_c40,114,104187,229.0092,True,,40,read
memgraph,mixed_c40,115,105349,228.7372,True,,40,read
memgraph,mixed_c40,116,,274.1842,True,,40,write
memgraph,mixed_c40,117,,225.9602,True,,40,write
memgraph,mixed_c40,118,107093,231.2377,True,,40,read
memgraph,mixed_c40,119,107295,228.3495,True,,40,read
memgraph,mixed_c40,120,108250,248.5711,True,,40,read
memgraph,mixed_c40,121,,230.436,True,,40,write
memgraph,mixed_c40,122,109073,227.963,True,,40,read
memgraph,mixed_c40,123,110264,231.4767,True,,40,read
memgraph,mixed_c40,124,110376,229.0059,True,,40,read
memgraph,mixed_c40,125,201053,245.1403,True,,40,read
memgraph,mixed_c40,126,,245.0936,True,,40,write
memgraph,mixed_c40,127,204176,248.1314,True,,40,read
memgraph,mixed_c40,128,204182,246.3649,True,,40,read
memgraph,mixed_c40,129,205038,245.1524,True,,40,read
memgraph,mixed_c40,130,,243.5219,True,,40,write
memgraph,mixed_c40,131,,246.6118,True,,40,write
memgraph,mixed_c40,132,,218.5343,True,,40,write
memgraph,mixed_c40,133,,243.0195,True,,40,write
memgraph,mixed_c40,134,,227.1159,True,,40,write
memgraph,mixed_c40,135,,241.627,True,,40,write
memgraph,mixed_c40,136,210254,241.5772,True,,40,read
memgraph,mixed_c40,137,,241.4611,True,,40,write
memgraph,mixed_c40,138,9208245,239.4779,True,,40,read
memgraph,mixed_c40,139,9304275,216.485,True,,40,read
memgraph,mixed_c40,140,,243.9331,True,,40,write
memgraph,mixed_c40,141,9306241,228.8575,True,,40,read
memgraph,mixed_c40,142,9307320,242.0508,True,,40,read
memgraph,mixed_c40,143,9309220,210.6067,True,,40,read
memgraph,mixed_c40,144,9309273,228.1883,True,,40,read
memgraph,mixed_c40,145,9309293,226.2839,True,,40,read
memgraph,mixed_c40,146,,227.0903,True,,40,write
memgraph,mixed_c40,147,9311240,229.611,True,,40,read
memgraph,mixed_c40,148,,230.2492,True,,40,write
memgraph,mixed_c40,149,9401326,229.901,True,,40,read
memgraph,mixed_c40,150,9403260,225.4874,True,,40,read
memgraph,mixed_c40,151,,242.6292,True,,40,write
memgraph,mixed_c40,152,9407272,242.7377,True,,40,read
memgraph,mixed_c40,153,9407278,226.2846,True,,40,read
memgraph,mixed_c40,154,9407401,210.4309,True,,40,read
memgraph,mixed_c40,155,9501227,238.1703,True,,40,read
memgraph,mixed_c40,156,9501350,227.4896,True,,40,read
memgraph,mixed_c40,157,,239.7242,True,,40,write
memgraph,mixed_c40,158,9502306,240.4125,True,,40,read
memgraph,mixed_c40,159,,240.9358,True,,40,write
memgraph,mixed_c40,160,,252.5323,True,,40,write
memgraph,mixed_c40,161,9504347,238.9362,True,,40,read
memgraph,mixed_c40,162,9505303,237.2111,True,,40,read
memgraph,mixed_c40,163,,229.3157,True,,40,write
memgraph,mixed_c40,164,9505324,225.9959,True,,40,read
memgraph,mixed_c40,165,9508299,242.3604,True,,40,read
memgraph,mixed_c40,166,9509349,242.8818,True,,40,read
memgraph,mixed_c40,167,9603367,225.5986,True,,40,read
memgraph,mixed_c40,168,9603420,243.26,True,,40,read
memgraph,mixed_c40,169,9606252,229.9691,True,,40,read
memgraph,mixed_c40,170,9609217,242.6735,True,,40,read
memgraph,mixed_c40,171,9609470,213.1993,True,,40,read
memgraph,mixed_c40,172,9610393,227.118,True,,40,read
memgraph,mixed_c40,173,9701246,241.7734,True,,40,read
memgraph,mixed_c40,174,,242.9912,True,,40,write
memgraph,mixed_c40,175,9703209,228.5912,True,,40,read
memgraph,mixed_c40,176,9703232,229.7996,True,,40,read
memgraph,mixed_c40,177,9703423,227.7135,True,,40,read
memgraph,mixed_c40,178,9705262,227.1733,True,,40,read
memgraph,mixed_c40,179,,226.5467,True,,40,write
memgraph,mixed_c40,180,,215.0741,True,,40,write
memgraph,mixed_c40,181,,226.0422,True,,40,write
memgraph,mixed_c40,182,,213.8959,True,,40,write
memgraph,mixed_c40,183,9710376,225.7484,True,,40,read
memgraph,mixed_c40,184,9711261,224.5344,True,,40,read
memgraph,mixed_c40,185,,227.9907,True,,40,write
memgraph,mixed_c40,186,9803439,226.5875,True,,40,read
memgraph,mixed_c40,187,9804298,229.1321,True,,40,read
memgraph,mixed_c40,188,9804313,241.9671,True,,40,read
memgraph,mixed_c40,189,9804343,242.3847,True,,40,read
memgraph,mixed_c40,190,9805465,225.8012,True,,40,read
memgraph,mixed_c40,191,9809529,247.0532,True,,40,read
memgraph,mixed_c40,192,9810418,228.7522,True,,40,read
memgraph,mixed_c40,193,9811432,242.6115,True,,40,read
memgraph,mixed_c40,194,9811469,245.8305,True,,40,read
memgraph,mixed_c40,195,9812342,243.157,True,,40,read
memgraph,mixed_c40,196,9906506,241.907,True,,40,read
memgraph,mixed_c40,197,9907534,234.3914,True,,40,read
memgraph,mixed_c40,198,,243.24,True,,40,write
memgraph,mixed_c40,199,,232.0576,True,,40,write
memgraph,mixed_c40,200,2106,212.7208,True,,40,read
memgraph,mixed_c40,201,6114,239.8638,True,,40,read
memgraph,mixed_c40,202,,234.176,True,,40,write
memgraph,mixed_c40,203,7077,231.1075,True,,40,read
memgraph,mixed_c40,204,7211,233.1076,True,,40,read
memgraph,mixed_c40,205,7232,217.1209,True,,40,read
memgraph,mixed_c40,206,,233.0748,True,,40,write
memgraph,mixed_c40,207,10094,219.8172,True,,40,read
memgraph,mixed_c40,208,10180,242.874,True,,40,read
memgraph,mixed_c40,209,12020,244.7987,True,,40,read
memgraph,mixed_c40,210,101328,226.9983,True,,40,read
memgraph,mixed_c40,211,102194,227.6629,True,,40,read
memgraph,mixed_c40,212,,225.9772,True,,40,write
memgraph,mixed_c40,213,,227.8975,True,,40,write
memgraph,mixed_c40,214,104187,227.6821,True,,40,read
memgraph,mixed_c40,215,,227.5078,True,,40,write
memgraph,mixed_c40,216,,225.2931,True,,40,write
memgraph,mixed_c40,217,107028,210.6913,True,,40,read
memgraph,mixed_c40,218,,229.6476,True,,40,write
memgraph,mixed_c40,219,107295,227.8078,True,,40,read
memgraph,mixed_c40,220,,229.1253,True,,40,write
memgraph,mixed_c40,221,109054,228.0613,True,,40,read
memgraph,mixed_c40,222,109073,226.7677,True,,40,read
memgraph,mixed_c40,223,110264,231.9564,True,,40,read
memgraph,mixed_c40,224,110376,230.408,True,,40,read
memgraph,mixed_c40,225,201053,230.3098,True,,40,read
memgraph,mixed_c40,226,204096,242.3281,True,,40,read
memgraph,mixed_c40,227,204176,226.9626,True,,40,read
memgraph,mixed_c40,228,204182,213.6308,True,,40,read
memgraph,mixed_c40,229,,243.0866,True,,40,write
memgraph,mixed_c40,230,207048,241.2411,True,,40,read
memgraph,mixed_c40,231,207227,243.9647,True,,40,read
memgraph,mixed_c40,232,208138,241.9572,True,,40,read
memgraph,mixed_c40,233,208159,240.2285,True,,40,read
memgraph,mixed_c40,234,209058,243.1309,True,,40,read
memgraph,mixed_c40,235,,222.9538,True,,40,write
memgraph,mixed_c40,236,210254,262.1473,True,,40,read
memgraph,mixed_c40,237,302080,241.8326,True,,40,read
memgraph,mixed_c40,238,9208245,212.9715,True,,40,read
memgraph,mixed_c40,239,9304275,240.215,True,,40,read
memgraph,mixed_c40,240,9305258,236.4381,True,,40,read
memgraph,mixed_c40,241,9306241,236.8773,True,,40,read
memgraph,mixed_c40,242,,235.9826,True,,40,write
memgraph,mixed_c40,243,9309220,234.4835,True,,40,read
memgraph,mixed_c40,244,9309273,236.3751,True,,40,read
memgraph,mixed_c40,245,9309293,226.4123,True,,40,read
memgraph,mixed_c40,246,9310213,228.9184,True,,40,read
memgraph,mixed_c40,247,9311240,228.7347,True,,40,read
memgraph,mixed_c40,248,9401244,227.2076,True,,40,read
memgraph,mixed_c40,249,,229.1846,True,,40,write
memgraph,mixed_c40,250,,241.078,True,,40,write
memgraph,mixed_c40,251,9403269,229.0608,True,,40,read
memgraph,mixed_c40,252,9407272,229.809,True,,40,read
memgraph,mixed_c40,253,9407278,229.6763,True,,40,read
memgraph,mixed_c40,254,9407401,212.6539,True,,40,read
memgraph,mixed_c40,255,,214.3499,True,,40,write
memgraph,mixed_c40,256,9501350,229.2515,True,,40,read
memgraph,mixed_c40,257,9501376,227.348,True,,40,read
memgraph,mixed_c40,258,,225.91,True,,40,write
memgraph,mixed_c40,259,9502360,228.3853,True,,40,read
memgraph,mixed_c40,260,9503294,228.554,True,,40,read
memgraph,mixed_c40,261,9504347,238.8759,True,,40,read
memgraph,mixed_c40,262,9505303,224.1033,True,,40,read
memgraph,mixed_c40,263,,227.9887,True,,40,write
memgraph,mixed_c40,264,9505324,211.5956,True,,40,read
memgraph,mixed_c40,265,,226.1131,True,,40,write
memgraph,mixed_c40,266,9509349,243.1581,True,,40,read
memgraph,mixed_c40,267,9603367,225.7284,True,,40,read
memgraph,mixed_c40,268,9603420,228.4658,True,,40,read
memgraph,mixed_c40,269,9606252,244.4178,True,,40,read
memgraph,mixed_c40,270,9609217,245.103,True,,40,read
memgraph,mixed_c40,271,,243.1557,True,,40,write
memgraph,mixed_c40,272,9610393,240.23,True,,40,read
memgraph,mixed_c40,273,,225.0202,True,,40,write
memgraph,mixed_c40,274,,222.3799,True,,40,write
memgraph,mixed_c40,275,9703209,237.3049,True,,40,read
memgraph,mixed_c40,276,,231.5395,True,,40,write
memgraph,mixed_c40,277,,228.243,True,,40,write
memgraph,mixed_c40,278,9705262,225.8872,True,,40,read
memgraph,mixed_c40,279,9706541,243.5436,True,,40,read
memgraph,mixed_c40,280,,224.9482,True,,40,write
memgraph,mixed_c40,281,9707282,242.1512,True,,40,read
memgraph,mixed_c40,282,9707295,256.773,True,,40,read
memgraph,mixed_c40,283,9710376,224.0167,True,,40,read
memgraph,mixed_c40,284,9711261,229.909,True,,40,read
memgraph,mixed_c40,285,9711379,241.4254,True,,40,read
memgraph,mixed_c40,286,9803439,227.7111,True,,40,read
memgraph,mixed_c40,287,9804298,227.6541,True,,40,read
memgraph,mixed_c40,288,9804313,211.1872,True,,40,read
memgraph,mixed_c40,289,9804343,226.5605,True,,40,read
memgraph,mixed_c40,290,9805465,241.6102,True,,40,read
memgraph,mixed_c40,291,9809529,226.106,True,,40,read
memgraph,mixed_c40,292,,226.1568,True,,40,write
memgraph,mixed_c40,293,9811432,226.1801,True,,40,read
memgraph,mixed_c40,294,,226.4416,True,,40,write
memgraph,mixed_c40,295,9812342,241.4144,True,,40,read
memgraph,mixed_c40,296,9906506,226.5318,True,,40,read
memgraph,mixed_c40,297,,225.0252,True,,40,write
memgraph,mixed_c40,298,9909234,227.193,True,,40,read
memgraph,mixed_c40,299,9909512,225.7834,True,,40,read
memgraph,mixed_c40,300,2106,225.4751,True,,40,read
memgraph,mixed_c40,301,,225.6528,True,,40,write
memgraph,mixed_c40,302,,226.9552,True,,40,write
memgraph,mixed_c40,303,,225.144,True,,40,write
memgraph,mixed_c40,304,7211,225.3551,True,,40,read
memgraph,mixed_c40,305,,226.0706,True,,40,write
memgraph,mixed_c40,306,9292,211.0663,True,,40,read
memgraph,mixed_c40,307,10094,240.3616,True,,40,read
memgraph,mixed_c40,308,10180,238.7789,True,,40,read
memgraph,mixed_c40,309,12020,223.5794,True,,40,read
memgraph,mixed_c40,310,101328,243.6577,True,,40,read
memgraph,mixed_c40,311,102194,242.2147,True,,40,read
memgraph,mixed_c40,312,102318,239.3607,True,,40,read
memgraph,mixed_c40,313,104122,238.8426,True,,40,read
memgraph,mixed_c40,314,104187,239.7665,True,,40,read
memgraph,mixed_c40,315,105349,241.308,True,,40,read
memgraph,mixed_c40,316,106261,238.0439,True,,40,read
memgraph,mixed_c40,317,107028,229.8863,True,,40,read
memgraph,mixed_c40,318,107093,239.8862,True,,40,read
memgraph,mixed_c40,319,,239.5882,True,,40,write
memgraph,mixed_c40,320,108250,228.7872,True,,40,read
memgraph,mixed_c40,321,109054,239.9816,True,,40,read
memgraph,mixed_c40,322,109073,239.0772,True,,40,read
memgraph,mixed_c40,323,110264,237.7333,True,,40,read
memgraph,mixed_c40,324,110376,252.038,True,,40,read
memgraph,mixed_c40,325,201053,242.6687,True,,40,read
memgraph,mixed_c40,326,204096,209.8236,True,,40,read
memgraph,mixed_c40,327,204176,226.4481,True,,40,read
memgraph,mixed_c40,328,204182,225.0027,True,,40,read
memgraph,mixed_c40,329,205038,223.2937,True,,40,read
memgraph,mixed_c40,330,,225.3051,True,,40,write
memgraph,mixed_c40,331,207227,225.3379,True,,40,read
memgraph,mixed_c40,332,208138,226.6825,True,,40,read
memgraph,mixed_c40,333,208159,224.8848,True,,40,read
memgraph,mixed_c40,334,209058,242.2178,True,,40,read
memgraph,mixed_c40,335,209108,226.3552,True,,40,read
memgraph,mixed_c40,336,210254,226.7568,True,,40,read
memgraph,mixed_c40,337,302080,227.8659,True,,40,read
memgraph,mixed_c40,338,,226.3384,True,,40,write
memgraph,mixed_c40,339,9304275,225.0581,True,,40,read
memgraph,mixed_c40,340,9305258,213.4258,True,,40,read
memgraph,mixed_c40,341,9306241,226.5003,True,,40,read
memgraph,mixed_c40,342,9307320,229.56,True,,40,read
memgraph,mixed_c40,343,9309220,226.7491,True,,40,read
memgraph,mixed_c40,344,9309273,228.8422,True,,40,read
memgraph,mixed_c40,345,9309293,226.7821,True,,40,read
memgraph,mixed_c40,346,9310213,213.2398,True,,40,read
memgraph,mixed_c40,347,9311240,227.6658,True,,40,read
memgraph,mixed_c40,348,,228.6816,True,,40,write
memgraph,mixed_c40,349,9401326,241.5167,True,,40,read
memgraph,mixed_c40,350,9403260,242.1798,True,,40,read
memgraph,mixed_c40,351,9403269,246.4169,True,,40,read
memgraph,mixed_c40,352,9407272,243.5464,True,,40,read
memgraph,mixed_c40,353,9407278,245.8928,True,,40,read
memgraph,mixed_c40,354,9407401,240.5008,True,,40,read
memgraph,mixed_c40,355,9501227,242.4926,True,,40,read
memgraph,mixed_c40,356,9501350,239.8718,True,,40,read
memgraph,mixed_c40,357,9501376,239.9909,True,,40,read
memgraph,mixed_c40,358,,222.41,True,,40,write
memgraph,mixed_c40,359,,231.7034,True,,40,write
memgraph,mixed_c40,360,9503294,232.6275,True,,40,read
memgraph,mixed_c40,361,9504347,227.9851,True,,40,read
memgraph,mixed_c40,362,,241.2873,True,,40,write
memgraph,mixed_c40,363,9505310,240.3196,True,,40,read
memgraph,mixed_c40,364,,212.4141,True,,40,write
memgraph,mixed_c40,365,,259.7743,True,,40,write
memgraph,mixed_c40,366,9509349,227.6465,True,,40,read
memgraph,mixed_c40,367,9603367,228.0329,True,,40,read
memgraph,mixed_c40,368,9603420,240.9479,True,,40,read
memgraph,mixed_c40,369,9606252,244.3886,True,,40,read
memgraph,mixed_c40,370,9609217,230.6278,True,,40,read
memgraph,mixed_c40,371,9609470,227.5792,True,,40,read
memgraph,mixed_c40,372,9610393,230.0972,True,,40,read
memgraph,mixed_c40,373,9701246,226.4648,True,,40,read
memgraph,mixed_c40,374,9702270,227.1377,True,,40,read
memgraph,mixed_c40,375,9703209,242.2446,True,,40,read
memgraph,mixed_c40,376,,225.3356,True,,40,write
memgraph,mixed_c40,377,9703423,227.3316,True,,40,read
memgraph,mixed_c40,378,9705262,229.0813,True,,40,read
memgraph,mixed_c40,379,9706541,227.2773,True,,40,read
memgraph,mixed_c40,380,9707250,210.9806,True,,40,read
memgraph,mixed_c40,381,9707282,226.3707,True,,40,read
memgraph,mixed_c40,382,9707295,226.8781,True,,40,read
memgraph,mixed_c40,383,9710376,210.5862,True,,40,read
memgraph,mixed_c40,384,9711261,225.5091,True,,40,read
memgraph,mixed_c40,385,9711379,240.225,True,,40,read
memgraph,mixed_c40,386,9803439,229.6473,True,,40,read
memgraph,mixed_c40,387,,228.4245,True,,40,write
memgraph,mixed_c40,388,9804313,225.7777,True,,40,read
memgraph,mixed_c40,389,9804343,250.722,True,,40,read
memgraph,mixed_c40,390,9805465,229.5101,True,,40,read
memgraph,mixed_c40,391,9809529,243.9877,True,,40,read
memgraph,mixed_c40,392,9810418,235.7507,True,,40,read
memgraph,mixed_c40,393,,236.2712,True,,40,write
memgraph,mixed_c40,394,9811469,237.1935,True,,40,read
memgraph,mixed_c40,395,9812342,242.5809,True,,40,read
memgraph,mixed_c40,396,9906506,233.5133,True,,40,read
memgraph,mixed_c40,397,9907534,234.7269,True,,40,read
memgraph,mixed_c40,398,9909234,241.3325,True,,40,read
memgraph,mixed_c40,399,9909512,228.6126,True,,40,read
memgraph,mixed_c40,400,2106,238.5851,True,,40,read
memgraph,mixed_c40,401,,220.6947,True,,40,write
memgraph,mixed_c40,402,6217,227.4537,True,,40,read
memgraph,mixed_c40,403,7077,229.3345,True,,40,read
memgraph,mixed_c40,404,7211,243.3255,True,,40,read
memgraph,mixed_c40,405,7232,228.9195,True,,40,read
memgraph,mixed_c40,406,9292,227.3788,True,,40,read
memgraph,mixed_c40,407,10094,229.8826,True,,40,read
memgraph,mixed_c40,408,10180,213.5301,True,,40,read
memgraph,mixed_c40,409,12020,227.3402,True,,40,read
memgraph,mixed_c40,410,101328,259.4458,True,,40,read
memgraph,mixed_c40,411,102194,227.9601,True,,40,read
memgraph,mixed_c40,412,102318,239.3009,True,,40,read
memgraph,mixed_c40,413,104122,224.1363,True,,40,read
memgraph,mixed_c40,414,104187,232.7716,True,,40,read
memgraph,mixed_c40,415,105349,229.5489,True,,40,read
memgraph,mixed_c40,416,,213.2107,True,,40,write
memgraph,mixed_c40,417,107028,228.4121,True,,40,read
memgraph,mixed_c40,418,,246.6076,True,,40,write
memgraph,mixed_c40,419,107295,227.8529,True,,40,read
memgraph,mixed_c40,420,108250,229.9646,True,,40,read
memgraph,mixed_c40,421,109054,230.4677,True,,40,read
memgraph,mixed_c40,422,109073,215.7189,True,,40,read
memgraph,mixed_c40,423,110264,230.849,True,,40,read
memgraph,mixed_c40,424,110376,231.7216,True,,40,read
memgraph,mixed_c40,425,201053,232.4603,True,,40,read
memgraph,mixed_c40,426,204096,229.9658,True,,40,read
memgraph,mixed_c40,427,204176,228.6785,True,,40,read
memgraph,mixed_c40,428,204182,245.1243,True,,40,read
memgraph,mixed_c40,429,205038,227.95,True,,40,read
memgraph,mixed_c40,430,207048,244.7991,True,,40,read
memgraph,mixed_c40,431,207227,237.0206,True,,40,read
memgraph,mixed_c40,432,208138,220.2152,True,,40,read
memgraph,mixed_c40,433,208159,238.8574,True,,40,read
memgraph,mixed_c40,434,209058,236.7051,True,,40,read
memgraph,mixed_c40,435,209108,240.8249,True,,40,read
memgraph,mixed_c40,436,210254,232.6951,True,,40,read
memgraph,mixed_c40,437,302080,237.9851,True,,40,read
memgraph,mixed_c40,438,9208245,228.8976,True,,40,read
memgraph,mixed_c40,439,9304275,243.469,True,,40,read
memgraph,mixed_c40,440,9305258,242.0867,True,,40,read
memgraph,mixed_c40,441,,243.0972,True,,40,write
memgraph,mixed_c40,442,9307320,241.5997,True,,40,read
memgraph,mixed_c40,443,9309220,242.8501,True,,40,read
memgraph,mixed_c40,444,9309273,244.458,True,,40,read
memgraph,mixed_c40,445,9309293,228.0453,True,,40,read
memgraph,mixed_c40,446,,230.1764,True,,40,write
memgraph,mixed_c40,447,,230.6025,True,,40,write
memgraph,mixed_c40,448,9401244,230.3832,True,,40,read
memgraph,mixed_c40,449,9401326,229.1628,True,,40,read
memgraph,mixed_c40,450,9403260,227.241,True,,40,read
memgraph,mixed_c40,451,9403269,225.4761,True,,40,read
memgraph,mixed_c40,452,9407272,244.3439,True,,40,read
memgraph,mixed_c40,453,9407278,226.8885,True,,40,read
memgraph,mixed_c40,454,9407401,227.0524,True,,40,read
memgraph,mixed_c40,455,9501227,255.0644,True,,40,read
memgraph,mixed_c40,456,,225.5442,True,,40,write
memgraph,mixed_c40,457,9501376,227.9113,True,,40,read
memgraph,mixed_c40,458,9502306,243.1866,True,,40,read
memgraph,mixed_c40,459,9502360,211.8842,True,,40,read
memgraph,mixed_c40,460,9503294,225.2352,True,,40,read
memgraph,mixed_c40,461,9504347,228.1308,True,,40,read
memgraph,mixed_c40,462,,240.6133,True,,40,write
memgraph,mixed_c40,463,,225.6358,True,,40,write
memgraph,mixed_c40,464,,239.3385,True,,40,write
memgraph,mixed_c40,465,9508299,225.6012,True,,40,read
memgraph,mixed_c40,466,9509349,239.2195,True,,40,read
memgraph,mixed_c40,467,9603367,228.592,True,,40,read
memgraph,mixed_c40,468,9603420,228.9605,True,,40,read
memgraph,mixed_c40,469,,226.5666,True,,40,write
memgraph,mixed_c40,470,9609217,213.7333,True,,40,read
memgraph,mixed_c40,471,9609470,227.8633,True,,40,read
memgraph,mixed_c40,472,9610393,250.4461,True,,40,read
memgraph,mixed_c40,473,,228.465,True,,40,write
memgraph,mixed_c40,474,,240.3367,True,,40,write
memgraph,mixed_c40,475,9703209,241.3608,True,,40,read
memgraph,mixed_c40,476,9703232,241.272,True,,40,read
memgraph,mixed_c40,477,9703423,241.5958,True,,40,read
memgraph,mixed_c40,478,9705262,242.3137,True,,40,read
memgraph,mixed_c40,479,9706541,242.7733,True,,40,read
memgraph,mixed_c40,480,9707250,243.3573,True,,40,read
memgraph,mixed_c40,481,9707282,240.4624,True,,40,read
memgraph,mixed_c40,482,,241.8039,True,,40,write
memgraph,mixed_c40,483,9710376,242.9095,True,,40,read
memgraph,mixed_c40,484,9711261,229.2051,True,,40,read
memgraph,mixed_c40,485,,242.7167,True,,40,write
memgraph,mixed_c40,486,9803439,224.277,True,,40,read
memgraph,mixed_c40,487,9804298,227.1838,True,,40,read
memgraph,mixed_c40,488,9804313,232.2159,True,,40,read
memgraph,mixed_c40,489,9804343,230.8624,True,,40,read
memgraph,mixed_c40,490,9805465,225.9578,True,,40,read
memgraph,mixed_c40,491,9809529,230.8355,True,,40,read
memgraph,mixed_c40,492,9810418,215.5563,True,,40,read
memgraph,mixed_c40,493,,227.057,True,,40,write
memgraph,mixed_c40,494,,242.1024,True,,40,write
memgraph,mixed_c40,495,9812342,226.6582,True,,40,read
memgraph,mixed_c40,496,9906506,210.2592,True,,40,read
memgraph,mixed_c40,497,9907534,228.0251,True,,40,read
memgraph,mixed_c40,498,9909234,225.8232,True,,40,read
memgraph,mixed_c40,499,9909512,242.4332,True,,40,read
memgraph,mixed_c40,500,2106,227.1464,True,,40,read
memgraph,mixed_c40,501,6114,225.3196,True,,40,read
memgraph,mixed_c40,502,6217,226.1798,True,,40,read
memgraph,mixed_c40,503,,241.7988,True,,40,write
memgraph,mixed_c40,504,7211,228.4366,True,,40,read
memgraph,mixed_c40,505,7232,225.3709,True,,40,read
memgraph,mixed_c40,506,,240.5657,True,,40,write
memgraph,mixed_c40,507,10094,224.2421,True,,40,read
memgraph,mixed_c40,508,10180,225.6046,True,,40,read
memgraph,mixed_c40,509,,210.3952,True,,40,write
memgraph,mixed_c40,510,101328,225.1258,True,,40,read
memgraph,mixed_c40,511,102194,227.0025,True,,40,read
memgraph,mixed_c40,512,102318,224.9574,True,,40,read
memgraph,mixed_c40,513,104122,246.6778,True,,40,read
memgraph,mixed_c40,514,104187,243.1956,True,,40,read
memgraph,mixed_c40,515,105349,240.0971,True,,40,read
memgraph,mixed_c40,516,106261,235.7816,True,,40,read
memgraph,mixed_c40,517,107028,240.6507,True,,40,read
memgraph,mixed_c40,518,107093,247.9064,True,,40,read
memgraph,mixed_c40,519,107295,228.7703,True,,40,read
memgraph,mixed_c40,520,108250,241.6872,True,,40,read
memgraph,mixed_c40,521,109054,246.9224,True,,40,read
memgraph,mixed_c40,522,109073,245.2913,True,,40,read
memgraph,mixed_c40,523,110264,230.5005,True,,40,read
memgraph,mixed_c40,524,110376,243.8666,True,,40,read
memgraph,mixed_c40,525,201053,226.8328,True,,40,read
memgraph,mixed_c40,526,204096,224.4464,True,,40,read
memgraph,mixed_c40,527,204176,228.4629,True,,40,read
memgraph,mixed_c40,528,204182,241.3383,True,,40,read
memgraph,mixed_c40,529,205038,223.2095,True,,40,read
memgraph,mixed_c40,530,207048,223.2261,True,,40,read
memgraph,mixed_c40,531,207227,236.3217,True,,40,read
memgraph,mixed_c40,532,208138,236.5561,True,,40,read
memgraph,mixed_c40,533,208159,212.5748,True,,40,read
memgraph,mixed_c40,534,209058,226.738,True,,40,read
memgraph,mixed_c40,535,209108,226.9259,True,,40,read
memgraph,mixed_c40,536,210254,227.2757,True,,40,read
memgraph,mixed_c40,537,302080,242.0318,True,,40,read
memgraph,mixed_c40,538,9208245,225.7269,True,,40,read
memgraph,mixed_c40,539,,226.4571,True,,40,write
memgraph,mixed_c40,540,9305258,226.7711,True,,40,read
memgraph,mixed_c40,541,9306241,227.2105,True,,40,read
memgraph,mixed_c40,542,9307320,256.1921,True,,40,read
memgraph,mixed_c40,543,9309220,226.5161,True,,40,read
memgraph,mixed_c40,544,9309273,242.8712,True,,40,read
memgraph,mixed_c40,545,9309293,242.9611,True,,40,read
memgraph,mixed_c40,546,,227.8525,True,,40,write
memgraph,mixed_c40,547,9311240,226.3274,True,,40,read
memgraph,mixed_c40,548,9401244,214.8277,True,,40,read
memgraph,mixed_c40,549,9401326,225.5664,True,,40,read
memgraph,mixed_c40,550,9403260,240.3753,True,,40,read
memgraph,mixed_c40,551,9403269,240.3242,True,,40,read
memgraph,mixed_c40,552,9407272,224.8563,True,,40,read
memgraph,mixed_c40,553,9407278,224.8431,True,,40,read
memgraph,mixed_c40,554,9407401,240.5326,True,,40,read
memgraph,mixed_c40,555,9501227,243.4315,True,,40,read
memgraph,mixed_c40,556,9501350,241.7769,True,,40,read
memgraph,mixed_c40,557,9501376,237.4477,True,,40,read
memgraph,mixed_c40,558,9502306,234.8284,True,,40,read
memgraph,mixed_c40,559,9502360,244.263,True,,40,read
memgraph,mixed_c40,560,9503294,240.9407,True,,40,read
memgraph,mixed_c40,561,,228.4372,True,,40,write
memgraph,mixed_c40,562,9505303,230.3029,True,,40,read
memgraph,mixed_c40,563,,236.8497,True,,40,write
memgraph,mixed_c40,564,9505324,251.8992,True,,40,read
memgraph,mixed_c40,565,,249.0871,True,,40,write
memgraph,mixed_c40,566,9509349,215.9946,True,,40,read
memgraph,mixed_c40,567,9603367,227.0447,True,,40,read
memgraph,mixed_c40,568,9603420,226.9776,True,,40,read
memgraph,mixed_c40,569,9606252,224.7755,True,,40,read
memgraph,mixed_c40,570,9609217,238.3089,True,,40,read
memgraph,mixed_c40,571,9609470,226.954,True,,40,read
memgraph,mixed_c40,572,,227.5159,True,,40,write
memgraph,mixed_c40,573,9701246,240.3555,True,,40,read
memgraph,mixed_c40,574,9702270,225.4309,True,,40,read
memgraph,mixed_c40,575,9703209,226.3518,True,,40,read
memgraph,mixed_c40,576,9703232,226.0061,True,,40,read
memgraph,mixed_c40,577,9703423,228.252,True,,40,read
memgraph,mixed_c40,578,9705262,225.9259,True,,40,read
memgraph,mixed_c40,579,9706541,240.7134,True,,40,read
memgraph,mixed_c40,580,,225.4147,True,,40,write
memgraph,mixed_c40,581,9707282,227.0648,True,,40,read
memgraph,mixed_c40,582,9707295,226.3808,True,,40,read
memgraph,mixed_c40,583,9710376,256.705,True,,40,read
memgraph,mixed_c40,584,9711261,226.6396,True,,40,read
memgraph,mixed_c40,585,9711379,239.8975,True,,40,read
memgraph,mixed_c40,586,9803439,237.4445,True,,40,read
memgraph,mixed_c40,587,9804298,222.8589,True,,40,read
memgraph,mixed_c40,588,9804313,243.0633,True,,40,read
memgraph,mixed_c40,589,9804343,229.613,True,,40,read
memgraph,mixed_c40,590,,227.1432,True,,40,write
memgraph,mixed_c40,591,9809529,225.8493,True,,40,read
memgraph,mixed_c40,592,,226.0105,True,,40,write
memgraph,mixed_c40,593,9811432,226.9397,True,,40,read
memgraph,mixed_c40,594,9811469,231.5513,True,,40,read
memgraph,mixed_c40,595,9812342,232.555,True,,40,read
memgraph,mixed_c40,596,,230.8421,True,,40,write
memgraph,mixed_c40,597,9907534,225.9868,True,,40,read
memgraph,mixed_c40,598,9909234,222.7634,True,,40,read
memgraph,mixed_c40,599,9909512,238.0177,True,,40,read
memgraph,mixed_c40,600,2106,239.6995,True,,40,read
memgraph,mixed_c40,601,,224.0368,True,,40,write
memgraph,mixed_c40,602,6217,231.8068,True,,40,read
memgraph,mixed_c40,603,7077,244.955,True,,40,read
memgraph,mixed_c40,604,,229.9054,True,,40,write
memgraph,mixed_c40,605,7232,227.6746,True,,40,read
memgraph,mixed_c40,606,9292,217.2216,True,,40,read
memgraph,mixed_c40,607,10094,244.5752,True,,40,read
memgraph,mixed_c40,608,10180,243.9203,True,,40,read
memgraph,mixed_c40,609,12020,234.6487,True,,40,read
memgraph,mixed_c40,610,101328,230.8786,True,,40,read
memgraph,mixed_c40,611,102194,243.5587,True,,40,read
memgraph,mixed_c40,612,102318,231.7299,True,,40,read
memgraph,mixed_c40,613,104122,229.3684,True,,40,read
memgraph,mixed_c40,614,104187,241.9647,True,,40,read
memgraph,mixed_c40,615,105349,228.7885,True,,40,read
memgraph,mixed_c40,616,106261,228.7849,True,,40,read
memgraph,mixed_c40,617,107028,225.3601,True,,40,read
memgraph,mixed_c40,618,107093,227.7485,True,,40,read
memgraph,mixed_c40,619,107295,228.193,True,,40,read
memgraph,mixed_c40,620,108250,243.1281,True,,40,read
memgraph,mixed_c40,621,109054,226.3748,True,,40,read
memgraph,mixed_c40,622,,230.6873,True,,40,write
memgraph,mixed_c40,623,110264,213.9993,True,,40,read
memgraph,mixed_c40,624,110376,226.7954,True,,40,read
memgraph,mixed_c40,625,201053,228.5292,True,,40,read
memgraph,mixed_c40,626,,243.4194,True,,40,write
memgraph,mixed_c40,627,204176,246.068,True,,40,read
memgraph,mixed_c40,628,204182,228.8088,True,,40,read
memgraph,mixed_c40,629,205038,228.6088,True,,40,read
memgraph,mixed_c40,630,207048,229.9098,True,,40,read
memgraph,mixed_c40,631,207227,230.8218,True,,40,read
memgraph,mixed_c40,632,208138,229.7975,True,,40,read
memgraph,mixed_c40,633,208159,233.4609,True,,40,read
memgraph,mixed_c40,634,209058,215.8459,True,,40,read
memgraph,mixed_c40,635,209108,212.3509,True,,40,read
memgraph,mixed_c40,636,,225.8394,True,,40,write
memgraph,mixed_c40,637,302080,225.2466,True,,40,read
memgraph,mixed_c40,638,9208245,238.6592,True,,40,read
memgraph,mixed_c40,639,9304275,238.8807,True,,40,read
memgraph,mixed_c40,640,9305258,221.1474,True,,40,read
memgraph,mixed_c40,641,9306241,230.1966,True,,40,read
memgraph,mixed_c40,642,9307320,229.6943,True,,40,read
memgraph,mixed_c40,643,9309220,227.4148,True,,40,read
memgraph,mixed_c40,644,9309273,226.1465,True,,40,read
memgraph,mixed_c40,645,9309293,228.9104,True,,40,read
memgraph,mixed_c40,646,9310213,243.4991,True,,40,read
memgraph,mixed_c40,647,9311240,226.9244,True,,40,read
memgraph,mixed_c40,648,9401244,243.5174,True,,40,read
memgraph,mixed_c40,649,9401326,222.3042,True,,40,read
memgraph,mixed_c40,650,9403260,236.6292,True,,40,read
memgraph,mixed_c40,651,9403269,243.2551,True,,40,read
memgraph,mixed_c40,652,9407272,232.5006,True,,40,read
memgraph,mixed_c40,653,9407278,242.1091,True,,40,read
memgraph,mixed_c40,654,9407401,229.4652,True,,40,read
memgraph,mixed_c40,655,9501227,243.4466,True,,40,read
memgraph,mixed_c40,656,9501350,230.6604,True,,40,read
memgraph,mixed_c40,657,9501376,229.0292,True,,40,read
memgraph,mixed_c40,658,9502306,230.0067,True,,40,read
memgraph,mixed_c40,659,9502360,227.7184,True,,40,read
memgraph,mixed_c40,660,9503294,228.6616,True,,40,read
memgraph,mixed_c40,661,9504347,241.7688,True,,40,read
memgraph,mixed_c40,662,9505303,212.1221,True,,40,read
memgraph,mixed_c40,663,9505310,224.6744,True,,40,read
memgraph,mixed_c40,664,,227.4864,True,,40,write
memgraph,mixed_c40,665,,226.9522,True,,40,write
memgraph,mixed_c40,666,9509349,242.5105,True,,40,read
memgraph,mixed_c40,667,9603367,240.4513,True,,40,read
memgraph,mixed_c40,668,9603420,224.1443,True,,40,read
memgraph,mixed_c40,669,9606252,227.3489,True,,40,read
memgraph,mixed_c40,670,9609217,255.8812,True,,40,read
memgraph,mixed_c40,671,9609470,226.9551,True,,40,read
memgraph,mixed_c40,672,9610393,226.7857,True,,40,read
memgraph,mixed_c40,673,9701246,226.2782,True,,40,read
memgraph,mixed_c40,674,,226.697,True,,40,write
memgraph,mixed_c40,675,9703209,240.1615,True,,40,read
memgraph,mixed_c40,676,9703232,213.5345,True,,40,read
memgraph,mixed_c40,677,9703423,227.1649,True,,40,read
memgraph,mixed_c40,678,9705262,225.4232,True,,40,read
memgraph,mixed_c40,679,9706541,235.0591,True,,40,read
memgraph,mixed_c40,680,,233.3683,True,,40,write
memgraph,mixed_c40,681,9707282,231.1326,True,,40,read
memgraph,mixed_c40,682,9707295,231.5241,True,,40,read
memgraph,mixed_c40,683,9710376,231.4879,True,,40,read
memgraph,mixed_c40,684,9711261,228.3876,True,,40,read
memgraph,mixed_c40,685,9711379,230.7767,True,,40,read
memgraph,mixed_c40,686,9803439,232.0414,True,,40,read
memgraph,mixed_c40,687,9804298,231.581,True,,40,read
memgraph,mixed_c40,688,,243.1588,True,,40,write
memgraph,mixed_c40,689,9804343,243.4356,True,,40,read
memgraph,mixed_c40,690,9805465,224.2799,True,,40,read
memgraph,mixed_c40,691,9809529,244.8559,True,,40,read
memgraph,mixed_c40,692,9810418,239.3951,True,,40,read
memgraph,mixed_c40,693,9811432,242.7084,True,,40,read
memgraph,mixed_c40,694,9811469,245.2772,True,,40,read
memgraph,mixed_c40,695,9812342,230.5877,True,,40,read
memgraph,mixed_c40,696,9906506,230.4751,True,,40,read
memgraph,mixed_c40,697,9907534,229.8118,True,,40,read
memgraph,mixed_c40,698,9909234,229.1588,True,,40,read
memgraph,mixed_c40,699,9909512,230.3695,True,,40,read
memgraph,mixed_c40,700,2106,229.9644,True,,40,read
memgraph,mixed_c40,701,6114,214.4896,True,,40,read
memgraph,mixed_c40,702,6217,232.5532,True,,40,read
memgraph,mixed_c40,703,7077,230.8311,True,,40,read
memgraph,mixed_c40,704,7211,229.13,True,,40,read
memgraph,mixed_c40,705,7232,230.3452,True,,40,read
memgraph,mixed_c40,706,9292,215.8757,True,,40,read
memgraph,mixed_c40,707,10094,232.3199,True,,40,read
memgraph,mixed_c40,708,10180,244.4299,True,,40,read
memgraph,mixed_c40,709,12020,228.7348,True,,40,read
memgraph,mixed_c40,710,101328,228.0511,True,,40,read
memgraph,mixed_c40,711,102194,236.5288,True,,40,read
memgraph,mixed_c40,712,102318,251.1826,True,,40,read
memgraph,mixed_c40,713,104122,221.1318,True,,40,read
memgraph,mixed_c40,714,,216.9674,True,,40,write
memgraph,mixed_c40,715,105349,217.2247,True,,40,read
memgraph,mixed_c40,716,106261,230.7141,True,,40,read
memgraph,mixed_c40,717,107028,219.179,True,,40,read
memgraph,mixed_c40,718,,229.2143,True,,40,write
memgraph,mixed_c40,719,107295,227.5175,True,,40,read
memgraph,mixed_c40,720,108250,240.3807,True,,40,read
memgraph,mixed_c40,721,109054,230.1945,True,,40,read
memgraph,mixed_c40,722,109073,240.6268,True,,40,read
memgraph,mixed_c40,723,,228.0739,True,,40,write
memgraph,mixed_c40,724,110376,226.4375,True,,40,read
memgraph,mixed_c40,725,201053,240.4704,True,,40,read
memgraph,mixed_c40,726,204096,229.8023,True,,40,read
memgraph,mixed_c40,727,204176,227.3632,True,,40,read
memgraph,mixed_c40,728,,231.3182,True,,40,write
memgraph,mixed_c40,729,205038,233.4681,True,,40,read
memgraph,mixed_c40,730,207048,230.2551,True,,40,read
memgraph,mixed_c40,731,,242.0776,True,,40,write
memgraph,mixed_c40,732,208138,226.2869,True,,40,read
memgraph,mixed_c40,733,208159,230.0338,True,,40,read
memgraph,mixed_c40,734,209058,242.3158,True,,40,read
memgraph,mixed_c40,735,209108,245.8837,True,,40,read
memgraph,mixed_c40,736,,243.8556,True,,40,write
memgraph,mixed_c40,737,302080,230.7908,True,,40,read
memgraph,mixed_c40,738,9208245,218.5816,True,,40,read
memgraph,mixed_c40,739,9304275,243.82,True,,40,read
memgraph,mixed_c40,740,9305258,226.8404,True,,40,read
memgraph,mixed_c40,741,9306241,231.2714,True,,40,read
memgraph,mixed_c40,742,,226.919,True,,40,write
memgraph,mixed_c40,743,9309220,229.3602,True,,40,read
memgraph,mixed_c40,744,9309273,229.3766,True,,40,read
memgraph,mixed_c40,745,,229.8628,True,,40,write
memgraph,mixed_c40,746,9310213,228.2618,True,,40,read
memgraph,mixed_c40,747,,229.7953,True,,40,write
memgraph,mixed_c40,748,9401244,227.2516,True,,40,read
memgraph,mixed_c40,749,,231.3502,True,,40,write
memgraph,mixed_c40,750,,246.1576,True,,40,write
memgraph,mixed_c40,751,,212.1351,True,,40,write
memgraph,mixed_c40,752,,209.3278,True,,40,write
memgraph,mixed_c40,753,9407278,238.3359,True,,40,read
memgraph,mixed_c40,754,,222.2585,True,,40,write
memgraph,mixed_c40,755,9501227,226.0473,True,,40,read
memgraph,mixed_c40,756,9501350,256.6484,True,,40,read
memgraph,mixed_c40,757,,228.439,True,,40,write
memgraph,mixed_c40,758,9502306,228.2459,True,,40,read
memgraph,mixed_c40,759,9502360,231.8115,True,,40,read
memgraph,mixed_c40,760,9503294,230.8305,True,,40,read
memgraph,mixed_c40,761,9504347,231.1406,True,,40,read
memgraph,mixed_c40,762,9505303,230.5783,True,,40,read
memgraph,mixed_c40,763,9505310,243.6877,True,,40,read
memgraph,mixed_c40,764,9505324,230.8454,True,,40,read
memgraph,mixed_c40,765,9508299,232.688,True,,40,read
memgraph,mixed_c40,766,9509349,230.4588,True,,40,read
memgraph,mixed_c40,767,9603367,223.7113,True,,40,read
memgraph,mixed_c40,768,9603420,227.3331,True,,40,read
memgraph,mixed_c40,769,9606252,228.6217,True,,40,read
memgraph,mixed_c40,770,9609217,229.5478,True,,40,read
memgraph,mixed_c40,771,,239.6464,True,,40,write
memgraph,mixed_c40,772,9610393,224.9653,True,,40,read
memgraph,mixed_c40,773,9701246,222.1482,True,,40,read
memgraph,mixed_c40,774,9702270,243.6732,True,,40,read
memgraph,mixed_c40,775,9703209,229.1727,True,,40,read
memgraph,mixed_c40,776,9703232,245.4685,True,,40,read
memgraph,mixed_c40,777,9703423,240.5181,True,,40,read
memgraph,mixed_c40,778,,231.5083,True,,40,write
memgraph,mixed_c40,779,9706541,242.4144,True,,40,read
memgraph,mixed_c40,780,9707250,242.1479,True,,40,read
memgraph,mixed_c40,781,9707282,226.4088,True,,40,read
memgraph,mixed_c40,782,9707295,229.2606,True,,40,read
memgraph,mixed_c40,783,9710376,228.2398,True,,40,read
memgraph,mixed_c40,784,9711261,242.9393,True,,40,read
memgraph,mixed_c40,785,9711379,229.5986,True,,40,read
memgraph,mixed_c40,786,9803439,227.2725,True,,40,read
memgraph,mixed_c40,787,9804298,227.648,True,,40,read
memgraph,mixed_c40,788,9804313,242.5279,True,,40,read
memgraph,mixed_c40,789,9804343,211.2848,True,,40,read
memgraph,mixed_c40,790,9805465,226.6356,True,,40,read
memgraph,mixed_c40,791,9809529,211.3316,True,,40,read
memgraph,mixed_c40,792,9810418,211.9649,True,,40,read
memgraph,mixed_c40,793,9811432,233.756,True,,40,read
memgraph,mixed_c40,794,9811469,223.1333,True,,40,read
memgraph,mixed_c40,795,9812342,216.2559,True,,40,read
memgraph,mixed_c40,796,9906506,224.5943,True,,40,read
memgraph,mixed_c40,797,9907534,225.8788,True,,40,read
memgraph,mixed_c40,798,9909234,241.0622,True,,40,read
memgraph,mixed_c40,799,9909512,215.4735,True,,40,read
memgraph,mixed_c40,800,,218.3187,True,,40,write
memgraph,mixed_c40,801,6114,217.9185,True,,40,read
memgraph,mixed_c40,802,,225.1436,True,,40,write
memgraph,mixed_c40,803,7077,222.5224,True,,40,read
memgraph,mixed_c40,804,7211,227.0254,True,,40,read
memgraph,mixed_c40,805,7232,221.5846,True,,40,read
memgraph,mixed_c40,806,9292,225.6456,True,,40,read
memgraph,mixed_c40,807,10094,227.8539,True,,40,read
memgraph,mixed_c40,808,10180,217.5004,True,,40,read
memgraph,mixed_c40,809,12020,207.7982,True,,40,read
memgraph,mixed_c40,810,,214.9937,True,,40,write
memgraph,mixed_c40,811,102194,221.8294,True,,40,read
memgraph,mixed_c40,812,,221.5485,True,,40,write
memgraph,mixed_c40,813,,228.9836,True,,40,write
memgraph,mixed_c40,814,104187,217.804,True,,40,read
memgraph,mixed_c40,815,105349,228.7359,True,,40,read
memgraph,mixed_c40,816,106261,234.9271,True,,40,read
memgraph,mixed_c40,817,107028,220.7673,True,,40,read
memgraph,mixed_c40,818,,229.215,True,,40,write
memgraph,mixed_c40,819,107295,225.6101,True,,40,read
memgraph,mixed_c40,820,108250,231.6337,True,,40,read
memgraph,mixed_c40,821,109054,235.2031,True,,40,read
memgraph,mixed_c40,822,109073,220.4713,True,,40,read
memgraph,mixed_c40,823,110264,221.5125,True,,40,read
memgraph,mixed_c40,824,110376,223.8701,True,,40,read
memgraph,mixed_c40,825,201053,227.3387,True,,40,read
memgraph,mixed_c40,826,,215.5228,True,,40,write
memgraph,mixed_c40,827,204176,209.4828,True,,40,read
memgraph,mixed_c40,828,204182,227.4098,True,,40,read
memgraph,mixed_c40,829,205038,209.8377,True,,40,read
memgraph,mixed_c40,830,207048,211.0847,True,,40,read
memgraph,mixed_c40,831,207227,221.6742,True,,40,read
memgraph,mixed_c40,832,,224.5562,True,,40,write
memgraph,mixed_c40,833,,213.8252,True,,40,write
memgraph,mixed_c40,834,209058,233.0337,True,,40,read
memgraph,mixed_c40,835,,222.9858,True,,40,write
memgraph,mixed_c40,836,210254,221.2059,True,,40,read
memgraph,mixed_c40,837,,222.6298,True,,40,write
memgraph,mixed_c40,838,9208245,217.2299,True,,40,read
memgraph,mixed_c40,839,9304275,219.4312,True,,40,read
memgraph,mixed_c40,840,9305258,217.6977,True,,40,read
memgraph,mixed_c40,841,9306241,224.6663,True,,40,read
memgraph,mixed_c40,842,9307320,222.8383,True,,40,read
memgraph,mixed_c40,843,9309220,223.227,True,,40,read
memgraph,mixed_c40,844,9309273,244.823,True,,40,read
memgraph,mixed_c40,845,9309293,227.4676,True,,40,read
memgraph,mixed_c40,846,9310213,228.1276,True,,40,read
memgraph,mixed_c40,847,9311240,218.6557,True,,40,read
memgraph,mixed_c40,848,,209.0003,True,,40,write
memgraph,mixed_c40,849,9401326,228.8708,True,,40,read
memgraph,mixed_c40,850,,216.392,True,,40,write
memgraph,mixed_c40,851,9403269,223.1836,True,,40,read
memgraph,mixed_c40,852,,221.0558,True,,40,write
memgraph,mixed_c40,853,9407278,218.1605,True,,40,read
memgraph,mixed_c40,854,,227.4611,True,,40,write
memgraph,mixed_c40,855,9501227,224.2913,True,,40,read
memgraph,mixed_c40,856,,234.2497,True,,40,write
memgraph,mixed_c40,857,9501376,226.6342,True,,40,read
memgraph,mixed_c40,858,9502306,232.285,True,,40,read
memgraph,mixed_c40,859,9502360,237.1473,True,,40,read
memgraph,mixed_c40,860,9503294,222.1776,True,,40,read
memgraph,mixed_c40,861,9504347,233.6737,True,,40,read
memgraph,mixed_c40,862,9505303,235.5424,True,,40,read
memgraph,mixed_c40,863,9505310,222.7452,True,,40,read
memgraph,mixed_c40,864,,214.9703,True,,40,write
memgraph,mixed_c40,865,9508299,225.6447,True,,40,read
memgraph,mixed_c40,866,9509349,226.9705,True,,40,read
memgraph,mixed_c40,867,9603367,213.1864,True,,40,read
memgraph,mixed_c40,868,9603420,214.4145,True,,40,read
memgraph,mixed_c40,869,9606252,213.2908,True,,40,read
memgraph,mixed_c40,870,,227.3039,True,,40,write
memgraph,mixed_c40,871,9609470,222.8335,True,,40,read
memgraph,mixed_c40,872,,225.0409,True,,40,write
memgraph,mixed_c40,873,9701246,216.2262,True,,40,read
memgraph,mixed_c40,874,9702270,228.0766,True,,40,read
memgraph,mixed_c40,875,9703209,237.7668,True,,40,read
memgraph,mixed_c40,876,9703232,229.2899,True,,40,read
memgraph,mixed_c40,877,9703423,227.7197,True,,40,read
memgraph,mixed_c40,878,,222.3378,True,,40,write
memgraph,mixed_c40,879,9706541,231.5249,True,,40,read
memgraph,mixed_c40,880,9707250,232.3673,True,,40,read
memgraph,mixed_c40,881,9707282,232.7606,True,,40,read
memgraph,mixed_c40,882,9707295,229.7916,True,,40,read
memgraph,mixed_c40,883,,213.1503,True,,40,write
memgraph,mixed_c40,884,,224.0749,True,,40,write
memgraph,mixed_c40,885,9711379,223.9254,True,,40,read
memgraph,mixed_c40,886,,232.733,True,,40,write
memgraph,mixed_c40,887,,232.7077,True,,40,write
memgraph,mixed_c40,888,9804313,229.7684,True,,40,read
memgraph,mixed_c40,889,9804343,235.2809,True,,40,read
memgraph,mixed_c40,890,9805465,245.8361,True,,40,read
memgraph,mixed_c40,891,9809529,228.8949,True,,40,read
memgraph,mixed_c40,892,9810418,229.0259,True,,40,read
memgraph,mixed_c40,893,9811432,224.937,True,,40,read
memgraph,mixed_c40,894,9811469,236.315,True,,40,read
memgraph,mixed_c40,895,9812342,230.1767,True,,40,read
memgraph,mixed_c40,896,9906506,235.1824,True,,40,read
memgraph,mixed_c40,897,9907534,231.8111,True,,40,read
memgraph,mixed_c40,898,9909234,251.7794,True,,40,read
memgraph,mixed_c40,899,,247.8798,True,,40,write
memgraph,mixed_c40,900,2106,236.3034,True,,40,read
memgraph,mixed_c40,901,6114,235.0177,True,,40,read
memgraph,mixed_c40,902,6217,215.5117,True,,40,read
memgraph,mixed_c40,903,7077,235.4498,True,,40,read
memgraph,mixed_c40,904,7211,234.1225,True,,40,read
memgraph,mixed_c40,905,7232,223.9796,True,,40,read
memgraph,mixed_c40,906,9292,215.5559,True,,40,read
memgraph,mixed_c40,907,10094,227.7306,True,,40,read
memgraph,mixed_c40,908,10180,210.4237,True,,40,read
memgraph,mixed_c40,909,,209.8953,True,,40,write
memgraph,mixed_c40,910,101328,226.0816,True,,40,read
memgraph,mixed_c40,911,102194,222.1047,True,,40,read
memgraph,mixed_c40,912,102318,224.8989,True,,40,read
memgraph,mixed_c40,913,104122,213.761,True,,40,read
memgraph,mixed_c40,914,104187,224.0474,True,,40,read
memgraph,mixed_c40,915,105349,228.3344,True,,40,read
memgraph,mixed_c40,916,106261,217.0772,True,,40,read
memgraph,mixed_c40,917,107028,238.9227,True,,40,read
memgraph,mixed_c40,918,107093,228.3519,True,,40,read
memgraph,mixed_c40,919,107295,219.5968,True,,40,read
memgraph,mixed_c40,920,108250,209.5045,True,,40,read
memgraph,mixed_c40,921,,220.896,True,,40,write
memgraph,mixed_c40,922,109073,225.2123,True,,40,read
memgraph,mixed_c40,923,110264,222.1802,True,,40,read
memgraph,mixed_c40,924,110376,227.2406,True,,40,read
memgraph,mixed_c40,925,201053,217.384,True,,40,read
memgraph,mixed_c40,926,204096,225.8316,True,,40,read
memgraph,mixed_c40,927,204176,215.147,True,,40,read
memgraph,mixed_c40,928,204182,224.9978,True,,40,read
memgraph,mixed_c40,929,205038,221.8305,True,,40,read
memgraph,mixed_c40,930,207048,219.4314,True,,40,read
memgraph,mixed_c40,931,,228.4923,True,,40,write
memgraph,mixed_c40,932,208138,220.1608,True,,40,read
memgraph,mixed_c40,933,208159,241.3424,True,,40,read
memgraph,mixed_c40,934,209058,219.3505,True,,40,read
memgraph,mixed_c40,935,,228.1501,True,,40,write
memgraph,mixed_c40,936,,220.6829,True,,40,write
memgraph,mixed_c40,937,302080,225.3334,True,,40,read
memgraph,mixed_c40,938,9208245,215.301,True,,40,read
memgraph,mixed_c40,939,9304275,245.0161,True,,40,read
memgraph,mixed_c40,940,9305258,219.4283,True,,40,read
memgraph,mixed_c40,941,9306241,207.6131,True,,40,read
memgraph,mixed_c40,942,9307320,238.2847,True,,40,read
memgraph,mixed_c40,943,9309220,209.2384,True,,40,read
memgraph,mixed_c40,944,9309273,239.8226,True,,40,read
memgraph,mixed_c40,945,,237.886,True,,40,write
memgraph,mixed_c40,946,,236.501,True,,40,write
memgraph,mixed_c40,947,9311240,246.0203,True,,40,read
memgraph,mixed_c40,948,9401244,208.82,True,,40,read
memgraph,mixed_c40,949,9401326,237.8567,True,,40,read
memgraph,mixed_c40,950,9403260,227.4338,True,,40,read
memgraph,mixed_c40,951,9403269,240.831,True,,40,read
memgraph,mixed_c40,952,,223.829,True,,40,write
memgraph,mixed_c40,953,9407278,230.7697,True,,40,read
memgraph,mixed_c40,954,9407401,234.4427,True,,40,read
memgraph,mixed_c40,955,9501227,227.6847,True,,40,read
memgraph,mixed_c40,956,,218.8048,True,,40,write
memgraph,mixed_c40,957,9501376,225.9919,True,,40,read
memgraph,mixed_c40,958,9502306,228.4201,True,,40,read
memgraph,mixed_c40,959,9502360,218.1645,True,,40,read
memgraph,mixed_c40,960,9503294,219.631,True,,40,read
memgraph,mixed_c40,961,9504347,248.719,True,,40,read
memgraph,mixed_c40,962,9505303,218.1291,True,,40,read
memgraph,mixed_c40,963,9505310,237.0137,True,,40,read
memgraph,mixed_c40,964,9505324,234.7564,True,,40,read
memgraph,mixed_c40,965,,231.0399,True,,40,write
memgraph,mixed_c40,966,9509349,227.1958,True,,40,read
memgraph,mixed_c40,967,9603367,231.3168,True,,40,read
memgraph,mixed_c40,968,9603420,231.2686,True,,40,read
memgraph,mixed_c40,969,9606252,237.8187,True,,40,read
memgraph,mixed_c40,970,,237.8138,True,,40,write
memgraph,mixed_c40,971,9609470,220.6992,True,,40,read
memgraph,mixed_c40,972,9610393,230.6874,True,,40,read
memgraph,mixed_c40,973,9701246,219.8915,True,,40,read
memgraph,mixed_c40,974,9702270,240.4886,True,,40,read
memgraph,mixed_c40,975,,227.6104,True,,40,write
memgraph,mixed_c40,976,9703232,217.3217,True,,40,read
memgraph,mixed_c40,977,,218.9715,True,,40,write
memgraph,mixed_c40,978,9705262,222.7486,True,,40,read
memgraph,mixed_c40,979,9706541,209.5603,True,,40,read
memgraph,mixed_c40,980,9707250,209.8389,True,,40,read
memgraph,mixed_c40,981,,224.5376,True,,40,write
memgraph,mixed_c40,982,9707295,211.9544,True,,40,read
memgraph,mixed_c40,983,9710376,229.18,True,,40,read
memgraph,mixed_c40,984,9711261,234.4001,True,,40,read
memgraph,mixed_c40,985,9711379,234.6857,True,,40,read
memgraph,mixed_c40,986,9803439,231.8937,True,,40,read
memgraph,mixed_c40,987,9804298,225.2404,True,,40,read
memgraph,mixed_c40,988,,228.6085,True,,40,write
memgraph,mixed_c40,989,9804343,234.0651,True,,40,read
memgraph,mixed_c40,990,9805465,222.6645,True,,40,read
memgraph,mixed_c40,991,9809529,218.4713,True,,40,read
memgraph,mixed_c40,992,9810418,225.4209,True,,40,read
memgraph,mixed_c40,993,9811432,226.0513,True,,40,read
memgraph,mixed_c40,994,9811469,221.6852,True,,40,read
memgraph,mixed_c40,995,9812342,207.1777,True,,40,read
memgraph,mixed_c40,996,9906506,218.0715,True,,40,read
memgraph,mixed_c40,997,,219.1552,True,,40,write
memgraph,mixed_c40,998,9909234,222.7212,True,,40,read
memgraph,mixed_c40,999,,220.24,True,,40,write
memgraph,mixed_c40,1000,,224.3988,True,,40,write
memgraph,mixed_c40,1001,,218.4418,True,,40,write
memgraph,mixed_c40,1002,6217,237.7167,True,,40,read
memgraph,mixed_c40,1003,7077,242.5892,True,,40,read
memgraph,mixed_c40,1004,7211,240.5483,True,,40,read
memgraph,mixed_c40,1005,7232,238.5019,True,,40,read
memgraph,mixed_c40,1006,,216.39,True,,40,write
memgraph,mixed_c40,1007,10094,230.8669,True,,40,read
memgraph,mixed_c40,1008,10180,226.975,True,,40,read
memgraph,mixed_c40,1009,12020,227.8337,True,,40,read
memgraph,mixed_c40,1010,101328,219.957,True,,40,read
memgraph,mixed_c40,1011,102194,221.5621,True,,40,read
memgraph,mixed_c40,1012,102318,226.8601,True,,40,read
memgraph,mixed_c40,1013,,221.8409,True,,40,write
memgraph,mixed_c40,1014,104187,215.5654,True,,40,read
memgraph,mixed_c40,1015,105349,210.2973,True,,40,read
memgraph,mixed_c40,1016,,217.7388,True,,40,write
memgraph,mixed_c40,1017,107028,210.305,True,,40,read
memgraph,mixed_c40,1018,107093,229.4596,True,,40,read
memgraph,mixed_c40,1019,107295,225.0958,True,,40,read
memgraph,mixed_c40,1020,108250,240.581,True,,40,read
memgraph,mixed_c40,1021,109054,210.6157,True,,40,read
memgraph,mixed_c40,1022,109073,219.9918,True,,40,read
memgraph,mixed_c40,1023,110264,227.6445,True,,40,read
memgraph,mixed_c40,1024,110376,224.0753,True,,40,read
memgraph,mixed_c40,1025,201053,229.6835,True,,40,read
memgraph,mixed_c40,1026,,235.7971,True,,40,write
memgraph,mixed_c40,1027,204176,236.9264,True,,40,read
memgraph,mixed_c40,1028,,230.2012,True,,40,write
memgraph,mixed_c40,1029,205038,232.8135,True,,40,read
memgraph,mixed_c40,1030,207048,215.4072,True,,40,read
memgraph,mixed_c40,1031,,223.9498,True,,40,write
memgraph,mixed_c40,1032,,228.9825,True,,40,write
memgraph,mixed_c40,1033,,229.9715,True,,40,write
memgraph,mixed_c40,1034,209058,206.6552,True,,40,read
memgraph,mixed_c40,1035,209108,216.7004,True,,40,read
memgraph,mixed_c40,1036,,224.2878,True,,40,write
memgraph,mixed_c40,1037,302080,219.7017,True,,40,read
memgraph,mixed_c40,1038,,226.6984,True,,40,write
memgraph,mixed_c40,1039,9304275,223.5399,True,,40,read
memgraph,mixed_c40,1040,9305258,227.7458,True,,40,read
memgraph,mixed_c40,1041,9306241,222.3149,True,,40,read
memgraph,mixed_c40,1042,,217.1437,True,,40,write
memgraph,mixed_c40,1043,,242.8731,True,,40,write
memgraph,mixed_c40,1044,9309273,221.2338,True,,40,read
memgraph,mixed_c40,1045,9309293,233.7409,True,,40,read
memgraph,mixed_c40,1046,9310213,241.9278,True,,40,read
memgraph,mixed_c40,1047,,233.6238,True,,40,write
memgraph,mixed_c40,1048,9401244,237.7092,True,,40,read
memgraph,mixed_c40,1049,,232.956,True,,40,write
memgraph,mixed_c40,1050,9403260,223.2756,True,,40,read
memgraph,mixed_c40,1051,9403269,229.6989,True,,40,read
memgraph,mixed_c40,1052,9407272,232.7106,True,,40,read
memgraph,mixed_c40,1053,9407278,228.9994,True,,40,read
memgraph,mixed_c40,1054,9407401,224.9979,True,,40,read
memgraph,mixed_c40,1055,9501227,221.0533,True,,40,read
memgraph,mixed_c40,1056,,225.2665,True,,40,write
memgraph,mixed_c40,1057,,224.0641,True,,40,write
memgraph,mixed_c40,1058,9502306,214.3823,True,,40,read
memgraph,mixed_c40,1059,9502360,228.9599,True,,40,read
memgraph,mixed_c40,1060,,224.8992,True,,40,write
memgraph,mixed_c40,1061,,222.9706,True,,40,write
memgraph,mixed_c40,1062,9505303,243.5936,True,,40,read
memgraph,mixed_c40,1063,,227.0142,True,,40,write
memgraph,mixed_c40,1064,9505324,230.7075,True,,40,read
memgraph,mixed_c40,1065,9508299,230.2109,True,,40,read
memgraph,mixed_c40,1066,9509349,216.474,True,,40,read
memgraph,mixed_c40,1067,9603367,234.7177,True,,40,read
memgraph,mixed_c40,1068,,231.4154,True,,40,write
memgraph,mixed_c40,1069,9606252,237.4021,True,,40,read
memgraph,mixed_c40,1070,9609217,225.675,True,,40,read
memgraph,mixed_c40,1071,9609470,235.8768,True,,40,read
memgraph,mixed_c40,1072,9610393,208.6018,True,,40,read
memgraph,mixed_c40,1073,9701246,227.4597,True,,40,read
memgraph,mixed_c40,1074,9702270,227.9254,True,,40,read
memgraph,mixed_c40,1075,9703209,219.7477,True,,40,read
memgraph,mixed_c40,1076,,225.5944,True,,40,write
memgraph,mixed_c40,1077,,218.5635,True,,40,write
memgraph,mixed_c40,1078,,220.1781,True,,40,write
memgraph,mixed_c40,1079,9706541,222.9736,True,,40,read
memgraph,mixed_c40,1080,9707250,219.9595,True,,40,read
memgraph,mixed_c40,1081,9707282,225.864,True,,40,read
memgraph,mixed_c40,1082,9707295,218.0574,True,,40,read
memgraph,mixed_c40,1083,9710376,250.0747,True,,40,read
memgraph,mixed_c40,1084,9711261,244.857,True,,40,read
memgraph,mixed_c40,1085,9711379,252.6964,True,,40,read
memgraph,mixed_c40,1086,9803439,253.2794,True,,40,read
memgraph,mixed_c40,1087,9804298,234.1331,True,,40,read
memgraph,mixed_c40,1088,,244.6593,True,,40,write
memgraph,mixed_c40,1089,9804343,237.5683,True,,40,read
memgraph,mixed_c40,1090,,233.5404,True,,40,write
memgraph,mixed_c40,1091,9809529,233.2432,True,,40,read
memgraph,mixed_c40,1092,9810418,225.179,True,,40,read
memgraph,mixed_c40,1093,9811432,231.0276,True,,40,read
memgraph,mixed_c40,1094,9811469,235.9704,True,,40,read
memgraph,mixed_c40,1095,,233.1068,True,,40,write
memgraph,mixed_c40,1096,9906506,223.4717,True,,40,read
memgraph,mixed_c40,1097,9907534,225.6362,True,,40,read
memgraph,mixed_c40,1098,,225.737,True,,40,write
memgraph,mixed_c40,1099,9909512,228.2403,True,,40,read
memgraph,mixed_c40,1100,2106,235.478,True,,40,read
memgraph,mixed_c40,1101,6114,222.3947,True,,40,read
memgraph,mixed_c40,1102,6217,245.9646,True,,40,read
memgraph,mixed_c40,1103,,223.866,True,,40,write
memgraph,mixed_c40,1104,7211,219.5818,True,,40,read
memgraph,mixed_c40,1105,7232,235.375,True,,40,read
memgraph,mixed_c40,1106,9292,234.9335,True,,40,read
memgraph,mixed_c40,1107,,208.2213,True,,40,write
memgraph,mixed_c40,1108,,224.809,True,,40,write
memgraph,mixed_c40,1109,12020,229.5426,True,,40,read
memgraph,mixed_c40,1110,101328,234.963,True,,40,read
memgraph,mixed_c40,1111,102194,236.6564,True,,40,read
memgraph,mixed_c40,1112,102318,237.5424,True,,40,read
memgraph,mixed_c40,1113,104122,231.256,True,,40,read
memgraph,mixed_c40,1114,104187,227.5989,True,,40,read
memgraph,mixed_c40,1115,,218.1253,True,,40,write
memgraph,mixed_c40,1116,,221.507,True,,40,write
memgraph,mixed_c40,1117,107028,226.4994,True,,40,read
memgraph,mixed_c40,1118,107093,221.2861,True,,40,read
memgraph,mixed_c40,1119,107295,223.1297,True,,40,read
memgraph,mixed_c40,1120,108250,220.6377,True,,40,read
memgraph,mixed_c40,1121,109054,225.4572,True,,40,read
memgraph,mixed_c40,1122,109073,214.4452,True,,40,read
memgraph,mixed_c40,1123,110264,224.4828,True,,40,read
memgraph,mixed_c40,1124,,234.069,True,,40,write
memgraph,mixed_c40,1125,201053,216.225,True,,40,read
memgraph,mixed_c40,1126,204096,226.8418,True,,40,read
memgraph,mixed_c40,1127,204176,223.377,True,,40,read
memgraph,mixed_c40,1128,204182,227.0178,True,,40,read
memgraph,mixed_c40,1129,205038,208.3726,True,,40,read
memgraph,mixed_c40,1130,207048,232.6621,True,,40,read
memgraph,mixed_c40,1131,,210.3566,True,,40,write
memgraph,mixed_c40,1132,208138,213.6032,True,,40,read
memgraph,mixed_c40,1133,208159,237.4777,True,,40,read
memgraph,mixed_c40,1134,209058,231.1981,True,,40,read
memgraph,mixed_c40,1135,,223.5366,True,,40,write
memgraph,mixed_c40,1136,,225.4929,True,,40,write
memgraph,mixed_c40,1137,302080,231.8779,True,,40,read
memgraph,mixed_c40,1138,9208245,226.4265,True,,40,read
memgraph,mixed_c40,1139,,225.5503,True,,40,write
memgraph,mixed_c40,1140,9305258,222.4948,True,,40,read
memgraph,mixed_c40,1141,9306241,230.2882,True,,40,read
memgraph,mixed_c40,1142,9307320,220.7996,True,,40,read
memgraph,mixed_c40,1143,9309220,224.9294,True,,40,read
memgraph,mixed_c40,1144,9309273,207.9943,True,,40,read
memgraph,mixed_c40,1145,9309293,243.4461,True,,40,read
memgraph,mixed_c40,1146,9310213,235.2814,True,,40,read
memgraph,mixed_c40,1147,,227.1881,True,,40,write
memgraph,mixed_c40,1148,9401244,231.1449,True,,40,read
memgraph,mixed_c40,1149,9401326,231.4177,True,,40,read
memgraph,mixed_c40,1150,9403260,235.3702,True,,40,read
memgraph,mixed_c40,1151,,235.5599,True,,40,write
memgraph,mixed_c40,1152,,219.3058,True,,40,write
memgraph,mixed_c40,1153,9407278,235.0503,True,,40,read
memgraph,mixed_c40,1154,9407401,229.4155,True,,40,read
memgraph,mixed_c40,1155,9501227,230.3626,True,,40,read
memgraph,mixed_c40,1156,9501350,217.0781,True,,40,read
memgraph,mixed_c40,1157,9501376,228.6873,True,,40,read
memgraph,mixed_c40,1158,9502306,221.2508,True,,40,read
memgraph,mixed_c40,1159,,218.6062,True,,40,write
memgraph,mixed_c40,1160,9503294,225.3555,True,,40,read
memgraph,mixed_c40,1161,9504347,216.3775,True,,40,read
memgraph,mixed_c40,1162,9505303,225.2736,True,,40,read
memgraph,mixed_c40,1163,9505310,209.5679,True,,40,read
memgraph,mixed_c40,1164,9505324,220.4307,True,,40,read
memgraph,mixed_c40,1165,,210.5056,True,,40,write
memgraph,mixed_c40,1166,,222.8892,True,,40,write
memgraph,mixed_c40,1167,9603367,214.9182,True,,40,read
memgraph,mixed_c40,1168,9603420,219.7866,True,,40,read
memgraph,mixed_c40,1169,9606252,221.6237,True,,40,read
memgraph,mixed_c40,1170,9609217,221.7944,True,,40,read
memgraph,mixed_c40,1171,9609470,226.6379,True,,40,read
memgraph,mixed_c40,1172,9610393,220.9846,True,,40,read
memgraph,mixed_c40,1173,9701246,225.414,True,,40,read
memgraph,mixed_c40,1174,9702270,222.3572,True,,40,read
memgraph,mixed_c40,1175,9703209,227.1557,True,,40,read
memgraph,mixed_c40,1176,9703232,222.2755,True,,40,read
memgraph,mixed_c40,1177,9703423,227.5177,True,,40,read
memgraph,mixed_c40,1178,9705262,237.9094,True,,40,read
memgraph,mixed_c40,1179,9706541,222.1345,True,,40,read
memgraph,mixed_c40,1180,,229.8959,True,,40,write
memgraph,mixed_c40,1181,,232.9726,True,,40,write
memgraph,mixed_c40,1182,,208.9938,True,,40,write
memgraph,mixed_c40,1183,9710376,217.4201,True,,40,read
memgraph,mixed_c40,1184,9711261,225.5504,True,,40,read
memgraph,mixed_c40,1185,9711379,224.4593,True,,40,read
memgraph,mixed_c40,1186,9803439,232.7034,True,,40,read
memgraph,mixed_c40,1187,9804298,231.6766,True,,40,read
memgraph,mixed_c40,1188,9804313,243.8096,True,,40,read
memgraph,mixed_c40,1189,9804343,231.3842,True,,40,read
memgraph,mixed_c40,1190,,219.8718,True,,40,write
memgraph,mixed_c40,1191,9809529,240.4943,True,,40,read
memgraph,mixed_c40,1192,9810418,217.7821,True,,40,read
memgraph,mixed_c40,1193,,236.7663,True,,40,write
memgraph,mixed_c40,1194,,236.4059,True,,40,write
memgraph,mixed_c40,1195,9812342,225.3978,True,,40,read
memgraph,mixed_c40,1196,9906506,235.9177,True,,40,read
memgraph,mixed_c40,1197,9907534,220.2681,True,,40,read
memgraph,mixed_c40,1198,9909234,225.0455,True,,40,read
memgraph,mixed_c40,1199,9909512,226.43,True,,40,read
memgraph,mixed_c40,1200,,216.6639,True,,40,write
memgraph,mixed_c40,1201,6114,223.1698,True,,40,read
memgraph,mixed_c40,1202,6217,224.509,True,,40,read
memgraph,mixed_c40,1203,7077,209.6881,True,,40,read
memgraph,mixed_c40,1204,7211,208.6743,True,,40,read
memgraph,mixed_c40,1205,,219.3603,True,,40,write
memgraph,mixed_c40,1206,,215.7288,True,,40,write
memgraph,mixed_c40,1207,10094,223.5553,True,,40,read
memgraph,mixed_c40,1208,10180,224.9473,True,,40,read
memgraph,mixed_c40,1209,,226.0003,True,,40,write
memgraph,mixed_c40,1210,101328,221.4091,True,,40,read
memgraph,mixed_c40,1211,102194,221.9675,True,,40,read
memgraph,mixed_c40,1212,102318,230.0316,True,,40,read
memgraph,mixed_c40,1213,,225.6635,True,,40,write
memgraph,mixed_c40,1214,104187,228.0811,True,,40,read
memgraph,mixed_c40,1215,105349,219.7212,True,,40,read
memgraph,mixed_c40,1216,106261,228.5062,True,,40,read
memgraph,mixed_c40,1217,,231.0271,True,,40,write
memgraph,mixed_c40,1218,107093,225.4413,True,,40,read
memgraph,mixed_c40,1219,107295,233.8729,True,,40,read
memgraph,mixed_c40,1220,,225.9241,True,,40,write
memgraph,mixed_c40,1221,,210.5923,True,,40,write
memgraph,mixed_c40,1222,,229.4763,True,,40,write
memgraph,mixed_c40,1223,110264,217.1087,True,,40,read
memgraph,mixed_c40,1224,,225.2976,True,,40,write
memgraph,mixed_c40,1225,,223.9005,True,,40,write
memgraph,mixed_c40,1226,204096,218.7429,True,,40,read
memgraph,mixed_c40,1227,204176,228.3503,True,,40,read
memgraph,mixed_c40,1228,204182,229.5928,True,,40,read
memgraph,mixed_c40,1229,205038,230.8185,True,,40,read
memgraph,mixed_c40,1230,207048,217.2432,True,,40,read
memgraph,mixed_c40,1231,207227,243.1263,True,,40,read
memgraph,mixed_c40,1232,208138,229.2865,True,,40,read
memgraph,mixed_c40,1233,208159,223.0477,True,,40,read
memgraph,mixed_c40,1234,209058,233.5881,True,,40,read
memgraph,mixed_c40,1235,209108,236.7448,True,,40,read
memgraph,mixed_c40,1236,210254,218.6579,True,,40,read
memgraph,mixed_c40,1237,302080,225.8592,True,,40,read
memgraph,mixed_c40,1238,9208245,217.792,True,,40,read
memgraph,mixed_c40,1239,,233.8536,True,,40,write
memgraph,mixed_c40,1240,9305258,225.9989,True,,40,read
memgraph,mixed_c40,1241,,225.5296,True,,40,write
memgraph,mixed_c40,1242,9307320,227.9888,True,,40,read
memgraph,mixed_c40,1243,9309220,211.6918,True,,40,read
memgraph,mixed_c40,1244,9309273,208.8698,True,,40,read
memgraph,mixed_c40,1245,9309293,210.6738,True,,40,read
memgraph,mixed_c40,1246,9310213,221.9856,True,,40,read
memgraph,mixed_c40,1247,9311240,223.8947,True,,40,read
memgraph,mixed_c40,1248,9401244,218.7053,True,,40,read
memgraph,mixed_c40,1249,9401326,220.5337,True,,40,read
memgraph,mixed_c40,1250,9403260,221.4034,True,,40,read
memgraph,mixed_c40,1251,,221.0815,True,,40,write
memgraph,mixed_c40,1252,9407272,220.9849,True,,40,read
memgraph,mixed_c40,1253,9407278,225.7228,True,,40,read
memgraph,mixed_c40,1254,9407401,227.9639,True,,40,read
memgraph,mixed_c40,1255,9501227,228.3664,True,,40,read
memgraph,mixed_c40,1256,9501350,229.2108,True,,40,read
memgraph,mixed_c40,1257,9501376,217.0351,True,,40,read
memgraph,mixed_c40,1258,9502306,220.8436,True,,40,read
memgraph,mixed_c40,1259,9502360,227.7147,True,,40,read
memgraph,mixed_c40,1260,9503294,224.4169,True,,40,read
memgraph,mixed_c40,1261,,234.4674,True,,40,write
memgraph,mixed_c40,1262,9505303,216.649,True,,40,read
memgraph,mixed_c40,1263,9505310,228.6019,True,,40,read
memgraph,mixed_c40,1264,9505324,225.9996,True,,40,read
memgraph,mixed_c40,1265,9508299,225.48,True,,40,read
memgraph,mixed_c40,1266,9509349,217.1476,True,,40,read
memgraph,mixed_c40,1267,9603367,219.7967,True,,40,read
memgraph,mixed_c40,1268,,230.8875,True,,40,write
memgraph,mixed_c40,1269,9606252,232.2097,True,,40,read
memgraph,mixed_c40,1270,,232.8592,True,,40,write
memgraph,mixed_c40,1271,9609470,222.7917,True,,40,read
memgraph,mixed_c40,1272,,217.4556,True,,40,write
memgraph,mixed_c40,1273,,221.7435,True,,40,write
memgraph,mixed_c40,1274,9702270,225.9068,True,,40,read
memgraph,mixed_c40,1275,9703209,230.8043,True,,40,read
memgraph,mixed_c40,1276,9703232,246.1799,True,,40,read
memgraph,mixed_c40,1277,9703423,235.3475,True,,40,read
memgraph,mixed_c40,1278,9705262,224.7822,True,,40,read
memgraph,mixed_c40,1279,9706541,225.2031,True,,40,read
memgraph,mixed_c40,1280,9707250,238.4352,True,,40,read
memgraph,mixed_c40,1281,9707282,238.2686,True,,40,read
memgraph,mixed_c40,1282,9707295,225.3275,True,,40,read
memgraph,mixed_c40,1283,9710376,209.059,True,,40,read
memgraph,mixed_c40,1284,9711261,207.4655,True,,40,read
memgraph,mixed_c40,1285,9711379,212.1106,True,,40,read
memgraph,mixed_c40,1286,9803439,217.2948,True,,40,read
memgraph,mixed_c40,1287,,220.3546,True,,40,write
memgraph,mixed_c40,1288,9804313,221.988,True,,40,read
memgraph,mixed_c40,1289,9804343,220.3686,True,,40,read
memgraph,mixed_c40,1290,,222.4645,True,,40,write
memgraph,mixed_c40,1291,9809529,222.4679,True,,40,read
memgraph,mixed_c40,1292,9810418,220.6949,True,,40,read
memgraph,mixed_c40,1293,,223.0687,True,,40,write
memgraph,mixed_c40,1294,9811469,208.6096,True,,40,read
memgraph,mixed_c40,1295,9812342,227.0969,True,,40,read
memgraph,mixed_c40,1296,9906506,226.3794,True,,40,read
memgraph,mixed_c40,1297,9907534,219.9505,True,,40,read
memgraph,mixed_c40,1298,9909234,225.6085,True,,40,read
memgraph,mixed_c40,1299,9909512,228.4542,True,,40,read
memgraph,mixed_c40,1300,2106,226.5657,True,,40,read
memgraph,mixed_c40,1301,6114,217.3005,True,,40,read
memgraph,mixed_c40,1302,6217,237.6143,True,,40,read
memgraph,mixed_c40,1303,7077,228.549,True,,40,read
memgraph,mixed_c40,1304,7211,224.9827,True,,40,read
memgraph,mixed_c40,1305,7232,219.2468,True,,40,read
memgraph,mixed_c40,1306,9292,224.0986,True,,40,read
memgraph,mixed_c40,1307,10094,220.0176,True,,40,read
memgraph,mixed_c40,1308,,234.3082,True,,40,write
memgraph,mixed_c40,1309,12020,234.4145,True,,40,read
memgraph,mixed_c40,1310,101328,215.5262,True,,40,read
memgraph,mixed_c40,1311,102194,230.5355,True,,40,read
memgraph,mixed_c40,1312,102318,230.5707,True,,40,read
memgraph,mixed_c40,1313,,222.2413,True,,40,write
memgraph,mixed_c40,1314,,230.7606,True,,40,write
memgraph,mixed_c40,1315,105349,225.5153,True,,40,read
memgraph,mixed_c40,1316,106261,227.0724,True,,40,read
memgraph,mixed_c40,1317,107028,226.9644,True,,40,read
memgraph,mixed_c40,1318,107093,235.8976,True,,40,read
memgraph,mixed_c40,1319,107295,214.2133,True,,40,read
memgraph,mixed_c40,1320,108250,209.7294,True,,40,read
memgraph,mixed_c40,1321,109054,245.3913,True,,40,read
memgraph,mixed_c40,1322,,247.1887,True,,40,write
memgraph,mixed_c40,1323,110264,226.4906,True,,40,read
memgraph,mixed_c40,1324,110376,232.2483,True,,40,read
memgraph,mixed_c40,1325,201053,213.7271,True,,40,read
memgraph,mixed_c40,1326,204096,216.4297,True,,40,read
memgraph,mixed_c40,1327,204176,217.6361,True,,40,read
memgraph,mixed_c40,1328,204182,224.3866,True,,40,read
memgraph,mixed_c40,1329,205038,224.3435,True,,40,read
memgraph,mixed_c40,1330,207048,221.4862,True,,40,read
memgraph,mixed_c40,1331,207227,223.0112,True,,40,read
memgraph,mixed_c40,1332,208138,210.8085,True,,40,read
memgraph,mixed_c40,1333,,221.5674,True,,40,write
memgraph,mixed_c40,1334,209058,224.6811,True,,40,read
memgraph,mixed_c40,1335,,221.9995,True,,40,write
memgraph,mixed_c40,1336,210254,225.3945,True,,40,read
memgraph,mixed_c40,1337,302080,225.9303,True,,40,read
memgraph,mixed_c40,1338,9208245,224.806,True,,40,read
memgraph,mixed_c40,1339,9304275,216.9975,True,,40,read
memgraph,mixed_c40,1340,9305258,228.5002,True,,40,read
memgraph,mixed_c40,1341,,224.525,True,,40,write
memgraph,mixed_c40,1342,9307320,231.6528,True,,40,read
memgraph,mixed_c40,1343,9309220,234.2397,True,,40,read
memgraph,mixed_c40,1344,9309273,224.8735,True,,40,read
memgraph,mixed_c40,1345,9309293,219.3534,True,,40,read
memgraph,mixed_c40,1346,9310213,222.6666,True,,40,read
memgraph,mixed_c40,1347,,222.5722,True,,40,write
memgraph,mixed_c40,1348,,217.5606,True,,40,write
memgraph,mixed_c40,1349,9401326,229.9191,True,,40,read
memgraph,mixed_c40,1350,9403260,217.8491,True,,40,read
memgraph,mixed_c40,1351,9403269,230.249,True,,40,read
memgraph,mixed_c40,1352,,230.0533,True,,40,write
memgraph,mixed_c40,1353,9407278,222.3393,True,,40,read
memgraph,mixed_c40,1354,9407401,207.3374,True,,40,read
memgraph,mixed_c40,1355,,228.5466,True,,40,write
memgraph,mixed_c40,1356,9501350,213.4399,True,,40,read
memgraph,mixed_c40,1357,,226.1066,True,,40,write
memgraph,mixed_c40,1358,9502306,227.0812,True,,40,read
memgraph,mixed_c40,1359,9502360,223.8321,True,,40,read
memgraph,mixed_c40,1360,,233.2546,True,,40,write
memgraph,mixed_c40,1361,,223.729,True,,40,write
memgraph,mixed_c40,1362,9505303,211.8125,True,,40,read
memgraph,mixed_c40,1363,9505310,243.821,True,,40,read
memgraph,mixed_c40,1364,9505324,238.7865,True,,40,read
memgraph,mixed_c40,1365,9508299,244.9371,True,,40,read
memgraph,mixed_c40,1366,9509349,215.5954,True,,40,read
memgraph,mixed_c40,1367,,219.0441,True,,40,write
memgraph,mixed_c40,1368,9603420,209.9178,True,,40,read
memgraph,mixed_c40,1369,9606252,224.4381,True,,40,read
memgraph,mixed_c40,1370,9609217,221.8275,True,,40,read
memgraph,mixed_c40,1371,9609470,223.4097,True,,40,read
memgraph,mixed_c40,1372,9610393,224.0519,True,,40,read
memgraph,mixed_c40,1373,9701246,219.3159,True,,40,read
memgraph,mixed_c40,1374,9702270,224.5215,True,,40,read
memgraph,mixed_c40,1375,9703209,221.7545,True,,40,read
memgraph,mixed_c40,1376,9703232,226.5689,True,,40,read
memgraph,mixed_c40,1377,9703423,227.0312,True,,40,read
memgraph,mixed_c40,1378,,215.1719,True,,40,write
memgraph,mixed_c40,1379,9706541,224.4869,True,,40,read
memgraph,mixed_c40,1380,9707250,223.5894,True,,40,read
memgraph,mixed_c40,1381,,229.3726,True,,40,write
memgraph,mixed_c40,1382,9707295,225.5584,True,,40,read
memgraph,mixed_c40,1383,9710376,230.7161,True,,40,read
memgraph,mixed_c40,1384,,237.1499,True,,40,write
memgraph,mixed_c40,1385,9711379,218.9083,True,,40,read
memgraph,mixed_c40,1386,9803439,225.803,True,,40,read
memgraph,mixed_c40,1387,9804298,218.5074,True,,40,read
memgraph,mixed_c40,1388,9804313,216.9931,True,,40,read
memgraph,mixed_c40,1389,9804343,218.3182,True,,40,read
memgraph,mixed_c40,1390,9805465,210.3364,True,,40,read
memgraph,mixed_c40,1391,9809529,231.3549,True,,40,read
memgraph,mixed_c40,1392,9810418,222.1325,True,,40,read
memgraph,mixed_c40,1393,9811432,213.5369,True,,40,read
memgraph,mixed_c40,1394,9811469,230.5942,True,,40,read
memgraph,mixed_c40,1395,,230.5041,True,,40,write
memgraph,mixed_c40,1396,9906506,225.4146,True,,40,read
memgraph,mixed_c40,1397,,225.3102,True,,40,write
memgraph,mixed_c40,1398,9909234,223.9852,True,,40,read
memgraph,mixed_c40,1399,9909512,228.3006,True,,40,read
memgraph,mixed_c40,1400,2106,210.8535,True,,40,read
memgraph,mixed_c40,1401,6114,224.4502,True,,40,read
memgraph,mixed_c40,1402,6217,233.6496,True,,40,read
memgraph,mixed_c40,1403,7077,216.1806,True,,40,read
memgraph,mixed_c40,1404,7211,239.7187,True,,40,read
memgraph,mixed_c40,1405,7232,236.8002,True,,40,read
memgraph,mixed_c40,1406,9292,207.2079,True,,40,read
memgraph,mixed_c40,1407,10094,220.55,True,,40,read
memgraph,mixed_c40,1408,10180,242.9122,True,,40,read
memgraph,mixed_c40,1409,12020,224.6781,True,,40,read
memgraph,mixed_c40,1410,101328,226.6357,True,,40,read
memgraph,mixed_c40,1411,102194,226.4827,True,,40,read
memgraph,mixed_c40,1412,102318,219.5427,True,,40,read
memgraph,mixed_c40,1413,104122,224.4528,True,,40,read
memgraph,mixed_c40,1414,104187,222.0868,True,,40,read
memgraph,mixed_c40,1415,,222.7309,True,,40,write
memgraph,mixed_c40,1416,106261,216.6097,True,,40,read
memgraph,mixed_c40,1417,107028,227.9234,True,,40,read
memgraph,mixed_c40,1418,,229.4131,True,,40,write
memgraph,mixed_c40,1419,107295,227.4012,True,,40,read
memgraph,mixed_c40,1420,108250,225.1156,True,,40,read
memgraph,mixed_c40,1421,109054,226.7201,True,,40,read
memgraph,mixed_c40,1422,,224.3882,True,,40,write
memgraph,mixed_c40,1423,,218.7924,True,,40,write
memgraph,mixed_c40,1424,,228.9516,True,,40,write
memgraph,mixed_c40,1425,201053,217.6039,True,,40,read
memgraph,mixed_c40,1426,204096,234.6205,True,,40,read
memgraph,mixed_c40,1427,204176,227.2712,True,,40,read
memgraph,mixed_c40,1428,204182,216.1105,True,,40,read
memgraph,mixed_c40,1429,205038,210.212,True,,40,read
memgraph,mixed_c40,1430,207048,219.6148,True,,40,read
memgraph,mixed_c40,1431,207227,210.0822,True,,40,read
memgraph,mixed_c40,1432,208138,217.2367,True,,40,read
memgraph,mixed_c40,1433,208159,230.1444,True,,40,read
memgraph,mixed_c40,1434,209058,215.1572,True,,40,read
memgraph,mixed_c40,1435,209108,235.5335,True,,40,read
memgraph,mixed_c40,1436,210254,229.5911,True,,40,read
memgraph,mixed_c40,1437,,229.8351,True,,40,write
memgraph,mixed_c40,1438,9208245,223.5103,True,,40,read
memgraph,mixed_c40,1439,9304275,226.3364,True,,40,read
memgraph,mixed_c40,1440,9305258,226.8533,True,,40,read
memgraph,mixed_c40,1441,9306241,225.4539,True,,40,read
memgraph,mixed_c40,1442,9307320,215.5225,True,,40,read
memgraph,mixed_c40,1443,9309220,208.231,True,,40,read
memgraph,mixed_c40,1444,9309273,232.4652,True,,40,read
memgraph,mixed_c40,1445,9309293,219.8762,True,,40,read
memgraph,mixed_c40,1446,9310213,238.2549,True,,40,read
memgraph,mixed_c40,1447,,238.4609,True,,40,write
memgraph,mixed_c40,1448,9401244,228.581,True,,40,read
memgraph,mixed_c40,1449,,218.4712,True,,40,write
memgraph,mixed_c40,1450,9403260,227.8937,True,,40,read
memgraph,mixed_c40,1451,9403269,223.5331,True,,40,read
memgraph,mixed_c40,1452,9407272,223.9942,True,,40,read
memgraph,mixed_c40,1453,,242.7197,True,,40,write
memgraph,mixed_c40,1454,9407401,217.745,True,,40,read
memgraph,mixed_c40,1455,9501227,221.034,True,,40,read
memgraph,mixed_c40,1456,9501350,221.0994,True,,40,read
memgraph,mixed_c40,1457,9501376,227.5458,True,,40,read
memgraph,mixed_c40,1458,9502306,226.3326,True,,40,read
memgraph,mixed_c40,1459,9502360,224.3221,True,,40,read
memgraph,mixed_c40,1460,9503294,225.8649,True,,40,read
memgraph,mixed_c40,1461,9504347,228.7686,True,,40,read
memgraph,mixed_c40,1462,9505303,217.6798,True,,40,read
memgraph,mixed_c40,1463,9505310,226.1452,True,,40,read
memgraph,mixed_c40,1464,9505324,220.9872,True,,40,read
memgraph,mixed_c40,1465,9508299,228.3245,True,,40,read
memgraph,mixed_c40,1466,9509349,217.1408,True,,40,read
memgraph,mixed_c40,1467,,211.1758,True,,40,write
memgraph,mixed_c40,1468,9603420,224.3955,True,,40,read
memgraph,mixed_c40,1469,9606252,238.6444,True,,40,read
memgraph,mixed_c40,1470,9609217,210.3139,True,,40,read
memgraph,mixed_c40,1471,9609470,220.2508,True,,40,read
memgraph,mixed_c40,1472,9610393,219.8177,True,,40,read
memgraph,mixed_c40,1473,9701246,212.263,True,,40,read
memgraph,mixed_c40,1474,9702270,230.4856,True,,40,read
memgraph,mixed_c40,1475,9703209,222.0163,True,,40,read
memgraph,mixed_c40,1476,9703232,233.5753,True,,40,read
memgraph,mixed_c40,1477,9703423,225.365,True,,40,read
memgraph,mixed_c40,1478,9705262,228.8342,True,,40,read
memgraph,mixed_c40,1479,9706541,232.6228,True,,40,read
memgraph,mixed_c40,1480,9707250,230.4012,True,,40,read
memgraph,mixed_c40,1481,9707282,216.2018,True,,40,read
memgraph,mixed_c40,1482,9707295,206.825,True,,40,read
memgraph,mixed_c40,1483,9710376,224.4846,True,,40,read
memgraph,mixed_c40,1484,9711261,232.8335,True,,40,read
memgraph,mixed_c40,1485,9711379,222.3819,True,,40,read
memgraph,mixed_c40,1486,9803439,221.3413,True,,40,read
memgraph,mixed_c40,1487,9804298,219.973,True,,40,read
memgraph,mixed_c40,1488,9804313,222.8972,True,,40,read
memgraph,mixed_c40,1489,9804343,236.3485,True,,40,read
memgraph,mixed_c40,1490,9805465,222.502,True,,40,read
memgraph,mixed_c40,1491,9809529,222.4015,True,,40,read
memgraph,mixed_c40,1492,9810418,235.5119,True,,40,read
memgraph,mixed_c40,1493,9811432,214.7048,True,,40,read
memgraph,mixed_c40,1494,,228.9853,True,,40,write
memgraph,mixed_c40,1495,9812342,222.9909,True,,40,read
memgraph,mixed_c40,1496,,243.7924,True,,40,write
memgraph,mixed_c40,1497,,227.4177,True,,40,write
memgraph,mixed_c40,1498,,224.1455,True,,40,write
memgraph,mixed_c40,1499,,226.7755,True,,40,write
memgraph,mixed_c40,1500,,224.9321,True,,40,write
memgraph,mixed_c40,1501,6114,228.2474,True,,40,read
memgraph,mixed_c40,1502,6217,217.5314,True,,40,read
memgraph,mixed_c40,1503,7077,231.0551,True,,40,read
memgraph,mixed_c40,1504,7211,218.6244,True,,40,read
memgraph,mixed_c40,1505,7232,208.9185,True,,40,read
memgraph,mixed_c40,1506,9292,214.5107,True,,40,read
memgraph,mixed_c40,1507,10094,233.2487,True,,40,read
memgraph,mixed_c40,1508,10180,212.2768,True,,40,read
memgraph,mixed_c40,1509,12020,221.7937,True,,40,read
memgraph,mixed_c40,1510,101328,217.8718,True,,40,read
memgraph,mixed_c40,1511,102194,233.9531,True,,40,read
memgraph,mixed_c40,1512,102318,220.3417,True,,40,read
memgraph,mixed_c40,1513,104122,213.005,True,,40,read
memgraph,mixed_c40,1514,104187,225.6317,True,,40,read
memgraph,mixed_c40,1515,,207.1352,True,,40,write
memgraph,mixed_c40,1516,106261,232.1314,True,,40,read
memgraph,mixed_c40,1517,107028,224.187,True,,40,read
memgraph,mixed_c40,1518,107093,214.9393,True,,40,read
memgraph,mixed_c40,1519,,226.4801,True,,40,write
memgraph,mixed_c40,1520,108250,230.1911,True,,40,read
memgraph,mixed_c40,1521,109054,230.6695,True,,40,read
memgraph,mixed_c40,1522,109073,227.9815,True,,40,read
memgraph,mixed_c40,1523,110264,224.7391,True,,40,read
memgraph,mixed_c40,1524,,220.08,True,,40,write
memgraph,mixed_c40,1525,201053,232.7916,True,,40,read
memgraph,mixed_c40,1526,204096,218.8786,True,,40,read
memgraph,mixed_c40,1527,,221.4127,True,,40,write
memgraph,mixed_c40,1528,204182,215.9609,True,,40,read
memgraph,mixed_c40,1529,205038,222.1622,True,,40,read
memgraph,mixed_c40,1530,207048,222.2359,True,,40,read
memgraph,mixed_c40,1531,,222.5863,True,,40,write
memgraph,mixed_c40,1532,208138,233.3048,True,,40,read
memgraph,mixed_c40,1533,208159,221.6053,True,,40,read
memgraph,mixed_c40,1534,209058,237.335,True,,40,read
memgraph,mixed_c40,1535,209108,220.9345,True,,40,read
memgraph,mixed_c40,1536,210254,228.0669,True,,40,read
memgraph,mixed_c40,1537,,228.2717,True,,40,write
memgraph,mixed_c40,1538,9208245,229.0774,True,,40,read
memgraph,mixed_c40,1539,9304275,243.5552,True,,40,read
memgraph,mixed_c40,1540,,224.4685,True,,40,write
memgraph,mixed_c40,1541,9306241,216.5558,True,,40,read
memgraph,mixed_c40,1542,9307320,227.5681,True,,40,read
memgraph,mixed_c40,1543,9309220,207.4033,True,,40,read
memgraph,mixed_c40,1544,9309273,219.1335,True,,40,read
memgraph,mixed_c40,1545,,216.3295,True,,40,write
memgraph,mixed_c40,1546,9310213,209.2383,True,,40,read
memgraph,mixed_c40,1547,,225.0131,True,,40,write
memgraph,mixed_c40,1548,9401244,222.3104,True,,40,read
memgraph,mixed_c40,1549,9401326,229.7576,True,,40,read
memgraph,mixed_c40,1550,9403260,221.2351,True,,40,read
memgraph,mixed_c40,1551,9403269,211.0444,True,,40,read
memgraph,mixed_c40,1552,,218.7827,True,,40,write
memgraph,mixed_c40,1553,,236.7462,True,,40,write
memgraph,mixed_c40,1554,9407401,207.3072,True,,40,read
memgraph,mixed_c40,1555,9501227,214.7847,True,,40,read
memgraph,mixed_c40,1556,9501350,223.1352,True,,40,read
memgraph,mixed_c40,1557,,224.81,True,,40,write
memgraph,mixed_c40,1558,9502306,230.7539,True,,40,read
memgraph,mixed_c40,1559,,227.5747,True,,40,write
memgraph,mixed_c40,1560,9503294,229.3628,True,,40,read
memgraph,mixed_c40,1561,9504347,225.0646,True,,40,read
memgraph,mixed_c40,1562,9505303,228.4685,True,,40,read
memgraph,mixed_c40,1563,9505310,230.1765,True,,40,read
memgraph,mixed_c40,1564,9505324,222.0715,True,,40,read
memgraph,mixed_c40,1565,9508299,222.6718,True,,40,read
memgraph,mixed_c40,1566,,233.4383,True,,40,write
memgraph,mixed_c40,1567,9603367,217.104,True,,40,read
memgraph,mixed_c40,1568,9603420,221.5917,True,,40,read
memgraph,mixed_c40,1569,9606252,226.0257,True,,40,read
memgraph,mixed_c40,1570,,226.6873,True,,40,write
memgraph,mixed_c40,1571,,226.5987,True,,40,write
memgraph,mixed_c40,1572,9610393,221.4159,True,,40,read
memgraph,mixed_c40,1573,9701246,222.5132,True,,40,read
memgraph,mixed_c40,1574,9702270,235.0988,True,,40,read
memgraph,mixed_c40,1575,9703209,235.044,True,,40,read
memgraph,mixed_c40,1576,,231.5218,True,,40,write
memgraph,mixed_c40,1577,9703423,227.9207,True,,40,read
memgraph,mixed_c40,1578,9705262,227.3895,True,,40,read
memgraph,mixed_c40,1579,9706541,227.0326,True,,40,read
memgraph,mixed_c40,1580,9707250,224.0279,True,,40,read
memgraph,mixed_c40,1581,9707282,210.2062,True,,40,read
memgraph,mixed_c40,1582,9707295,241.8934,True,,40,read
memgraph,mixed_c40,1583,9710376,229.3249,True,,40,read
memgraph,mixed_c40,1584,9711261,210.1016,True,,40,read
memgraph,mixed_c40,1585,9711379,214.6705,True,,40,read
memgraph,mixed_c40,1586,9803439,219.179,True,,40,read
memgraph,mixed_c40,1587,9804298,225.4372,True,,40,read
memgraph,mixed_c40,1588,,222.5637,True,,40,write
memgraph,mixed_c40,1589,9804343,212.2775,True,,40,read
memgraph,mixed_c40,1590,,218.9966,True,,40,write
memgraph,mixed_c40,1591,9809529,228.7048,True,,40,read
memgraph,mixed_c40,1592,9810418,219.1205,True,,40,read
memgraph,mixed_c40,1593,,209.3764,True,,40,write
memgraph,mixed_c40,1594,9811469,214.9624,True,,40,read
memgraph,mixed_c40,1595,9812342,235.2422,True,,40,read
memgraph,mixed_c40,1596,,222.1886,True,,40,write
memgraph,mixed_c40,1597,9907534,224.5942,True,,40,read
memgraph,mixed_c40,1598,9909234,226.7055,True,,40,read
memgraph,mixed_c40,1599,9909512,228.6561,True,,40,read
memgraph,mixed_c40,1600,,223.5711,True,,40,write
memgraph,mixed_c40,1601,6114,230.7246,True,,40,read
memgraph,mixed_c40,1602,6217,227.3097,True,,40,read
memgraph,mixed_c40,1603,7077,241.5794,True,,40,read
memgraph,mixed_c40,1604,7211,219.8085,True,,40,read
memgraph,mixed_c40,1605,7232,220.4048,True,,40,read
memgraph,mixed_c40,1606,9292,217.0819,True,,40,read
memgraph,mixed_c40,1607,10094,220.0925,True,,40,read
memgraph,mixed_c40,1608,10180,234.7092,True,,40,read
memgraph,mixed_c40,1609,12020,223.2515,True,,40,read
memgraph,mixed_c40,1610,101328,222.9544,True,,40,read
memgraph,mixed_c40,1611,,223.0678,True,,40,write
memgraph,mixed_c40,1612,102318,222.143,True,,40,read
memgraph,mixed_c40,1613,104122,222.7074,True,,40,read
memgraph,mixed_c40,1614,,235.3022,True,,40,write
memgraph,mixed_c40,1615,105349,238.1482,True,,40,read
memgraph,mixed_c40,1616,106261,208.6512,True,,40,read
memgraph,mixed_c40,1617,107028,225.6911,True,,40,read
memgraph,mixed_c40,1618,,227.1959,True,,40,write
memgraph,mixed_c40,1619,,225.4169,True,,40,write
memgraph,mixed_c40,1620,108250,228.5676,True,,40,read
memgraph,mixed_c40,1621,109054,217.9939,True,,40,read
memgraph,mixed_c40,1622,109073,208.6213,True,,40,read
memgraph,mixed_c40,1623,,217.5425,True,,40,write
memgraph,mixed_c40,1624,110376,220.585,True,,40,read
memgraph,mixed_c40,1625,201053,229.3598,True,,40,read
memgraph,mixed_c40,1626,204096,242.0958,True,,40,read
memgraph,mixed_c40,1627,204176,209.8789,True,,40,read
memgraph,mixed_c40,1628,204182,224.9916,True,,40,read
memgraph,mixed_c40,1629,205038,222.8216,True,,40,read
memgraph,mixed_c40,1630,207048,216.5921,True,,40,read
memgraph,mixed_c40,1631,207227,206.3465,True,,40,read
memgraph,mixed_c40,1632,208138,219.1029,True,,40,read
memgraph,mixed_c40,1633,208159,228.533,True,,40,read
memgraph,mixed_c40,1634,209058,216.0019,True,,40,read
memgraph,mixed_c40,1635,209108,223.3379,True,,40,read
memgraph,mixed_c40,1636,210254,234.6047,True,,40,read
memgraph,mixed_c40,1637,,223.1028,True,,40,write
memgraph,mixed_c40,1638,9208245,225.6056,True,,40,read
memgraph,mixed_c40,1639,9304275,225.9452,True,,40,read
memgraph,mixed_c40,1640,9305258,231.0337,True,,40,read
memgraph,mixed_c40,1641,9306241,227.9314,True,,40,read
memgraph,mixed_c40,1642,,231.8242,True,,40,write
memgraph,mixed_c40,1643,9309220,232.1984,True,,40,read
memgraph,mixed_c40,1644,9309273,231.7498,True,,40,read
memgraph,mixed_c40,1645,9309293,219.6853,True,,40,read
memgraph,mixed_c40,1646,9310213,220.8657,True,,40,read
memgraph,mixed_c40,1647,9311240,222.526,True,,40,read
memgraph,mixed_c40,1648,9401244,220.6322,True,,40,read
memgraph,mixed_c40,1649,9401326,223.6191,True,,40,read
memgraph,mixed_c40,1650,9403260,220.5496,True,,40,read
memgraph,mixed_c40,1651,,220.4301,True,,40,write
memgraph,mixed_c40,1652,,234.8302,True,,40,write
memgraph,mixed_c40,1653,9407278,223.2748,True,,40,read
memgraph,mixed_c40,1654,9407401,207.4529,True,,40,read
memgraph,mixed_c40,1655,9501227,212.9332,True,,40,read
memgraph,mixed_c40,1656,9501350,235.566,True,,40,read
memgraph,mixed_c40,1657,9501376,217.2312,True,,40,read
memgraph,mixed_c40,1658,9502306,225.3248,True,,40,read
memgraph,mixed_c40,1659,9502360,224.5737,True,,40,read
memgraph,mixed_c40,1660,9503294,224.5622,True,,40,read
memgraph,mixed_c40,1661,,235.5979,True,,40,write
memgraph,mixed_c40,1662,9505303,225.8322,True,,40,read
memgraph,mixed_c40,1663,9505310,215.6816,True,,40,read
memgraph,mixed_c40,1664,9505324,217.3787,True,,40,read
memgraph,mixed_c40,1665,,212.2489,True,,40,write
memgraph,mixed_c40,1666,9509349,227.0738,True,,40,read
memgraph,mixed_c40,1667,9603367,209.9982,True,,40,read
memgraph,mixed_c40,1668,,217.5691,True,,40,write
memgraph,mixed_c40,1669,9606252,225.2588,True,,40,read
memgraph,mixed_c40,1670,,224.0701,True,,40,write
memgraph,mixed_c40,1671,9609470,245.9789,True,,40,read
memgraph,mixed_c40,1672,9610393,225.3451,True,,40,read
memgraph,mixed_c40,1673,9701246,229.5905,True,,40,read
memgraph,mixed_c40,1674,,216.8344,True,,40,write
memgraph,mixed_c40,1675,9703209,223.5348,True,,40,read
memgraph,mixed_c40,1676,9703232,224.0164,True,,40,read
memgraph,mixed_c40,1677,,234.4132,True,,40,write
memgraph,mixed_c40,1678,9705262,226.013,True,,40,read
memgraph,mixed_c40,1679,9706541,226.606,True,,40,read
memgraph,mixed_c40,1680,9707250,232.5597,True,,40,read
memgraph,mixed_c40,1681,9707282,230.6177,True,,40,read
memgraph,mixed_c40,1682,9707295,229.1213,True,,40,read
memgraph,mixed_c40,1683,9710376,223.5205,True,,40,read
memgraph,mixed_c40,1684,,217.3185,True,,40,write
memgraph,mixed_c40,1685,9711379,219.588,True,,40,read
memgraph,mixed_c40,1686,9803439,229.9589,True,,40,read
memgraph,mixed_c40,1687,9804298,221.0514,True,,40,read
memgraph,mixed_c40,1688,9804313,221.3012,True,,40,read
memgraph,mixed_c40,1689,9804343,220.0291,True,,40,read
memgraph,mixed_c40,1690,,223.7492,True,,40,write
memgraph,mixed_c40,1691,,222.0401,True,,40,write
memgraph,mixed_c40,1692,9810418,209.3787,True,,40,read
memgraph,mixed_c40,1693,9811432,221.8444,True,,40,read
memgraph,mixed_c40,1694,,234.5217,True,,40,write
memgraph,mixed_c40,1695,,209.3733,True,,40,write
memgraph,mixed_c40,1696,,216.5036,True,,40,write
memgraph,mixed_c40,1697,9907534,214.9864,True,,40,read
memgraph,mixed_c40,1698,9909234,227.411,True,,40,read
memgraph,mixed_c40,1699,9909512,228.6862,True,,40,read
memgraph,mixed_c40,1700,2106,226.6207,True,,40,read
memgraph,mixed_c40,1701,6114,234.8004,True,,40,read
memgraph,mixed_c40,1702,6217,226.6578,True,,40,read
memgraph,mixed_c40,1703,,217.2612,True,,40,write
memgraph,mixed_c40,1704,,211.8396,True,,40,write
memgraph,mixed_c40,1705,7232,236.0583,True,,40,read
memgraph,mixed_c40,1706,9292,210.5299,True,,40,read
memgraph,mixed_c40,1707,10094,228.9705,True,,40,read
memgraph,mixed_c40,1708,10180,220.3328,True,,40,read
memgraph,mixed_c40,1709,12020,224.4972,True,,40,read
memgraph,mixed_c40,1710,101328,223.1931,True,,40,read
memgraph,mixed_c40,1711,102194,218.7736,True,,40,read
memgraph,mixed_c40,1712,102318,217.7515,True,,40,read
memgraph,mixed_c40,1713,104122,244.1769,True,,40,read
memgraph,mixed_c40,1714,,229.781,True,,40,write
memgraph,mixed_c40,1715,105349,222.8649,True,,40,read
memgraph,mixed_c40,1716,106261,225.3292,True,,40,read
memgraph,mixed_c40,1717,107028,224.9992,True,,40,read
memgraph,mixed_c40,1718,107093,234.1639,True,,40,read
memgraph,mixed_c40,1719,107295,223.9826,True,,40,read
memgraph,mixed_c40,1720,108250,216.5192,True,,40,read
memgraph,mixed_c40,1721,109054,229.7213,True,,40,read
memgraph,mixed_c40,1722,109073,227.3264,True,,40,read
memgraph,mixed_c40,1723,110264,220.4427,True,,40,read
memgraph,mixed_c40,1724,110376,223.0214,True,,40,read
memgraph,mixed_c40,1725,201053,230.2419,True,,40,read
memgraph,mixed_c40,1726,204096,220.966,True,,40,read
memgraph,mixed_c40,1727,,232.0356,True,,40,write
memgraph,mixed_c40,1728,204182,225.4622,True,,40,read
memgraph,mixed_c40,1729,,222.033,True,,40,write
memgraph,mixed_c40,1730,207048,209.4278,True,,40,read
memgraph,mixed_c40,1731,,222.8373,True,,40,write
memgraph,mixed_c40,1732,,222.3329,True,,40,write
memgraph,mixed_c40,1733,208159,220.5236,True,,40,read
memgraph,mixed_c40,1734,209058,210.5253,True,,40,read
memgraph,mixed_c40,1735,,237.6031,True,,40,write
memgraph,mixed_c40,1736,210254,216.6542,True,,40,read
memgraph,mixed_c40,1737,302080,216.5902,True,,40,read
memgraph,mixed_c40,1738,,211.6284,True,,40,write
memgraph,mixed_c40,1739,9304275,217.9069,True,,40,read
memgraph,mixed_c40,1740,,226.716,True,,40,write
memgraph,mixed_c40,1741,9306241,227.1049,True,,40,read
memgraph,mixed_c40,1742,,229.6719,True,,40,write
memgraph,mixed_c40,1743,9309220,209.8337,True,,40,read
memgraph,mixed_c40,1744,,224.1925,True,,40,write
memgraph,mixed_c40,1745,9309293,234.1508,True,,40,read
memgraph,mixed_c40,1746,9310213,234.743,True,,40,read
memgraph,mixed_c40,1747,9311240,218.0889,True,,40,read
memgraph,mixed_c40,1748,9401244,228.9755,True,,40,read
memgraph,mixed_c40,1749,9401326,224.4483,True,,40,read
memgraph,mixed_c40,1750,9403260,224.5727,True,,40,read
memgraph,mixed_c40,1751,9403269,219.0983,True,,40,read
memgraph,mixed_c40,1752,9407272,214.7236,True,,40,read
memgraph,mixed_c40,1753,9407278,229.1673,True,,40,read
memgraph,mixed_c40,1754,,242.5555,True,,40,write
memgraph,mixed_c40,1755,9501227,221.796,True,,40,read
memgraph,mixed_c40,1756,,225.7061,True,,40,write
memgraph,mixed_c40,1757,9501376,226.9828,True,,40,read
memgraph,mixed_c40,1758,9502306,224.6949,True,,40,read
memgraph,mixed_c40,1759,9502360,218.4073,True,,40,read
memgraph,mixed_c40,1760,9503294,236.3028,True,,40,read
memgraph,mixed_c40,1761,,223.7535,True,,40,write
memgraph,mixed_c40,1762,9505303,221.6587,True,,40,read
memgraph,mixed_c40,1763,9505310,229.553,True,,40,read
memgraph,mixed_c40,1764,9505324,231.8892,True,,40,read
memgraph,mixed_c40,1765,9508299,227.5544,True,,40,read
memgraph,mixed_c40,1766,9509349,223.5688,True,,40,read
memgraph,mixed_c40,1767,,213.5863,True,,40,write
memgraph,mixed_c40,1768,9603420,221.1471,True,,40,read
memgraph,mixed_c40,1769,9606252,225.3411,True,,40,read
memgraph,mixed_c40,1770,9609217,229.817,True,,40,read
memgraph,mixed_c40,1771,9609470,222.9295,True,,40,read
memgraph,mixed_c40,1772,9610393,222.7805,True,,40,read
memgraph,mixed_c40,1773,,211.2324,True,,40,write
memgraph,mixed_c40,1774,9702270,222.0627,True,,40,read
memgraph,mixed_c40,1775,9703209,217.7796,True,,40,read
memgraph,mixed_c40,1776,9703232,214.1323,True,,40,read
memgraph,mixed_c40,1777,9703423,211.9775,True,,40,read
memgraph,mixed_c40,1778,9705262,232.642,True,,40,read
memgraph,mixed_c40,1779,9706541,209.3671,True,,40,read
memgraph,mixed_c40,1780,9707250,218.9691,True,,40,read
memgraph,mixed_c40,1781,,227.3944,True,,40,write
memgraph,mixed_c40,1782,9707295,227.0169,True,,40,read
memgraph,mixed_c40,1783,,227.2177,True,,40,write
memgraph,mixed_c40,1784,9711261,227.161,True,,40,read
memgraph,mixed_c40,1785,9711379,219.4101,True,,40,read
memgraph,mixed_c40,1786,9803439,234.5575,True,,40,read
memgraph,mixed_c40,1787,9804298,237.0859,True,,40,read
memgraph,mixed_c40,1788,,230.3335,True,,40,write
memgraph,mixed_c40,1789,,226.18,True,,40,write
memgraph,mixed_c40,1790,9805465,228.7693,True,,40,read
memgraph,mixed_c40,1791,9809529,218.9155,True,,40,read
memgraph,mixed_c40,1792,9810418,214.8583,True,,40,read
memgraph,mixed_c40,1793,9811432,227.857,True,,40,read
memgraph,mixed_c40,1794,9811469,222.2522,True,,40,read
memgraph,mixed_c40,1795,9812342,242.9874,True,,40,read
memgraph,mixed_c40,1796,9906506,224.064,True,,40,read
memgraph,mixed_c40,1797,,214.8933,True,,40,write
memgraph,mixed_c40,1798,9909234,228.6927,True,,40,read
memgraph,mixed_c40,1799,9909512,225.988,True,,40,read
memgraph,mixed_c40,1800,2106,221.5045,True,,40,read
memgraph,mixed_c40,1801,6114,221.1693,True,,40,read
memgraph,mixed_c40,1802,6217,208.7715,True,,40,read
memgraph,mixed_c40,1803,7077,234.4117,True,,40,read
memgraph,mixed_c40,1804,,229.9455,True,,40,write
memgraph,mixed_c40,1805,,224.5765,True,,40,write
memgraph,mixed_c40,1806,,231.9615,True,,40,write
memgraph,mixed_c40,1807,10094,231.354,True,,40,read
memgraph,mixed_c40,1808,10180,224.5189,True,,40,read
memgraph,mixed_c40,1809,,212.7508,True,,40,write
memgraph,mixed_c40,1810,101328,220.5377,True,,40,read
memgraph,mixed_c40,1811,102194,224.0833,True,,40,read
memgraph,mixed_c40,1812,,223.5249,True,,40,write
memgraph,mixed_c40,1813,,230.0826,True,,40,write
memgraph,mixed_c40,1814,104187,222.9861,True,,40,read
memgraph,mixed_c40,1815,105349,216.1077,True,,40,read
memgraph,mixed_c40,1816,106261,217.7519,True,,40,read
memgraph,mixed_c40,1817,107028,211.5309,True,,40,read
memgraph,mixed_c40,1818,107093,206.4354,True,,40,read
memgraph,mixed_c40,1819,,218.822,True,,40,write
memgraph,mixed_c40,1820,108250,239.9069,True,,40,read
memgraph,mixed_c40,1821,109054,227.4073,True,,40,read
memgraph,mixed_c40,1822,109073,232.4951,True,,40,read
memgraph,mixed_c40,1823,110264,234.7428,True,,40,read
memgraph,mixed_c40,1824,110376,231.1222,True,,40,read
memgraph,mixed_c40,1825,201053,220.3225,True,,40,read
memgraph,mixed_c40,1826,204096,236.4211,True,,40,read
memgraph,mixed_c40,1827,204176,222.1615,True,,40,read
memgraph,mixed_c40,1828,204182,218.2899,True,,40,read
memgraph,mixed_c40,1829,205038,225.4447,True,,40,read
memgraph,mixed_c40,1830,,230.0951,True,,40,write
memgraph,mixed_c40,1831,207227,223.3071,True,,40,read
memgraph,mixed_c40,1832,208138,235.5779,True,,40,read
memgraph,mixed_c40,1833,208159,230.4507,True,,40,read
memgraph,mixed_c40,1834,209058,225.4681,True,,40,read
memgraph,mixed_c40,1835,209108,225.0834,True,,40,read
memgraph,mixed_c40,1836,210254,217.6123,True,,40,read
memgraph,mixed_c40,1837,,242.0478,True,,40,write
memgraph,mixed_c40,1838,9208245,207.7554,True,,40,read
memgraph,mixed_c40,1839,9304275,231.9436,True,,40,read
memgraph,mixed_c40,1840,9305258,224.5697,True,,40,read
memgraph,mixed_c40,1841,9306241,219.157,True,,40,read
memgraph,mixed_c40,1842,9307320,228.4668,True,,40,read
memgraph,mixed_c40,1843,9309220,219.1206,True,,40,read
memgraph,mixed_c40,1844,,211.0737,True,,40,write
memgraph,mixed_c40,1845,9309293,227.5242,True,,40,read
memgraph,mixed_c40,1846,9310213,240.9181,True,,40,read
memgraph,mixed_c40,1847,9311240,233.4708,True,,40,read
memgraph,mixed_c40,1848,9401244,230.1974,True,,40,read
memgraph,mixed_c40,1849,9401326,222.0961,True,,40,read
memgraph,mixed_c40,1850,9403260,222.4835,True,,40,read
memgraph,mixed_c40,1851,9403269,238.7744,True,,40,read
memgraph,mixed_c40,1852,9407272,224.3529,True,,40,read
memgraph,mixed_c40,1853,9407278,230.5906,True,,40,read
memgraph,mixed_c40,1854,9407401,235.9111,True,,40,read
memgraph,mixed_c40,1855,9501227,228.447,True,,40,read
memgraph,mixed_c40,1856,9501350,218.0428,True,,40,read
memgraph,mixed_c40,1857,9501376,215.2864,True,,40,read
memgraph,mixed_c40,1858,9502306,222.5376,True,,40,read
memgraph,mixed_c40,1859,,218.8455,True,,40,write
memgraph,mixed_c40,1860,9503294,227.7773,True,,40,read
memgraph,mixed_c40,1861,9504347,219.4407,True,,40,read
memgraph,mixed_c40,1862,9505303,237.2507,True,,40,read
memgraph,mixed_c40,1863,,225.9837,True,,40,write
memgraph,mixed_c40,1864,9505324,233.9609,True,,40,read
memgraph,mixed_c40,1865,9508299,237.3903,True,,40,read
memgraph,mixed_c40,1866,,226.9066,True,,40,write
memgraph,mixed_c40,1867,9603367,220.985,True,,40,read
memgraph,mixed_c40,1868,9603420,225.5411,True,,40,read
memgraph,mixed_c40,1869,9606252,225.9354,True,,40,read
memgraph,mixed_c40,1870,,238.8469,True,,40,write
memgraph,mixed_c40,1871,9609470,229.3802,True,,40,read
memgraph,mixed_c40,1872,9610393,235.6879,True,,40,read
memgraph,mixed_c40,1873,,224.8638,True,,40,write
memgraph,mixed_c40,1874,9702270,228.9392,True,,40,read
memgraph,mixed_c40,1875,9703209,220.3043,True,,40,read
memgraph,mixed_c40,1876,9703232,224.1775,True,,40,read
memgraph,mixed_c40,1877,,209.8667,True,,40,write
memgraph,mixed_c40,1878,9705262,223.5439,True,,40,read
memgraph,mixed_c40,1879,9706541,225.6589,True,,40,read
memgraph,mixed_c40,1880,9707250,226.5908,True,,40,read
memgraph,mixed_c40,1881,9707282,215.8835,True,,40,read
memgraph,mixed_c40,1882,9707295,219.1857,True,,40,read
memgraph,mixed_c40,1883,,245.3291,True,,40,write
memgraph,mixed_c40,1884,9711261,219.959,True,,40,read
memgraph,mixed_c40,1885,,228.6337,True,,40,write
memgraph,mixed_c40,1886,9803439,224.516,True,,40,read
memgraph,mixed_c40,1887,9804298,225.9121,True,,40,read
memgraph,mixed_c40,1888,9804313,228.9097,True,,40,read
memgraph,mixed_c40,1889,,230.0951,True,,40,write
memgraph,mixed_c40,1890,,227.1512,True,,40,write
memgraph,mixed_c40,1891,9809529,240.1665,True,,40,read
memgraph,mixed_c40,1892,,216.0742,True,,40,write
memgraph,mixed_c40,1893,9811432,211.0121,True,,40,read
memgraph,mixed_c40,1894,,221.7438,True,,40,write
memgraph,mixed_c40,1895,9812342,228.2148,True,,40,read
memgraph,mixed_c40,1896,,213.901,True,,40,write
memgraph,mixed_c40,1897,9907534,221.9772,True,,40,read
memgraph,mixed_c40,1898,9909234,237.1896,True,,40,read
memgraph,mixed_c40,1899,9909512,225.773,True,,40,read
memgraph,mixed_c40,1900,2106,219.4327,True,,40,read
memgraph,mixed_c40,1901,6114,230.2575,True,,40,read
memgraph,mixed_c40,1902,6217,224.2454,True,,40,read
memgraph,mixed_c40,1903,,317.9211,True,,40,write
memgraph,mixed_c40,1904,7211,229.33,True,,40,read
memgraph,mixed_c40,1905,7232,218.3937,True,,40,read
memgraph,mixed_c40,1906,,225.3699,True,,40,write
memgraph,mixed_c40,1907,10094,215.3774,True,,40,read
memgraph,mixed_c40,1908,,289.2984,True,,40,write
memgraph,mixed_c40,1909,,299.6207,True,,40,write
memgraph,mixed_c40,1910,101328,281.8153,True,,40,read
memgraph,mixed_c40,1911,102194,281.9655,True,,40,read
memgraph,mixed_c40,1912,102318,267.1019,True,,40,read
memgraph,mixed_c40,1913,104122,244.9265,True,,40,read
memgraph,mixed_c40,1914,,240.0351,True,,40,write
memgraph,mixed_c40,1915,105349,242.9473,True,,40,read
memgraph,mixed_c40,1916,106261,232.7368,True,,40,read
memgraph,mixed_c40,1917,107028,234.6292,True,,40,read
memgraph,mixed_c40,1918,107093,222.3688,True,,40,read
memgraph,mixed_c40,1919,107295,221.4694,True,,40,read
memgraph,mixed_c40,1920,108250,224.9107,True,,40,read
memgraph,mixed_c40,1921,109054,218.5231,True,,40,read
memgraph,mixed_c40,1922,109073,224.0116,True,,40,read
memgraph,mixed_c40,1923,110264,234.2275,True,,40,read
memgraph,mixed_c40,1924,,224.858,True,,40,write
memgraph,mixed_c40,1925,201053,225.9513,True,,40,read
memgraph,mixed_c40,1926,204096,222.5701,True,,40,read
memgraph,mixed_c40,1927,204176,245.2422,True,,40,read
memgraph,mixed_c40,1928,204182,208.0286,True,,40,read
memgraph,mixed_c40,1929,205038,209.2938,True,,40,read
memgraph,mixed_c40,1930,207048,228.2661,True,,40,read
memgraph,mixed_c40,1931,,220.9409,True,,40,write
memgraph,mixed_c40,1932,208138,228.166,True,,40,read
memgraph,mixed_c40,1933,208159,214.9378,True,,40,read
memgraph,mixed_c40,1934,209058,222.7697,True,,40,read
memgraph,mixed_c40,1935,,217.7662,True,,40,write
memgraph,mixed_c40,1936,210254,224.055,True,,40,read
memgraph,mixed_c40,1937,,237.8009,True,,40,write
memgraph,mixed_c40,1938,9208245,231.5021,True,,40,read
memgraph,mixed_c40,1939,,217.3668,True,,40,write
memgraph,mixed_c40,1940,,216.9068,True,,40,write
memgraph,mixed_c40,1941,9306241,225.2179,True,,40,read
memgraph,mixed_c40,1942,9307320,226.5896,True,,40,read
memgraph,mixed_c40,1943,,218.902,True,,40,write
memgraph,mixed_c40,1944,9309273,215.0395,True,,40,read
memgraph,mixed_c40,1945,9309293,226.3339,True,,40,read
memgraph,mixed_c40,1946,9310213,301.8569,True,,40,read
memgraph,mixed_c40,1947,9311240,225.7772,True,,40,read
memgraph,mixed_c40,1948,9401244,208.3219,True,,40,read
memgraph,mixed_c40,1949,9401326,216.5623,True,,40,read
memgraph,mixed_c40,1950,9403260,231.759,True,,40,read
memgraph,mixed_c40,1951,9403269,226.6867,True,,40,read
memgraph,mixed_c40,1952,9407272,242.8218,True,,40,read
memgraph,mixed_c40,1953,9407278,243.6655,True,,40,read
memgraph,mixed_c40,1954,9407401,236.0769,True,,40,read
memgraph,mixed_c40,1955,9501227,258.9442,True,,40,read
memgraph,mixed_c40,1956,9501350,248.5669,True,,40,read
memgraph,mixed_c40,1957,9501376,227.2793,True,,40,read
memgraph,mixed_c40,1958,9502306,237.874,True,,40,read
memgraph,mixed_c40,1959,9502360,219.7842,True,,40,read
memgraph,mixed_c40,1960,,233.3208,True,,40,write
memgraph,mixed_c40,1961,,234.4848,True,,40,write
memgraph,mixed_c40,1962,9505303,242.645,True,,40,read
memgraph,mixed_c40,1963,9505310,223.7649,True,,40,read
memgraph,mixed_c40,1964,9505324,227.3763,True,,40,read
memgraph,mixed_c40,1965,,221.2204,True,,40,write
memgraph,mixed_c40,1966,9509349,226.7618,True,,40,read
memgraph,mixed_c40,1967,9603367,224.1854,True,,40,read
memgraph,mixed_c40,1968,9603420,226.1462,True,,40,read
memgraph,mixed_c40,1969,,216.5111,True,,40,write
memgraph,mixed_c40,1970,9609217,221.3654,True,,40,read
memgraph,mixed_c40,1971,9609470,227.8532,True,,40,read
memgraph,mixed_c40,1972,9610393,222.1278,True,,40,read
memgraph,mixed_c40,1973,9701246,230.6885,True,,40,read
memgraph,mixed_c40,1974,9702270,216.9049,True,,40,read
memgraph,mixed_c40,1975,9703209,243.5195,True,,40,read
memgraph,mixed_c40,1976,9703232,222.8282,True,,40,read
memgraph,mixed_c40,1977,9703423,218.6524,True,,40,read
memgraph,mixed_c40,1978,9705262,234.3475,True,,40,read
memgraph,mixed_c40,1979,9706541,233.0083,True,,40,read
memgraph,mixed_c40,1980,,219.14,True,,40,write
memgraph,mixed_c40,1981,9707282,216.8643,True,,40,read
memgraph,mixed_c40,1982,9707295,224.3618,True,,40,read
memgraph,mixed_c40,1983,9710376,218.8777,True,,40,read
memgraph,mixed_c40,1984,,228.171,True,,40,write
memgraph,mixed_c40,1985,9711379,228.3376,True,,40,read
memgraph,mixed_c40,1986,,208.9339,True,,40,write
memgraph,mixed_c40,1987,9804298,217.1358,True,,40,read
memgraph,mixed_c40,1988,9804313,227.8907,True,,40,read
memgraph,mixed_c40,1989,9804343,229.4412,True,,40,read
memgraph,mixed_c40,1990,9805465,229.5999,True,,40,read
memgraph,mixed_c40,1991,9809529,230.1757,True,,40,read
memgraph,mixed_c40,1992,9810418,212.1441,True,,40,read
memgraph,mixed_c40,1993,9811432,224.9924,True,,40,read
memgraph,mixed_c40,1994,,228.8126,True,,40,write
memgraph,mixed_c40,1995,9812342,236.754,True,,40,read
memgraph,mixed_c40,1996,9906506,229.9115,True,,40,read
memgraph,mixed_c40,1997,9907534,219.7826,True,,40,read
memgraph,mixed_c40,1998,9909234,222.2645,True,,40,read
memgraph,mixed_c40,1999,9909512,226.1995,True,,40,read
memgraph,mixed_c40,2000,2106,233.2067,True,,40,read
memgraph,mixed_c40,2001,6114,209.8368,True,,40,read
memgraph,mixed_c40,2002,,213.751,True,,40,write
memgraph,mixed_c40,2003,7077,222.9351,True,,40,read
memgraph,mixed_c40,2004,7211,235.0788,True,,40,read
memgraph,mixed_c40,2005,7232,226.6058,True,,40,read
memgraph,mixed_c40,2006,,215.7443,True,,40,write
memgraph,mixed_c40,2007,10094,224.0153,True,,40,read
memgraph,mixed_c40,2008,10180,221.2608,True,,40,read
memgraph,mixed_c40,2009,,229.2582,True,,40,write
memgraph,mixed_c40,2010,101328,221.2439,True,,40,read
memgraph,mixed_c40,2011,102194,219.5413,True,,40,read
memgraph,mixed_c40,2012,102318,221.2925,True,,40,read
memgraph,mixed_c40,2013,,230.8769,True,,40,write
memgraph,mixed_c40,2014,104187,232.0402,True,,40,read
memgraph,mixed_c40,2015,105349,221.8415,True,,40,read
memgraph,mixed_c40,2016,106261,220.4567,True,,40,read
memgraph,mixed_c40,2017,,242.954,True,,40,write
memgraph,mixed_c40,2018,107093,234.0443,True,,40,read
memgraph,mixed_c40,2019,,220.7694,True,,40,write
memgraph,mixed_c40,2020,108250,232.3404,True,,40,read
memgraph,mixed_c40,2021,109054,216.7436,True,,40,read
memgraph,mixed_c40,2022,109073,220.1894,True,,40,read
memgraph,mixed_c40,2023,110264,224.952,True,,40,read
memgraph,mixed_c40,2024,110376,226.4045,True,,40,read
memgraph,mixed_c40,2025,201053,226.292,True,,40,read
memgraph,mixed_c40,2026,204096,209.6973,True,,40,read
memgraph,mixed_c40,2027,204176,217.227,True,,40,read
memgraph,mixed_c40,2028,,211.2858,True,,40,write
memgraph,mixed_c40,2029,205038,231.5736,True,,40,read
memgraph,mixed_c40,2030,207048,230.1873,True,,40,read
memgraph,mixed_c40,2031,207227,227.5889,True,,40,read
memgraph,mixed_c40,2032,,229.0247,True,,40,write
memgraph,mixed_c40,2033,,225.2311,True,,40,write
memgraph,mixed_c40,2034,209058,220.6463,True,,40,read
memgraph,mixed_c40,2035,209108,211.3664,True,,40,read
memgraph,mixed_c40,2036,,225.8919,True,,40,write
memgraph,mixed_c40,2037,302080,219.1032,True,,40,read
memgraph,mixed_c40,2038,9208245,210.7948,True,,40,read
memgraph,mixed_c40,2039,9304275,229.1963,True,,40,read
memgraph,mixed_c40,2040,9305258,224.5064,True,,40,read
memgraph,mixed_c40,2041,,234.0392,True,,40,write
memgraph,mixed_c40,2042,9307320,214.5641,True,,40,read
memgraph,mixed_c40,2043,9309220,220.2291,True,,40,read
memgraph,mixed_c40,2044,9309273,233.9589,True,,40,read
memgraph,mixed_c40,2045,,228.7087,True,,40,write
memgraph,mixed_c40,2046,9310213,222.5225,True,,40,read
memgraph,mixed_c40,2047,9311240,221.7033,True,,40,read
memgraph,mixed_c40,2048,,224.6293,True,,40,write
memgraph,mixed_c40,2049,9401326,237.0998,True,,40,read
memgraph,mixed_c40,2050,9403260,218.9842,True,,40,read
memgraph,mixed_c40,2051,9403269,226.6354,True,,40,read
memgraph,mixed_c40,2052,9407272,223.1429,True,,40,read
memgraph,mixed_c40,2053,9407278,221.7875,True,,40,read
memgraph,mixed_c40,2054,9407401,228.7593,True,,40,read
memgraph,mixed_c40,2055,,223.1748,True,,40,write
memgraph,mixed_c40,2056,,230.1643,True,,40,write
memgraph,mixed_c40,2057,9501376,217.4599,True,,40,read
memgraph,mixed_c40,2058,9502306,236.5862,True,,40,read
memgraph,mixed_c40,2059,9502360,242.8229,True,,40,read
memgraph,mixed_c40,2060,9503294,234.0421,True,,40,read
memgraph,mixed_c40,2061,9504347,216.3885,True,,40,read
memgraph,mixed_c40,2062,9505303,218.7469,True,,40,read
memgraph,mixed_c40,2063,9505310,225.8154,True,,40,read
memgraph,mixed_c40,2064,9505324,229.0343,True,,40,read
memgraph,mixed_c40,2065,9508299,229.444,True,,40,read
memgraph,mixed_c40,2066,9509349,209.707,True,,40,read
memgraph,mixed_c40,2067,9603367,215.6935,True,,40,read
memgraph,mixed_c40,2068,9603420,212.2671,True,,40,read
memgraph,mixed_c40,2069,,208.4049,True,,40,write
memgraph,mixed_c40,2070,9609217,229.764,True,,40,read
memgraph,mixed_c40,2071,,223.3535,True,,40,write
memgraph,mixed_c40,2072,,229.6539,True,,40,write
memgraph,mixed_c40,2073,9701246,210.9783,True,,40,read
memgraph,mixed_c40,2074,9702270,228.2131,True,,40,read
memgraph,mixed_c40,2075,,220.143,True,,40,write
memgraph,mixed_c40,2076,9703232,230.6264,True,,40,read
memgraph,mixed_c40,2077,9703423,227.2425,True,,40,read
memgraph,mixed_c40,2078,9705262,227.5892,True,,40,read
memgraph,mixed_c40,2079,9706541,223.1079,True,,40,read
memgraph,mixed_c40,2080,,226.7655,True,,40,write
memgraph,mixed_c40,2081,9707282,230.2636,True,,40,read
memgraph,mixed_c40,2082,9707295,220.4515,True,,40,read
memgraph,mixed_c40,2083,9710376,237.9684,True,,40,read
memgraph,mixed_c40,2084,9711261,221.8241,True,,40,read
memgraph,mixed_c40,2085,,222.2804,True,,40,write
memgraph,mixed_c40,2086,9803439,216.7861,True,,40,read
memgraph,mixed_c40,2087,9804298,226.3065,True,,40,read
memgraph,mixed_c40,2088,9804313,223.1797,True,,40,read
memgraph,mixed_c40,2089,9804343,234.171,True,,40,read
memgraph,mixed_c40,2090,9805465,221.6293,True,,40,read
memgraph,mixed_c40,2091,9809529,228.8186,True,,40,read
memgraph,mixed_c40,2092,9810418,233.6139,True,,40,read
memgraph,mixed_c40,2093,9811432,222.6672,True,,40,read
memgraph,mixed_c40,2094,9811469,219.077,True,,40,read
memgraph,mixed_c40,2095,9812342,228.3776,True,,40,read
memgraph,mixed_c40,2096,9906506,229.3563,True,,40,read
memgraph,mixed_c40,2097,,216.4222,True,,40,write
memgraph,mixed_c40,2098,9909234,216.2551,True,,40,read
memgraph,mixed_c40,2099,,219.2778,True,,40,write
memgraph,mixed_c40,2100,2106,233.9945,True,,40,read
memgraph,mixed_c40,2101,6114,229.2799,True,,40,read
memgraph,mixed_c40,2102,6217,246.147,True,,40,read
memgraph,mixed_c40,2103,,224.6485,True,,40,write
memgraph,mixed_c40,2104,7211,232.0605,True,,40,read
memgraph,mixed_c40,2105,,226.6252,True,,40,write
memgraph,mixed_c40,2106,9292,213.6221,True,,40,read
memgraph,mixed_c40,2107,,217.8034,True,,40,write
memgraph,mixed_c40,2108,10180,211.2047,True,,40,read
memgraph,mixed_c40,2109,12020,209.2008,True,,40,read
memgraph,mixed_c40,2110,101328,216.1974,True,,40,read
memgraph,mixed_c40,2111,102194,224.8275,True,,40,read
memgraph,mixed_c40,2112,,220.8525,True,,40,write
memgraph,mixed_c40,2113,104122,224.4683,True,,40,read
memgraph,mixed_c40,2114,104187,233.1089,True,,40,read
memgraph,mixed_c40,2115,105349,228.2137,True,,40,read
memgraph,mixed_c40,2116,,221.6053,True,,40,write
memgraph,mixed_c40,2117,,229.8167,True,,40,write
memgraph,mixed_c40,2118,107093,222.4723,True,,40,read
memgraph,mixed_c40,2119,107295,229.1608,True,,40,read
memgraph,mixed_c40,2120,108250,227.1294,True,,40,read
memgraph,mixed_c40,2121,109054,231.6001,True,,40,read
memgraph,mixed_c40,2122,109073,232.932,True,,40,read
memgraph,mixed_c40,2123,110264,220.5336,True,,40,read
memgraph,mixed_c40,2124,110376,225.72,True,,40,read
memgraph,mixed_c40,2125,201053,226.7972,True,,40,read
memgraph,mixed_c40,2126,204096,226.0103,True,,40,read
memgraph,mixed_c40,2127,,232.7141,True,,40,write
memgraph,mixed_c40,2128,,223.186,True,,40,write
memgraph,mixed_c40,2129,205038,234.8591,True,,40,read
memgraph,mixed_c40,2130,207048,237.9805,True,,40,read
memgraph,mixed_c40,2131,207227,229.7099,True,,40,read
memgraph,mixed_c40,2132,208138,222.8902,True,,40,read
memgraph,mixed_c40,2133,208159,217.206,True,,40,read
memgraph,mixed_c40,2134,209058,236.834,True,,40,read
memgraph,mixed_c40,2135,209108,229.3397,True,,40,read
memgraph,mixed_c40,2136,210254,216.8796,True,,40,read
memgraph,mixed_c40,2137,302080,235.0292,True,,40,read
memgraph,mixed_c40,2138,9208245,217.1032,True,,40,read
memgraph,mixed_c40,2139,9304275,219.9875,True,,40,read
memgraph,mixed_c40,2140,9305258,231.9539,True,,40,read
memgraph,mixed_c40,2141,9306241,236.6894,True,,40,read
memgraph,mixed_c40,2142,9307320,225.0765,True,,40,read
memgraph,mixed_c40,2143,9309220,241.5949,True,,40,read
memgraph,mixed_c40,2144,9309273,211.4071,True,,40,read
memgraph,mixed_c40,2145,9309293,230.6078,True,,40,read
memgraph,mixed_c40,2146,9310213,227.9318,True,,40,read
memgraph,mixed_c40,2147,9311240,211.3221,True,,40,read
memgraph,mixed_c40,2148,,216.0341,True,,40,write
memgraph,mixed_c40,2149,9401326,208.4031,True,,40,read
memgraph,mixed_c40,2150,9403260,211.1239,True,,40,read
memgraph,mixed_c40,2151,9403269,220.8539,True,,40,read
memgraph,mixed_c40,2152,9407272,225.3478,True,,40,read
memgraph,mixed_c40,2153,9407278,227.8019,True,,40,read
memgraph,mixed_c40,2154,9407401,220.0863,True,,40,read
memgraph,mixed_c40,2155,9501227,222.7951,True,,40,read
memgraph,mixed_c40,2156,9501350,216.6781,True,,40,read
memgraph,mixed_c40,2157,9501376,224.236,True,,40,read
memgraph,mixed_c40,2158,9502306,231.4428,True,,40,read
memgraph,mixed_c40,2159,9502360,231.2824,True,,40,read
memgraph,mixed_c40,2160,9503294,231.9522,True,,40,read
memgraph,mixed_c40,2161,9504347,224.6651,True,,40,read
memgraph,mixed_c40,2162,9505303,229.4234,True,,40,read
memgraph,mixed_c40,2163,,224.2378,True,,40,write
memgraph,mixed_c40,2164,9505324,223.877,True,,40,read
memgraph,mixed_c40,2165,9508299,229.1642,True,,40,read
memgraph,mixed_c40,2166,9509349,221.4563,True,,40,read
memgraph,mixed_c40,2167,9603367,221.3046,True,,40,read
memgraph,mixed_c40,2168,9603420,225.0171,True,,40,read
memgraph,mixed_c40,2169,9606252,225.0116,True,,40,read
memgraph,mixed_c40,2170,9609217,225.0787,True,,40,read
memgraph,mixed_c40,2171,,235.0348,True,,40,write
memgraph,mixed_c40,2172,9610393,230.3165,True,,40,read
memgraph,mixed_c40,2173,9701246,231.821,True,,40,read
memgraph,mixed_c40,2174,9702270,218.3477,True,,40,read
memgraph,mixed_c40,2175,9703209,227.6366,True,,40,read
memgraph,mixed_c40,2176,9703232,233.7616,True,,40,read
memgraph,mixed_c40,2177,9703423,216.7473,True,,40,read
memgraph,mixed_c40,2178,9705262,227.8821,True,,40,read
memgraph,mixed_c40,2179,9706541,217.577,True,,40,read
memgraph,mixed_c40,2180,9707250,224.9557,True,,40,read
memgraph,mixed_c40,2181,9707282,231.2126,True,,40,read
memgraph,mixed_c40,2182,9707295,207.978,True,,40,read
memgraph,mixed_c40,2183,,233.1761,True,,40,write
memgraph,mixed_c40,2184,9711261,241.376,True,,40,read
memgraph,mixed_c40,2185,9711379,232.654,True,,40,read
memgraph,mixed_c40,2186,,242.6792,True,,40,write
memgraph,mixed_c40,2187,9804298,210.8788,True,,40,read
memgraph,mixed_c40,2188,,221.5507,True,,40,write
memgraph,mixed_c40,2189,9804343,217.2524,True,,40,read
memgraph,mixed_c40,2190,9805465,214.1733,True,,40,read
memgraph,mixed_c40,2191,9809529,220.3677,True,,40,read
memgraph,mixed_c40,2192,,225.6181,True,,40,write
memgraph,mixed_c40,2193,,225.8986,True,,40,write
memgraph,mixed_c40,2194,9811469,222.1777,True,,40,read
memgraph,mixed_c40,2195,9812342,223.6767,True,,40,read
memgraph,mixed_c40,2196,9906506,223.2197,True,,40,read
memgraph,mixed_c40,2197,9907534,226.6901,True,,40,read
memgraph,mixed_c40,2198,,227.6927,True,,40,write
memgraph,mixed_c40,2199,9909512,221.8925,True,,40,read
memgraph,mixed_c40,2200,2106,229.963,True,,40,read
memgraph,mixed_c40,2201,6114,219.6236,True,,40,read
memgraph,mixed_c40,2202,6217,223.6272,True,,40,read
memgraph,mixed_c40,2203,7077,231.5767,True,,40,read
memgraph,mixed_c40,2204,,227.4658,True,,40,write
memgraph,mixed_c40,2205,7232,223.1795,True,,40,read
memgraph,mixed_c40,2206,,225.1953,True,,40,write
memgraph,mixed_c40,2207,10094,231.1737,True,,40,read
memgraph,mixed_c40,2208,10180,233.5452,True,,40,read
memgraph,mixed_c40,2209,12020,218.1569,True,,40,read
memgraph,mixed_c40,2210,101328,226.8594,True,,40,read
memgraph,mixed_c40,2211,,226.3592,True,,40,write
memgraph,mixed_c40,2212,102318,228.1394,True,,40,read
memgraph,mixed_c40,2213,104122,235.821,True,,40,read
memgraph,mixed_c40,2214,104187,234.1178,True,,40,read
memgraph,mixed_c40,2215,,219.3566,True,,40,write
memgraph,mixed_c40,2216,106261,230.4264,True,,40,read
memgraph,mixed_c40,2217,107028,237.2359,True,,40,read
memgraph,mixed_c40,2218,107093,218.3259,True,,40,read
memgraph,mixed_c40,2219,,232.8785,True,,40,write
memgraph,mixed_c40,2220,108250,212.7849,True,,40,read
memgraph,mixed_c40,2221,109054,224.1322,True,,40,read
memgraph,mixed_c40,2222,109073,232.4589,True,,40,read
memgraph,mixed_c40,2223,,238.3923,True,,40,write
memgraph,mixed_c40,2224,110376,232.0949,True,,40,read
memgraph,mixed_c40,2225,201053,226.6765,True,,40,read
memgraph,mixed_c40,2226,204096,217.8691,True,,40,read
memgraph,mixed_c40,2227,204176,228.2821,True,,40,read
memgraph,mixed_c40,2228,204182,208.5826,True,,40,read
memgraph,mixed_c40,2229,205038,244.0176,True,,40,read
memgraph,mixed_c40,2230,207048,210.071,True,,40,read
memgraph,mixed_c40,2231,,218.545,True,,40,write
memgraph,mixed_c40,2232,,226.2784,True,,40,write
memgraph,mixed_c40,2233,208159,216.1587,True,,40,read
memgraph,mixed_c40,2234,209058,220.2828,True,,40,read
memgraph,mixed_c40,2235,209108,227.474,True,,40,read
memgraph,mixed_c40,2236,210254,227.388,True,,40,read
memgraph,mixed_c40,2237,302080,227.4758,True,,40,read
memgraph,mixed_c40,2238,9208245,218.048,True,,40,read
memgraph,mixed_c40,2239,9304275,237.1279,True,,40,read
memgraph,mixed_c40,2240,9305258,246.8565,True,,40,read
memgraph,mixed_c40,2241,9306241,227.5722,True,,40,read
memgraph,mixed_c40,2242,9307320,226.8798,True,,40,read
memgraph,mixed_c40,2243,9309220,233.4868,True,,40,read
memgraph,mixed_c40,2244,9309273,241.2431,True,,40,read
memgraph,mixed_c40,2245,9309293,237.1488,True,,40,read
memgraph,mixed_c40,2246,,232.2268,True,,40,write
memgraph,mixed_c40,2247,9311240,233.2737,True,,40,read
memgraph,mixed_c40,2248,9401244,234.1253,True,,40,read
memgraph,mixed_c40,2249,,232.0272,True,,40,write
memgraph,mixed_c40,2250,9403260,231.9144,True,,40,read
memgraph,mixed_c40,2251,9403269,223.1578,True,,40,read
memgraph,mixed_c40,2252,,230.6725,True,,40,write
memgraph,mixed_c40,2253,9407278,217.6909,True,,40,read
memgraph,mixed_c40,2254,,237.7984,True,,40,write
memgraph,mixed_c40,2255,9501227,235.8506,True,,40,read
memgraph,mixed_c40,2256,9501350,229.3661,True,,40,read
memgraph,mixed_c40,2257,9501376,216.9575,True,,40,read
memgraph,mixed_c40,2258,9502306,234.8146,True,,40,read
memgraph,mixed_c40,2259,9502360,207.9434,True,,40,read
memgraph,mixed_c40,2260,9503294,229.5046,True,,40,read
memgraph,mixed_c40,2261,9504347,224.3759,True,,40,read
memgraph,mixed_c40,2262,,231.9218,True,,40,write
memgraph,mixed_c40,2263,9505310,213.6027,True,,40,read
memgraph,mixed_c40,2264,9505324,213.0273,True,,40,read
memgraph,mixed_c40,2265,9508299,237.5157,True,,40,read
memgraph,mixed_c40,2266,9509349,217.0131,True,,40,read
memgraph,mixed_c40,2267,9603367,226.502,True,,40,read
memgraph,mixed_c40,2268,9603420,211.2681,True,,40,read
memgraph,mixed_c40,2269,,228.4703,True,,40,write
memgraph,mixed_c40,2270,9609217,243.198,True,,40,read
memgraph,mixed_c40,2271,9609470,219.0852,True,,40,read
memgraph,mixed_c40,2272,,214.388,True,,40,write
memgraph,mixed_c40,2273,,220.2965,True,,40,write
memgraph,mixed_c40,2274,,223.8052,True,,40,write
memgraph,mixed_c40,2275,9703209,224.5239,True,,40,read
memgraph,mixed_c40,2276,9703232,225.0189,True,,40,read
memgraph,mixed_c40,2277,,218.4796,True,,40,write
memgraph,mixed_c40,2278,,224.8011,True,,40,write
memgraph,mixed_c40,2279,9706541,222.9937,True,,40,read
memgraph,mixed_c40,2280,,223.9474,True,,40,write
memgraph,mixed_c40,2281,9707282,223.9093,True,,40,read
memgraph,mixed_c40,2282,9707295,221.46,True,,40,read
memgraph,mixed_c40,2283,9710376,227.2978,True,,40,read
memgraph,mixed_c40,2284,9711261,236.2729,True,,40,read
memgraph,mixed_c40,2285,9711379,230.7304,True,,40,read
memgraph,mixed_c40,2286,9803439,226.3696,True,,40,read
memgraph,mixed_c40,2287,9804298,231.2704,True,,40,read
memgraph,mixed_c40,2288,,233.4148,True,,40,write
memgraph,mixed_c40,2289,9804343,228.8432,True,,40,read
memgraph,mixed_c40,2290,9805465,219.7211,True,,40,read
memgraph,mixed_c40,2291,9809529,229.0574,True,,40,read
memgraph,mixed_c40,2292,,230.9053,True,,40,write
memgraph,mixed_c40,2293,9811432,227.6934,True,,40,read
memgraph,mixed_c40,2294,9811469,225.8513,True,,40,read
memgraph,mixed_c40,2295,9812342,212.0256,True,,40,read
memgraph,mixed_c40,2296,9906506,228.1204,True,,40,read
memgraph,mixed_c40,2297,9907534,234.341,True,,40,read
memgraph,mixed_c40,2298,9909234,234.2992,True,,40,read
memgraph,mixed_c40,2299,,229.7458,True,,40,write
memgraph,mixed_c40,2300,2106,235.616,True,,40,read
memgraph,mixed_c40,2301,6114,224.9116,True,,40,read
memgraph,mixed_c40,2302,6217,207.0213,True,,40,read
memgraph,mixed_c40,2303,,209.719,True,,40,write
memgraph,mixed_c40,2304,7211,230.4083,True,,40,read
memgraph,mixed_c40,2305,7232,217.8639,True,,40,read
memgraph,mixed_c40,2306,9292,212.3791,True,,40,read
memgraph,mixed_c40,2307,10094,227.4054,True,,40,read
memgraph,mixed_c40,2308,10180,234.7949,True,,40,read
memgraph,mixed_c40,2309,12020,227.9089,True,,40,read
memgraph,mixed_c40,2310,101328,218.7013,True,,40,read
memgraph,mixed_c40,2311,102194,215.3505,True,,40,read
memgraph,mixed_c40,2312,,242.0505,True,,40,write
memgraph,mixed_c40,2313,104122,220.3895,True,,40,read
memgraph,mixed_c40,2314,104187,223.1801,True,,40,read
memgraph,mixed_c40,2315,105349,225.0368,True,,40,read
memgraph,mixed_c40,2316,106261,216.8892,True,,40,read
memgraph,mixed_c40,2317,107028,225.9167,True,,40,read
memgraph,mixed_c40,2318,,230.1205,True,,40,write
memgraph,mixed_c40,2319,107295,227.2214,True,,40,read
memgraph,mixed_c40,2320,108250,226.9681,True,,40,read
memgraph,mixed_c40,2321,109054,221.0411,True,,40,read
memgraph,mixed_c40,2322,109073,222.7341,True,,40,read
memgraph,mixed_c40,2323,110264,233.6667,True,,40,read
memgraph,mixed_c40,2324,110376,223.1801,True,,40,read
memgraph,mixed_c40,2325,201053,224.0883,True,,40,read
memgraph,mixed_c40,2326,,229.2579,True,,40,write
memgraph,mixed_c40,2327,204176,234.0294,True,,40,read
memgraph,mixed_c40,2328,204182,238.0138,True,,40,read
memgraph,mixed_c40,2329,205038,226.1253,True,,40,read
memgraph,mixed_c40,2330,207048,232.6443,True,,40,read
memgraph,mixed_c40,2331,207227,225.7452,True,,40,read
memgraph,mixed_c40,2332,208138,220.8767,True,,40,read
memgraph,mixed_c40,2333,208159,231.9894,True,,40,read
memgraph,mixed_c40,2334,209058,230.3172,True,,40,read
memgraph,mixed_c40,2335,209108,224.6879,True,,40,read
memgraph,mixed_c40,2336,,232.5658,True,,40,write
memgraph,mixed_c40,2337,302080,233.7099,True,,40,read
memgraph,mixed_c40,2338,9208245,233.2915,True,,40,read
memgraph,mixed_c40,2339,9304275,229.8759,True,,40,read
memgraph,mixed_c40,2340,9305258,239.5506,True,,40,read
memgraph,mixed_c40,2341,9306241,206.984,True,,40,read
memgraph,mixed_c40,2342,9307320,225.6743,True,,40,read
memgraph,mixed_c40,2343,9309220,210.5757,True,,40,read
memgraph,mixed_c40,2344,9309273,215.7133,True,,40,read
memgraph,mixed_c40,2345,,217.4891,True,,40,write
memgraph,mixed_c40,2346,,229.3275,True,,40,write
memgraph,mixed_c40,2347,9311240,227.7645,True,,40,read
memgraph,mixed_c40,2348,,227.9616,True,,40,write
memgraph,mixed_c40,2349,9401326,236.323,True,,40,read
memgraph,mixed_c40,2350,9403260,224.2639,True,,40,read
memgraph,mixed_c40,2351,,218.5963,True,,40,write
memgraph,mixed_c40,2352,9407272,219.5513,True,,40,read
memgraph,mixed_c40,2353,9407278,227.6478,True,,40,read
memgraph,mixed_c40,2354,,222.5947,True,,40,write
memgraph,mixed_c40,2355,,243.7615,True,,40,write
memgraph,mixed_c40,2356,9501350,233.6157,True,,40,read
memgraph,mixed_c40,2357,9501376,228.925,True,,40,read
memgraph,mixed_c40,2358,9502306,226.7536,True,,40,read
memgraph,mixed_c40,2359,9502360,222.8356,True,,40,read
memgraph,mixed_c40,2360,9503294,223.0644,True,,40,read
memgraph,mixed_c40,2361,9504347,225.574,True,,40,read
memgraph,mixed_c40,2362,9505303,220.8511,True,,40,read
memgraph,mixed_c40,2363,9505310,218.8935,True,,40,read
memgraph,mixed_c40,2364,9505324,218.8609,True,,40,read
memgraph,mixed_c40,2365,9508299,223.3173,True,,40,read
memgraph,mixed_c40,2366,9509349,223.6052,True,,40,read
memgraph,mixed_c40,2367,,219.7545,True,,40,write
memgraph,mixed_c40,2368,9603420,209.6975,True,,40,read
memgraph,mixed_c40,2369,,224.4964,True,,40,write
memgraph,mixed_c40,2370,9609217,226.2637,True,,40,read
memgraph,mixed_c40,2371,,228.2133,True,,40,write
memgraph,mixed_c40,2372,,232.6598,True,,40,write
memgraph,mixed_c40,2373,9701246,222.0878,True,,40,read
memgraph,mixed_c40,2374,9702270,230.1841,True,,40,read
memgraph,mixed_c40,2375,9703209,229.026,True,,40,read
memgraph,mixed_c40,2376,9703232,228.2326,True,,40,read
memgraph,mixed_c40,2377,9703423,207.1399,True,,40,read
memgraph,mixed_c40,2378,,235.9036,True,,40,write
memgraph,mixed_c40,2379,9706541,237.9487,True,,40,read
memgraph,mixed_c40,2380,9707250,209.8271,True,,40,read
memgraph,mixed_c40,2381,9707282,237.2431,True,,40,read
memgraph,mixed_c40,2382,9707295,227.4808,True,,40,read
memgraph,mixed_c40,2383,9710376,218.6848,True,,40,read
memgraph,mixed_c40,2384,9711261,236.0768,True,,40,read
memgraph,mixed_c40,2385,9711379,220.9216,True,,40,read
memgraph,mixed_c40,2386,,235.3778,True,,40,write
memgraph,mixed_c40,2387,,227.3861,True,,40,write
memgraph,mixed_c40,2388,9804313,228.9538,True,,40,read
memgraph,mixed_c40,2389,9804343,235.3627,True,,40,read
memgraph,mixed_c40,2390,9805465,215.8182,True,,40,read
memgraph,mixed_c40,2391,9809529,219.8616,True,,40,read
memgraph,mixed_c40,2392,9810418,219.7296,True,,40,read
memgraph,mixed_c40,2393,9811432,216.5701,True,,40,read
memgraph,mixed_c40,2394,9811469,221.6325,True,,40,read
memgraph,mixed_c40,2395,9812342,223.6038,True,,40,read
memgraph,mixed_c40,2396,,229.2242,True,,40,write
memgraph,mixed_c40,2397,,248.5364,True,,40,write
memgraph,mixed_c40,2398,9909234,225.416,True,,40,read
memgraph,mixed_c40,2399,9909512,225.5345,True,,40,read
memgraph,mixed_c40,2400,2106,222.8226,True,,40,read
memgraph,mixed_c40,2401,6114,225.691,True,,40,read
memgraph,mixed_c40,2402,6217,228.4254,True,,40,read
memgraph,mixed_c40,2403,7077,223.1483,True,,40,read
memgraph,mixed_c40,2404,7211,219.3878,True,,40,read
memgraph,mixed_c40,2405,7232,212.5928,True,,40,read
memgraph,mixed_c40,2406,9292,225.5215,True,,40,read
memgraph,mixed_c40,2407,,217.2323,True,,40,write
memgraph,mixed_c40,2408,10180,224.3071,True,,40,read
memgraph,mixed_c40,2409,12020,223.5743,True,,40,read
memgraph,mixed_c40,2410,101328,228.7172,True,,40,read
memgraph,mixed_c40,2411,102194,220.5852,True,,40,read
memgraph,mixed_c40,2412,,229.9702,True,,40,write
memgraph,mixed_c40,2413,104122,229.444,True,,40,read
memgraph,mixed_c40,2414,104187,226.1908,True,,40,read
memgraph,mixed_c40,2415,105349,229.7062,True,,40,read
memgraph,mixed_c40,2416,,206.8824,True,,40,write
memgraph,mixed_c40,2417,,211.7657,True,,40,write
memgraph,mixed_c40,2418,107093,230.6761,True,,40,read
memgraph,mixed_c40,2419,107295,238.7115,True,,40,read
memgraph,mixed_c40,2420,108250,236.1688,True,,40,read
memgraph,mixed_c40,2421,109054,213.4225,True,,40,read
memgraph,mixed_c40,2422,109073,224.436,True,,40,read
memgraph,mixed_c40,2423,110264,233.1177,True,,40,read
memgraph,mixed_c40,2424,110376,216.8464,True,,40,read
memgraph,mixed_c40,2425,,238.286,True,,40,write
memgraph,mixed_c40,2426,,231.9785,True,,40,write
memgraph,mixed_c40,2427,204176,227.8167,True,,40,read
memgraph,mixed_c40,2428,204182,227.1702,True,,40,read
memgraph,mixed_c40,2429,205038,218.9567,True,,40,read
memgraph,mixed_c40,2430,207048,220.7401,True,,40,read
memgraph,mixed_c40,2431,207227,235.3578,True,,40,read
memgraph,mixed_c40,2432,208138,218.8398,True,,40,read
memgraph,mixed_c40,2433,,219.1644,True,,40,write
memgraph,mixed_c40,2434,209058,224.9981,True,,40,read
memgraph,mixed_c40,2435,,224.5874,True,,40,write
memgraph,mixed_c40,2436,,225.3241,True,,40,write
memgraph,mixed_c40,2437,302080,224.8449,True,,40,read
memgraph,mixed_c40,2438,9208245,219.8548,True,,40,read
memgraph,mixed_c40,2439,9304275,221.7964,True,,40,read
memgraph,mixed_c40,2440,,221.1635,True,,40,write
memgraph,mixed_c40,2441,,208.803,True,,40,write
memgraph,mixed_c40,2442,9307320,227.5253,True,,40,read
memgraph,mixed_c40,2443,9309220,216.9761,True,,40,read
memgraph,mixed_c40,2444,9309273,218.463,True,,40,read
memgraph,mixed_c40,2445,9309293,250.0429,True,,40,read
memgraph,mixed_c40,2446,9310213,225.4503,True,,40,read
memgraph,mixed_c40,2447,,222.9261,True,,40,write
memgraph,mixed_c40,2448,9401244,223.7735,True,,40,read
memgraph,mixed_c40,2449,,225.8138,True,,40,write
memgraph,mixed_c40,2450,,211.0226,True,,40,write
memgraph,mixed_c40,2451,9403269,224.5653,True,,40,read
memgraph,mixed_c40,2452,,225.7626,True,,40,write
memgraph,mixed_c40,2453,,232.7204,True,,40,write
memgraph,mixed_c40,2454,9407401,214.7092,True,,40,read
memgraph,mixed_c40,2455,9501227,227.8023,True,,40,read
memgraph,mixed_c40,2456,9501350,228.9243,True,,40,read
memgraph,mixed_c40,2457,9501376,228.0918,True,,40,read
memgraph,mixed_c40,2458,9502306,227.5995,True,,40,read
memgraph,mixed_c40,2459,9502360,215.5989,True,,40,read
memgraph,mixed_c40,2460,9503294,218.2348,True,,40,read
memgraph,mixed_c40,2461,9504347,225.431,True,,40,read
memgraph,mixed_c40,2462,9505303,235.5933,True,,40,read
memgraph,mixed_c40,2463,9505310,236.5707,True,,40,read
memgraph,mixed_c40,2464,9505324,230.497,True,,40,read
memgraph,mixed_c40,2465,,234.356,True,,40,write
memgraph,mixed_c40,2466,9509349,234.5138,True,,40,read
memgraph,mixed_c40,2467,,228.324,True,,40,write
memgraph,mixed_c40,2468,9603420,217.5009,True,,40,read
memgraph,mixed_c40,2469,,229.4911,True,,40,write
memgraph,mixed_c40,2470,9609217,220.8879,True,,40,read
memgraph,mixed_c40,2471,,223.2918,True,,40,write
memgraph,mixed_c40,2472,9610393,232.5144,True,,40,read
memgraph,mixed_c40,2473,,217.5594,True,,40,write
memgraph,mixed_c40,2474,9702270,224.2763,True,,40,read
memgraph,mixed_c40,2475,9703209,225.3374,True,,40,read
memgraph,mixed_c40,2476,9703232,209.3314,True,,40,read
memgraph,mixed_c40,2477,9703423,225.8903,True,,40,read
memgraph,mixed_c40,2478,9705262,224.1322,True,,40,read
memgraph,mixed_c40,2479,9706541,228.5104,True,,40,read
memgraph,mixed_c40,2480,,222.8002,True,,40,write
memgraph,mixed_c40,2481,9707282,221.6156,True,,40,read
memgraph,mixed_c40,2482,9707295,214.9422,True,,40,read
memgraph,mixed_c40,2483,,219.4261,True,,40,write
memgraph,mixed_c40,2484,,223.8358,True,,40,write
memgraph,mixed_c40,2485,9711379,219.3325,True,,40,read
memgraph,mixed_c40,2486,9803439,206.8382,True,,40,read
memgraph,mixed_c40,2487,9804298,225.912,True,,40,read
memgraph,mixed_c40,2488,9804313,221.6625,True,,40,read
memgraph,mixed_c40,2489,9804343,223.6403,True,,40,read
memgraph,mixed_c40,2490,,230.0598,True,,40,write
memgraph,mixed_c40,2491,9809529,250.0839,True,,40,read
memgraph,mixed_c40,2492,9810418,212.3569,True,,40,read
memgraph,mixed_c40,2493,9811432,225.2224,True,,40,read
memgraph,mixed_c40,2494,,227.8685,True,,40,write
memgraph,mixed_c40,2495,9812342,228.9234,True,,40,read
memgraph,mixed_c40,2496,9906506,234.5193,True,,40,read
memgraph,mixed_c40,2497,9907534,231.3263,True,,40,read
memgraph,mixed_c40,2498,9909234,215.9874,True,,40,read
memgraph,mixed_c40,2499,,228.4177,True,,40,write
memgraph,mixed_c40,2500,2106,216.4365,True,,40,read
memgraph,mixed_c40,2501,6114,224.752,True,,40,read
memgraph,mixed_c40,2502,6217,233.5606,True,,40,read
memgraph,mixed_c40,2503,7077,237.1728,True,,40,read
memgraph,mixed_c40,2504,,244.3779,True,,40,write
memgraph,mixed_c40,2505,7232,235.0378,True,,40,read
memgraph,mixed_c40,2506,9292,216.8922,True,,40,read
memgraph,mixed_c40,2507,10094,226.4693,True,,40,read
memgraph,mixed_c40,2508,,221.3767,True,,40,write
memgraph,mixed_c40,2509,12020,230.3293,True,,40,read
memgraph,mixed_c40,2510,101328,228.3068,True,,40,read
memgraph,mixed_c40,2511,102194,221.8788,True,,40,read
memgraph,mixed_c40,2512,102318,220.5611,True,,40,read
memgraph,mixed_c40,2513,104122,232.7873,True,,40,read
memgraph,mixed_c40,2514,104187,224.3787,True,,40,read
memgraph,mixed_c40,2515,105349,209.3269,True,,40,read
memgraph,mixed_c40,2516,106261,224.5349,True,,40,read
memgraph,mixed_c40,2517,107028,225.0271,True,,40,read
memgraph,mixed_c40,2518,107093,222.5919,True,,40,read
memgraph,mixed_c40,2519,107295,217.0847,True,,40,read
memgraph,mixed_c40,2520,108250,223.6453,True,,40,read
memgraph,mixed_c40,2521,,224.7088,True,,40,write
memgraph,mixed_c40,2522,109073,227.0985,True,,40,read
memgraph,mixed_c40,2523,110264,218.1848,True,,40,read
memgraph,mixed_c40,2524,110376,208.6133,True,,40,read
memgraph,mixed_c40,2525,201053,224.6742,True,,40,read
memgraph,mixed_c40,2526,204096,218.1761,True,,40,read
memgraph,mixed_c40,2527,204176,222.177,True,,40,read
memgraph,mixed_c40,2528,204182,222.9524,True,,40,read
memgraph,mixed_c40,2529,205038,210.7226,True,,40,read
memgraph,mixed_c40,2530,207048,224.0983,True,,40,read
memgraph,mixed_c40,2531,207227,219.8072,True,,40,read
memgraph,mixed_c40,2532,208138,224.5701,True,,40,read
memgraph,mixed_c40,2533,,226.0439,True,,40,write
memgraph,mixed_c40,2534,209058,230.2493,True,,40,read
memgraph,mixed_c40,2535,209108,212.0505,True,,40,read
memgraph,mixed_c40,2536,210254,242.4962,True,,40,read
memgraph,mixed_c40,2537,302080,229.5127,True,,40,read
memgraph,mixed_c40,2538,9208245,230.1007,True,,40,read
memgraph,mixed_c40,2539,9304275,218.648,True,,40,read
memgraph,mixed_c40,2540,9305258,229.3567,True,,40,read
memgraph,mixed_c40,2541,9306241,224.909,True,,40,read
memgraph,mixed_c40,2542,9307320,232.2783,True,,40,read
memgraph,mixed_c40,2543,9309220,237.7685,True,,40,read
memgraph,mixed_c40,2544,,217.1495,True,,40,write
memgraph,mixed_c40,2545,9309293,238.2209,True,,40,read
memgraph,mixed_c40,2546,9310213,234.1934,True,,40,read
memgraph,mixed_c40,2547,,226.9703,True,,40,write
memgraph,mixed_c40,2548,9401244,226.1392,True,,40,read
memgraph,mixed_c40,2549,9401326,233.1007,True,,40,read
memgraph,mixed_c40,2550,9403260,232.9778,True,,40,read
memgraph,mixed_c40,2551,9403269,220.7794,True,,40,read
memgraph,mixed_c40,2552,9407272,219.881,True,,40,read
memgraph,mixed_c40,2553,9407278,211.8051,True,,40,read
memgraph,mixed_c40,2554,9407401,223.8306,True,,40,read
memgraph,mixed_c40,2555,9501227,234.5247,True,,40,read
memgraph,mixed_c40,2556,9501350,223.8408,True,,40,read
memgraph,mixed_c40,2557,9501376,215.3982,True,,40,read
memgraph,mixed_c40,2558,9502306,206.8583,True,,40,read
memgraph,mixed_c40,2559,9502360,225.2543,True,,40,read
memgraph,mixed_c40,2560,9503294,230.1051,True,,40,read
memgraph,mixed_c40,2561,9504347,224.0694,True,,40,read
memgraph,mixed_c40,2562,9505303,225.6245,True,,40,read
memgraph,mixed_c40,2563,,222.2127,True,,40,write
memgraph,mixed_c40,2564,,225.895,True,,40,write
memgraph,mixed_c40,2565,9508299,220.3172,True,,40,read
memgraph,mixed_c40,2566,9509349,224.9682,True,,40,read
memgraph,mixed_c40,2567,9603367,215.1436,True,,40,read
memgraph,mixed_c40,2568,9603420,221.4003,True,,40,read
memgraph,mixed_c40,2569,,221.6113,True,,40,write
memgraph,mixed_c40,2570,,228.8415,True,,40,write
memgraph,mixed_c40,2571,9609470,225.0507,True,,40,read
memgraph,mixed_c40,2572,9610393,225.0006,True,,40,read
memgraph,mixed_c40,2573,9701246,209.9782,True,,40,read
memgraph,mixed_c40,2574,9702270,225.6976,True,,40,read
memgraph,mixed_c40,2575,9703209,228.3643,True,,40,read
memgraph,mixed_c40,2576,9703232,217.3101,True,,40,read
memgraph,mixed_c40,2577,9703423,226.7653,True,,40,read
memgraph,mixed_c40,2578,9705262,228.8799,True,,40,read
memgraph,mixed_c40,2579,9706541,243.2723,True,,40,read
memgraph,mixed_c40,2580,9707250,231.4988,True,,40,read
memgraph,mixed_c40,2581,9707282,224.8368,True,,40,read
memgraph,mixed_c40,2582,9707295,216.0292,True,,40,read
memgraph,mixed_c40,2583,9710376,229.5538,True,,40,read
memgraph,mixed_c40,2584,,239.905,True,,40,write
memgraph,mixed_c40,2585,9711379,239.8973,True,,40,read
memgraph,mixed_c40,2586,9803439,219.892,True,,40,read
memgraph,mixed_c40,2587,9804298,228.6914,True,,40,read
memgraph,mixed_c40,2588,9804313,234.3893,True,,40,read
memgraph,mixed_c40,2589,9804343,226.072,True,,40,read
memgraph,mixed_c40,2590,9805465,219.9232,True,,40,read
memgraph,mixed_c40,2591,9809529,234.5006,True,,40,read
memgraph,mixed_c40,2592,9810418,230.0559,True,,40,read
memgraph,mixed_c40,2593,9811432,213.9477,True,,40,read
memgraph,mixed_c40,2594,,222.4836,True,,40,write
memgraph,mixed_c40,2595,9812342,207.783,True,,40,read
memgraph,mixed_c40,2596,9906506,214.962,True,,40,read
memgraph,mixed_c40,2597,,240.7588,True,,40,write
memgraph,mixed_c40,2598,,227.5131,True,,40,write
memgraph,mixed_c40,2599,,221.9442,True,,40,write
memgraph,mixed_c40,2600,2106,222.1891,True,,40,read
memgraph,mixed_c40,2601,6114,226.8144,True,,40,read
memgraph,mixed_c40,2602,6217,229.6645,True,,40,read
memgraph,mixed_c40,2603,7077,231.9611,True,,40,read
memgraph,mixed_c40,2604,7211,230.0597,True,,40,read
memgraph,mixed_c40,2605,7232,218.808,True,,40,read
memgraph,mixed_c40,2606,9292,212.2226,True,,40,read
memgraph,mixed_c40,2607,10094,224.7117,True,,40,read
memgraph,mixed_c40,2608,10180,225.3055,True,,40,read
memgraph,mixed_c40,2609,,224.0239,True,,40,write
memgraph,mixed_c40,2610,,213.7707,True,,40,write
memgraph,mixed_c40,2611,102194,222.8719,True,,40,read
memgraph,mixed_c40,2612,,217.8298,True,,40,write
memgraph,mixed_c40,2613,,224.8827,True,,40,write
memgraph,mixed_c40,2614,,225.1906,True,,40,write
memgraph,mixed_c40,2615,105349,216.9931,True,,40,read
memgraph,mixed_c40,2616,106261,231.1326,True,,40,read
memgraph,mixed_c40,2617,107028,229.195,True,,40,read
memgraph,mixed_c40,2618,,228.1678,True,,40,write
memgraph,mixed_c40,2619,107295,231.0553,True,,40,read
memgraph,mixed_c40,2620,108250,225.758,True,,40,read
memgraph,mixed_c40,2621,109054,244.1059,True,,40,read
memgraph,mixed_c40,2622,109073,215.2677,True,,40,read
memgraph,mixed_c40,2623,110264,230.2557,True,,40,read
memgraph,mixed_c40,2624,110376,220.5439,True,,40,read
memgraph,mixed_c40,2625,,237.6128,True,,40,write
memgraph,mixed_c40,2626,204096,228.1258,True,,40,read
memgraph,mixed_c40,2627,204176,217.4231,True,,40,read
memgraph,mixed_c40,2628,204182,209.1451,True,,40,read
memgraph,mixed_c40,2629,205038,218.5772,True,,40,read
memgraph,mixed_c40,2630,207048,234.0545,True,,40,read
memgraph,mixed_c40,2631,207227,236.1472,True,,40,read
memgraph,mixed_c40,2632,208138,228.2205,True,,40,read
memgraph,mixed_c40,2633,,233.293,True,,40,write
memgraph,mixed_c40,2634,209058,208.8281,True,,40,read
memgraph,mixed_c40,2635,209108,221.447,True,,40,read
memgraph,mixed_c40,2636,210254,217.044,True,,40,read
memgraph,mixed_c40,2637,,225.7025,True,,40,write
memgraph,mixed_c40,2638,9208245,225.7916,True,,40,read
memgraph,mixed_c40,2639,9304275,222.4636,True,,40,read
memgraph,mixed_c40,2640,9305258,209.741,True,,40,read
memgraph,mixed_c40,2641,9306241,243.0404,True,,40,read
memgraph,mixed_c40,2642,9307320,220.1742,True,,40,read
memgraph,mixed_c40,2643,9309220,220.471,True,,40,read
memgraph,mixed_c40,2644,,219.3456,True,,40,write
memgraph,mixed_c40,2645,9309293,234.0345,True,,40,read
memgraph,mixed_c40,2646,9310213,234.5566,True,,40,read
memgraph,mixed_c40,2647,,228.8279,True,,40,write
memgraph,mixed_c40,2648,9401244,222.9421,True,,40,read
memgraph,mixed_c40,2649,9401326,222.7829,True,,40,read
memgraph,mixed_c40,2650,9403260,214.2118,True,,40,read
memgraph,mixed_c40,2651,9403269,219.8069,True,,40,read
memgraph,mixed_c40,2652,9407272,221.8615,True,,40,read
memgraph,mixed_c40,2653,9407278,225.2044,True,,40,read
memgraph,mixed_c40,2654,9407401,217.1596,True,,40,read
memgraph,mixed_c40,2655,,230.7508,True,,40,write
memgraph,mixed_c40,2656,,236.6,True,,40,write
memgraph,mixed_c40,2657,9501376,234.4317,True,,40,read
memgraph,mixed_c40,2658,9502306,228.5325,True,,40,read
memgraph,mixed_c40,2659,9502360,225.4552,True,,40,read
memgraph,mixed_c40,2660,,228.4097,True,,40,write
memgraph,mixed_c40,2661,9504347,218.2396,True,,40,read
memgraph,mixed_c40,2662,9505303,242.9891,True,,40,read
memgraph,mixed_c40,2663,9505310,235.2826,True,,40,read
memgraph,mixed_c40,2664,9505324,219.7935,True,,40,read
memgraph,mixed_c40,2665,9508299,210.1029,True,,40,read
memgraph,mixed_c40,2666,9509349,220.4661,True,,40,read
memgraph,mixed_c40,2667,9603367,221.7649,True,,40,read
memgraph,mixed_c40,2668,,228.6705,True,,40,write
memgraph,mixed_c40,2669,9606252,210.5864,True,,40,read
memgraph,mixed_c40,2670,,239.0743,True,,40,write
memgraph,mixed_c40,2671,9609470,234.4299,True,,40,read
memgraph,mixed_c40,2672,9610393,234.2174,True,,40,read
memgraph,mixed_c40,2673,9701246,230.6834,True,,40,read
memgraph,mixed_c40,2674,,218.6821,True,,40,write
memgraph,mixed_c40,2675,9703209,229.1029,True,,40,read
memgraph,mixed_c40,2676,9703232,226.2951,True,,40,read
memgraph,mixed_c40,2677,9703423,211.9188,True,,40,read
memgraph,mixed_c40,2678,9705262,226.1634,True,,40,read
memgraph,mixed_c40,2679,9706541,220.3974,True,,40,read
memgraph,mixed_c40,2680,9707250,228.9483,True,,40,read
memgraph,mixed_c40,2681,9707282,229.8641,True,,40,read
memgraph,mixed_c40,2682,9707295,217.4916,True,,40,read
memgraph,mixed_c40,2683,9710376,225.1454,True,,40,read
memgraph,mixed_c40,2684,9711261,234.5274,True,,40,read
memgraph,mixed_c40,2685,,225.9268,True,,40,write
memgraph,mixed_c40,2686,9803439,228.6004,True,,40,read
memgraph,mixed_c40,2687,9804298,211.2255,True,,40,read
memgraph,mixed_c40,2688,9804313,220.6651,True,,40,read
memgraph,mixed_c40,2689,,228.1927,True,,40,write
memgraph,mixed_c40,2690,9805465,226.4536,True,,40,read
memgraph,mixed_c40,2691,9809529,222.496,True,,40,read
memgraph,mixed_c40,2692,9810418,227.012,True,,40,read
memgraph,mixed_c40,2693,9811432,232.9697,True,,40,read
memgraph,mixed_c40,2694,9811469,214.2142,True,,40,read
memgraph,mixed_c40,2695,9812342,227.096,True,,40,read
memgraph,mixed_c40,2696,9906506,233.8812,True,,40,read
memgraph,mixed_c40,2697,9907534,236.2237,True,,40,read
memgraph,mixed_c40,2698,9909234,233.947,True,,40,read
memgraph,mixed_c40,2699,9909512,228.3139,True,,40,read
memgraph,mixed_c40,2700,2106,222.7756,True,,40,read
memgraph,mixed_c40,2701,6114,229.5547,True,,40,read
memgraph,mixed_c40,2702,6217,211.9695,True,,40,read
memgraph,mixed_c40,2703,7077,223.0764,True,,40,read
memgraph,mixed_c40,2704,,239.8827,True,,40,write
memgraph,mixed_c40,2705,7232,218.9151,True,,40,read
memgraph,mixed_c40,2706,9292,227.3942,True,,40,read
memgraph,mixed_c40,2707,10094,210.8812,True,,40,read
memgraph,mixed_c40,2708,10180,217.9467,True,,40,read
memgraph,mixed_c40,2709,12020,226.5295,True,,40,read
memgraph,mixed_c40,2710,,214.8924,True,,40,write
memgraph,mixed_c40,2711,102194,235.1817,True,,40,read
memgraph,mixed_c40,2712,102318,233.1789,True,,40,read
memgraph,mixed_c40,2713,104122,225.5297,True,,40,read
memgraph,mixed_c40,2714,104187,232.8075,True,,40,read
memgraph,mixed_c40,2715,105349,221.8805,True,,40,read
memgraph,mixed_c40,2716,106261,227.3168,True,,40,read
memgraph,mixed_c40,2717,107028,208.6579,True,,40,read
memgraph,mixed_c40,2718,107093,219.7277,True,,40,read
memgraph,mixed_c40,2719,107295,216.6018,True,,40,read
memgraph,mixed_c40,2720,108250,222.3158,True,,40,read
memgraph,mixed_c40,2721,109054,221.3363,True,,40,read
memgraph,mixed_c40,2722,,218.2942,True,,40,write
memgraph,mixed_c40,2723,110264,221.0622,True,,40,read
memgraph,mixed_c40,2724,110376,209.0388,True,,40,read
memgraph,mixed_c40,2725,,220.7658,True,,40,write
memgraph,mixed_c40,2726,204096,223.9641,True,,40,read
memgraph,mixed_c40,2727,,224.356,True,,40,write
memgraph,mixed_c40,2728,204182,222.7801,True,,40,read
memgraph,mixed_c40,2729,205038,223.7221,True,,40,read
memgraph,mixed_c40,2730,207048,234.3542,True,,40,read
memgraph,mixed_c40,2731,,217.4573,True,,40,write
memgraph,mixed_c40,2732,208138,222.9458,True,,40,read
memgraph,mixed_c40,2733,208159,214.9805,True,,40,read
memgraph,mixed_c40,2734,209058,224.4199,True,,40,read
memgraph,mixed_c40,2735,,225.162,True,,40,write
memgraph,mixed_c40,2736,210254,229.5155,True,,40,read
memgraph,mixed_c40,2737,302080,215.4292,True,,40,read
memgraph,mixed_c40,2738,9208245,229.8045,True,,40,read
memgraph,mixed_c40,2739,9304275,227.4303,True,,40,read
memgraph,mixed_c40,2740,9305258,226.0506,True,,40,read
memgraph,mixed_c40,2741,9306241,227.3854,True,,40,read
memgraph,mixed_c40,2742,9307320,209.7774,True,,40,read
memgraph,mixed_c40,2743,,219.094,True,,40,write
memgraph,mixed_c40,2744,9309273,208.6501,True,,40,read
memgraph,mixed_c40,2745,9309293,223.2677,True,,40,read
memgraph,mixed_c40,2746,9310213,221.5759,True,,40,read
memgraph,mixed_c40,2747,9311240,228.0489,True,,40,read
memgraph,mixed_c40,2748,9401244,240.0759,True,,40,read
memgraph,mixed_c40,2749,,225.7449,True,,40,write
memgraph,mixed_c40,2750,9403260,214.6969,True,,40,read
memgraph,mixed_c40,2751,,209.7916,True,,40,write
memgraph,mixed_c40,2752,,225.6604,True,,40,write
memgraph,mixed_c40,2753,9407278,225.7452,True,,40,read
memgraph,mixed_c40,2754,9407401,235.8231,True,,40,read
memgraph,mixed_c40,2755,9501227,239.2406,True,,40,read
memgraph,mixed_c40,2756,9501350,232.1557,True,,40,read
memgraph,mixed_c40,2757,9501376,234.7263,True,,40,read
memgraph,mixed_c40,2758,9502306,216.7687,True,,40,read
memgraph,mixed_c40,2759,9502360,223.8258,True,,40,read
memgraph,mixed_c40,2760,9503294,226.6801,True,,40,read
memgraph,mixed_c40,2761,9504347,210.4881,True,,40,read
memgraph,mixed_c40,2762,9505303,223.6046,True,,40,read
memgraph,mixed_c40,2763,9505310,223.445,True,,40,read
memgraph,mixed_c40,2764,9505324,222.5581,True,,40,read
memgraph,mixed_c40,2765,9508299,220.9481,True,,40,read
memgraph,mixed_c40,2766,9509349,223.7998,True,,40,read
memgraph,mixed_c40,2767,9603367,217.8095,True,,40,read
memgraph,mixed_c40,2768,,222.7512,True,,40,write
memgraph,mixed_c40,2769,9606252,227.6436,True,,40,read
memgraph,mixed_c40,2770,9609217,227.8296,True,,40,read
memgraph,mixed_c40,2771,9609470,217.7221,True,,40,read
memgraph,mixed_c40,2772,9610393,234.3438,True,,40,read
memgraph,mixed_c40,2773,9701246,226.396,True,,40,read
memgraph,mixed_c40,2774,9702270,223.4135,True,,40,read
memgraph,mixed_c40,2775,,227.1646,True,,40,write
memgraph,mixed_c40,2776,,214.2154,True,,40,write
memgraph,mixed_c40,2777,9703423,228.7533,True,,40,read
memgraph,mixed_c40,2778,9705262,228.8699,True,,40,read
memgraph,mixed_c40,2779,9706541,208.935,True,,40,read
memgraph,mixed_c40,2780,9707250,230.1542,True,,40,read
memgraph,mixed_c40,2781,9707282,232.9181,True,,40,read
memgraph,mixed_c40,2782,,228.6597,True,,40,write
memgraph,mixed_c40,2783,,215.7624,True,,40,write
memgraph,mixed_c40,2784,,232.7142,True,,40,write
memgraph,mixed_c40,2785,9711379,222.7713,True,,40,read
memgraph,mixed_c40,2786,9803439,219.4999,True,,40,read
memgraph,mixed_c40,2787,9804298,239.383,True,,40,read
memgraph,mixed_c40,2788,9804313,218.249,True,,40,read
memgraph,mixed_c40,2789,9804343,211.3441,True,,40,read
memgraph,mixed_c40,2790,9805465,226.9358,True,,40,read
memgraph,mixed_c40,2791,9809529,251.3473,True,,40,read
memgraph,mixed_c40,2792,9810418,238.3521,True,,40,read
memgraph,mixed_c40,2793,9811432,236.9124,True,,40,read
memgraph,mixed_c40,2794,9811469,228.5601,True,,40,read
memgraph,mixed_c40,2795,9812342,227.6712,True,,40,read
memgraph,mixed_c40,2796,9906506,239.2851,True,,40,read
memgraph,mixed_c40,2797,9907534,238.7532,True,,40,read
memgraph,mixed_c40,2798,,234.3006,True,,40,write
memgraph,mixed_c40,2799,9909512,237.0103,True,,40,read
memgraph,mixed_c40,2800,2106,235.298,True,,40,read
memgraph,mixed_c40,2801,6114,227.1632,True,,40,read
memgraph,mixed_c40,2802,6217,224.9754,True,,40,read
memgraph,mixed_c40,2803,7077,225.0372,True,,40,read
memgraph,mixed_c40,2804,7211,225.3293,True,,40,read
memgraph,mixed_c40,2805,7232,223.2905,True,,40,read
memgraph,mixed_c40,2806,9292,217.3576,True,,40,read
memgraph,mixed_c40,2807,10094,227.2746,True,,40,read
memgraph,mixed_c40,2808,10180,226.0162,True,,40,read
memgraph,mixed_c40,2809,12020,214.3666,True,,40,read
memgraph,mixed_c40,2810,,230.8843,True,,40,write
memgraph,mixed_c40,2811,102194,229.9802,True,,40,read
memgraph,mixed_c40,2812,102318,228.0852,True,,40,read
memgraph,mixed_c40,2813,104122,233.5685,True,,40,read
memgraph,mixed_c40,2814,104187,226.3304,True,,40,read
memgraph,mixed_c40,2815,105349,229.6049,True,,40,read
memgraph,mixed_c40,2816,,220.0707,True,,40,write
memgraph,mixed_c40,2817,,211.9482,True,,40,write
memgraph,mixed_c40,2818,107093,229.5078,True,,40,read
memgraph,mixed_c40,2819,,224.2285,True,,40,write
memgraph,mixed_c40,2820,108250,230.307,True,,40,read
memgraph,mixed_c40,2821,,210.8859,True,,40,write
memgraph,mixed_c40,2822,109073,235.659,True,,40,read
memgraph,mixed_c40,2823,110264,231.6588,True,,40,read
memgraph,mixed_c40,2824,110376,219.5695,True,,40,read
memgraph,mixed_c40,2825,201053,219.663,True,,40,read
memgraph,mixed_c40,2826,204096,216.3721,True,,40,read
memgraph,mixed_c40,2827,,209.0448,True,,40,write
memgraph,mixed_c40,2828,,215.3905,True,,40,write
memgraph,mixed_c40,2829,205038,239.5371,True,,40,read
memgraph,mixed_c40,2830,207048,225.3149,True,,40,read
memgraph,mixed_c40,2831,207227,242.4488,True,,40,read
memgraph,mixed_c40,2832,208138,226.6577,True,,40,read
memgraph,mixed_c40,2833,208159,220.9364,True,,40,read
memgraph,mixed_c40,2834,,216.9723,True,,40,write
memgraph,mixed_c40,2835,209108,209.0254,True,,40,read
memgraph,mixed_c40,2836,210254,219.9245,True,,40,read
memgraph,mixed_c40,2837,302080,216.0377,True,,40,read
memgraph,mixed_c40,2838,9208245,229.5718,True,,40,read
memgraph,mixed_c40,2839,,221.1084,True,,40,write
memgraph,mixed_c40,2840,9305258,222.2515,True,,40,read
memgraph,mixed_c40,2841,9306241,231.4637,True,,40,read
memgraph,mixed_c40,2842,,232.8579,True,,40,write
memgraph,mixed_c40,2843,,234.5451,True,,40,write
memgraph,mixed_c40,2844,9309273,219.9238,True,,40,read
memgraph,mixed_c40,2845,9309293,216.1378,True,,40,read
memgraph,mixed_c40,2846,9310213,220.9562,True,,40,read
memgraph,mixed_c40,2847,9311240,216.9411,True,,40,read
memgraph,mixed_c40,2848,,225.0634,True,,40,write
memgraph,mixed_c40,2849,9401326,220.7039,True,,40,read
memgraph,mixed_c40,2850,9403260,223.4967,True,,40,read
memgraph,mixed_c40,2851,9403269,223.0938,True,,40,read
memgraph,mixed_c40,2852,9407272,220.74,True,,40,read
memgraph,mixed_c40,2853,9407278,233.9731,True,,40,read
memgraph,mixed_c40,2854,9407401,223.6861,True,,40,read
memgraph,mixed_c40,2855,9501227,214.5853,True,,40,read
memgraph,mixed_c40,2856,9501350,211.7619,True,,40,read
memgraph,mixed_c40,2857,9501376,225.7073,True,,40,read
memgraph,mixed_c40,2858,9502306,207.4072,True,,40,read
memgraph,mixed_c40,2859,9502360,222.836,True,,40,read
memgraph,mixed_c40,2860,9503294,227.9889,True,,40,read
memgraph,mixed_c40,2861,,229.4045,True,,40,write
memgraph,mixed_c40,2862,,228.201,True,,40,write
memgraph,mixed_c40,2863,9505310,231.2779,True,,40,read
memgraph,mixed_c40,2864,9505324,216.4349,True,,40,read
memgraph,mixed_c40,2865,9508299,211.3538,True,,40,read
memgraph,mixed_c40,2866,9509349,220.286,True,,40,read
memgraph,mixed_c40,2867,9603367,220.0703,True,,40,read
memgraph,mixed_c40,2868,,215.4902,True,,40,write
memgraph,mixed_c40,2869,9606252,224.812,True,,40,read
memgraph,mixed_c40,2870,9609217,229.2733,True,,40,read
memgraph,mixed_c40,2871,,210.4444,True,,40,write
memgraph,mixed_c40,2872,,221.4742,True,,40,write
memgraph,mixed_c40,2873,,224.18,True,,40,write
memgraph,mixed_c40,2874,9702270,228.3411,True,,40,read
memgraph,mixed_c40,2875,9703209,218.1122,True,,40,read
memgraph,mixed_c40,2876,9703232,220.0172,True,,40,read
memgraph,mixed_c40,2877,9703423,223.5591,True,,40,read
memgraph,mixed_c40,2878,9705262,220.9047,True,,40,read
memgraph,mixed_c40,2879,,223.7764,True,,40,write
memgraph,mixed_c40,2880,,247.405,True,,40,write
memgraph,mixed_c40,2881,9707282,230.9827,True,,40,read
memgraph,mixed_c40,2882,9707295,218.3442,True,,40,read
memgraph,mixed_c40,2883,9710376,234.5137,True,,40,read
memgraph,mixed_c40,2884,9711261,242.6485,True,,40,read
memgraph,mixed_c40,2885,9711379,220.7765,True,,40,read
memgraph,mixed_c40,2886,9803439,238.7701,True,,40,read
memgraph,mixed_c40,2887,9804298,215.5516,True,,40,read
memgraph,mixed_c40,2888,9804313,222.0358,True,,40,read
memgraph,mixed_c40,2889,9804343,226.2482,True,,40,read
memgraph,mixed_c40,2890,,225.8346,True,,40,write
memgraph,mixed_c40,2891,9809529,226.7834,True,,40,read
memgraph,mixed_c40,2892,,223.0961,True,,40,write
memgraph,mixed_c40,2893,9811432,225.1643,True,,40,read
memgraph,mixed_c40,2894,9811469,234.6331,True,,40,read
memgraph,mixed_c40,2895,9812342,208.3733,True,,40,read
memgraph,mixed_c40,2896,9906506,215.7157,True,,40,read
memgraph,mixed_c40,2897,9907534,207.9093,True,,40,read
memgraph,mixed_c40,2898,9909234,224.8718,True,,40,read
memgraph,mixed_c40,2899,9909512,224.6196,True,,40,read
memgraph,mixed_c40,2900,2106,230.2801,True,,40,read
memgraph,mixed_c40,2901,6114,210.2579,True,,40,read
memgraph,mixed_c40,2902,6217,225.8834,True,,40,read
memgraph,mixed_c40,2903,7077,216.0747,True,,40,read
memgraph,mixed_c40,2904,7211,227.5852,True,,40,read
memgraph,mixed_c40,2905,7232,221.3293,True,,40,read
memgraph,mixed_c40,2906,,219.3945,True,,40,write
memgraph,mixed_c40,2907,10094,229.7356,True,,40,read
memgraph,mixed_c40,2908,10180,216.0256,True,,40,read
memgraph,mixed_c40,2909,12020,225.353,True,,40,read
memgraph,mixed_c40,2910,101328,210.253,True,,40,read
memgraph,mixed_c40,2911,102194,234.329,True,,40,read
memgraph,mixed_c40,2912,102318,222.6961,True,,40,read
memgraph,mixed_c40,2913,104122,225.3795,True,,40,read
memgraph,mixed_c40,2914,104187,225.3355,True,,40,read
memgraph,mixed_c40,2915,105349,221.4218,True,,40,read
memgraph,mixed_c40,2916,106261,224.6293,True,,40,read
memgraph,mixed_c40,2917,107028,221.2731,True,,40,read
memgraph,mixed_c40,2918,107093,220.3557,True,,40,read
memgraph,mixed_c40,2919,107295,224.1178,True,,40,read
memgraph,mixed_c40,2920,108250,221.4044,True,,40,read
memgraph,mixed_c40,2921,109054,215.4823,True,,40,read
memgraph,mixed_c40,2922,109073,220.727,True,,40,read
memgraph,mixed_c40,2923,110264,230.2461,True,,40,read
memgraph,mixed_c40,2924,110376,236.8624,True,,40,read
memgraph,mixed_c40,2925,201053,221.6488,True,,40,read
memgraph,mixed_c40,2926,204096,244.5767,True,,40,read
memgraph,mixed_c40,2927,,235.2761,True,,40,write
memgraph,mixed_c40,2928,204182,236.5417,True,,40,read
memgraph,mixed_c40,2929,205038,226.3187,True,,40,read
memgraph,mixed_c40,2930,207048,224.6971,True,,40,read
memgraph,mixed_c40,2931,207227,225.5562,True,,40,read
memgraph,mixed_c40,2932,208138,226.0752,True,,40,read
memgraph,mixed_c40,2933,208159,210.8942,True,,40,read
memgraph,mixed_c40,2934,209058,223.263,True,,40,read
memgraph,mixed_c40,2935,209108,216.3513,True,,40,read
memgraph,mixed_c40,2936,,207.2136,True,,40,write
memgraph,mixed_c40,2937,302080,234.2438,True,,40,read
memgraph,mixed_c40,2938,9208245,227.2299,True,,40,read
memgraph,mixed_c40,2939,,213.0229,True,,40,write
memgraph,mixed_c40,2940,9305258,226.7264,True,,40,read
memgraph,mixed_c40,2941,9306241,217.4427,True,,40,read
memgraph,mixed_c40,2942,9307320,228.3456,True,,40,read
memgraph,mixed_c40,2943,9309220,227.8609,True,,40,read
memgraph,mixed_c40,2944,9309273,218.3926,True,,40,read
memgraph,mixed_c40,2945,9309293,220.8318,True,,40,read
memgraph,mixed_c40,2946,,214.309,True,,40,write
memgraph,mixed_c40,2947,9311240,228.345,True,,40,read
memgraph,mixed_c40,2948,9401244,227.2279,True,,40,read
memgraph,mixed_c40,2949,9401326,212.6786,True,,40,read
memgraph,mixed_c40,2950,9403260,226.002,True,,40,read
memgraph,mixed_c40,2951,9403269,217.0643,True,,40,read
memgraph,mixed_c40,2952,,223.7761,True,,40,write
memgraph,mixed_c40,2953,,230.9783,True,,40,write
memgraph,mixed_c40,2954,9407401,221.6563,True,,40,read
memgraph,mixed_c40,2955,9501227,221.3878,True,,40,read
memgraph,mixed_c40,2956,9501350,225.4529,True,,40,read
memgraph,mixed_c40,2957,9501376,224.2629,True,,40,read
memgraph,mixed_c40,2958,,221.1403,True,,40,write
memgraph,mixed_c40,2959,,218.6406,True,,40,write
memgraph,mixed_c40,2960,9503294,218.7877,True,,40,read
memgraph,mixed_c40,2961,9504347,222.5596,True,,40,read
memgraph,mixed_c40,2962,9505303,221.7058,True,,40,read
memgraph,mixed_c40,2963,9505310,230.0331,True,,40,read
memgraph,mixed_c40,2964,9505324,222.0102,True,,40,read
memgraph,mixed_c40,2965,9508299,235.1614,True,,40,read
memgraph,mixed_c40,2966,9509349,223.1382,True,,40,read
memgraph,mixed_c40,2967,9603367,234.8089,True,,40,read
memgraph,mixed_c40,2968,,225.6159,True,,40,write
memgraph,mixed_c40,2969,9606252,234.4436,True,,40,read
memgraph,mixed_c40,2970,9609217,225.1427,True,,40,read
memgraph,mixed_c40,2971,9609470,209.4,True,,40,read
memgraph,mixed_c40,2972,9610393,245.0765,True,,40,read
memgraph,mixed_c40,2973,9701246,222.1478,True,,40,read
memgraph,mixed_c40,2974,9702270,207.1207,True,,40,read
memgraph,mixed_c40,2975,9703209,213.0098,True,,40,read
memgraph,mixed_c40,2976,9703232,225.2614,True,,40,read
memgraph,mixed_c40,2977,,234.9986,True,,40,write
memgraph,mixed_c40,2978,9705262,226.8944,True,,40,read
memgraph,mixed_c40,2979,9706541,210.6901,True,,40,read
memgraph,mixed_c40,2980,,215.907,True,,40,write
memgraph,mixed_c40,2981,9707282,225.5301,True,,40,read
memgraph,mixed_c40,2982,,215.7058,True,,40,write
memgraph,mixed_c40,2983,9710376,217.0386,True,,40,read
memgraph,mixed_c40,2984,9711261,221.8359,True,,40,read
memgraph,mixed_c40,2985,9711379,228.258,True,,40,read
memgraph,mixed_c40,2986,9803439,230.5672,True,,40,read
memgraph,mixed_c40,2987,9804298,228.0406,True,,40,read
memgraph,mixed_c40,2988,9804313,230.3528,True,,40,read
memgraph,mixed_c40,2989,9804343,209.3154,True,,40,read
memgraph,mixed_c40,2990,9805465,226.8834,True,,40,read
memgraph,mixed_c40,2991,,218.7716,True,,40,write
memgraph,mixed_c40,2992,9810418,227.0678,True,,40,read
memgraph,mixed_c40,2993,,220.1359,True,,40,write
memgraph,mixed_c40,2994,9811469,221.2839,True,,40,read
memgraph,mixed_c40,2995,9812342,222.524,True,,40,read
memgraph,mixed_c40,2996,9906506,217.1725,True,,40,read
memgraph,mixed_c40,2997,9907534,228.3303,True,,40,read
memgraph,mixed_c40,2998,9909234,221.5283,True,,40,read
memgraph,mixed_c40,2999,9909512,222.6779,True,,40,read
memgraph,mixed_c40,3000,2106,226.0192,True,,40,read
memgraph,mixed_c40,3001,6114,224.7055,True,,40,read
memgraph,mixed_c40,3002,6217,221.0906,True,,40,read
memgraph,mixed_c40,3003,,221.8007,True,,40,write
memgraph,mixed_c40,3004,7211,230.4565,True,,40,read
memgraph,mixed_c40,3005,7232,211.8386,True,,40,read
memgraph,mixed_c40,3006,,226.0014,True,,40,write
memgraph,mixed_c40,3007,10094,211.5363,True,,40,read
memgraph,mixed_c40,3008,10180,223.4295,True,,40,read
memgraph,mixed_c40,3009,12020,234.2226,True,,40,read
memgraph,mixed_c40,3010,101328,224.9171,True,,40,read
memgraph,mixed_c40,3011,102194,224.4326,True,,40,read
memgraph,mixed_c40,3012,102318,214.1847,True,,40,read
memgraph,mixed_c40,3013,104122,233.5372,True,,40,read
memgraph,mixed_c40,3014,104187,234.1455,True,,40,read
memgraph,mixed_c40,3015,105349,225.2618,True,,40,read
memgraph,mixed_c40,3016,106261,241.9691,True,,40,read
memgraph,mixed_c40,3017,,214.9752,True,,40,write
memgraph,mixed_c40,3018,107093,225.733,True,,40,read
memgraph,mixed_c40,3019,107295,233.7534,True,,40,read
memgraph,mixed_c40,3020,108250,217.636,True,,40,read
memgraph,mixed_c40,3021,109054,215.0238,True,,40,read
memgraph,mixed_c40,3022,,225.515,True,,40,write
memgraph,mixed_c40,3023,110264,218.6548,True,,40,read
memgraph,mixed_c40,3024,110376,219.8806,True,,40,read
memgraph,mixed_c40,3025,201053,227.3582,True,,40,read
memgraph,mixed_c40,3026,204096,216.1029,True,,40,read
memgraph,mixed_c40,3027,204176,227.7769,True,,40,read
memgraph,mixed_c40,3028,204182,227.7408,True,,40,read
memgraph,mixed_c40,3029,205038,228.6629,True,,40,read
memgraph,mixed_c40,3030,207048,217.8308,True,,40,read
memgraph,mixed_c40,3031,,226.2777,True,,40,write
memgraph,mixed_c40,3032,208138,219.5654,True,,40,read
memgraph,mixed_c40,3033,208159,222.2401,True,,40,read
memgraph,mixed_c40,3034,209058,216.7202,True,,40,read
memgraph,mixed_c40,3035,,222.3396,True,,40,write
memgraph,mixed_c40,3036,210254,221.2856,True,,40,read
memgraph,mixed_c40,3037,302080,221.9326,True,,40,read
memgraph,mixed_c40,3038,9208245,225.0441,True,,40,read
memgraph,mixed_c40,3039,9304275,226.3213,True,,40,read
memgraph,mixed_c40,3040,9305258,229.8278,True,,40,read
memgraph,mixed_c40,3041,9306241,224.8672,True,,40,read
memgraph,mixed_c40,3042,9307320,220.2213,True,,40,read
memgraph,mixed_c40,3043,9309220,221.7804,True,,40,read
memgraph,mixed_c40,3044,9309273,208.7894,True,,40,read
memgraph,mixed_c40,3045,9309293,206.4276,True,,40,read
memgraph,mixed_c40,3046,9310213,228.9433,True,,40,read
memgraph,mixed_c40,3047,9311240,223.0242,True,,40,read
memgraph,mixed_c40,3048,9401244,214.4696,True,,40,read
memgraph,mixed_c40,3049,,225.442,True,,40,write
memgraph,mixed_c40,3050,,225.882,True,,40,write
memgraph,mixed_c40,3051,9403269,222.52,True,,40,read
memgraph,mixed_c40,3052,,236.2211,True,,40,write
memgraph,mixed_c40,3053,9407278,232.671,True,,40,read
memgraph,mixed_c40,3054,,237.3228,True,,40,write
memgraph,mixed_c40,3055,9501227,223.2558,True,,40,read
memgraph,mixed_c40,3056,9501350,209.5635,True,,40,read
memgraph,mixed_c40,3057,9501376,241.1044,True,,40,read
memgraph,mixed_c40,3058,9502306,224.969,True,,40,read
memgraph,mixed_c40,3059,9502360,218.3171,True,,40,read
memgraph,mixed_c40,3060,9503294,217.692,True,,40,read
memgraph,mixed_c40,3061,9504347,241.8117,True,,40,read
memgraph,mixed_c40,3062,9505303,222.3038,True,,40,read
memgraph,mixed_c40,3063,9505310,230.3838,True,,40,read
memgraph,mixed_c40,3064,,228.4725,True,,40,write
memgraph,mixed_c40,3065,,219.3735,True,,40,write
memgraph,mixed_c40,3066,9509349,228.3218,True,,40,read
memgraph,mixed_c40,3067,9603367,228.6916,True,,40,read
memgraph,mixed_c40,3068,9603420,228.9159,True,,40,read
memgraph,mixed_c40,3069,9606252,228.6568,True,,40,read
memgraph,mixed_c40,3070,9609217,218.5496,True,,40,read
memgraph,mixed_c40,3071,9609470,226.0158,True,,40,read
memgraph,mixed_c40,3072,,216.7161,True,,40,write
memgraph,mixed_c40,3073,9701246,216.5489,True,,40,read
memgraph,mixed_c40,3074,,220.3267,True,,40,write
memgraph,mixed_c40,3075,,222.0804,True,,40,write
memgraph,mixed_c40,3076,,222.4281,True,,40,write
memgraph,mixed_c40,3077,9703423,219.8914,True,,40,read
memgraph,mixed_c40,3078,,220.6557,True,,40,write
memgraph,mixed_c40,3079,9706541,221.5433,True,,40,read
memgraph,mixed_c40,3080,9707250,227.2424,True,,40,read
memgraph,mixed_c40,3081,9707282,223.8233,True,,40,read
memgraph,mixed_c40,3082,9707295,207.5311,True,,40,read
memgraph,mixed_c40,3083,9710376,233.6207,True,,40,read
memgraph,mixed_c40,3084,9711261,210.0718,True,,40,read
memgraph,mixed_c40,3085,9711379,222.7625,True,,40,read
memgraph,mixed_c40,3086,9803439,215.2754,True,,40,read
memgraph,mixed_c40,3087,,224.8778,True,,40,write
memgraph,mixed_c40,3088,9804313,232.0059,True,,40,read
memgraph,mixed_c40,3089,9804343,226.3394,True,,40,read
memgraph,mixed_c40,3090,9805465,222.2409,True,,40,read
memgraph,mixed_c40,3091,9809529,223.9168,True,,40,read
memgraph,mixed_c40,3092,9810418,235.5484,True,,40,read
memgraph,mixed_c40,3093,9811432,225.4197,True,,40,read
memgraph,mixed_c40,3094,9811469,209.6548,True,,40,read
memgraph,mixed_c40,3095,9812342,235.3835,True,,40,read
memgraph,mixed_c40,3096,9906506,237.475,True,,40,read
memgraph,mixed_c40,3097,9907534,218.6123,True,,40,read
memgraph,mixed_c40,3098,9909234,228.2743,True,,40,read
memgraph,mixed_c40,3099,9909512,242.2335,True,,40,read
memgraph,mixed_c40,3100,2106,215.4653,True,,40,read
memgraph,mixed_c40,3101,6114,220.0148,True,,40,read
memgraph,mixed_c40,3102,6217,226.4713,True,,40,read
memgraph,mixed_c40,3103,7077,213.3478,True,,40,read
memgraph,mixed_c40,3104,7211,219.4144,True,,40,read
memgraph,mixed_c40,3105,,234.9208,True,,40,write
memgraph,mixed_c40,3106,9292,233.5206,True,,40,read
memgraph,mixed_c40,3107,,227.5077,True,,40,write
memgraph,mixed_c40,3108,10180,229.4881,True,,40,read
memgraph,mixed_c40,3109,12020,228.6414,True,,40,read
memgraph,mixed_c40,3110,101328,217.2198,True,,40,read
memgraph,mixed_c40,3111,102194,227.583,True,,40,read
memgraph,mixed_c40,3112,102318,220.107,True,,40,read
memgraph,mixed_c40,3113,104122,217.0659,True,,40,read
memgraph,mixed_c40,3114,104187,222.252,True,,40,read
memgraph,mixed_c40,3115,105349,225.9257,True,,40,read
memgraph,mixed_c40,3116,106261,218.1818,True,,40,read
memgraph,mixed_c40,3117,,221.7177,True,,40,write
memgraph,mixed_c40,3118,,207.7223,True,,40,write
memgraph,mixed_c40,3119,107295,222.3036,True,,40,read
memgraph,mixed_c40,3120,108250,221.6921,True,,40,read
memgraph,mixed_c40,3121,109054,208.617,True,,40,read
memgraph,mixed_c40,3122,,222.5366,True,,40,write
memgraph,mixed_c40,3123,110264,227.7387,True,,40,read
memgraph,mixed_c40,3124,110376,229.0449,True,,40,read
memgraph,mixed_c40,3125,201053,220.0843,True,,40,read
memgraph,mixed_c40,3126,204096,214.9032,True,,40,read
memgraph,mixed_c40,3127,204176,225.6645,True,,40,read
memgraph,mixed_c40,3128,204182,221.9416,True,,40,read
memgraph,mixed_c40,3129,205038,230.4723,True,,40,read
memgraph,mixed_c40,3130,207048,225.1637,True,,40,read
memgraph,mixed_c40,3131,207227,226.2282,True,,40,read
memgraph,mixed_c40,3132,208138,209.9846,True,,40,read
memgraph,mixed_c40,3133,208159,224.9476,True,,40,read
memgraph,mixed_c40,3134,209058,239.3921,True,,40,read
memgraph,mixed_c40,3135,209108,238.9021,True,,40,read
memgraph,mixed_c40,3136,,238.9452,True,,40,write
memgraph,mixed_c40,3137,,226.9486,True,,40,write
memgraph,mixed_c40,3138,9208245,220.0021,True,,40,read
memgraph,mixed_c40,3139,9304275,230.3406,True,,40,read
memgraph,mixed_c40,3140,9305258,222.1005,True,,40,read
memgraph,mixed_c40,3141,,212.264,True,,40,write
memgraph,mixed_c40,3142,9307320,240.9285,True,,40,read
memgraph,mixed_c40,3143,9309220,217.872,True,,40,read
memgraph,mixed_c40,3144,9309273,224.034,True,,40,read
memgraph,mixed_c40,3145,9309293,234.0386,True,,40,read
memgraph,mixed_c40,3146,9310213,226.4107,True,,40,read
memgraph,mixed_c40,3147,9311240,229.3821,True,,40,read
memgraph,mixed_c40,3148,9401244,227.4228,True,,40,read
memgraph,mixed_c40,3149,9401326,218.9397,True,,40,read
memgraph,mixed_c40,3150,,228.6418,True,,40,write
memgraph,mixed_c40,3151,,217.2318,True,,40,write
memgraph,mixed_c40,3152,9407272,217.9592,True,,40,read
memgraph,mixed_c40,3153,9407278,212.8156,True,,40,read
memgraph,mixed_c40,3154,9407401,226.595,True,,40,read
memgraph,mixed_c40,3155,9501227,221.3661,True,,40,read
memgraph,mixed_c40,3156,9501350,219.9681,True,,40,read
memgraph,mixed_c40,3157,9501376,207.8497,True,,40,read
memgraph,mixed_c40,3158,9502306,223.0203,True,,40,read
memgraph,mixed_c40,3159,9502360,229.1782,True,,40,read
memgraph,mixed_c40,3160,9503294,224.916,True,,40,read
memgraph,mixed_c40,3161,9504347,221.9056,True,,40,read
memgraph,mixed_c40,3162,,221.884,True,,40,write
memgraph,mixed_c40,3163,9505310,227.3722,True,,40,read
memgraph,mixed_c40,3164,9505324,219.5105,True,,40,read
memgraph,mixed_c40,3165,9508299,215.0651,True,,40,read
memgraph,mixed_c40,3166,9509349,229.3652,True,,40,read
memgraph,mixed_c40,3167,9603367,223.96,True,,40,read
memgraph,mixed_c40,3168,9603420,208.4238,True,,40,read
memgraph,mixed_c40,3169,9606252,224.6371,True,,40,read
memgraph,mixed_c40,3170,9609217,226.0787,True,,40,read
memgraph,mixed_c40,3171,9609470,226.9001,True,,40,read
memgraph,mixed_c40,3172,9610393,230.248,True,,40,read
memgraph,mixed_c40,3173,9701246,223.5946,True,,40,read
memgraph,mixed_c40,3174,,215.4102,True,,40,write
memgraph,mixed_c40,3175,9703209,232.6214,True,,40,read
memgraph,mixed_c40,3176,9703232,234.5878,True,,40,read
memgraph,mixed_c40,3177,9703423,218.0886,True,,40,read
memgraph,mixed_c40,3178,9705262,235.6385,True,,40,read
memgraph,mixed_c40,3179,9706541,210.9279,True,,40,read
memgraph,mixed_c40,3180,9707250,221.7609,True,,40,read
memgraph,mixed_c40,3181,9707282,225.5746,True,,40,read
memgraph,mixed_c40,3182,9707295,218.8312,True,,40,read
memgraph,mixed_c40,3183,,224.0881,True,,40,write
memgraph,mixed_c40,3184,9711261,240.8554,True,,40,read
memgraph,mixed_c40,3185,,234.452,True,,40,write
memgraph,mixed_c40,3186,9803439,227.1431,True,,40,read
memgraph,mixed_c40,3187,9804298,230.3053,True,,40,read
memgraph,mixed_c40,3188,9804313,217.6318,True,,40,read
memgraph,mixed_c40,3189,9804343,230.7727,True,,40,read
memgraph,mixed_c40,3190,9805465,229.79,True,,40,read
memgraph,mixed_c40,3191,9809529,218.685,True,,40,read
memgraph,mixed_c40,3192,9810418,207.3792,True,,40,read
memgraph,mixed_c40,3193,9811432,218.0459,True,,40,read
memgraph,mixed_c40,3194,9811469,206.3785,True,,40,read
memgraph,mixed_c40,3195,9812342,221.4462,True,,40,read
memgraph,mixed_c40,3196,,224.6337,True,,40,write
memgraph,mixed_c40,3197,,222.0808,True,,40,write
memgraph,mixed_c40,3198,9909234,223.3951,True,,40,read
memgraph,mixed_c40,3199,9909512,221.8928,True,,40,read
memgraph,mixed_c40,3200,2106,220.1401,True,,40,read
memgraph,mixed_c40,3201,6114,222.4921,True,,40,read
memgraph,mixed_c40,3202,6217,226.335,True,,40,read
memgraph,mixed_c40,3203,7077,218.4295,True,,40,read
memgraph,mixed_c40,3204,7211,222.5898,True,,40,read
memgraph,mixed_c40,3205,7232,227.2949,True,,40,read
memgraph,mixed_c40,3206,9292,228.668,True,,40,read
memgraph,mixed_c40,3207,,209.7821,True,,40,write
memgraph,mixed_c40,3208,10180,228.9225,True,,40,read
memgraph,mixed_c40,3209,12020,225.2424,True,,40,read
memgraph,mixed_c40,3210,101328,224.1828,True,,40,read
memgraph,mixed_c40,3211,102194,224.9947,True,,40,read
memgraph,mixed_c40,3212,102318,231.2028,True,,40,read
memgraph,mixed_c40,3213,,224.201,True,,40,write
memgraph,mixed_c40,3214,104187,215.2518,True,,40,read
memgraph,mixed_c40,3215,,216.8233,True,,40,write
memgraph,mixed_c40,3216,106261,211.6014,True,,40,read
memgraph,mixed_c40,3217,107028,237.5485,True,,40,read
memgraph,mixed_c40,3218,107093,239.6603,True,,40,read
memgraph,mixed_c40,3219,,220.5516,True,,40,write
memgraph,mixed_c40,3220,108250,227.3974,True,,40,read
memgraph,mixed_c40,3221,109054,227.1551,True,,40,read
memgraph,mixed_c40,3222,109073,235.0509,True,,40,read
memgraph,mixed_c40,3223,,224.7665,True,,40,write
memgraph,mixed_c40,3224,110376,249.9521,True,,40,read
memgraph,mixed_c40,3225,201053,218.0656,True,,40,read
memgraph,mixed_c40,3226,204096,233.7343,True,,40,read
memgraph,mixed_c40,3227,204176,242.9105,True,,40,read
memgraph,mixed_c40,3228,204182,210.6497,True,,40,read
memgraph,mixed_c40,3229,205038,232.2314,True,,40,read
memgraph,mixed_c40,3230,207048,208.45,True,,40,read
memgraph,mixed_c40,3231,,236.6032,True,,40,write
memgraph,mixed_c40,3232,208138,221.5126,True,,40,read
memgraph,mixed_c40,3233,208159,231.3113,True,,40,read
memgraph,mixed_c40,3234,209058,231.7808,True,,40,read
memgraph,mixed_c40,3235,209108,223.7261,True,,40,read
memgraph,mixed_c40,3236,210254,219.4523,True,,40,read
memgraph,mixed_c40,3237,302080,224.3827,True,,40,read
memgraph,mixed_c40,3238,9208245,222.552,True,,40,read
memgraph,mixed_c40,3239,9304275,221.7052,True,,40,read
memgraph,mixed_c40,3240,9305258,220.1041,True,,40,read
memgraph,mixed_c40,3241,9306241,225.3192,True,,40,read
memgraph,mixed_c40,3242,9307320,218.4499,True,,40,read
memgraph,mixed_c40,3243,,228.9682,True,,40,write
memgraph,mixed_c40,3244,9309273,221.3686,True,,40,read
memgraph,mixed_c40,3245,,211.3209,True,,40,write
memgraph,mixed_c40,3246,9310213,227.6135,True,,40,read
memgraph,mixed_c40,3247,,229.3535,True,,40,write
memgraph,mixed_c40,3248,9401244,224.3696,True,,40,read
memgraph,mixed_c40,3249,,223.442,True,,40,write
memgraph,mixed_c40,3250,9403260,222.9039,True,,40,read
memgraph,mixed_c40,3251,9403269,227.116,True,,40,read
memgraph,mixed_c40,3252,9407272,233.8466,True,,40,read
memgraph,mixed_c40,3253,,226.4568,True,,40,write
memgraph,mixed_c40,3254,9407401,217.9747,True,,40,read
memgraph,mixed_c40,3255,9501227,211.6681,True,,40,read
memgraph,mixed_c40,3256,9501350,217.5833,True,,40,read
memgraph,mixed_c40,3257,9501376,220.3103,True,,40,read
memgraph,mixed_c40,3258,,234.3308,True,,40,write
memgraph,mixed_c40,3259,9502360,226.3051,True,,40,read
memgraph,mixed_c40,3260,9503294,221.4463,True,,40,read
memgraph,mixed_c40,3261,,235.2609,True,,40,write
memgraph,mixed_c40,3262,9505303,238.1747,True,,40,read
memgraph,mixed_c40,3263,9505310,226.3,True,,40,read
memgraph,mixed_c40,3264,9505324,221.8902,True,,40,read
memgraph,mixed_c40,3265,9508299,211.5014,True,,40,read
memgraph,mixed_c40,3266,9509349,208.6306,True,,40,read
memgraph,mixed_c40,3267,9603367,228.4341,True,,40,read
memgraph,mixed_c40,3268,9603420,216.3343,True,,40,read
memgraph,mixed_c40,3269,,229.9,True,,40,write
memgraph,mixed_c40,3270,9609217,243.1685,True,,40,read
memgraph,mixed_c40,3271,9609470,238.0975,True,,40,read
memgraph,mixed_c40,3272,9610393,223.5304,True,,40,read
memgraph,mixed_c40,3273,9701246,236.0559,True,,40,read
memgraph,mixed_c40,3274,,232.7478,True,,40,write
memgraph,mixed_c40,3275,9703209,223.6502,True,,40,read
memgraph,mixed_c40,3276,9703232,224.0875,True,,40,read
memgraph,mixed_c40,3277,9703423,227.2845,True,,40,read
memgraph,mixed_c40,3278,9705262,220.6999,True,,40,read
memgraph,mixed_c40,3279,9706541,221.8571,True,,40,read
memgraph,mixed_c40,3280,9707250,225.0542,True,,40,read
memgraph,mixed_c40,3281,9707282,222.502,True,,40,read
memgraph,mixed_c40,3282,9707295,218.2724,True,,40,read
memgraph,mixed_c40,3283,,211.0207,True,,40,write
memgraph,mixed_c40,3284,9711261,220.9862,True,,40,read
memgraph,mixed_c40,3285,9711379,224.7161,True,,40,read
memgraph,mixed_c40,3286,,225.6443,True,,40,write
memgraph,mixed_c40,3287,,229.2617,True,,40,write
memgraph,mixed_c40,3288,9804313,224.9804,True,,40,read
memgraph,mixed_c40,3289,9804343,222.5681,True,,40,read
memgraph,mixed_c40,3290,9805465,224.3687,True,,40,read
memgraph,mixed_c40,3291,9809529,226.504,True,,40,read
memgraph,mixed_c40,3292,9810418,216.8469,True,,40,read
memgraph,mixed_c40,3293,9811432,214.3302,True,,40,read
memgraph,mixed_c40,3294,9811469,229.6732,True,,40,read
memgraph,mixed_c40,3295,9812342,231.7088,True,,40,read
memgraph,mixed_c40,3296,9906506,216.5227,True,,40,read
memgraph,mixed_c40,3297,9907534,221.3241,True,,40,read
memgraph,mixed_c40,3298,9909234,221.0532,True,,40,read
memgraph,mixed_c40,3299,9909512,230.4393,True,,40,read
memgraph,mixed_c40,3300,2106,232.412,True,,40,read
memgraph,mixed_c40,3301,6114,235.4036,True,,40,read
memgraph,mixed_c40,3302,6217,224.6531,True,,40,read
memgraph,mixed_c40,3303,7077,210.9794,True,,40,read
memgraph,mixed_c40,3304,7211,211.229,True,,40,read
memgraph,mixed_c40,3305,7232,238.7915,True,,40,read
memgraph,mixed_c40,3306,9292,216.7377,True,,40,read
memgraph,mixed_c40,3307,10094,217.5767,True,,40,read
memgraph,mixed_c40,3308,10180,227.7309,True,,40,read
memgraph,mixed_c40,3309,,230.1209,True,,40,write
memgraph,mixed_c40,3310,101328,216.7957,True,,40,read
memgraph,mixed_c40,3311,,218.4251,True,,40,write
memgraph,mixed_c40,3312,102318,220.6502,True,,40,read
memgraph,mixed_c40,3313,104122,236.1339,True,,40,read
memgraph,mixed_c40,3314,104187,233.7498,True,,40,read
memgraph,mixed_c40,3315,,229.1303,True,,40,write
memgraph,mixed_c40,3316,106261,240.2957,True,,40,read
memgraph,mixed_c40,3317,107028,219.9303,True,,40,read
memgraph,mixed_c40,3318,107093,228.823,True,,40,read
memgraph,mixed_c40,3319,107295,225.1369,True,,40,read
memgraph,mixed_c40,3320,108250,209.5394,True,,40,read
memgraph,mixed_c40,3321,,222.0531,True,,40,write
memgraph,mixed_c40,3322,109073,214.858,True,,40,read
memgraph,mixed_c40,3323,,223.9352,True,,40,write
memgraph,mixed_c40,3324,,220.734,True,,40,write
memgraph,mixed_c40,3325,,221.629,True,,40,write
memgraph,mixed_c40,3326,204096,225.391,True,,40,read
memgraph,mixed_c40,3327,204176,230.6548,True,,40,read
memgraph,mixed_c40,3328,204182,222.2058,True,,40,read
memgraph,mixed_c40,3329,205038,224.1988,True,,40,read
memgraph,mixed_c40,3330,207048,225.2742,True,,40,read
memgraph,mixed_c40,3331,207227,224.493,True,,40,read
memgraph,mixed_c40,3332,208138,210.0305,True,,40,read
memgraph,mixed_c40,3333,208159,215.5536,True,,40,read
memgraph,mixed_c40,3334,,217.7273,True,,40,write
memgraph,mixed_c40,3335,209108,223.8025,True,,40,read
memgraph,mixed_c40,3336,210254,229.5379,True,,40,read
memgraph,mixed_c40,3337,302080,218.6905,True,,40,read
memgraph,mixed_c40,3338,9208245,221.5243,True,,40,read
memgraph,mixed_c40,3339,9304275,226.0009,True,,40,read
memgraph,mixed_c40,3340,,211.1102,True,,40,write
memgraph,mixed_c40,3341,9306241,208.1272,True,,40,read
memgraph,mixed_c40,3342,9307320,233.9423,True,,40,read
memgraph,mixed_c40,3343,9309220,223.1857,True,,40,read
memgraph,mixed_c40,3344,9309273,218.5058,True,,40,read
memgraph,mixed_c40,3345,9309293,246.1386,True,,40,read
memgraph,mixed_c40,3346,9310213,238.4173,True,,40,read
memgraph,mixed_c40,3347,9311240,216.1152,True,,40,read
memgraph,mixed_c40,3348,,218.4946,True,,40,write
memgraph,mixed_c40,3349,9401326,230.5581,True,,40,read
memgraph,mixed_c40,3350,,220.6665,True,,40,write
memgraph,mixed_c40,3351,9403269,227.7003,True,,40,read
memgraph,mixed_c40,3352,,220.5279,True,,40,write
memgraph,mixed_c40,3353,9407278,214.8009,True,,40,read
memgraph,mixed_c40,3354,9407401,221.7325,True,,40,read
memgraph,mixed_c40,3355,9501227,214.1106,True,,40,read
memgraph,mixed_c40,3356,,228.7717,True,,40,write
memgraph,mixed_c40,3357,9501376,218.6693,True,,40,read
memgraph,mixed_c40,3358,,220.9751,True,,40,write
memgraph,mixed_c40,3359,9502360,224.9288,True,,40,read
memgraph,mixed_c40,3360,9503294,227.6364,True,,40,read
memgraph,mixed_c40,3361,9504347,232.5603,True,,40,read
memgraph,mixed_c40,3362,,221.134,True,,40,write
memgraph,mixed_c40,3363,,244.2457,True,,40,write
memgraph,mixed_c40,3364,9505324,223.0125,True,,40,read
memgraph,mixed_c40,3365,9508299,222.5127,True,,40,read
memgraph,mixed_c40,3366,,226.6489,True,,40,write
memgraph,mixed_c40,3367,,223.263,True,,40,write
memgraph,mixed_c40,3368,9603420,225.562,True,,40,read
memgraph,mixed_c40,3369,9606252,229.6752,True,,40,read
memgraph,mixed_c40,3370,,210.4183,True,,40,write
memgraph,mixed_c40,3371,9609470,225.5127,True,,40,read
memgraph,mixed_c40,3372,9610393,214.4202,True,,40,read
memgraph,mixed_c40,3373,9701246,224.5074,True,,40,read
memgraph,mixed_c40,3374,9702270,216.3776,True,,40,read
memgraph,mixed_c40,3375,,225.4854,True,,40,write
memgraph,mixed_c40,3376,9703232,228.8386,True,,40,read
memgraph,mixed_c40,3377,9703423,219.12,True,,40,read
memgraph,mixed_c40,3378,9705262,222.8295,True,,40,read
memgraph,mixed_c40,3379,9706541,207.4578,True,,40,read
memgraph,mixed_c40,3380,,208.3008,True,,40,write
memgraph,mixed_c40,3381,,226.8146,True,,40,write
memgraph,mixed_c40,3382,9707295,224.3929,True,,40,read
memgraph,mixed_c40,3383,9710376,220.4466,True,,40,read
memgraph,mixed_c40,3384,9711261,233.3908,True,,40,read
memgraph,mixed_c40,3385,,217.7738,True,,40,write
memgraph,mixed_c40,3386,9803439,236.9268,True,,40,read
memgraph,mixed_c40,3387,9804298,237.9054,True,,40,read
memgraph,mixed_c40,3388,,218.5762,True,,40,write
memgraph,mixed_c40,3389,9804343,221.1166,True,,40,read
memgraph,mixed_c40,3390,9805465,210.7504,True,,40,read
memgraph,mixed_c40,3391,9809529,232.1701,True,,40,read
memgraph,mixed_c40,3392,,223.163,True,,40,write
memgraph,mixed_c40,3393,9811432,216.3313,True,,40,read
memgraph,mixed_c40,3394,,228.9971,True,,40,write
memgraph,mixed_c40,3395,9812342,225.0971,True,,40,read
memgraph,mixed_c40,3396,9906506,220.4224,True,,40,read
memgraph,mixed_c40,3397,9907534,220.4093,True,,40,read
memgraph,mixed_c40,3398,9909234,226.8645,True,,40,read
memgraph,mixed_c40,3399,9909512,226.9956,True,,40,read
memgraph,mixed_c40,3400,2106,223.1839,True,,40,read
memgraph,mixed_c40,3401,6114,228.8514,True,,40,read
memgraph,mixed_c40,3402,6217,231.8163,True,,40,read
memgraph,mixed_c40,3403,7077,223.5261,True,,40,read
memgraph,mixed_c40,3404,7211,221.8813,True,,40,read
memgraph,mixed_c40,3405,,241.4892,True,,40,write
memgraph,mixed_c40,3406,9292,228.6183,True,,40,read
memgraph,mixed_c40,3407,10094,210.5959,True,,40,read
memgraph,mixed_c40,3408,10180,221.9673,True,,40,read
memgraph,mixed_c40,3409,12020,216.0904,True,,40,read
memgraph,mixed_c40,3410,101328,224.1755,True,,40,read
memgraph,mixed_c40,3411,102194,235.9536,True,,40,read
memgraph,mixed_c40,3412,102318,224.1643,True,,40,read
memgraph,mixed_c40,3413,104122,216.6366,True,,40,read
memgraph,mixed_c40,3414,104187,225.7388,True,,40,read
memgraph,mixed_c40,3415,105349,232.1002,True,,40,read
memgraph,mixed_c40,3416,106261,218.9583,True,,40,read
memgraph,mixed_c40,3417,107028,228.6481,True,,40,read
memgraph,mixed_c40,3418,107093,208.197,True,,40,read
memgraph,mixed_c40,3419,,211.1451,True,,40,write
memgraph,mixed_c40,3420,108250,219.6953,True,,40,read
memgraph,mixed_c40,3421,,233.0819,True,,40,write
memgraph,mixed_c40,3422,109073,218.9034,True,,40,read
memgraph,mixed_c40,3423,110264,232.0437,True,,40,read
memgraph,mixed_c40,3424,110376,223.7267,True,,40,read
memgraph,mixed_c40,3425,201053,234.9909,True,,40,read
memgraph,mixed_c40,3426,204096,221.0262,True,,40,read
memgraph,mixed_c40,3427,204176,215.107,True,,40,read
memgraph,mixed_c40,3428,204182,234.5396,True,,40,read
memgraph,mixed_c40,3429,205038,221.0029,True,,40,read
memgraph,mixed_c40,3430,207048,220.4132,True,,40,read
memgraph,mixed_c40,3431,207227,236.527,True,,40,read
memgraph,mixed_c40,3432,208138,219.9736,True,,40,read
memgraph,mixed_c40,3433,208159,233.0836,True,,40,read
memgraph,mixed_c40,3434,209058,224.6399,True,,40,read
memgraph,mixed_c40,3435,209108,220.1788,True,,40,read
memgraph,mixed_c40,3436,210254,230.801,True,,40,read
memgraph,mixed_c40,3437,,224.6883,True,,40,write
memgraph,mixed_c40,3438,9208245,221.9978,True,,40,read
memgraph,mixed_c40,3439,9304275,226.4512,True,,40,read
memgraph,mixed_c40,3440,9305258,229.156,True,,40,read
memgraph,mixed_c40,3441,9306241,229.5944,True,,40,read
memgraph,mixed_c40,3442,9307320,221.1893,True,,40,read
memgraph,mixed_c40,3443,9309220,222.7608,True,,40,read
memgraph,mixed_c40,3444,9309273,234.8698,True,,40,read
memgraph,mixed_c40,3445,,210.3432,True,,40,write
memgraph,mixed_c40,3446,9310213,229.5602,True,,40,read
memgraph,mixed_c40,3447,,242.9872,True,,40,write
memgraph,mixed_c40,3448,9401244,217.1833,True,,40,read
memgraph,mixed_c40,3449,9401326,224.1822,True,,40,read
memgraph,mixed_c40,3450,9403260,224.2439,True,,40,read
memgraph,mixed_c40,3451,9403269,219.2048,True,,40,read
memgraph,mixed_c40,3452,9407272,225.3816,True,,40,read
memgraph,mixed_c40,3453,9407278,226.1855,True,,40,read
memgraph,mixed_c40,3454,9407401,229.641,True,,40,read
memgraph,mixed_c40,3455,9501227,209.3864,True,,40,read
memgraph,mixed_c40,3456,9501350,220.0056,True,,40,read
memgraph,mixed_c40,3457,9501376,211.89,True,,40,read
memgraph,mixed_c40,3458,9502306,227.7841,True,,40,read
memgraph,mixed_c40,3459,9502360,231.0852,True,,40,read
memgraph,mixed_c40,3460,9503294,218.695,True,,40,read
memgraph,mixed_c40,3461,9504347,220.1444,True,,40,read
memgraph,mixed_c40,3462,9505303,227.625,True,,40,read
memgraph,mixed_c40,3463,9505310,226.8213,True,,40,read
memgraph,mixed_c40,3464,9505324,215.9135,True,,40,read
memgraph,mixed_c40,3465,,210.1307,True,,40,write
memgraph,mixed_c40,3466,,224.674,True,,40,write
memgraph,mixed_c40,3467,,234.0253,True,,40,write
memgraph,mixed_c40,3468,9603420,219.2943,True,,40,read
memgraph,mixed_c40,3469,9606252,215.9288,True,,40,read
memgraph,mixed_c40,3470,9609217,221.6764,True,,40,read
memgraph,mixed_c40,3471,9609470,237.6768,True,,40,read
memgraph,mixed_c40,3472,9610393,222.8555,True,,40,read
memgraph,mixed_c40,3473,9701246,223.0848,True,,40,read
memgraph,mixed_c40,3474,9702270,237.4063,True,,40,read
memgraph,mixed_c40,3475,9703209,222.6139,True,,40,read
memgraph,mixed_c40,3476,9703232,225.2553,True,,40,read
memgraph,mixed_c40,3477,9703423,231.4375,True,,40,read
memgraph,mixed_c40,3478,9705262,221.8915,True,,40,read
memgraph,mixed_c40,3479,,225.467,True,,40,write
memgraph,mixed_c40,3480,9707250,222.6582,True,,40,read
memgraph,mixed_c40,3481,,228.5334,True,,40,write
memgraph,mixed_c40,3482,9707295,223.6377,True,,40,read
memgraph,mixed_c40,3483,9710376,228.8295,True,,40,read
memgraph,mixed_c40,3484,9711261,210.5851,True,,40,read
memgraph,mixed_c40,3485,,234.3526,True,,40,write
memgraph,mixed_c40,3486,,216.382,True,,40,write
memgraph,mixed_c40,3487,,228.7257,True,,40,write
memgraph,mixed_c40,3488,9804313,223.2791,True,,40,read
memgraph,mixed_c40,3489,9804343,218.0787,True,,40,read
memgraph,mixed_c40,3490,9805465,224.0376,True,,40,read
memgraph,mixed_c40,3491,9809529,241.4057,True,,40,read
memgraph,mixed_c40,3492,9810418,223.3144,True,,40,read
memgraph,mixed_c40,3493,9811432,224.004,True,,40,read
memgraph,mixed_c40,3494,9811469,207.3794,True,,40,read
memgraph,mixed_c40,3495,9812342,229.2295,True,,40,read
memgraph,mixed_c40,3496,9906506,208.5209,True,,40,read
memgraph,mixed_c40,3497,9907534,219.5904,True,,40,read
memgraph,mixed_c40,3498,9909234,224.3031,True,,40,read
memgraph,mixed_c40,3499,,221.2803,True,,40,write
memgraph,mixed_c40,3500,2106,231.437,True,,40,read
memgraph,mixed_c40,3501,6114,218.2951,True,,40,read
memgraph,mixed_c40,3502,,216.4018,True,,40,write
memgraph,mixed_c40,3503,,226.2871,True,,40,write
memgraph,mixed_c40,3504,7211,224.9963,True,,40,read
memgraph,mixed_c40,3505,7232,212.4243,True,,40,read
memgraph,mixed_c40,3506,9292,218.9351,True,,40,read
memgraph,mixed_c40,3507,10094,216.3342,True,,40,read
memgraph,mixed_c40,3508,10180,222.9609,True,,40,read
memgraph,mixed_c40,3509,12020,237.8765,True,,40,read
memgraph,mixed_c40,3510,101328,220.4628,True,,40,read
memgraph,mixed_c40,3511,102194,222.6381,True,,40,read
memgraph,mixed_c40,3512,,222.5217,True,,40,write
memgraph,mixed_c40,3513,104122,219.8052,True,,40,read
memgraph,mixed_c40,3514,104187,235.5972,True,,40,read
memgraph,mixed_c40,3515,105349,229.3097,True,,40,read
memgraph,mixed_c40,3516,106261,225.6511,True,,40,read
memgraph,mixed_c40,3517,,235.0002,True,,40,write
memgraph,mixed_c40,3518,107093,229.4113,True,,40,read
memgraph,mixed_c40,3519,,222.9604,True,,40,write
memgraph,mixed_c40,3520,108250,224.641,True,,40,read
memgraph,mixed_c40,3521,109054,213.4252,True,,40,read
memgraph,mixed_c40,3522,109073,223.3125,True,,40,read
memgraph,mixed_c40,3523,110264,232.3179,True,,40,read
memgraph,mixed_c40,3524,110376,228.9987,True,,40,read
memgraph,mixed_c40,3525,201053,216.9019,True,,40,read
memgraph,mixed_c40,3526,204096,235.9431,True,,40,read
memgraph,mixed_c40,3527,204176,227.8418,True,,40,read
memgraph,mixed_c40,3528,204182,223.6283,True,,40,read
memgraph,mixed_c40,3529,205038,216.7043,True,,40,read
memgraph,mixed_c40,3530,207048,226.5741,True,,40,read
memgraph,mixed_c40,3531,207227,206.8601,True,,40,read
memgraph,mixed_c40,3532,208138,226.0798,True,,40,read
memgraph,mixed_c40,3533,208159,209.5867,True,,40,read
memgraph,mixed_c40,3534,209058,224.0346,True,,40,read
memgraph,mixed_c40,3535,209108,243.3002,True,,40,read
memgraph,mixed_c40,3536,,233.4257,True,,40,write
memgraph,mixed_c40,3537,,219.483,True,,40,write
memgraph,mixed_c40,3538,9208245,224.2465,True,,40,read
memgraph,mixed_c40,3539,9304275,220.7027,True,,40,read
memgraph,mixed_c40,3540,,229.7483,True,,40,write
memgraph,mixed_c40,3541,9306241,221.8101,True,,40,read
memgraph,mixed_c40,3542,,214.0821,True,,40,write
memgraph,mixed_c40,3543,9309220,208.2876,True,,40,read
memgraph,mixed_c40,3544,9309273,226.3927,True,,40,read
memgraph,mixed_c40,3545,9309293,224.0169,True,,40,read
memgraph,mixed_c40,3546,,220.97,True,,40,write
memgraph,mixed_c40,3547,9311240,218.1137,True,,40,read
memgraph,mixed_c40,3548,,218.1034,True,,40,write
memgraph,mixed_c40,3549,9401326,222.1063,True,,40,read
memgraph,mixed_c40,3550,9403260,233.688,True,,40,read
memgraph,mixed_c40,3551,9403269,222.0788,True,,40,read
memgraph,mixed_c40,3552,9407272,225.1958,True,,40,read
memgraph,mixed_c40,3553,,221.8794,True,,40,write
memgraph,mixed_c40,3554,9407401,209.4861,True,,40,read
memgraph,mixed_c40,3555,9501227,223.2237,True,,40,read
memgraph,mixed_c40,3556,9501350,227.7365,True,,40,read
memgraph,mixed_c40,3557,9501376,222.2606,True,,40,read
memgraph,mixed_c40,3558,,234.5018,True,,40,write
memgraph,mixed_c40,3559,9502360,224.6337,True,,40,read
memgraph,mixed_c40,3560,,228.6953,True,,40,write
memgraph,mixed_c40,3561,9504347,223.0675,True,,40,read
memgraph,mixed_c40,3562,9505303,237.6011,True,,40,read
memgraph,mixed_c40,3563,9505310,231.4574,True,,40,read
memgraph,mixed_c40,3564,9505324,231.591,True,,40,read
memgraph,mixed_c40,3565,9508299,217.2557,True,,40,read
memgraph,mixed_c40,3566,,216.6812,True,,40,write
memgraph,mixed_c40,3567,9603367,209.0351,True,,40,read
memgraph,mixed_c40,3568,9603420,234.2816,True,,40,read
memgraph,mixed_c40,3569,,223.1395,True,,40,write
memgraph,mixed_c40,3570,9609217,226.1916,True,,40,read
memgraph,mixed_c40,3571,9609470,209.4618,True,,40,read
memgraph,mixed_c40,3572,,223.9011,True,,40,write
memgraph,mixed_c40,3573,,225.1609,True,,40,write
memgraph,mixed_c40,3574,,224.3673,True,,40,write
memgraph,mixed_c40,3575,9703209,220.4738,True,,40,read
memgraph,mixed_c40,3576,9703232,230.9159,True,,40,read
memgraph,mixed_c40,3577,,243.9599,True,,40,write
memgraph,mixed_c40,3578,9705262,224.055,True,,40,read
memgraph,mixed_c40,3579,9706541,222.6511,True,,40,read
memgraph,mixed_c40,3580,9707250,217.4434,True,,40,read
memgraph,mixed_c40,3581,9707282,231.1839,True,,40,read
memgraph,mixed_c40,3582,9707295,216.0205,True,,40,read
memgraph,mixed_c40,3583,,209.4142,True,,40,write
memgraph,mixed_c40,3584,9711261,226.259,True,,40,read
memgraph,mixed_c40,3585,,226.354,True,,40,write
memgraph,mixed_c40,3586,9803439,225.8562,True,,40,read
memgraph,mixed_c40,3587,9804298,225.2898,True,,40,read
memgraph,mixed_c40,3588,,217.3431,True,,40,write
memgraph,mixed_c40,3589,9804343,221.6666,True,,40,read
memgraph,mixed_c40,3590,9805465,220.9167,True,,40,read
memgraph,mixed_c40,3591,9809529,210.822,True,,40,read
memgraph,mixed_c40,3592,,222.2689,True,,40,write
memgraph,mixed_c40,3593,9811432,223.0428,True,,40,read
memgraph,mixed_c40,3594,9811469,242.8615,True,,40,read
memgraph,mixed_c40,3595,9812342,230.6897,True,,40,read
memgraph,mixed_c40,3596,9906506,228.9836,True,,40,read
memgraph,mixed_c40,3597,9907534,231.357,True,,40,read
memgraph,mixed_c40,3598,9909234,232.3499,True,,40,read
memgraph,mixed_c40,3599,9909512,228.5163,True,,40,read
memgraph,mixed_c40,3600,2106,231.3508,True,,40,read
memgraph,mixed_c40,3601,6114,243.8332,True,,40,read
memgraph,mixed_c40,3602,6217,224.5149,True,,40,read
memgraph,mixed_c40,3603,7077,236.6467,True,,40,read
memgraph,mixed_c40,3604,7211,230.3912,True,,40,read
memgraph,mixed_c40,3605,7232,231.0386,True,,40,read
memgraph,mixed_c40,3606,9292,210.1013,True,,40,read
memgraph,mixed_c40,3607,10094,218.895,True,,40,read
memgraph,mixed_c40,3608,,210.363,True,,40,write
memgraph,mixed_c40,3609,12020,222.8134,True,,40,read
memgraph,mixed_c40,3610,101328,228.8054,True,,40,read
memgraph,mixed_c40,3611,102194,239.4875,True,,40,read
memgraph,mixed_c40,3612,102318,225.4072,True,,40,read
memgraph,mixed_c40,3613,,227.5224,True,,40,write
memgraph,mixed_c40,3614,,225.4746,True,,40,write
memgraph,mixed_c40,3615,105349,221.7651,True,,40,read
memgraph,mixed_c40,3616,106261,229.1535,True,,40,read
memgraph,mixed_c40,3617,,226.0478,True,,40,write
memgraph,mixed_c40,3618,107093,222.5383,True,,40,read
memgraph,mixed_c40,3619,,242.1456,True,,40,write
memgraph,mixed_c40,3620,108250,209.6711,True,,40,read
memgraph,mixed_c40,3621,109054,222.5354,True,,40,read
memgraph,mixed_c40,3622,109073,221.8844,True,,40,read
memgraph,mixed_c40,3623,110264,232.2472,True,,40,read
memgraph,mixed_c40,3624,110376,223.5982,True,,40,read
memgraph,mixed_c40,3625,,233.2668,True,,40,write
memgraph,mixed_c40,3626,,218.6854,True,,40,write
memgraph,mixed_c40,3627,204176,215.4043,True,,40,read
memgraph,mixed_c40,3628,204182,219.2868,True,,40,read
memgraph,mixed_c40,3629,205038,219.2225,True,,40,read
memgraph,mixed_c40,3630,207048,212.8199,True,,40,read
memgraph,mixed_c40,3631,207227,221.7891,True,,40,read
memgraph,mixed_c40,3632,,221.7564,True,,40,write
memgraph,mixed_c40,3633,,221.2909,True,,40,write
memgraph,mixed_c40,3634,209058,223.6215,True,,40,read
memgraph,mixed_c40,3635,209108,223.7653,True,,40,read
memgraph,mixed_c40,3636,210254,235.9746,True,,40,read
memgraph,mixed_c40,3637,302080,230.9178,True,,40,read
memgraph,mixed_c40,3638,9208245,222.4635,True,,40,read
memgraph,mixed_c40,3639,9304275,232.3186,True,,40,read
memgraph,mixed_c40,3640,9305258,208.1038,True,,40,read
memgraph,mixed_c40,3641,9306241,228.1814,True,,40,read
memgraph,mixed_c40,3642,9307320,223.0872,True,,40,read
memgraph,mixed_c40,3643,,209.6716,True,,40,write
memgraph,mixed_c40,3644,,217.8826,True,,40,write
memgraph,mixed_c40,3645,9309293,230.5788,True,,40,read
memgraph,mixed_c40,3646,9310213,235.0647,True,,40,read
memgraph,mixed_c40,3647,,227.139,True,,40,write
memgraph,mixed_c40,3648,9401244,234.753,True,,40,read
memgraph,mixed_c40,3649,9401326,223.2906,True,,40,read
memgraph,mixed_c40,3650,,227.5935,True,,40,write
memgraph,mixed_c40,3651,9403269,226.9672,True,,40,read
memgraph,mixed_c40,3652,9407272,224.1337,True,,40,read
memgraph,mixed_c40,3653,9407278,233.2184,True,,40,read
memgraph,mixed_c40,3654,9407401,220.73,True,,40,read
memgraph,mixed_c40,3655,9501227,224.2274,True,,40,read
memgraph,mixed_c40,3656,,220.588,True,,40,write
memgraph,mixed_c40,3657,,217.2606,True,,40,write
memgraph,mixed_c40,3658,9502306,224.4582,True,,40,read
memgraph,mixed_c40,3659,9502360,229.9817,True,,40,read
memgraph,mixed_c40,3660,9503294,218.2152,True,,40,read
memgraph,mixed_c40,3661,9504347,216.6041,True,,40,read
memgraph,mixed_c40,3662,9505303,243.7939,True,,40,read
memgraph,mixed_c40,3663,9505310,229.308,True,,40,read
memgraph,mixed_c40,3664,9505324,226.6479,True,,40,read
memgraph,mixed_c40,3665,9508299,218.3673,True,,40,read
memgraph,mixed_c40,3666,9509349,218.0571,True,,40,read
memgraph,mixed_c40,3667,9603367,218.9683,True,,40,read
memgraph,mixed_c40,3668,,225.2454,True,,40,write
memgraph,mixed_c40,3669,,212.0048,True,,40,write
memgraph,mixed_c40,3670,9609217,222.8841,True,,40,read
memgraph,mixed_c40,3671,9609470,220.0541,True,,40,read
memgraph,mixed_c40,3672,9610393,224.8274,True,,40,read
memgraph,mixed_c40,3673,,221.3039,True,,40,write
memgraph,mixed_c40,3674,9702270,206.5409,True,,40,read
memgraph,mixed_c40,3675,9703209,221.5879,True,,40,read
memgraph,mixed_c40,3676,,222.3617,True,,40,write
memgraph,mixed_c40,3677,9703423,221.9561,True,,40,read
memgraph,mixed_c40,3678,9705262,210.4571,True,,40,read
memgraph,mixed_c40,3679,,228.3415,True,,40,write
memgraph,mixed_c40,3680,9707250,233.5046,True,,40,read
memgraph,mixed_c40,3681,9707282,218.4874,True,,40,read
memgraph,mixed_c40,3682,9707295,225.9214,True,,40,read
memgraph,mixed_c40,3683,9710376,227.5363,True,,40,read
memgraph,mixed_c40,3684,9711261,215.6764,True,,40,read
memgraph,mixed_c40,3685,9711379,229.627,True,,40,read
memgraph,mixed_c40,3686,9803439,230.7876,True,,40,read
memgraph,mixed_c40,3687,9804298,235.413,True,,40,read
memgraph,mixed_c40,3688,,225.0326,True,,40,write
memgraph,mixed_c40,3689,9804343,235.8303,True,,40,read
memgraph,mixed_c40,3690,9805465,226.2933,True,,40,read
memgraph,mixed_c40,3691,9809529,223.792,True,,40,read
memgraph,mixed_c40,3692,9810418,225.7865,True,,40,read
memgraph,mixed_c40,3693,9811432,220.2099,True,,40,read
memgraph,mixed_c40,3694,9811469,225.6412,True,,40,read
memgraph,mixed_c40,3695,9812342,236.3948,True,,40,read
memgraph,mixed_c40,3696,9906506,211.5632,True,,40,read
memgraph,mixed_c40,3697,9907534,219.7022,True,,40,read
memgraph,mixed_c40,3698,9909234,225.076,True,,40,read
memgraph,mixed_c40,3699,9909512,228.0732,True,,40,read
memgraph,mixed_c40,3700,2106,214.8978,True,,40,read
memgraph,mixed_c40,3701,6114,218.6644,True,,40,read
memgraph,mixed_c40,3702,6217,232.3274,True,,40,read
memgraph,mixed_c40,3703,7077,241.2303,True,,40,read
memgraph,mixed_c40,3704,7211,216.145,True,,40,read
memgraph,mixed_c40,3705,7232,220.3545,True,,40,read
memgraph,mixed_c40,3706,9292,220.1076,True,,40,read
memgraph,mixed_c40,3707,,224.5296,True,,40,write
memgraph,mixed_c40,3708,10180,213.6011,True,,40,read
memgraph,mixed_c40,3709,12020,225.2962,True,,40,read
memgraph,mixed_c40,3710,101328,224.9648,True,,40,read
memgraph,mixed_c40,3711,,222.7487,True,,40,write
memgraph,mixed_c40,3712,102318,220.9292,True,,40,read
memgraph,mixed_c40,3713,104122,221.8978,True,,40,read
memgraph,mixed_c40,3714,104187,207.2829,True,,40,read
memgraph,mixed_c40,3715,105349,224.6879,True,,40,read
memgraph,mixed_c40,3716,106261,208.8864,True,,40,read
memgraph,mixed_c40,3717,107028,223.0684,True,,40,read
memgraph,mixed_c40,3718,107093,226.3389,True,,40,read
memgraph,mixed_c40,3719,,218.14,True,,40,write
memgraph,mixed_c40,3720,108250,218.1781,True,,40,read
memgraph,mixed_c40,3721,109054,228.1127,True,,40,read
memgraph,mixed_c40,3722,109073,226.2354,True,,40,read
memgraph,mixed_c40,3723,110264,227.4877,True,,40,read
memgraph,mixed_c40,3724,110376,234.3657,True,,40,read
memgraph,mixed_c40,3725,201053,233.2638,True,,40,read
memgraph,mixed_c40,3726,204096,229.8527,True,,40,read
memgraph,mixed_c40,3727,204176,224.4291,True,,40,read
memgraph,mixed_c40,3728,204182,236.3501,True,,40,read
memgraph,mixed_c40,3729,,235.1585,True,,40,write
memgraph,mixed_c40,3730,207048,226.1327,True,,40,read
memgraph,mixed_c40,3731,,227.7307,True,,40,write
memgraph,mixed_c40,3732,208138,219.6771,True,,40,read
memgraph,mixed_c40,3733,208159,222.5707,True,,40,read
memgraph,mixed_c40,3734,209058,223.6544,True,,40,read
memgraph,mixed_c40,3735,,209.8563,True,,40,write
memgraph,mixed_c40,3736,210254,236.8666,True,,40,read
memgraph,mixed_c40,3737,302080,220.5744,True,,40,read
memgraph,mixed_c40,3738,9208245,217.3115,True,,40,read
memgraph,mixed_c40,3739,9304275,224.5913,True,,40,read
memgraph,mixed_c40,3740,9305258,220.7735,True,,40,read
memgraph,mixed_c40,3741,9306241,229.1518,True,,40,read
memgraph,mixed_c40,3742,9307320,216.4773,True,,40,read
memgraph,mixed_c40,3743,,223.1197,True,,40,write
memgraph,mixed_c40,3744,9309273,214.7236,True,,40,read
memgraph,mixed_c40,3745,9309293,221.6953,True,,40,read
memgraph,mixed_c40,3746,,231.7964,True,,40,write
memgraph,mixed_c40,3747,9311240,223.953,True,,40,read
memgraph,mixed_c40,3748,9401244,241.7949,True,,40,read
memgraph,mixed_c40,3749,9401326,225.4823,True,,40,read
memgraph,mixed_c40,3750,9403260,220.979,True,,40,read
memgraph,mixed_c40,3751,,209.0694,True,,40,write
memgraph,mixed_c40,3752,,221.4957,True,,40,write
memgraph,mixed_c40,3753,9407278,222.9407,True,,40,read
memgraph,mixed_c40,3754,9407401,221.6638,True,,40,read
memgraph,mixed_c40,3755,9501227,210.0701,True,,40,read
memgraph,mixed_c40,3756,9501350,224.1969,True,,40,read
memgraph,mixed_c40,3757,9501376,221.05,True,,40,read
memgraph,mixed_c40,3758,9502306,216.1404,True,,40,read
memgraph,mixed_c40,3759,9502360,216.9292,True,,40,read
memgraph,mixed_c40,3760,,220.7755,True,,40,write
memgraph,mixed_c40,3761,9504347,227.4956,True,,40,read
memgraph,mixed_c40,3762,9505303,224.94,True,,40,read
memgraph,mixed_c40,3763,9505310,227.4188,True,,40,read
memgraph,mixed_c40,3764,9505324,237.2571,True,,40,read
memgraph,mixed_c40,3765,9508299,224.7153,True,,40,read
memgraph,mixed_c40,3766,,232.0514,True,,40,write
memgraph,mixed_c40,3767,9603367,229.8445,True,,40,read
memgraph,mixed_c40,3768,,221.1095,True,,40,write
memgraph,mixed_c40,3769,9606252,224.4101,True,,40,read
memgraph,mixed_c40,3770,9609217,234.0743,True,,40,read
memgraph,mixed_c40,3771,,228.2927,True,,40,write
memgraph,mixed_c40,3772,,237.4978,True,,40,write
memgraph,mixed_c40,3773,9701246,210.2309,True,,40,read
memgraph,mixed_c40,3774,9702270,226.2518,True,,40,read
memgraph,mixed_c40,3775,9703209,225.7083,True,,40,read
memgraph,mixed_c40,3776,9703232,220.4991,True,,40,read
memgraph,mixed_c40,3777,9703423,217.327,True,,40,read
memgraph,mixed_c40,3778,9705262,218.1125,True,,40,read
memgraph,mixed_c40,3779,9706541,233.1818,True,,40,read
memgraph,mixed_c40,3780,9707250,224.7423,True,,40,read
memgraph,mixed_c40,3781,9707282,227.8097,True,,40,read
memgraph,mixed_c40,3782,9707295,216.1637,True,,40,read
memgraph,mixed_c40,3783,,211.2294,True,,40,write
memgraph,mixed_c40,3784,9711261,220.6778,True,,40,read
memgraph,mixed_c40,3785,9711379,218.4882,True,,40,read
memgraph,mixed_c40,3786,9803439,226.7802,True,,40,read
memgraph,mixed_c40,3787,9804298,230.1248,True,,40,read
memgraph,mixed_c40,3788,9804313,207.8544,True,,40,read
memgraph,mixed_c40,3789,,230.0607,True,,40,write
memgraph,mixed_c40,3790,9805465,223.7809,True,,40,read
memgraph,mixed_c40,3791,9809529,219.7803,True,,40,read
memgraph,mixed_c40,3792,9810418,241.0295,True,,40,read
memgraph,mixed_c40,3793,9811432,212.0619,True,,40,read
memgraph,mixed_c40,3794,,219.8506,True,,40,write
memgraph,mixed_c40,3795,9812342,221.5419,True,,40,read
memgraph,mixed_c40,3796,,221.5424,True,,40,write
memgraph,mixed_c40,3797,9907534,223.7506,True,,40,read
memgraph,mixed_c40,3798,,217.7761,True,,40,write
memgraph,mixed_c40,3799,,219.0489,True,,40,write
memgraph,mixed_c40,3800,2106,224.1163,True,,40,read
memgraph,mixed_c40,3801,6114,224.9425,True,,40,read
memgraph,mixed_c40,3802,6217,227.1052,True,,40,read
memgraph,mixed_c40,3803,7077,226.223,True,,40,read
memgraph,mixed_c40,3804,7211,223.4236,True,,40,read
memgraph,mixed_c40,3805,7232,232.8089,True,,40,read
memgraph,mixed_c40,3806,,214.9311,True,,40,write
memgraph,mixed_c40,3807,10094,232.5841,True,,40,read
memgraph,mixed_c40,3808,10180,228.9601,True,,40,read
memgraph,mixed_c40,3809,12020,218.7016,True,,40,read
memgraph,mixed_c40,3810,101328,227.9059,True,,40,read
memgraph,mixed_c40,3811,102194,229.2509,True,,40,read
memgraph,mixed_c40,3812,,225.5152,True,,40,write
memgraph,mixed_c40,3813,104122,236.056,True,,40,read
memgraph,mixed_c40,3814,104187,224.6363,True,,40,read
memgraph,mixed_c40,3815,105349,233.5968,True,,40,read
memgraph,mixed_c40,3816,106261,219.4356,True,,40,read
memgraph,mixed_c40,3817,,216.2776,True,,40,write
memgraph,mixed_c40,3818,107093,218.2153,True,,40,read
memgraph,mixed_c40,3819,107295,223.2277,True,,40,read
memgraph,mixed_c40,3820,108250,233.2981,True,,40,read
memgraph,mixed_c40,3821,109054,231.2111,True,,40,read
memgraph,mixed_c40,3822,,216.7784,True,,40,write
memgraph,mixed_c40,3823,,213.0419,True,,40,write
memgraph,mixed_c40,3824,110376,220.4928,True,,40,read
memgraph,mixed_c40,3825,201053,220.8016,True,,40,read
memgraph,mixed_c40,3826,204096,207.0181,True,,40,read
memgraph,mixed_c40,3827,204176,224.3163,True,,40,read
memgraph,mixed_c40,3828,204182,230.5414,True,,40,read
memgraph,mixed_c40,3829,205038,221.8698,True,,40,read
memgraph,mixed_c40,3830,207048,225.1696,True,,40,read
memgraph,mixed_c40,3831,207227,207.1858,True,,40,read
memgraph,mixed_c40,3832,208138,221.8595,True,,40,read
memgraph,mixed_c40,3833,208159,223.5956,True,,40,read
memgraph,mixed_c40,3834,209058,223.7075,True,,40,read
memgraph,mixed_c40,3835,,243.782,True,,40,write
memgraph,mixed_c40,3836,210254,215.4099,True,,40,read
memgraph,mixed_c40,3837,,221.9696,True,,40,write
memgraph,mixed_c40,3838,9208245,218.2457,True,,40,read
memgraph,mixed_c40,3839,9304275,227.5219,True,,40,read
memgraph,mixed_c40,3840,9305258,226.4417,True,,40,read
memgraph,mixed_c40,3841,9306241,233.9854,True,,40,read
memgraph,mixed_c40,3842,9307320,232.0319,True,,40,read
memgraph,mixed_c40,3843,9309220,234.8768,True,,40,read
memgraph,mixed_c40,3844,9309273,224.7126,True,,40,read
memgraph,mixed_c40,3845,9309293,217.5715,True,,40,read
memgraph,mixed_c40,3846,9310213,221.7806,True,,40,read
memgraph,mixed_c40,3847,9311240,234.4846,True,,40,read
memgraph,mixed_c40,3848,9401244,231.7369,True,,40,read
memgraph,mixed_c40,3849,9401326,230.5996,True,,40,read
memgraph,mixed_c40,3850,9403260,228.1111,True,,40,read
memgraph,mixed_c40,3851,,224.3623,True,,40,write
memgraph,mixed_c40,3852,9407272,231.1736,True,,40,read
memgraph,mixed_c40,3853,9407278,226.691,True,,40,read
memgraph,mixed_c40,3854,9407401,215.7883,True,,40,read
memgraph,mixed_c40,3855,9501227,226.6396,True,,40,read
memgraph,mixed_c40,3856,9501350,234.949,True,,40,read
memgraph,mixed_c40,3857,,235.5775,True,,40,write
memgraph,mixed_c40,3858,9502306,220.2168,True,,40,read
memgraph,mixed_c40,3859,9502360,224.6547,True,,40,read
memgraph,mixed_c40,3860,9503294,210.3961,True,,40,read
memgraph,mixed_c40,3861,9504347,235.4603,True,,40,read
memgraph,mixed_c40,3862,9505303,215.9632,True,,40,read
memgraph,mixed_c40,3863,9505310,237.2875,True,,40,read
memgraph,mixed_c40,3864,9505324,207.2173,True,,40,read
memgraph,mixed_c40,3865,,221.6059,True,,40,write
memgraph,mixed_c40,3866,9509349,221.2582,True,,40,read
memgraph,mixed_c40,3867,9603367,212.2589,True,,40,read
memgraph,mixed_c40,3868,,224.7382,True,,40,write
memgraph,mixed_c40,3869,9606252,220.4228,True,,40,read
memgraph,mixed_c40,3870,,230.834,True,,40,write
memgraph,mixed_c40,3871,9609470,221.442,True,,40,read
memgraph,mixed_c40,3872,,225.1934,True,,40,write
memgraph,mixed_c40,3873,,222.5189,True,,40,write
memgraph,mixed_c40,3874,,222.6888,True,,40,write
memgraph,mixed_c40,3875,,215.0491,True,,40,write
memgraph,mixed_c40,3876,9703232,217.5766,True,,40,read
memgraph,mixed_c40,3877,,222.8758,True,,40,write
memgraph,mixed_c40,3878,,222.4382,True,,40,write
memgraph,mixed_c40,3879,9706541,243.3123,True,,40,read
memgraph,mixed_c40,3880,9707250,223.1345,True,,40,read
memgraph,mixed_c40,3881,9707282,226.7079,True,,40,read
memgraph,mixed_c40,3882,9707295,227.9049,True,,40,read
memgraph,mixed_c40,3883,9710376,210.4148,True,,40,read
memgraph,mixed_c40,3884,,228.4408,True,,40,write
memgraph,mixed_c40,3885,9711379,222.029,True,,40,read
memgraph,mixed_c40,3886,9803439,219.9672,True,,40,read
memgraph,mixed_c40,3887,,234.2027,True,,40,write
memgraph,mixed_c40,3888,9804313,228.154,True,,40,read
memgraph,mixed_c40,3889,,231.4701,True,,40,write
memgraph,mixed_c40,3890,9805465,224.3244,True,,40,read
memgraph,mixed_c40,3891,9809529,214.4066,True,,40,read
memgraph,mixed_c40,3892,9810418,226.6844,True,,40,read
memgraph,mixed_c40,3893,9811432,223.609,True,,40,read
memgraph,mixed_c40,3894,9811469,226.9968,True,,40,read
memgraph,mixed_c40,3895,9812342,220.5327,True,,40,read
memgraph,mixed_c40,3896,,219.1211,True,,40,write
memgraph,mixed_c40,3897,9907534,238.2917,True,,40,read
memgraph,mixed_c40,3898,9909234,235.5077,True,,40,read
memgraph,mixed_c40,3899,,226.3958,True,,40,write
memgraph,mixed_c40,3900,2106,213.3442,True,,40,read
memgraph,mixed_c40,3901,,214.5,True,,40,write
memgraph,mixed_c40,3902,6217,209.1804,True,,40,read
memgraph,mixed_c40,3903,7077,233.2578,True,,40,read
memgraph,mixed_c40,3904,7211,218.9878,True,,40,read
memgraph,mixed_c40,3905,,218.4284,True,,40,write
memgraph,mixed_c40,3906,9292,235.2893,True,,40,read
memgraph,mixed_c40,3907,,207.5329,True,,40,write
memgraph,mixed_c40,3908,10180,225.774,True,,40,read
memgraph,mixed_c40,3909,12020,220.5594,True,,40,read
memgraph,mixed_c40,3910,101328,220.61,True,,40,read
memgraph,mixed_c40,3911,102194,224.9063,True,,40,read
memgraph,mixed_c40,3912,102318,231.6956,True,,40,read
memgraph,mixed_c40,3913,104122,221.9641,True,,40,read
memgraph,mixed_c40,3914,,222.388,True,,40,write
memgraph,mixed_c40,3915,105349,218.6219,True,,40,read
memgraph,mixed_c40,3916,,218.7462,True,,40,write
memgraph,mixed_c40,3917,107028,222.2532,True,,40,read
memgraph,mixed_c40,3918,107093,224.5138,True,,40,read
memgraph,mixed_c40,3919,,225.6164,True,,40,write
memgraph,mixed_c40,3920,108250,243.0941,True,,40,read
memgraph,mixed_c40,3921,109054,209.5739,True,,40,read
memgraph,mixed_c40,3922,109073,224.9807,True,,40,read
memgraph,mixed_c40,3923,,228.5414,True,,40,write
memgraph,mixed_c40,3924,,223.0224,True,,40,write
memgraph,mixed_c40,3925,201053,226.9229,True,,40,read
memgraph,mixed_c40,3926,204096,217.7109,True,,40,read
memgraph,mixed_c40,3927,,218.3674,True,,40,write
memgraph,mixed_c40,3928,204182,224.5124,True,,40,read
memgraph,mixed_c40,3929,,229.6122,True,,40,write
memgraph,mixed_c40,3930,207048,224.4145,True,,40,read
memgraph,mixed_c40,3931,207227,233.8793,True,,40,read
memgraph,mixed_c40,3932,208138,227.6783,True,,40,read
memgraph,mixed_c40,3933,,217.4775,True,,40,write
memgraph,mixed_c40,3934,209058,225.6571,True,,40,read
memgraph,mixed_c40,3935,209108,216.7015,True,,40,read
memgraph,mixed_c40,3936,210254,228.9609,True,,40,read
memgraph,mixed_c40,3937,302080,212.2149,True,,40,read
memgraph,mixed_c40,3938,,217.761,True,,40,write
memgraph,mixed_c40,3939,9304275,209.5738,True,,40,read
memgraph,mixed_c40,3940,9305258,224.0283,True,,40,read
memgraph,mixed_c40,3941,9306241,234.0407,True,,40,read
memgraph,mixed_c40,3942,,236.0037,True,,40,write
memgraph,mixed_c40,3943,9309220,208.2781,True,,40,read
memgraph,mixed_c40,3944,,219.2706,True,,40,write
memgraph,mixed_c40,3945,9309293,221.9354,True,,40,read
memgraph,mixed_c40,3946,9310213,233.792,True,,40,read
memgraph,mixed_c40,3947,9311240,229.0982,True,,40,read
memgraph,mixed_c40,3948,9401244,221.9624,True,,40,read
memgraph,mixed_c40,3949,9401326,224.4335,True,,40,read
memgraph,mixed_c40,3950,9403260,222.1598,True,,40,read
memgraph,mixed_c40,3951,9403269,226.6816,True,,40,read
memgraph,mixed_c40,3952,9407272,220.9863,True,,40,read
memgraph,mixed_c40,3953,9407278,221.6032,True,,40,read
memgraph,mixed_c40,3954,,229.5513,True,,40,write
memgraph,mixed_c40,3955,,216.8681,True,,40,write
memgraph,mixed_c40,3956,9501350,222.4102,True,,40,read
memgraph,mixed_c40,3957,9501376,222.8148,True,,40,read
memgraph,mixed_c40,3958,,223.0764,True,,40,write
memgraph,mixed_c40,3959,9502360,223.8021,True,,40,read
memgraph,mixed_c40,3960,9503294,211.6077,True,,40,read
memgraph,mixed_c40,3961,9504347,226.1744,True,,40,read
memgraph,mixed_c40,3962,9505303,243.7045,True,,40,read
memgraph,mixed_c40,3963,,220.3636,True,,40,write
memgraph,mixed_c40,3964,9505324,222.5167,True,,40,read
memgraph,mixed_c40,3965,9508299,227.2141,True,,40,read
memgraph,mixed_c40,3966,9509349,228.4662,True,,40,read
memgraph,mixed_c40,3967,9603367,215.2936,True,,40,read
memgraph,mixed_c40,3968,,226.8028,True,,40,write
memgraph,mixed_c40,3969,9606252,218.2145,True,,40,read
memgraph,mixed_c40,3970,9609217,218.0114,True,,40,read
memgraph,mixed_c40,3971,9609470,225.099,True,,40,read
memgraph,mixed_c40,3972,,229.9674,True,,40,write
memgraph,mixed_c40,3973,9701246,227.7083,True,,40,read
memgraph,mixed_c40,3974,9702270,224.8253,True,,40,read
memgraph,mixed_c40,3975,9703209,215.36,True,,40,read
memgraph,mixed_c40,3976,9703232,234.6495,True,,40,read
memgraph,mixed_c40,3977,9703423,227.1443,True,,40,read
memgraph,mixed_c40,3978,9705262,208.589,True,,40,read
memgraph,mixed_c40,3979,9706541,214.8245,True,,40,read
memgraph,mixed_c40,3980,9707250,225.291,True,,40,read
memgraph,mixed_c40,3981,9707282,207.799,True,,40,read
memgraph,mixed_c40,3982,9707295,236.0997,True,,40,read
memgraph,mixed_c40,3983,9710376,236.1562,True,,40,read
memgraph,mixed_c40,3984,9711261,219.0967,True,,40,read
memgraph,mixed_c40,3985,,217.5353,True,,40,write
memgraph,mixed_c40,3986,,233.9744,True,,40,write
memgraph,mixed_c40,3987,9804298,231.9562,True,,40,read
memgraph,mixed_c40,3988,,221.2323,True,,40,write
memgraph,mixed_c40,3989,9804343,225.4245,True,,40,read
memgraph,mixed_c40,3990,9805465,221.9458,True,,40,read
memgraph,mixed_c40,3991,9809529,221.4492,True,,40,read
memgraph,mixed_c40,3992,9810418,215.9312,True,,40,read
memgraph,mixed_c40,3993,,230.8845,True,,40,write
memgraph,mixed_c40,3994,9811469,222.3677,True,,40,read
memgraph,mixed_c40,3995,9812342,231.6778,True,,40,read
memgraph,mixed_c40,3996,9906506,217.4372,True,,40,read
memgraph,mixed_c40,3997,9907534,222.9651,True,,40,read
memgraph,mixed_c40,3998,9909234,222.5696,True,,40,read
memgraph,mixed_c40,3999,9909512,210.6648,True,,40,read
