database,workload,iteration,start_node,latency_ms,success,error,concurrency,op_type
neo4j,mixed_c1,0,2106,55.771,True,,1,read
neo4j,mixed_c1,1,6114,53.2867,True,,1,read
neo4j,mixed_c1,2,6217,52.7975,True,,1,read
neo4j,mixed_c1,3,7077,53.3511,True,,1,read
neo4j,mixed_c1,4,7211,55.2579,True,,1,read
neo4j,mixed_c1,5,7232,55.1149,True,,1,read
neo4j,mixed_c1,6,9292,54.5485,True,,1,read
neo4j,mixed_c1,7,10094,371.6608,True,,1,read
neo4j,mixed_c1,8,10180,53.0852,True,,1,read
neo4j,mixed_c1,9,12020,53.7524,True,,1,read
neo4j,mixed_c1,10,101328,53.559,True,,1,read
neo4j,mixed_c1,11,,92.0048,True,,1,write
neo4j,mixed_c1,12,102318,64.9416,True,,1,read
neo4j,mixed_c1,13,104122,64.386,True,,1,read
neo4j,mixed_c1,14,104187,54.3846,True,,1,read
neo4j,mixed_c1,15,105349,56.6633,True,,1,read
neo4j,mixed_c1,16,,58.661,True,,1,write
neo4j,mixed_c1,17,,60.3213,True,,1,write
neo4j,mixed_c1,18,107093,56.0898,True,,1,read
neo4j,mixed_c1,19,107295,54.6157,True,,1,read
neo4j,mixed_c1,20,108250,54.6664,True,,1,read
neo4j,mixed_c1,21,109054,56.116,True,,1,read
neo4j,mixed_c1,22,109073,55.7236,True,,1,read
neo4j,mixed_c1,23,110264,54.6507,True,,1,read
neo4j,mixed_c1,24,110376,53.2543,True,,1,read
neo4j,mixed_c1,25,201053,55.7387,True,,1,read
neo4j,mixed_c1,26,204096,52.6841,True,,1,read
neo4j,mixed_c1,27,204176,54.4387,True,,1,read
neo4j,mixed_c1,28,204182,57.8952,True,,1,read
neo4j,mixed_c1,29,,61.0889,True,,1,write
neo4j,mixed_c1,30,,62.7058,True,,1,write
neo4j,mixed_c1,31,207227,57.0562,True,,1,read
neo4j,mixed_c1,32,,63.8276,True,,1,write
neo4j,mixed_c1,33,208159,54.6219,True,,1,read
neo4j,mixed_c1,34,209058,121.1363,True,,1,read
neo4j,mixed_c1,35,,60.409,True,,1,write
neo4j,mixed_c1,36,210254,55.4085,True,,1,read
neo4j,mixed_c1,37,,58.0986,True,,1,write
neo4j,mixed_c1,38,9208245,53.6275,True,,1,read
neo4j,mixed_c1,39,9304275,53.9786,True,,1,read
neo4j,mixed_c1,40,9305258,53.8381,True,,1,read
neo4j,mixed_c1,41,9306241,55.5757,True,,1,read
neo4j,mixed_c1,42,,56.5521,True,,1,write
neo4j,mixed_c1,43,9309220,57.3358,True,,1,read
neo4j,mixed_c1,44,9309273,58.6609,True,,1,read
neo4j,mixed_c1,45,9309293,56.0608,True,,1,read
neo4j,mixed_c1,46,9310213,54.3834,True,,1,read
neo4j,mixed_c1,47,,61.3847,True,,1,write
neo4j,mixed_c1,48,9401244,54.6521,True,,1,read
neo4j,mixed_c1,49,9401326,54.0331,True,,1,read
neo4j,mixed_c1,50,9403260,53.6888,True,,1,read
neo4j,mixed_c1,51,9403269,54.4585,True,,1,read
neo4j,mixed_c1,52,9407272,56.9264,True,,1,read
neo4j,mixed_c1,53,9407278,53.3401,True,,1,read
neo4j,mixed_c1,54,,71.4156,True,,1,write
neo4j,mixed_c1,55,9501227,61.9972,True,,1,read
neo4j,mixed_c1,56,9501350,63.7374,True,,1,read
neo4j,mixed_c1,57,9501376,51.9877,True,,1,read
neo4j,mixed_c1,58,9502306,53.6697,True,,1,read
neo4j,mixed_c1,59,,57.3546,True,,1,write
neo4j,mixed_c1,60,9503294,53.2014,True,,1,read
neo4j,mixed_c1,61,9504347,53.2356,True,,1,read
neo4j,mixed_c1,62,,57.0757,True,,1,write
neo4j,mixed_c1,63,9505310,56.1563,True,,1,read
neo4j,mixed_c1,64,9505324,54.7574,True,,1,read
neo4j,mixed_c1,65,9508299,55.9263,True,,1,read
neo4j,mixed_c1,66,9509349,54.4893,True,,1,read
neo4j,mixed_c1,67,9603367,53.7728,True,,1,read
neo4j,mixed_c1,68,9603420,53.2761,True,,1,read
neo4j,mixed_c1,69,,56.1343,True,,1,write
neo4j,mixed_c1,70,9609217,52.537,True,,1,read
neo4j,mixed_c1,71,9609470,54.048,True,,1,read
neo4j,mixed_c1,72,9610393,54.0579,True,,1,read
neo4j,mixed_c1,73,9701246,53.4407,True,,1,read
neo4j,mixed_c1,74,9702270,52.8015,True,,1,read
neo4j,mixed_c1,75,,56.2691,True,,1,write
neo4j,mixed_c1,76,,59.5747,True,,1,write
neo4j,mixed_c1,77,9703423,54.6724,True,,1,read
neo4j,mixed_c1,78,9705262,52.6046,True,,1,read
neo4j,mixed_c1,79,,57.7626,True,,1,write
neo4j,mixed_c1,80,,59.5027,True,,1,write
neo4j,mixed_c1,81,,57.5575,True,,1,write
neo4j,mixed_c1,82,9707295,54.0844,True,,1,read
neo4j,mixed_c1,83,9710376,53.969,True,,1,read
neo4j,mixed_c1,84,9711261,55.2478,True,,1,read
neo4j,mixed_c1,85,,59.8888,True,,1,write
neo4j,mixed_c1,86,9803439,58.9825,True,,1,read
neo4j,mixed_c1,87,,116.7666,True,,1,write
neo4j,mixed_c1,88,,58.4024,True,,1,write
neo4j,mixed_c1,89,9804343,53.1848,True,,1,read
neo4j,mixed_c1,90,9805465,54.9006,True,,1,read
neo4j,mixed_c1,91,9809529,53.9533,True,,1,read
neo4j,mixed_c1,92,9810418,53.2795,True,,1,read
neo4j,mixed_c1,93,,58.1963,True,,1,write
neo4j,mixed_c1,94,9811469,52.9342,True,,1,read
neo4j,mixed_c1,95,9812342,52.6246,True,,1,read
neo4j,mixed_c1,96,9906506,56.3239,True,,1,read
neo4j,mixed_c1,97,9907534,120.0533,True,,1,read
neo4j,mixed_c1,98,9909234,415.5817,True,,1,read
neo4j,mixed_c1,99,,61.371,True,,1,write
neo4j,mixed_c10,0,,418.2194,True,,10,write
neo4j,mixed_c10,1,6114,5432.9181,True,,10,read
neo4j,mixed_c10,2,6217,1336.6045,True,,10,read
neo4j,mixed_c10,3,7077,1361.7805,True,,10,read
neo4j,mixed_c10,4,,2268.1288,True,,10,write
neo4j,mixed_c10,5,7232,1267.7341,True,,10,read
neo4j,mixed_c10,6,,1353.1893,True,,10,write
neo4j,mixed_c10,7,10094,2250.2195,True,,10,read
neo4j,mixed_c10,8,,1669.4231,True,,10,write
neo4j,mixed_c10,9,12020,1674.5345,True,,10,read
neo4j,mixed_c10,10,101328,321.111,True,,10,read
neo4j,mixed_c10,11,102194,56.7663,True,,10,read
neo4j,mixed_c10,12,102318,123.8968,True,,10,read
neo4j,mixed_c10,13,104122,54.1484,True,,10,read
neo4j,mixed_c10,14,104187,53.1259,True,,10,read
neo4j,mixed_c10,15,105349,53.6682,True,,10,read
neo4j,mixed_c10,16,106261,55.4297,True,,10,read
neo4j,mixed_c10,17,107028,56.3381,True,,10,read
neo4j,mixed_c10,18,107093,55.7568,True,,10,read
neo4j,mixed_c10,19,107295,54.1994,True,,10,read
neo4j,mixed_c10,20,108250,54.2917,True,,10,read
neo4j,mixed_c10,21,109054,54.3583,True,,10,read
neo4j,mixed_c10,22,,59.4381,True,,10,write
neo4j,mixed_c10,23,,60.3363,True,,10,write
neo4j,mixed_c10,24,,119.8426,True,,10,write
neo4j,mixed_c10,25,,58.8332,True,,10,write
neo4j,mixed_c10,26,204096,270.6821,True,,10,read
neo4j,mixed_c10,27,204176,122.4186,True,,10,read
neo4j,mixed_c10,28,,418.513,True,,10,write
neo4j,mixed_c10,29,205038,52.6458,True,,10,read
neo4j,mixed_c10,30,207048,52.0499,True,,10,read
neo4j,mixed_c10,31,207227,53.2464,True,,10,read
neo4j,mixed_c10,32,208138,120.3521,True,,10,read
neo4j,mixed_c10,33,208159,50.6264,True,,10,read
neo4j,mixed_c10,34,209058,54.6988,True,,10,read
neo4j,mixed_c10,35,209108,54.4992,True,,10,read
neo4j,mixed_c10,36,210254,52.1571,True,,10,read
neo4j,mixed_c10,37,,56.8353,True,,10,write
neo4j,mixed_c10,38,9208245,51.8996,True,,10,read
neo4j,mixed_c10,39,9304275,53.8521,True,,10,read
neo4j,mixed_c10,40,9305258,520.7789,True,,10,read
neo4j,mixed_c10,41,9306241,55.987,True,,10,read
neo4j,mixed_c10,42,9307320,414.8175,True,,10,read
neo4j,mixed_c10,43,9309220,54.3288,True,,10,read
neo4j,mixed_c10,44,9309273,55.8361,True,,10,read
neo4j,mixed_c10,45,9309293,56.7676,True,,10,read
neo4j,mixed_c10,46,9310213,123.5223,True,,10,read
neo4j,mixed_c10,47,9311240,121.5624,True,,10,read
neo4j,mixed_c10,48,9401244,203.1808,True,,10,read
neo4j,mixed_c10,49,9401326,53.628,True,,10,read
neo4j,mixed_c10,50,9403260,129.3032,True,,10,read
neo4j,mixed_c10,51,9403269,316.5896,True,,10,read
neo4j,mixed_c10,52,9407272,64.678,True,,10,read
neo4j,mixed_c10,53,9407278,65.0177,True,,10,read
neo4j,mixed_c10,54,9407401,54.868,True,,10,read
neo4j,mixed_c10,55,9501227,494.6848,True,,10,read
neo4j,mixed_c10,56,9501350,429.4833,True,,10,read
neo4j,mixed_c10,57,,4421.9747,True,,10,write
neo4j,mixed_c10,58,,436.6434,True,,10,write
neo4j,mixed_c10,59,,56.049,True,,10,write
neo4j,mixed_c10,60,9503294,56.7162,True,,10,read
neo4j,mixed_c10,61,,55.3074,True,,10,write
neo4j,mixed_c10,62,,56.6474,True,,10,write
neo4j,mixed_c10,63,9505310,57.5671,True,,10,read
neo4j,mixed_c10,64,9505324,53.6663,True,,10,read
neo4j,mixed_c10,65,,60.1734,True,,10,write
neo4j,mixed_c10,66,9509349,56.34,True,,10,read
neo4j,mixed_c10,67,,1000.3738,True,,10,write
neo4j,mixed_c10,68,9603420,51.5197,True,,10,read
neo4j,mixed_c10,69,9606252,52.0446,True,,10,read
neo4j,mixed_c10,70,9609217,1156.7677,True,,10,read
neo4j,mixed_c10,71,9609470,1012.3202,True,,10,read
neo4j,mixed_c10,72,9610393,51.2348,True,,10,read
neo4j,mixed_c10,73,9701246,527.6882,True,,10,read
neo4j,mixed_c10,74,,55.8614,True,,10,write
neo4j,mixed_c10,75,9703209,53.4403,True,,10,read
neo4j,mixed_c10,76,9703232,52.2778,True,,10,read
neo4j,mixed_c10,77,9703423,52.7967,True,,10,read
neo4j,mixed_c10,78,9705262,414.0107,True,,10,read
neo4j,mixed_c10,79,9706541,53.8072,True,,10,read
neo4j,mixed_c10,80,9707250,3633.8487,True,,10,read
neo4j,mixed_c10,81,9707282,55.21,True,,10,read
neo4j,mixed_c10,82,9707295,2221.2318,True,,10,read
neo4j,mixed_c10,83,9710376,2418.3431,True,,10,read
neo4j,mixed_c10,84,9711261,505.1165,True,,10,read
neo4j,mixed_c10,85,9711379,880.449,True,,10,read
neo4j,mixed_c10,86,9803439,711.0577,True,,10,read
neo4j,mixed_c10,87,9804298,2915.001,True,,10,read
neo4j,mixed_c10,88,9804313,984.1305,True,,10,read
neo4j,mixed_c10,89,9804343,231.5402,True,,10,read
neo4j,mixed_c10,90,9805465,55.4794,True,,10,read
neo4j,mixed_c10,91,,61.4409,True,,10,write
neo4j,mixed_c10,92,9810418,1470.862,True,,10,read
neo4j,mixed_c10,93,9811432,57.2063,True,,10,read
neo4j,mixed_c10,94,9811469,56.6761,True,,10,read
neo4j,mixed_c10,95,,65.4104,True,,10,write
neo4j,mixed_c10,96,9906506,55.1502,True,,10,read
neo4j,mixed_c10,97,9907534,57.5821,True,,10,read
neo4j,mixed_c10,98,9909234,379.1172,True,,10,read
neo4j,mixed_c10,99,9909512,429.973,True,,10,read
neo4j,mixed_c10,100,,1374.836,True,,10,write
neo4j,mixed_c10,101,,1298.7527,True,,10,write
neo4j,mixed_c10,102,6217,1229.4497,True,,10,read
neo4j,mixed_c10,103,7077,987.9684,True,,10,read
neo4j,mixed_c10,104,7211,748.4978,True,,10,read
neo4j,mixed_c10,105,,490.7347,True,,10,write
neo4j,mixed_c10,106,9292,251.9366,True,,10,read
neo4j,mixed_c10,107,10094,64.7684,True,,10,read
neo4j,mixed_c10,108,10180,60.3972,True,,10,read
neo4j,mixed_c10,109,12020,53.0968,True,,10,read
neo4j,mixed_c10,110,101328,61.595,True,,10,read
neo4j,mixed_c10,111,102194,71.5397,True,,10,read
neo4j,mixed_c10,112,102318,61.6315,True,,10,read
neo4j,mixed_c10,113,104122,63.4133,True,,10,read
neo4j,mixed_c10,114,,62.4456,True,,10,write
neo4j,mixed_c10,115,105349,61.1495,True,,10,read
neo4j,mixed_c10,116,106261,63.4337,True,,10,read
neo4j,mixed_c10,117,107028,62.7263,True,,10,read
neo4j,mixed_c10,118,107093,62.6916,True,,10,read
neo4j,mixed_c10,119,107295,65.185,True,,10,read
neo4j,mixed_c10,120,108250,58.3816,True,,10,read
neo4j,mixed_c10,121,,58.2914,True,,10,write
neo4j,mixed_c10,122,109073,53.915,True,,10,read
neo4j,mixed_c10,123,110264,53.0366,True,,10,read
neo4j,mixed_c10,124,110376,57.1887,True,,10,read
neo4j,mixed_c10,125,201053,56.0104,True,,10,read
neo4j,mixed_c10,126,,56.8026,True,,10,write
neo4j,mixed_c10,127,204176,56.1589,True,,10,read
neo4j,mixed_c10,128,204182,79.1433,True,,10,read
neo4j,mixed_c10,129,,87.0696,True,,10,write
neo4j,mixed_c10,130,207048,65.8436,True,,10,read
neo4j,mixed_c10,131,207227,63.6155,True,,10,read
neo4j,mixed_c10,132,,66.5478,True,,10,write
neo4j,mixed_c10,133,208159,65.8606,True,,10,read
neo4j,mixed_c10,134,209058,70.261,True,,10,read
neo4j,mixed_c10,135,209108,55.0255,True,,10,read
neo4j,mixed_c10,136,210254,62.622,True,,10,read
neo4j,mixed_c10,137,302080,67.0267,True,,10,read
neo4j,mixed_c10,138,,59.3286,True,,10,write
neo4j,mixed_c10,139,9304275,64.2972,True,,10,read
neo4j,mixed_c10,140,9305258,64.3222,True,,10,read
neo4j,mixed_c10,141,9306241,63.6786,True,,10,read
neo4j,mixed_c10,142,9307320,55.5437,True,,10,read
neo4j,mixed_c10,143,9309220,55.3295,True,,10,read
neo4j,mixed_c10,144,9309273,54.6829,True,,10,read
neo4j,mixed_c10,145,,76.0778,True,,10,write
neo4j,mixed_c10,146,9310213,55.0211,True,,10,read
neo4j,mixed_c10,147,9311240,56.7658,True,,10,read
neo4j,mixed_c10,148,9401244,67.8668,True,,10,read
neo4j,mixed_c10,149,9401326,56.3222,True,,10,read
neo4j,mixed_c10,150,9403260,60.0526,True,,10,read
neo4j,mixed_c10,151,9403269,55.308,True,,10,read
neo4j,mixed_c10,152,9407272,63.2034,True,,10,read
neo4j,mixed_c10,153,9407278,59.9824,True,,10,read
neo4j,mixed_c10,154,,60.638,True,,10,write
neo4j,mixed_c10,155,,66.467,True,,10,write
neo4j,mixed_c10,156,,63.531,True,,10,write
neo4j,mixed_c10,157,9501376,59.9181,True,,10,read
neo4j,mixed_c10,158,9502306,59.4773,True,,10,read
neo4j,mixed_c10,159,9502360,58.38,True,,10,read
neo4j,mixed_c10,160,9503294,52.4534,True,,10,read
neo4j,mixed_c10,161,9504347,51.4659,True,,10,read
neo4j,mixed_c10,162,9505303,52.9715,True,,10,read
neo4j,mixed_c10,163,9505310,54.3703,True,,10,read
neo4j,mixed_c10,164,9505324,52.8538,True,,10,read
neo4j,mixed_c10,165,9508299,52.7491,True,,10,read
neo4j,mixed_c10,166,9509349,51.0902,True,,10,read
neo4j,mixed_c10,167,9603367,60.2772,True,,10,read
neo4j,mixed_c10,168,9603420,54.1861,True,,10,read
neo4j,mixed_c10,169,9606252,56.0107,True,,10,read
neo4j,mixed_c10,170,,58.2704,True,,10,write
neo4j,mixed_c10,171,9609470,55.724,True,,10,read
neo4j,mixed_c10,172,9610393,55.1857,True,,10,read
neo4j,mixed_c10,173,9701246,50.9469,True,,10,read
neo4j,mixed_c10,174,9702270,58.7558,True,,10,read
neo4j,mixed_c10,175,9703209,53.6527,True,,10,read
neo4j,mixed_c10,176,9703232,58.2171,True,,10,read
neo4j,mixed_c10,177,9703423,53.1602,True,,10,read
neo4j,mixed_c10,178,9705262,56.8589,True,,10,read
neo4j,mixed_c10,179,,57.4087,True,,10,write
neo4j,mixed_c10,180,9707250,55.0398,True,,10,read
neo4j,mixed_c10,181,,59.0654,True,,10,write
neo4j,mixed_c10,182,,60.1142,True,,10,write
neo4j,mixed_c10,183,,63.4385,True,,10,write
neo4j,mixed_c10,184,9711261,55.7198,True,,10,read
neo4j,mixed_c10,185,9711379,60.9314,True,,10,read
neo4j,mixed_c10,186,,68.8057,True,,10,write
neo4j,mixed_c10,187,9804298,61.1387,True,,10,read
neo4j,mixed_c10,188,9804313,60.0103,True,,10,read
neo4j,mixed_c10,189,9804343,59.1587,True,,10,read
neo4j,mixed_c10,190,9805465,54.4577,True,,10,read
neo4j,mixed_c10,191,9809529,56.9887,True,,10,read
neo4j,mixed_c10,192,9810418,55.3213,True,,10,read
neo4j,mixed_c10,193,,61.0286,True,,10,write
neo4j,mixed_c10,194,9811469,61.5602,True,,10,read
neo4j,mixed_c10,195,9812342,67.493,True,,10,read
neo4j,mixed_c10,196,9906506,67.3799,True,,10,read
neo4j,mixed_c10,197,9907534,52.7231,True,,10,read
neo4j,mixed_c10,198,9909234,62.5175,True,,10,read
neo4j,mixed_c10,199,9909512,55.2187,True,,10,read
neo4j,mixed_c10,200,2106,58.2518,True,,10,read
neo4j,mixed_c10,201,6114,55.4834,True,,10,read
neo4j,mixed_c10,202,6217,53.6335,True,,10,read
neo4j,mixed_c10,203,7077,53.4991,True,,10,read
neo4j,mixed_c10,204,,57.8866,True,,10,write
neo4j,mixed_c10,205,7232,53.0892,True,,10,read
neo4j,mixed_c10,206,9292,55.8185,True,,10,read
neo4j,mixed_c10,207,10094,57.4488,True,,10,read
neo4j,mixed_c10,208,10180,56.9247,True,,10,read
neo4j,mixed_c10,209,,65.0174,True,,10,write
neo4j,mixed_c10,210,,57.21,True,,10,write
neo4j,mixed_c10,211,102194,57.1711,True,,10,read
neo4j,mixed_c10,212,102318,55.493,True,,10,read
neo4j,mixed_c10,213,104122,53.695,True,,10,read
neo4j,mixed_c10,214,104187,53.5224,True,,10,read
neo4j,mixed_c10,215,,58.7497,True,,10,write
neo4j,mixed_c10,216,106261,57.4346,True,,10,read
neo4j,mixed_c10,217,107028,56.5877,True,,10,read
neo4j,mixed_c10,218,107093,56.8571,True,,10,read
neo4j,mixed_c10,219,107295,55.1623,True,,10,read
neo4j,mixed_c10,220,108250,55.5984,True,,10,read
neo4j,mixed_c10,221,109054,57.1201,True,,10,read
neo4j,mixed_c10,222,109073,56.0099,True,,10,read
neo4j,mixed_c10,223,,60.1725,True,,10,write
neo4j,mixed_c10,224,110376,55.4223,True,,10,read
neo4j,mixed_c10,225,,62.1457,True,,10,write
neo4j,mixed_c10,226,204096,55.7943,True,,10,read
neo4j,mixed_c10,227,204176,56.6674,True,,10,read
neo4j,mixed_c10,228,204182,55.8503,True,,10,read
neo4j,mixed_c10,229,205038,53.9865,True,,10,read
neo4j,mixed_c10,230,207048,54.8552,True,,10,read
neo4j,mixed_c10,231,207227,67.7662,True,,10,read
neo4j,mixed_c10,232,,61.9746,True,,10,write
neo4j,mixed_c10,233,,60.1957,True,,10,write
neo4j,mixed_c10,234,209058,53.0073,True,,10,read
neo4j,mixed_c10,235,,70.1922,True,,10,write
neo4j,mixed_c10,236,,60.9107,True,,10,write
neo4j,mixed_c10,237,,61.8089,True,,10,write
neo4j,mixed_c10,238,9208245,64.2054,True,,10,read
neo4j,mixed_c10,239,9304275,63.6149,True,,10,read
neo4j,mixed_c10,240,9305258,64.4422,True,,10,read
neo4j,mixed_c10,241,9306241,64.8893,True,,10,read
neo4j,mixed_c10,242,9307320,69.7318,True,,10,read
neo4j,mixed_c10,243,,73.8586,True,,10,write
neo4j,mixed_c10,244,9309273,58.1824,True,,10,read
neo4j,mixed_c10,245,9309293,59.0215,True,,10,read
neo4j,mixed_c10,246,,68.3438,True,,10,write
neo4j,mixed_c10,247,9311240,57.9689,True,,10,read
neo4j,mixed_c10,248,9401244,60.0792,True,,10,read
neo4j,mixed_c10,249,9401326,56.2717,True,,10,read
neo4j,mixed_c10,250,9403260,59.2428,True,,10,read
neo4j,mixed_c10,251,9403269,53.2817,True,,10,read
neo4j,mixed_c10,252,9407272,56.3379,True,,10,read
neo4j,mixed_c10,253,9407278,59.134,True,,10,read
neo4j,mixed_c10,254,9407401,52.3361,True,,10,read
neo4j,mixed_c10,255,,58.2068,True,,10,write
neo4j,mixed_c10,256,9501350,57.7075,True,,10,read
neo4j,mixed_c10,257,9501376,52.5886,True,,10,read
neo4j,mixed_c10,258,9502306,56.8703,True,,10,read
neo4j,mixed_c10,259,9502360,56.8553,True,,10,read
neo4j,mixed_c10,260,9503294,58.0903,True,,10,read
neo4j,mixed_c10,261,9504347,53.8556,True,,10,read
neo4j,mixed_c10,262,9505303,59.9238,True,,10,read
neo4j,mixed_c10,263,9505310,58.5319,True,,10,read
neo4j,mixed_c10,264,9505324,57.9199,True,,10,read
neo4j,mixed_c10,265,9508299,53.0931,True,,10,read
neo4j,mixed_c10,266,9509349,53.3706,True,,10,read
neo4j,mixed_c10,267,9603367,53.9875,True,,10,read
neo4j,mixed_c10,268,9603420,57.3168,True,,10,read
neo4j,mixed_c10,269,9606252,57.4851,True,,10,read
neo4j,mixed_c10,270,,59.3365,True,,10,write
neo4j,mixed_c10,271,9609470,58.6363,True,,10,read
neo4j,mixed_c10,272,9610393,53.1992,True,,10,read
neo4j,mixed_c10,273,9701246,56.3282,True,,10,read
neo4j,mixed_c10,274,,59.9729,True,,10,write
neo4j,mixed_c10,275,9703209,55.5669,True,,10,read
neo4j,mixed_c10,276,9703232,55.6482,True,,10,read
neo4j,mixed_c10,277,9703423,56.1736,True,,10,read
neo4j,mixed_c10,278,,58.6596,True,,10,write
neo4j,mixed_c10,279,9706541,62.9609,True,,10,read
neo4j,mixed_c10,280,9707250,66.7227,True,,10,read
neo4j,mixed_c10,281,9707282,65.6109,True,,10,read
neo4j,mixed_c10,282,9707295,58.5057,True,,10,read
neo4j,mixed_c10,283,9710376,56.3038,True,,10,read
neo4j,mixed_c10,284,9711261,55.1088,True,,10,read
neo4j,mixed_c10,285,9711379,53.1422,True,,10,read
neo4j,mixed_c10,286,9803439,52.4685,True,,10,read
neo4j,mixed_c10,287,9804298,55.8585,True,,10,read
neo4j,mixed_c10,288,9804313,56.5725,True,,10,read
neo4j,mixed_c10,289,9804343,57.2451,True,,10,read
neo4j,mixed_c10,290,9805465,53.6448,True,,10,read
neo4j,mixed_c10,291,9809529,60.4754,True,,10,read
neo4j,mixed_c10,292,9810418,58.365,True,,10,read
neo4j,mixed_c10,293,9811432,55.0825,True,,10,read
neo4j,mixed_c10,294,9811469,57.4869,True,,10,read
neo4j,mixed_c10,295,9812342,54.3857,True,,10,read
neo4j,mixed_c10,296,9906506,54.8672,True,,10,read
neo4j,mixed_c10,297,9907534,56.5701,True,,10,read
neo4j,mixed_c10,298,,59.8247,True,,10,write
neo4j,mixed_c10,299,9909512,54.6201,True,,10,read
neo4j,mixed_c10,300,2106,54.892,True,,10,read
neo4j,mixed_c10,301,6114,53.5392,True,,10,read
neo4j,mixed_c10,302,6217,55.3814,True,,10,read
neo4j,mixed_c10,303,7077,55.3193,True,,10,read
neo4j,mixed_c10,304,7211,53.8387,True,,10,read
neo4j,mixed_c10,305,7232,54.187,True,,10,read
neo4j,mixed_c10,306,9292,51.9116,True,,10,read
neo4j,mixed_c10,307,10094,56.6927,True,,10,read
neo4j,mixed_c10,308,10180,53.1866,True,,10,read
neo4j,mixed_c10,309,12020,52.5319,True,,10,read
neo4j,mixed_c10,310,101328,57.1499,True,,10,read
neo4j,mixed_c10,311,102194,53.29,True,,10,read
neo4j,mixed_c10,312,102318,59.296,True,,10,read
neo4j,mixed_c10,313,104122,61.5448,True,,10,read
neo4j,mixed_c10,314,104187,54.1694,True,,10,read
neo4j,mixed_c10,315,105349,56.7169,True,,10,read
neo4j,mixed_c10,316,106261,56.4728,True,,10,read
neo4j,mixed_c10,317,,58.2358,True,,10,write
neo4j,mixed_c10,318,107093,63.1877,True,,10,read
neo4j,mixed_c10,319,107295,62.5268,True,,10,read
neo4j,mixed_c10,320,108250,52.9498,True,,10,read
neo4j,mixed_c10,321,,61.0801,True,,10,write
neo4j,mixed_c10,322,,58.1881,True,,10,write
neo4j,mixed_c10,323,110264,52.04,True,,10,read
neo4j,mixed_c10,324,110376,53.0108,True,,10,read
neo4j,mixed_c10,325,,54.668,True,,10,write
neo4j,mixed_c10,326,204096,52.4705,True,,10,read
neo4j,mixed_c10,327,204176,53.8398,True,,10,read
neo4j,mixed_c10,328,204182,54.9908,True,,10,read
neo4j,mixed_c10,329,,61.8458,True,,10,write
neo4j,mixed_c10,330,,60.5782,True,,10,write
neo4j,mixed_c10,331,207227,50.7012,True,,10,read
neo4j,mixed_c10,332,208138,50.5029,True,,10,read
neo4j,mixed_c10,333,208159,53.0592,True,,10,read
neo4j,mixed_c10,334,,55.5877,True,,10,write
neo4j,mixed_c10,335,209108,53.1564,True,,10,read
neo4j,mixed_c10,336,210254,51.5534,True,,10,read
neo4j,mixed_c10,337,302080,67.1203,True,,10,read
neo4j,mixed_c10,338,9208245,69.1883,True,,10,read
neo4j,mixed_c10,339,,62.6252,True,,10,write
neo4j,mixed_c10,340,9305258,64.2423,True,,10,read
neo4j,mixed_c10,341,9306241,58.4813,True,,10,read
neo4j,mixed_c10,342,9307320,60.547,True,,10,read
neo4j,mixed_c10,343,9309220,63.7718,True,,10,read
neo4j,mixed_c10,344,9309273,63.3156,True,,10,read
neo4j,mixed_c10,345,,63.5162,True,,10,write
neo4j,mixed_c10,346,,60.7372,True,,10,write
neo4j,mixed_c10,347,9311240,53.3745,True,,10,read
neo4j,mixed_c10,348,9401244,53.9018,True,,10,read
neo4j,mixed_c10,349,9401326,54.4803,True,,10,read
neo4j,mixed_c10,350,9403260,56.4553,True,,10,read
neo4j,mixed_c10,351,9403269,53.3076,True,,10,read
neo4j,mixed_c10,352,9407272,54.4208,True,,10,read
neo4j,mixed_c10,353,9407278,53.093,True,,10,read
neo4j,mixed_c10,354,9407401,52.9619,True,,10,read
neo4j,mixed_c10,355,9501227,51.4823,True,,10,read
neo4j,mixed_c10,356,9501350,52.0384,True,,10,read
neo4j,mixed_c10,357,,67.4693,True,,10,write
neo4j,mixed_c10,358,9502306,51.8631,True,,10,read
neo4j,mixed_c10,359,9502360,51.7168,True,,10,read
neo4j,mixed_c10,360,9503294,51.6388,True,,10,read
neo4j,mixed_c10,361,9504347,60.6082,True,,10,read
neo4j,mixed_c10,362,9505303,50.5184,True,,10,read
neo4j,mixed_c10,363,9505310,59.5161,True,,10,read
neo4j,mixed_c10,364,,56.0302,True,,10,write
neo4j,mixed_c10,365,9508299,56.5843,True,,10,read
neo4j,mixed_c10,366,,58.0004,True,,10,write
neo4j,mixed_c10,367,,60.8549,True,,10,write
neo4j,mixed_c10,368,9603420,54.7243,True,,10,read
neo4j,mixed_c10,369,9606252,50.7972,True,,10,read
neo4j,mixed_c10,370,9609217,57.3671,True,,10,read
neo4j,mixed_c10,371,,59.4264,True,,10,write
neo4j,mixed_c10,372,,65.9689,True,,10,write
neo4j,mixed_c10,373,9701246,51.0276,True,,10,read
neo4j,mixed_c10,374,9702270,53.4988,True,,10,read
neo4j,mixed_c10,375,9703209,55.8356,True,,10,read
neo4j,mixed_c10,376,9703232,57.6254,True,,10,read
neo4j,mixed_c10,377,9703423,55.4365,True,,10,read
neo4j,mixed_c10,378,9705262,58.4621,True,,10,read
neo4j,mixed_c10,379,9706541,60.3357,True,,10,read
neo4j,mixed_c10,380,9707250,56.1321,True,,10,read
neo4j,mixed_c10,381,9707282,57.5757,True,,10,read
neo4j,mixed_c10,382,9707295,55.4691,True,,10,read
neo4j,mixed_c10,383,9710376,54.6689,True,,10,read
neo4j,mixed_c10,384,9711261,69.7171,True,,10,read
neo4j,mixed_c10,385,9711379,65.621,True,,10,read
neo4j,mixed_c10,386,9803439,60.8051,True,,10,read
neo4j,mixed_c10,387,9804298,54.1458,True,,10,read
neo4j,mixed_c10,388,9804313,54.2184,True,,10,read
neo4j,mixed_c10,389,9804343,53.2132,True,,10,read
neo4j,mixed_c10,390,,61.7324,True,,10,write
neo4j,mixed_c10,391,9809529,54.4829,True,,10,read
neo4j,mixed_c10,392,9810418,55.8105,True,,10,read
neo4j,mixed_c10,393,9811432,59.5093,True,,10,read
neo4j,mixed_c10,394,,61.8929,True,,10,write
neo4j,mixed_c10,395,9812342,53.3912,True,,10,read
neo4j,mixed_c10,396,9906506,55.2608,True,,10,read
neo4j,mixed_c10,397,9907534,52.8735,True,,10,read
neo4j,mixed_c10,398,9909234,56.8605,True,,10,read
neo4j,mixed_c10,399,9909512,51.0728,True,,10,read
neo4j,mixed_c10,400,2106,54.2904,True,,10,read
neo4j,mixed_c10,401,6114,54.2596,True,,10,read
neo4j,mixed_c10,402,6217,54.6955,True,,10,read
neo4j,mixed_c10,403,7077,52.0163,True,,10,read
neo4j,mixed_c10,404,7211,52.6236,True,,10,read
neo4j,mixed_c10,405,7232,53.6766,True,,10,read
neo4j,mixed_c10,406,,59.2988,True,,10,write
neo4j,mixed_c10,407,,61.023,True,,10,write
neo4j,mixed_c10,408,10180,57.9218,True,,10,read
neo4j,mixed_c10,409,12020,61.9758,True,,10,read
neo4j,mixed_c10,410,101328,59.5606,True,,10,read
neo4j,mixed_c10,411,102194,59.6685,True,,10,read
neo4j,mixed_c10,412,102318,60.9936,True,,10,read
neo4j,mixed_c10,413,104122,61.1057,True,,10,read
neo4j,mixed_c10,414,,57.7472,True,,10,write
neo4j,mixed_c10,415,105349,55.6828,True,,10,read
neo4j,mixed_c10,416,106261,56.5658,True,,10,read
neo4j,mixed_c10,417,107028,53.0958,True,,10,read
neo4j,mixed_c10,418,107093,54.244,True,,10,read
neo4j,mixed_c10,419,107295,54.8793,True,,10,read
neo4j,mixed_c10,420,108250,57.4632,True,,10,read
neo4j,mixed_c10,421,109054,51.7864,True,,10,read
neo4j,mixed_c10,422,109073,59.2513,True,,10,read
neo4j,mixed_c10,423,110264,54.4073,True,,10,read
neo4j,mixed_c10,424,,61.2149,True,,10,write
neo4j,mixed_c10,425,201053,56.3028,True,,10,read
neo4j,mixed_c10,426,204096,55.6246,True,,10,read
neo4j,mixed_c10,427,204176,53.4921,True,,10,read
neo4j,mixed_c10,428,204182,52.304,True,,10,read
neo4j,mixed_c10,429,205038,57.0776,True,,10,read
neo4j,mixed_c10,430,207048,57.0024,True,,10,read
neo4j,mixed_c10,431,207227,58.7833,True,,10,read
neo4j,mixed_c10,432,,61.0298,True,,10,write
neo4j,mixed_c10,433,208159,54.4955,True,,10,read
neo4j,mixed_c10,434,209058,56.1704,True,,10,read
neo4j,mixed_c10,435,209108,56.7089,True,,10,read
neo4j,mixed_c10,436,210254,56.6973,True,,10,read
neo4j,mixed_c10,437,,56.6066,True,,10,write
neo4j,mixed_c10,438,,59.5708,True,,10,write
neo4j,mixed_c10,439,9304275,54.8037,True,,10,read
neo4j,mixed_c10,440,,56.1731,True,,10,write
neo4j,mixed_c10,441,9306241,54.3768,True,,10,read
neo4j,mixed_c10,442,9307320,54.1936,True,,10,read
neo4j,mixed_c10,443,9309220,58.1056,True,,10,read
neo4j,mixed_c10,444,9309273,54.2085,True,,10,read
neo4j,mixed_c10,445,9309293,52.8822,True,,10,read
neo4j,mixed_c10,446,9310213,55.892,True,,10,read
neo4j,mixed_c10,447,9311240,53.1303,True,,10,read
neo4j,mixed_c10,448,9401244,53.1625,True,,10,read
neo4j,mixed_c10,449,9401326,54.1341,True,,10,read
neo4j,mixed_c10,450,9403260,52.6177,True,,10,read
neo4j,mixed_c10,451,9403269,54.3575,True,,10,read
neo4j,mixed_c10,452,9407272,55.9803,True,,10,read
neo4j,mixed_c10,453,9407278,53.2795,True,,10,read
neo4j,mixed_c10,454,9407401,61.1795,True,,10,read
neo4j,mixed_c10,455,9501227,55.361,True,,10,read
neo4j,mixed_c10,456,9501350,56.3656,True,,10,read
neo4j,mixed_c10,457,9501376,53.4006,True,,10,read
neo4j,mixed_c10,458,9502306,55.7294,True,,10,read
neo4j,mixed_c10,459,,57.8658,True,,10,write
neo4j,mixed_c10,460,,57.8524,True,,10,write
neo4j,mixed_c10,461,,55.8659,True,,10,write
neo4j,mixed_c10,462,9505303,53.6441,True,,10,read
neo4j,mixed_c10,463,9505310,54.5656,True,,10,read
neo4j,mixed_c10,464,9505324,51.8405,True,,10,read
neo4j,mixed_c10,465,9508299,54.9276,True,,10,read
neo4j,mixed_c10,466,9509349,56.1711,True,,10,read
neo4j,mixed_c10,467,,57.0516,True,,10,write
neo4j,mixed_c10,468,,54.774,True,,10,write
neo4j,mixed_c10,469,9606252,54.3902,True,,10,read
neo4j,mixed_c10,470,9609217,53.6522,True,,10,read
neo4j,mixed_c10,471,,57.4814,True,,10,write
neo4j,mixed_c10,472,,56.5403,True,,10,write
neo4j,mixed_c10,473,9701246,56.5747,True,,10,read
neo4j,mixed_c10,474,9702270,55.1699,True,,10,read
neo4j,mixed_c10,475,9703209,54.6632,True,,10,read
neo4j,mixed_c10,476,9703232,55.8753,True,,10,read
neo4j,mixed_c10,477,9703423,55.958,True,,10,read
neo4j,mixed_c10,478,,57.1739,True,,10,write
neo4j,mixed_c10,479,,59.0465,True,,10,write
neo4j,mixed_c10,480,9707250,55.8553,True,,10,read
neo4j,mixed_c10,481,9707282,54.003,True,,10,read
neo4j,mixed_c10,482,9707295,54.6733,True,,10,read
neo4j,mixed_c10,483,9710376,54.9867,True,,10,read
neo4j,mixed_c10,484,9711261,55.1646,True,,10,read
neo4j,mixed_c10,485,,60.6852,True,,10,write
neo4j,mixed_c10,486,9803439,57.504,True,,10,read
neo4j,mixed_c10,487,9804298,57.5929,True,,10,read
neo4j,mixed_c10,488,9804313,53.585,True,,10,read
neo4j,mixed_c10,489,9804343,50.9446,True,,10,read
neo4j,mixed_c10,490,9805465,54.6079,True,,10,read
neo4j,mixed_c10,491,9809529,53.8551,True,,10,read
neo4j,mixed_c10,492,,61.0749,True,,10,write
neo4j,mixed_c10,493,9811432,60.0483,True,,10,read
neo4j,mixed_c10,494,9811469,55.1053,True,,10,read
neo4j,mixed_c10,495,9812342,54.8133,True,,10,read
neo4j,mixed_c10,496,,61.8734,True,,10,write
neo4j,mixed_c10,497,9907534,54.0662,True,,10,read
neo4j,mixed_c10,498,,56.6638,True,,10,write
neo4j,mixed_c10,499,9909512,53.3195,True,,10,read
neo4j,mixed_c10,500,2106,52.9851,True,,10,read
neo4j,mixed_c10,501,6114,54.9028,True,,10,read
neo4j,mixed_c10,502,6217,63.9467,True,,10,read
neo4j,mixed_c10,503,7077,62.8338,True,,10,read
neo4j,mixed_c10,504,,63.5865,True,,10,write
neo4j,mixed_c10,505,7232,60.3308,True,,10,read
neo4j,mixed_c10,506,,72.951,True,,10,write
neo4j,mixed_c10,507,10094,69.949,True,,10,read
neo4j,mixed_c10,508,10180,65.9643,True,,10,read
neo4j,mixed_c10,509,,59.0408,True,,10,write
neo4j,mixed_c10,510,101328,58.722,True,,10,read
neo4j,mixed_c10,511,102194,64.6108,True,,10,read
neo4j,mixed_c10,512,102318,59.8891,True,,10,read
neo4j,mixed_c10,513,104122,59.29,True,,10,read
neo4j,mixed_c10,514,,59.2231,True,,10,write
neo4j,mixed_c10,515,,58.7062,True,,10,write
neo4j,mixed_c10,516,,57.8093,True,,10,write
neo4j,mixed_c10,517,107028,52.6985,True,,10,read
neo4j,mixed_c10,518,107093,57.1745,True,,10,read
neo4j,mixed_c10,519,107295,61.4154,True,,10,read
neo4j,mixed_c10,520,108250,58.7796,True,,10,read
neo4j,mixed_c10,521,,60.8522,True,,10,write
neo4j,mixed_c10,522,109073,55.9057,True,,10,read
neo4j,mixed_c10,523,,60.4437,True,,10,write
neo4j,mixed_c10,524,110376,55.819,True,,10,read
neo4j,mixed_c10,525,201053,55.4926,True,,10,read
neo4j,mixed_c10,526,204096,54.7332,True,,10,read
neo4j,mixed_c10,527,204176,54.985,True,,10,read
neo4j,mixed_c10,528,204182,56.3672,True,,10,read
neo4j,mixed_c10,529,205038,56.1582,True,,10,read
neo4j,mixed_c10,530,207048,56.848,True,,10,read
neo4j,mixed_c10,531,207227,56.1058,True,,10,read
neo4j,mixed_c10,532,208138,55.9137,True,,10,read
neo4j,mixed_c10,533,208159,56.7323,True,,10,read
neo4j,mixed_c10,534,,63.8489,True,,10,write
neo4j,mixed_c10,535,209108,55.3561,True,,10,read
neo4j,mixed_c10,536,210254,56.6186,True,,10,read
neo4j,mixed_c10,537,302080,55.6358,True,,10,read
neo4j,mixed_c10,538,9208245,66.5866,True,,10,read
neo4j,mixed_c10,539,9304275,66.515,True,,10,read
neo4j,mixed_c10,540,9305258,66.0628,True,,10,read
neo4j,mixed_c10,541,,59.1013,True,,10,write
neo4j,mixed_c10,542,9307320,53.1995,True,,10,read
neo4j,mixed_c10,543,9309220,54.3839,True,,10,read
neo4j,mixed_c10,544,9309273,55.87,True,,10,read
neo4j,mixed_c10,545,9309293,53.9201,True,,10,read
neo4j,mixed_c10,546,9310213,52.4206,True,,10,read
neo4j,mixed_c10,547,9311240,51.7313,True,,10,read
neo4j,mixed_c10,548,9401244,59.6383,True,,10,read
neo4j,mixed_c10,549,9401326,61.0912,True,,10,read
neo4j,mixed_c10,550,9403260,56.0437,True,,10,read
neo4j,mixed_c10,551,,60.85,True,,10,write
neo4j,mixed_c10,552,9407272,55.7646,True,,10,read
neo4j,mixed_c10,553,9407278,64.0726,True,,10,read
neo4j,mixed_c10,554,9407401,58.6413,True,,10,read
neo4j,mixed_c10,555,9501227,57.2577,True,,10,read
neo4j,mixed_c10,556,9501350,63.5814,True,,10,read
neo4j,mixed_c10,557,9501376,63.5648,True,,10,read
neo4j,mixed_c10,558,9502306,63.6111,True,,10,read
neo4j,mixed_c10,559,9502360,66.6362,True,,10,read
neo4j,mixed_c10,560,9503294,68.0069,True,,10,read
neo4j,mixed_c10,561,9504347,61.7741,True,,10,read
neo4j,mixed_c10,562,9505303,65.5653,True,,10,read
neo4j,mixed_c10,563,9505310,61.2375,True,,10,read
neo4j,mixed_c10,564,9505324,57.8947,True,,10,read
neo4j,mixed_c10,565,9508299,57.7049,True,,10,read
neo4j,mixed_c10,566,9509349,59.7555,True,,10,read
neo4j,mixed_c10,567,9603367,59.2084,True,,10,read
neo4j,mixed_c10,568,9603420,53.7078,True,,10,read
neo4j,mixed_c10,569,9606252,53.8793,True,,10,read
neo4j,mixed_c10,570,9609217,53.8093,True,,10,read
neo4j,mixed_c10,571,9609470,52.6028,True,,10,read
neo4j,mixed_c10,572,9610393,52.3718,True,,10,read
neo4j,mixed_c10,573,9701246,54.0884,True,,10,read
neo4j,mixed_c10,574,9702270,51.2236,True,,10,read
neo4j,mixed_c10,575,9703209,53.2006,True,,10,read
neo4j,mixed_c10,576,9703232,54.025,True,,10,read
neo4j,mixed_c10,577,9703423,50.2798,True,,10,read
neo4j,mixed_c10,578,9705262,57.0505,True,,10,read
neo4j,mixed_c10,579,9706541,63.8729,True,,10,read
neo4j,mixed_c10,580,9707250,61.1751,True,,10,read
neo4j,mixed_c10,581,9707282,65.6095,True,,10,read
neo4j,mixed_c10,582,,61.4943,True,,10,write
neo4j,mixed_c10,583,9710376,52.932,True,,10,read
neo4j,mixed_c10,584,,57.3065,True,,10,write
neo4j,mixed_c10,585,9711379,55.6839,True,,10,read
neo4j,mixed_c10,586,9803439,50.9105,True,,10,read
neo4j,mixed_c10,587,9804298,52.1586,True,,10,read
neo4j,mixed_c10,588,9804313,52.1236,True,,10,read
neo4j,mixed_c10,589,9804343,54.0378,True,,10,read
neo4j,mixed_c10,590,9805465,56.3137,True,,10,read
neo4j,mixed_c10,591,9809529,52.9698,True,,10,read
neo4j,mixed_c10,592,,65.5002,True,,10,write
neo4j,mixed_c10,593,,56.9986,True,,10,write
neo4j,mixed_c10,594,,62.8089,True,,10,write
neo4j,mixed_c10,595,9812342,52.4244,True,,10,read
neo4j,mixed_c10,596,9906506,54.8858,True,,10,read
neo4j,mixed_c10,597,9907534,52.8665,True,,10,read
neo4j,mixed_c10,598,9909234,53.4038,True,,10,read
neo4j,mixed_c10,599,9909512,52.7294,True,,10,read
neo4j,mixed_c10,600,,57.6571,True,,10,write
neo4j,mixed_c10,601,6114,51.8151,True,,10,read
neo4j,mixed_c10,602,6217,54.9059,True,,10,read
neo4j,mixed_c10,603,7077,53.9092,True,,10,read
neo4j,mixed_c10,604,7211,51.9784,True,,10,read
neo4j,mixed_c10,605,,58.014,True,,10,write
neo4j,mixed_c10,606,9292,51.3224,True,,10,read
neo4j,mixed_c10,607,10094,51.1618,True,,10,read
neo4j,mixed_c10,608,10180,55.5635,True,,10,read
neo4j,mixed_c10,609,12020,52.3741,True,,10,read
neo4j,mixed_c10,610,101328,56.8333,True,,10,read
neo4j,mixed_c10,611,,55.9274,True,,10,write
neo4j,mixed_c10,612,102318,55.0712,True,,10,read
neo4j,mixed_c10,613,,57.0946,True,,10,write
neo4j,mixed_c10,614,104187,58.1484,True,,10,read
neo4j,mixed_c10,615,105349,53.0711,True,,10,read
neo4j,mixed_c10,616,106261,56.1437,True,,10,read
neo4j,mixed_c10,617,107028,58.7849,True,,10,read
neo4j,mixed_c10,618,,55.8849,True,,10,write
neo4j,mixed_c10,619,107295,50.358,True,,10,read
neo4j,mixed_c10,620,108250,54.5239,True,,10,read
neo4j,mixed_c10,621,109054,54.7141,True,,10,read
neo4j,mixed_c10,622,109073,54.0591,True,,10,read
neo4j,mixed_c10,623,110264,52.4056,True,,10,read
neo4j,mixed_c10,624,110376,53.8477,True,,10,read
neo4j,mixed_c10,625,201053,56.2763,True,,10,read
neo4j,mixed_c10,626,204096,52.4571,True,,10,read
neo4j,mixed_c10,627,204176,53.8082,True,,10,read
neo4j,mixed_c10,628,204182,52.6368,True,,10,read
neo4j,mixed_c10,629,205038,51.8621,True,,10,read
neo4j,mixed_c10,630,207048,56.2321,True,,10,read
neo4j,mixed_c10,631,207227,52.1116,True,,10,read
neo4j,mixed_c10,632,208138,54.6566,True,,10,read
neo4j,mixed_c10,633,,58.0246,True,,10,write
neo4j,mixed_c10,634,209058,52.2562,True,,10,read
neo4j,mixed_c10,635,209108,53.2024,True,,10,read
neo4j,mixed_c10,636,210254,58.7469,True,,10,read
neo4j,mixed_c10,637,302080,51.22,True,,10,read
neo4j,mixed_c10,638,9208245,53.2223,True,,10,read
neo4j,mixed_c10,639,9304275,54.5884,True,,10,read
neo4j,mixed_c10,640,9305258,52.1805,True,,10,read
neo4j,mixed_c10,641,9306241,55.7207,True,,10,read
neo4j,mixed_c10,642,9307320,53.9645,True,,10,read
neo4j,mixed_c10,643,9309220,51.4592,True,,10,read
neo4j,mixed_c10,644,,55.9886,True,,10,write
neo4j,mixed_c10,645,,56.5362,True,,10,write
neo4j,mixed_c10,646,9310213,52.784,True,,10,read
neo4j,mixed_c10,647,9311240,52.9927,True,,10,read
neo4j,mixed_c10,648,,56.9569,True,,10,write
neo4j,mixed_c10,649,9401326,51.4241,True,,10,read
neo4j,mixed_c10,650,,56.1557,True,,10,write
neo4j,mixed_c10,651,9403269,56.1219,True,,10,read
neo4j,mixed_c10,652,,57.2219,True,,10,write
neo4j,mixed_c10,653,9407278,51.3358,True,,10,read
neo4j,mixed_c10,654,9407401,53.731,True,,10,read
neo4j,mixed_c10,655,9501227,54.6087,True,,10,read
neo4j,mixed_c10,656,9501350,54.9476,True,,10,read
neo4j,mixed_c10,657,,58.6996,True,,10,write
neo4j,mixed_c10,658,9502306,52.9487,True,,10,read
neo4j,mixed_c10,659,9502360,53.8056,True,,10,read
neo4j,mixed_c10,660,9503294,53.2431,True,,10,read
neo4j,mixed_c10,661,,57.3041,True,,10,write
neo4j,mixed_c10,662,9505303,57.5477,True,,10,read
neo4j,mixed_c10,663,,64.6435,True,,10,write
neo4j,mixed_c10,664,9505324,55.727,True,,10,read
neo4j,mixed_c10,665,9508299,54.8511,True,,10,read
neo4j,mixed_c10,666,9509349,59.1844,True,,10,read
neo4j,mixed_c10,667,,58.2853,True,,10,write
neo4j,mixed_c10,668,,57.6738,True,,10,write
neo4j,mixed_c10,669,9606252,52.4281,True,,10,read
neo4j,mixed_c10,670,,56.7327,True,,10,write
neo4j,mixed_c10,671,9609470,54.7225,True,,10,read
neo4j,mixed_c10,672,9610393,56.0131,True,,10,read
neo4j,mixed_c10,673,,58.541,True,,10,write
neo4j,mixed_c10,674,9702270,52.0476,True,,10,read
neo4j,mixed_c10,675,9703209,54.3464,True,,10,read
neo4j,mixed_c10,676,9703232,54.0455,True,,10,read
neo4j,mixed_c10,677,9703423,55.5033,True,,10,read
neo4j,mixed_c10,678,9705262,52.4336,True,,10,read
neo4j,mixed_c10,679,,57.996,True,,10,write
neo4j,mixed_c10,680,,60.0725,True,,10,write
neo4j,mixed_c10,681,,58.6046,True,,10,write
neo4j,mixed_c10,682,9707295,58.784,True,,10,read
neo4j,mixed_c10,683,9710376,54.4484,True,,10,read
neo4j,mixed_c10,684,9711261,55.8716,True,,10,read
neo4j,mixed_c10,685,,57.251,True,,10,write
neo4j,mixed_c10,686,9803439,55.6198,True,,10,read
neo4j,mixed_c10,687,,59.2068,True,,10,write
neo4j,mixed_c10,688,9804313,53.7163,True,,10,read
neo4j,mixed_c10,689,9804343,52.2492,True,,10,read
neo4j,mixed_c10,690,9805465,56.9811,True,,10,read
neo4j,mixed_c10,691,,57.9067,True,,10,write
neo4j,mixed_c10,692,,57.2566,True,,10,write
neo4j,mixed_c10,693,,64.5313,True,,10,write
neo4j,mixed_c10,694,,59.2568,True,,10,write
neo4j,mixed_c10,695,,59.5036,True,,10,write
neo4j,mixed_c10,696,9906506,55.656,True,,10,read
neo4j,mixed_c10,697,9907534,52.0549,True,,10,read
neo4j,mixed_c10,698,9909234,50.8765,True,,10,read
neo4j,mixed_c10,699,9909512,53.2847,True,,10,read
neo4j,mixed_c10,700,2106,53.5138,True,,10,read
neo4j,mixed_c10,701,6114,51.2974,True,,10,read
neo4j,mixed_c10,702,,62.0681,True,,10,write
neo4j,mixed_c10,703,7077,51.6996,True,,10,read
neo4j,mixed_c10,704,7211,52.2846,True,,10,read
neo4j,mixed_c10,705,7232,55.4249,True,,10,read
neo4j,mixed_c10,706,9292,53.5672,True,,10,read
neo4j,mixed_c10,707,10094,54.9833,True,,10,read
neo4j,mixed_c10,708,10180,51.1667,True,,10,read
neo4j,mixed_c10,709,12020,49.9097,True,,10,read
neo4j,mixed_c10,710,101328,49.8221,True,,10,read
neo4j,mixed_c10,711,102194,50.8725,True,,10,read
neo4j,mixed_c10,712,102318,55.993,True,,10,read
neo4j,mixed_c10,713,104122,55.3148,True,,10,read
neo4j,mixed_c10,714,104187,51.3835,True,,10,read
neo4j,mixed_c10,715,105349,53.6938,True,,10,read
neo4j,mixed_c10,716,106261,53.4806,True,,10,read
neo4j,mixed_c10,717,,55.579,True,,10,write
neo4j,mixed_c10,718,,56.5555,True,,10,write
neo4j,mixed_c10,719,107295,53.0485,True,,10,read
neo4j,mixed_c10,720,108250,51.7692,True,,10,read
neo4j,mixed_c10,721,109054,51.0264,True,,10,read
neo4j,mixed_c10,722,109073,51.6878,True,,10,read
neo4j,mixed_c10,723,110264,51.6396,True,,10,read
neo4j,mixed_c10,724,110376,52.8334,True,,10,read
neo4j,mixed_c10,725,,56.1597,True,,10,write
neo4j,mixed_c10,726,204096,53.5887,True,,10,read
neo4j,mixed_c10,727,,55.1819,True,,10,write
neo4j,mixed_c10,728,204182,55.5349,True,,10,read
neo4j,mixed_c10,729,205038,56.194,True,,10,read
neo4j,mixed_c10,730,207048,51.3327,True,,10,read
neo4j,mixed_c10,731,207227,53.4689,True,,10,read
neo4j,mixed_c10,732,208138,50.805,True,,10,read
neo4j,mixed_c10,733,208159,52.8862,True,,10,read
neo4j,mixed_c10,734,,57.7158,True,,10,write
neo4j,mixed_c10,735,,58.3385,True,,10,write
neo4j,mixed_c10,736,210254,55.0071,True,,10,read
neo4j,mixed_c10,737,302080,53.6072,True,,10,read
neo4j,mixed_c10,738,9208245,52.0827,True,,10,read
neo4j,mixed_c10,739,9304275,53.1021,True,,10,read
neo4j,mixed_c10,740,9305258,57.3699,True,,10,read
neo4j,mixed_c10,741,9306241,56.376,True,,10,read
neo4j,mixed_c10,742,9307320,51.3176,True,,10,read
neo4j,mixed_c10,743,,56.6813,True,,10,write
neo4j,mixed_c10,744,9309273,52.5468,True,,10,read
neo4j,mixed_c10,745,9309293,53.4061,True,,10,read
neo4j,mixed_c10,746,9310213,59.0078,True,,10,read
neo4j,mixed_c10,747,9311240,52.9534,True,,10,read
neo4j,mixed_c10,748,,60.64,True,,10,write
neo4j,mixed_c10,749,9401326,55.4309,True,,10,read
neo4j,mixed_c10,750,9403260,54.5951,True,,10,read
neo4j,mixed_c10,751,,56.0844,True,,10,write
neo4j,mixed_c10,752,9407272,55.4638,True,,10,read
neo4j,mixed_c10,753,,57.6841,True,,10,write
neo4j,mixed_c10,754,9407401,53.2845,True,,10,read
neo4j,mixed_c10,755,9501227,53.5536,True,,10,read
neo4j,mixed_c10,756,9501350,55.0281,True,,10,read
neo4j,mixed_c10,757,9501376,57.3419,True,,10,read
neo4j,mixed_c10,758,9502306,54.8982,True,,10,read
neo4j,mixed_c10,759,,59.3876,True,,10,write
neo4j,mixed_c10,760,9503294,55.4428,True,,10,read
neo4j,mixed_c10,761,,68.1019,True,,10,write
neo4j,mixed_c10,762,9505303,63.9192,True,,10,read
neo4j,mixed_c10,763,9505310,58.2965,True,,10,read
neo4j,mixed_c10,764,,70.9367,True,,10,write
neo4j,mixed_c10,765,9508299,65.0413,True,,10,read
neo4j,mixed_c10,766,9509349,63.2187,True,,10,read
neo4j,mixed_c10,767,9603367,63.649,True,,10,read
neo4j,mixed_c10,768,9603420,63.6111,True,,10,read
neo4j,mixed_c10,769,,63.9515,True,,10,write
neo4j,mixed_c10,770,,64.0311,True,,10,write
neo4j,mixed_c10,771,9609470,63.376,True,,10,read
neo4j,mixed_c10,772,9610393,62.883,True,,10,read
neo4j,mixed_c10,773,,59.5006,True,,10,write
neo4j,mixed_c10,774,9702270,61.7088,True,,10,read
neo4j,mixed_c10,775,9703209,63.2368,True,,10,read
neo4j,mixed_c10,776,,59.3515,True,,10,write
neo4j,mixed_c10,777,9703423,55.6675,True,,10,read
neo4j,mixed_c10,778,9705262,56.1469,True,,10,read
neo4j,mixed_c10,779,9706541,52.7951,True,,10,read
neo4j,mixed_c10,780,9707250,50.7419,True,,10,read
neo4j,mixed_c10,781,9707282,49.3894,True,,10,read
neo4j,mixed_c10,782,9707295,51.0236,True,,10,read
neo4j,mixed_c10,783,9710376,53.0422,True,,10,read
neo4j,mixed_c10,784,,59.7103,True,,10,write
neo4j,mixed_c10,785,9711379,52.9248,True,,10,read
neo4j,mixed_c10,786,9803439,53.1329,True,,10,read
neo4j,mixed_c10,787,9804298,56.4217,True,,10,read
neo4j,mixed_c10,788,9804313,53.4433,True,,10,read
neo4j,mixed_c10,789,9804343,53.3368,True,,10,read
neo4j,mixed_c10,790,,56.8313,True,,10,write
neo4j,mixed_c10,791,9809529,51.2311,True,,10,read
neo4j,mixed_c10,792,9810418,59.6949,True,,10,read
neo4j,mixed_c10,793,9811432,58.0123,True,,10,read
neo4j,mixed_c10,794,9811469,53.4738,True,,10,read
neo4j,mixed_c10,795,9812342,54.3393,True,,10,read
neo4j,mixed_c10,796,9906506,53.7904,True,,10,read
neo4j,mixed_c10,797,9907534,57.828,True,,10,read
neo4j,mixed_c10,798,9909234,54.4408,True,,10,read
neo4j,mixed_c10,799,9909512,51.9385,True,,10,read
neo4j,mixed_c10,800,2106,50.5306,True,,10,read
neo4j,mixed_c10,801,6114,50.9179,True,,10,read
neo4j,mixed_c10,802,6217,52.9401,True,,10,read
neo4j,mixed_c10,803,,55.0284,True,,10,write
neo4j,mixed_c10,804,,57.3505,True,,10,write
neo4j,mixed_c10,805,7232,57.5484,True,,10,read
neo4j,mixed_c10,806,9292,54.9233,True,,10,read
neo4j,mixed_c10,807,10094,59.8427,True,,10,read
neo4j,mixed_c10,808,10180,57.6469,True,,10,read
neo4j,mixed_c10,809,12020,57.5277,True,,10,read
neo4j,mixed_c10,810,101328,53.9815,True,,10,read
neo4j,mixed_c10,811,102194,50.1991,True,,10,read
neo4j,mixed_c10,812,102318,51.7456,True,,10,read
neo4j,mixed_c10,813,104122,51.8586,True,,10,read
neo4j,mixed_c10,814,104187,57.4127,True,,10,read
neo4j,mixed_c10,815,105349,57.497,True,,10,read
neo4j,mixed_c10,816,106261,57.6166,True,,10,read
neo4j,mixed_c10,817,107028,54.9283,True,,10,read
neo4j,mixed_c10,818,107093,55.8423,True,,10,read
neo4j,mixed_c10,819,107295,53.9032,True,,10,read
neo4j,mixed_c10,820,108250,60.4714,True,,10,read
neo4j,mixed_c10,821,109054,55.9599,True,,10,read
neo4j,mixed_c10,822,109073,51.5986,True,,10,read
neo4j,mixed_c10,823,110264,53.2269,True,,10,read
neo4j,mixed_c10,824,110376,53.7758,True,,10,read
neo4j,mixed_c10,825,201053,56.2468,True,,10,read
neo4j,mixed_c10,826,204096,61.1885,True,,10,read
neo4j,mixed_c10,827,204176,62.5741,True,,10,read
neo4j,mixed_c10,828,204182,56.3357,True,,10,read
neo4j,mixed_c10,829,205038,59.3007,True,,10,read
neo4j,mixed_c10,830,207048,55.3859,True,,10,read
neo4j,mixed_c10,831,207227,52.5979,True,,10,read
neo4j,mixed_c10,832,,55.4056,True,,10,write
neo4j,mixed_c10,833,208159,52.2585,True,,10,read
neo4j,mixed_c10,834,,59.9313,True,,10,write
neo4j,mixed_c10,835,209108,54.7832,True,,10,read
neo4j,mixed_c10,836,210254,55.208,True,,10,read
neo4j,mixed_c10,837,302080,59.1272,True,,10,read
neo4j,mixed_c10,838,,56.0378,True,,10,write
neo4j,mixed_c10,839,9304275,53.3186,True,,10,read
neo4j,mixed_c10,840,9305258,54.143,True,,10,read
neo4j,mixed_c10,841,9306241,54.5825,True,,10,read
neo4j,mixed_c10,842,9307320,52.014,True,,10,read
neo4j,mixed_c10,843,9309220,51.6881,True,,10,read
neo4j,mixed_c10,844,9309273,52.967,True,,10,read
neo4j,mixed_c10,845,,56.0626,True,,10,write
neo4j,mixed_c10,846,9310213,56.924,True,,10,read
neo4j,mixed_c10,847,9311240,64.9847,True,,10,read
neo4j,mixed_c10,848,9401244,60.8739,True,,10,read
neo4j,mixed_c10,849,9401326,66.9559,True,,10,read
neo4j,mixed_c10,850,9403260,71.4688,True,,10,read
neo4j,mixed_c10,851,9403269,67.0549,True,,10,read
neo4j,mixed_c10,852,,68.5028,True,,10,write
neo4j,mixed_c10,853,,64.162,True,,10,write
neo4j,mixed_c10,854,,68.6293,True,,10,write
neo4j,mixed_c10,855,9501227,56.1077,True,,10,read
neo4j,mixed_c10,856,9501350,63.1305,True,,10,read
neo4j,mixed_c10,857,9501376,62.1189,True,,10,read
neo4j,mixed_c10,858,9502306,56.4598,True,,10,read
neo4j,mixed_c10,859,9502360,58.7581,True,,10,read
neo4j,mixed_c10,860,9503294,56.4865,True,,10,read
neo4j,mixed_c10,861,9504347,56.7152,True,,10,read
neo4j,mixed_c10,862,,67.5524,True,,10,write
neo4j,mixed_c10,863,,62.4514,True,,10,write
neo4j,mixed_c10,864,9505324,57.2539,True,,10,read
neo4j,mixed_c10,865,9508299,54.4449,True,,10,read
neo4j,mixed_c10,866,,76.0171,True,,10,write
neo4j,mixed_c10,867,,83.1752,True,,10,write
neo4j,mixed_c10,868,,84.9317,True,,10,write
neo4j,mixed_c10,869,9606252,79.1572,True,,10,read
neo4j,mixed_c10,870,9609217,64.1648,True,,10,read
neo4j,mixed_c10,871,9609470,64.2155,True,,10,read
neo4j,mixed_c10,872,9610393,66.9795,True,,10,read
neo4j,mixed_c10,873,9701246,62.9832,True,,10,read
neo4j,mixed_c10,874,9702270,62.0336,True,,10,read
neo4j,mixed_c10,875,9703209,54.179,True,,10,read
neo4j,mixed_c10,876,,59.5729,True,,10,write
neo4j,mixed_c10,877,9703423,62.2261,True,,10,read
neo4j,mixed_c10,878,9705262,57.0305,True,,10,read
neo4j,mixed_c10,879,9706541,53.4621,True,,10,read
neo4j,mixed_c10,880,,59.7802,True,,10,write
neo4j,mixed_c10,881,9707282,54.0336,True,,10,read
neo4j,mixed_c10,882,9707295,55.2096,True,,10,read
neo4j,mixed_c10,883,9710376,55.3812,True,,10,read
neo4j,mixed_c10,884,9711261,52.8611,True,,10,read
neo4j,mixed_c10,885,,57.5549,True,,10,write
neo4j,mixed_c10,886,,58.3693,True,,10,write
neo4j,mixed_c10,887,9804298,51.7034,True,,10,read
neo4j,mixed_c10,888,,55.388,True,,10,write
neo4j,mixed_c10,889,9804343,52.5922,True,,10,read
neo4j,mixed_c10,890,,54.2259,True,,10,write
neo4j,mixed_c10,891,9809529,54.8203,True,,10,read
neo4j,mixed_c10,892,,57.0188,True,,10,write
neo4j,mixed_c10,893,,57.4318,True,,10,write
neo4j,mixed_c10,894,9811469,52.3209,True,,10,read
neo4j,mixed_c10,895,9812342,52.905,True,,10,read
neo4j,mixed_c10,896,,61.0013,True,,10,write
neo4j,mixed_c10,897,9907534,53.8679,True,,10,read
neo4j,mixed_c10,898,9909234,55.2176,True,,10,read
neo4j,mixed_c10,899,9909512,58.8912,True,,10,read
neo4j,mixed_c10,900,2106,59.2109,True,,10,read
neo4j,mixed_c10,901,6114,58.0397,True,,10,read
neo4j,mixed_c10,902,6217,59.0455,True,,10,read
neo4j,mixed_c10,903,7077,62.4768,True,,10,read
neo4j,mixed_c10,904,,59.843,True,,10,write
neo4j,mixed_c10,905,,58.7729,True,,10,write
neo4j,mixed_c10,906,9292,54.4246,True,,10,read
neo4j,mixed_c10,907,10094,59.6723,True,,10,read
neo4j,mixed_c10,908,10180,54.0724,True,,10,read
neo4j,mixed_c10,909,,59.2603,True,,10,write
neo4j,mixed_c10,910,101328,57.5828,True,,10,read
neo4j,mixed_c10,911,102194,58.6624,True,,10,read
neo4j,mixed_c10,912,102318,59.5765,True,,10,read
neo4j,mixed_c10,913,,70.9824,True,,10,write
neo4j,mixed_c10,914,104187,61.8457,True,,10,read
neo4j,mixed_c10,915,105349,62.8135,True,,10,read
neo4j,mixed_c10,916,106261,55.6939,True,,10,read
neo4j,mixed_c10,917,,60.5886,True,,10,write
neo4j,mixed_c10,918,107093,53.924,True,,10,read
neo4j,mixed_c10,919,,59.8442,True,,10,write
neo4j,mixed_c10,920,108250,54.2184,True,,10,read
neo4j,mixed_c10,921,,60.4672,True,,10,write
neo4j,mixed_c10,922,109073,59.9829,True,,10,read
neo4j,mixed_c10,923,110264,60.0039,True,,10,read
neo4j,mixed_c10,924,,59.5623,True,,10,write
neo4j,mixed_c10,925,201053,55.4499,True,,10,read
neo4j,mixed_c10,926,,60.4901,True,,10,write
neo4j,mixed_c10,927,204176,51.8062,True,,10,read
neo4j,mixed_c10,928,204182,55.4265,True,,10,read
neo4j,mixed_c10,929,205038,55.1472,True,,10,read
neo4j,mixed_c10,930,207048,56.2869,True,,10,read
neo4j,mixed_c10,931,207227,56.324,True,,10,read
neo4j,mixed_c10,932,208138,53.8552,True,,10,read
neo4j,mixed_c10,933,208159,54.5559,True,,10,read
neo4j,mixed_c10,934,209058,50.7231,True,,10,read
neo4j,mixed_c10,935,209108,52.7733,True,,10,read
neo4j,mixed_c10,936,210254,52.5094,True,,10,read
neo4j,mixed_c10,937,302080,53.9777,True,,10,read
neo4j,mixed_c10,938,9208245,53.6623,True,,10,read
neo4j,mixed_c10,939,,57.4604,True,,10,write
neo4j,mixed_c10,940,9305258,57.3625,True,,10,read
neo4j,mixed_c10,941,9306241,56.1084,True,,10,read
neo4j,mixed_c10,942,9307320,56.623,True,,10,read
neo4j,mixed_c10,943,9309220,52.736,True,,10,read
neo4j,mixed_c10,944,9309273,54.369,True,,10,read
neo4j,mixed_c10,945,9309293,54.6884,True,,10,read
neo4j,mixed_c10,946,9310213,53.166,True,,10,read
neo4j,mixed_c10,947,,58.1558,True,,10,write
neo4j,mixed_c10,948,9401244,51.2371,True,,10,read
neo4j,mixed_c10,949,,58.2889,True,,10,write
neo4j,mixed_c10,950,9403260,52.0271,True,,10,read
neo4j,mixed_c10,951,,61.7004,True,,10,write
neo4j,mixed_c10,952,9407272,53.3387,True,,10,read
neo4j,mixed_c10,953,9407278,59.4094,True,,10,read
neo4j,mixed_c10,954,,62.8959,True,,10,write
neo4j,mixed_c10,955,9501227,57.5098,True,,10,read
neo4j,mixed_c10,956,9501350,55.018,True,,10,read
neo4j,mixed_c10,957,9501376,65.3915,True,,10,read
neo4j,mixed_c10,958,9502306,66.0998,True,,10,read
neo4j,mixed_c10,959,9502360,63.9765,True,,10,read
neo4j,mixed_c10,960,9503294,58.1782,True,,10,read
neo4j,mixed_c10,961,9504347,55.5403,True,,10,read
neo4j,mixed_c10,962,9505303,55.3536,True,,10,read
neo4j,mixed_c10,963,9505310,54.1093,True,,10,read
neo4j,mixed_c10,964,9505324,53.5106,True,,10,read
neo4j,mixed_c10,965,,61.076,True,,10,write
neo4j,mixed_c10,966,9509349,66.3183,True,,10,read
neo4j,mixed_c10,967,9603367,54.6654,True,,10,read
neo4j,mixed_c10,968,9603420,55.2395,True,,10,read
neo4j,mixed_c10,969,9606252,55.5608,True,,10,read
neo4j,mixed_c10,970,9609217,55.5554,True,,10,read
neo4j,mixed_c10,971,9609470,56.2659,True,,10,read
neo4j,mixed_c10,972,9610393,60.7577,True,,10,read
neo4j,mixed_c10,973,9701246,54.076,True,,10,read
neo4j,mixed_c10,974,9702270,58.4565,True,,10,read
neo4j,mixed_c10,975,9703209,53.7256,True,,10,read
neo4j,mixed_c10,976,9703232,53.0498,True,,10,read
neo4j,mixed_c10,977,9703423,51.2188,True,,10,read
neo4j,mixed_c10,978,9705262,55.4584,True,,10,read
neo4j,mixed_c10,979,9706541,55.5015,True,,10,read
neo4j,mixed_c10,980,9707250,53.5106,True,,10,read
neo4j,mixed_c10,981,9707282,54.9599,True,,10,read
neo4j,mixed_c10,982,9707295,51.3029,True,,10,read
neo4j,mixed_c10,983,,62.8195,True,,10,write
neo4j,mixed_c10,984,,61.8608,True,,10,write
neo4j,mixed_c10,985,9711379,52.3874,True,,10,read
neo4j,mixed_c10,986,9803439,53.4482,True,,10,read
neo4j,mixed_c10,987,9804298,53.1476,True,,10,read
neo4j,mixed_c10,988,9804313,54.1403,True,,10,read
neo4j,mixed_c10,989,,58.6209,True,,10,write
neo4j,mixed_c10,990,9805465,52.1258,True,,10,read
neo4j,mixed_c10,991,,54.8706,True,,10,write
neo4j,mixed_c10,992,,54.6345,True,,10,write
neo4j,mixed_c10,993,,54.9846,True,,10,write
neo4j,mixed_c10,994,9811469,54.697,True,,10,read
neo4j,mixed_c10,995,9812342,53.3571,True,,10,read
neo4j,mixed_c10,996,9906506,52.6908,True,,10,read
neo4j,mixed_c10,997,9907534,52.4547,True,,10,read
neo4j,mixed_c10,998,9909234,55.1582,True,,10,read
neo4j,mixed_c10,999,,56.6231,True,,10,write
neo4j,mixed_c40,0,2106,166.6903,True,,40,read
neo4j,mixed_c40,1,6114,151.2755,True,,40,read
neo4j,mixed_c40,2,6217,157.4076,True,,40,read
neo4j,mixed_c40,3,,152.7557,True,,40,write
neo4j,mixed_c40,4,,150.2279,True,,40,write
neo4j,mixed_c40,5,7232,154.2645,True,,40,read
neo4j,mixed_c40,6,9292,146.3195,True,,40,read
neo4j,mixed_c40,7,10094,154.2733,True,,40,read
neo4j,mixed_c40,8,,144.3398,True,,40,write
neo4j,mixed_c40,9,12020,145.1198,True,,40,read
neo4j,mixed_c40,10,101328,401.2436,True,,40,read
neo4j,mixed_c40,11,102194,405.0024,True,,40,read
neo4j,mixed_c40,12,102318,547.1985,True,,40,read
neo4j,mixed_c40,13,,514.2375,True,,40,write
neo4j,mixed_c40,14,104187,488.5895,True,,40,read
neo4j,mixed_c40,15,105349,467.7589,True,,40,read
neo4j,mixed_c40,16,106261,462.7839,True,,40,read
neo4j,mixed_c40,17,107028,455.4597,True,,40,read
neo4j,mixed_c40,18,107093,529.2204,True,,40,read
neo4j,mixed_c40,19,107295,449.7952,True,,40,read
neo4j,mixed_c40,20,108250,466.1838,True,,40,read
neo4j,mixed_c40,21,109054,455.5784,True,,40,read
neo4j,mixed_c40,22,109073,391.995,True,,40,read
neo4j,mixed_c40,23,110264,446.8772,True,,40,read
neo4j,mixed_c40,24,110376,455.8489,True,,40,read
neo4j,mixed_c40,25,201053,426.3196,True,,40,read
neo4j,mixed_c40,26,204096,443.6301,True,,40,read
neo4j,mixed_c40,27,204176,487.3134,True,,40,read
neo4j,mixed_c40,28,204182,531.4616,True,,40,read
neo4j,mixed_c40,29,205038,478.5093,True,,40,read
neo4j,mixed_c40,30,,420.5713,True,,40,write
neo4j,mixed_c40,31,207227,376.2252,True,,40,read
neo4j,mixed_c40,32,208138,415.0163,True,,40,read
neo4j,mixed_c40,33,208159,469.6488,True,,40,read
neo4j,mixed_c40,34,,552.8301,True,,40,write
neo4j,mixed_c40,35,,528.8358,True,,40,write
neo4j,mixed_c40,36,210254,475.0122,True,,40,read
neo4j,mixed_c40,37,302080,441.7913,True,,40,read
neo4j,mixed_c40,38,9208245,607.291,True,,40,read
neo4j,mixed_c40,39,9304275,644.8567,True,,40,read
neo4j,mixed_c40,40,9305258,54.9505,True,,40,read
neo4j,mixed_c40,41,,63.2198,True,,40,write
neo4j,mixed_c40,42,,71.762,True,,40,write
neo4j,mixed_c40,43,9309220,54.7102,True,,40,read
neo4j,mixed_c40,44,9309273,58.4373,True,,40,read
neo4j,mixed_c40,45,,66.9484,True,,40,write
neo4j,mixed_c40,46,9310213,62.2978,True,,40,read
neo4j,mixed_c40,47,,68.5224,True,,40,write
neo4j,mixed_c40,48,9401244,67.3465,True,,40,read
neo4j,mixed_c40,49,,68.1048,True,,40,write
neo4j,mixed_c40,50,,58.5155,True,,40,write
neo4j,mixed_c40,51,9403269,56.6308,True,,40,read
neo4j,mixed_c40,52,9407272,54.8249,True,,40,read
neo4j,mixed_c40,53,9407278,53.9396,True,,40,read
neo4j,mixed_c40,54,9407401,53.3076,True,,40,read
neo4j,mixed_c40,55,,56.5674,True,,40,write
neo4j,mixed_c40,56,9501350,51.8702,True,,40,read
neo4j,mixed_c40,57,9501376,55.0574,True,,40,read
neo4j,mixed_c40,58,9502306,54.151,True,,40,read
neo4j,mixed_c40,59,9502360,53.5453,True,,40,read
neo4j,mixed_c40,60,,68.9616,True,,40,write
neo4j,mixed_c40,61,9504347,66.4189,True,,40,read
neo4j,mixed_c40,62,9505303,68.1419,True,,40,read
neo4j,mixed_c40,63,9505310,68.0356,True,,40,read
neo4j,mixed_c40,64,9505324,62.1868,True,,40,read
neo4j,mixed_c40,65,9508299,56.4435,True,,40,read
neo4j,mixed_c40,66,9509349,55.5419,True,,40,read
neo4j,mixed_c40,67,9603367,66.9728,True,,40,read
neo4j,mixed_c40,68,9603420,63.9828,True,,40,read
neo4j,mixed_c40,69,9606252,65.9117,True,,40,read
neo4j,mixed_c40,70,,59.4838,True,,40,write
neo4j,mixed_c40,71,,59.6558,True,,40,write
neo4j,mixed_c40,72,9610393,51.5448,True,,40,read
neo4j,mixed_c40,73,9701246,54.6061,True,,40,read
neo4j,mixed_c40,74,9702270,52.9192,True,,40,read
neo4j,mixed_c40,75,9703209,54.1053,True,,40,read
neo4j,mixed_c40,76,9703232,53.1683,True,,40,read
neo4j,mixed_c40,77,9703423,55.995,True,,40,read
neo4j,mixed_c40,78,9705262,53.4191,True,,40,read
neo4j,mixed_c40,79,9706541,54.0857,True,,40,read
neo4j,mixed_c40,80,,55.2909,True,,40,write
neo4j,mixed_c40,81,,55.5145,True,,40,write
neo4j,mixed_c40,82,9707295,51.5838,True,,40,read
neo4j,mixed_c40,83,9710376,54.4766,True,,40,read
neo4j,mixed_c40,84,9711261,52.4393,True,,40,read
neo4j,mixed_c40,85,9711379,51.1805,True,,40,read
neo4j,mixed_c40,86,9803439,54.7026,True,,40,read
neo4j,mixed_c40,87,9804298,51.0868,True,,40,read
neo4j,mixed_c40,88,,58.6991,True,,40,write
neo4j,mixed_c40,89,9804343,51.2747,True,,40,read
neo4j,mixed_c40,90,9805465,57.9162,True,,40,read
neo4j,mixed_c40,91,9809529,54.8703,True,,40,read
neo4j,mixed_c40,92,9810418,59.0134,True,,40,read
neo4j,mixed_c40,93,9811432,59.5343,True,,40,read
neo4j,mixed_c40,94,9811469,52.7521,True,,40,read
neo4j,mixed_c40,95,9812342,52.5635,True,,40,read
neo4j,mixed_c40,96,,55.9338,True,,40,write
neo4j,mixed_c40,97,9907534,52.9982,True,,40,read
neo4j,mixed_c40,98,,55.2907,True,,40,write
neo4j,mixed_c40,99,,58.0953,True,,40,write
neo4j,mixed_c40,100,2106,51.9605,True,,40,read
neo4j,mixed_c40,101,6114,55.2955,True,,40,read
neo4j,mixed_c40,102,6217,56.0044,True,,40,read
neo4j,mixed_c40,103,7077,54.5213,True,,40,read
neo4j,mixed_c40,104,,56.4143,True,,40,write
neo4j,mixed_c40,105,7232,53.1218,True,,40,read
neo4j,mixed_c40,106,9292,52.994,True,,40,read
neo4j,mixed_c40,107,,62.3775,True,,40,write
neo4j,mixed_c40,108,10180,51.8709,True,,40,read
neo4j,mixed_c40,109,12020,54.4307,True,,40,read
neo4j,mixed_c40,110,101328,56.2973,True,,40,read
neo4j,mixed_c40,111,102194,56.4025,True,,40,read
neo4j,mixed_c40,112,,65.3847,True,,40,write
neo4j,mixed_c40,113,104122,60.8945,True,,40,read
neo4j,mixed_c40,114,104187,64.7579,True,,40,read
neo4j,mixed_c40,115,105349,54.2945,True,,40,read
neo4j,mixed_c40,116,,73.1806,True,,40,write
neo4j,mixed_c40,117,,64.7343,True,,40,write
neo4j,mixed_c40,118,107093,99.7561,True,,40,read
neo4j,mixed_c40,119,107295,85.9783,True,,40,read
neo4j,mixed_c40,120,108250,71.6867,True,,40,read
neo4j,mixed_c40,121,,61.297,True,,40,write
neo4j,mixed_c40,122,109073,71.4964,True,,40,read
neo4j,mixed_c40,123,110264,107.1391,True,,40,read
neo4j,mixed_c40,124,110376,94.6994,True,,40,read
neo4j,mixed_c40,125,201053,69.4069,True,,40,read
neo4j,mixed_c40,126,,122.5024,True,,40,write
neo4j,mixed_c40,127,204176,82.2081,True,,40,read
neo4j,mixed_c40,128,204182,71.091,True,,40,read
neo4j,mixed_c40,129,205038,104.3688,True,,40,read
neo4j,mixed_c40,130,,71.8608,True,,40,write
neo4j,mixed_c40,131,,89.867,True,,40,write
neo4j,mixed_c40,132,,84.4719,True,,40,write
neo4j,mixed_c40,133,,103.1831,True,,40,write
neo4j,mixed_c40,134,,102.4107,True,,40,write
neo4j,mixed_c40,135,,78.3337,True,,40,write
neo4j,mixed_c40,136,210254,107.3455,True,,40,read
neo4j,mixed_c40,137,,87.9352,True,,40,write
neo4j,mixed_c40,138,9208245,108.2019,True,,40,read
neo4j,mixed_c40,139,9304275,81.3857,True,,40,read
neo4j,mixed_c40,140,,98.0247,True,,40,write
neo4j,mixed_c40,141,9306241,88.3862,True,,40,read
neo4j,mixed_c40,142,9307320,90.6059,True,,40,read
neo4j,mixed_c40,143,9309220,98.1457,True,,40,read
neo4j,mixed_c40,144,9309273,68.5664,True,,40,read
neo4j,mixed_c40,145,9309293,105.6259,True,,40,read
neo4j,mixed_c40,146,,98.8488,True,,40,write
neo4j,mixed_c40,147,9311240,92.2314,True,,40,read
neo4j,mixed_c40,148,,74.9405,True,,40,write
neo4j,mixed_c40,149,9401326,63.1307,True,,40,read
neo4j,mixed_c40,150,9403260,81.1964,True,,40,read
neo4j,mixed_c40,151,,87.3597,True,,40,write
neo4j,mixed_c40,152,9407272,78.799,True,,40,read
neo4j,mixed_c40,153,9407278,70.2576,True,,40,read
neo4j,mixed_c40,154,9407401,66.8491,True,,40,read
neo4j,mixed_c40,155,9501227,74.9162,True,,40,read
neo4j,mixed_c40,156,9501350,68.2466,True,,40,read
neo4j,mixed_c40,157,,66.0894,True,,40,write
neo4j,mixed_c40,158,9502306,66.4326,True,,40,read
neo4j,mixed_c40,159,,69.2902,True,,40,write
neo4j,mixed_c40,160,,66.7456,True,,40,write
neo4j,mixed_c40,161,9504347,70.3756,True,,40,read
neo4j,mixed_c40,162,9505303,62.075,True,,40,read
neo4j,mixed_c40,163,,63.8684,True,,40,write
neo4j,mixed_c40,164,9505324,58.7775,True,,40,read
neo4j,mixed_c40,165,9508299,55.1472,True,,40,read
neo4j,mixed_c40,166,9509349,55.0629,True,,40,read
neo4j,mixed_c40,167,9603367,63.5676,True,,40,read
neo4j,mixed_c40,168,9603420,71.0092,True,,40,read
neo4j,mixed_c40,169,9606252,53.9886,True,,40,read
neo4j,mixed_c40,170,9609217,61.2031,True,,40,read
neo4j,mixed_c40,171,9609470,56.3255,True,,40,read
neo4j,mixed_c40,172,9610393,63.5835,True,,40,read
neo4j,mixed_c40,173,9701246,57.3388,True,,40,read
neo4j,mixed_c40,174,,65.0223,True,,40,write
neo4j,mixed_c40,175,9703209,64.8231,True,,40,read
neo4j,mixed_c40,176,9703232,58.9101,True,,40,read
neo4j,mixed_c40,177,9703423,80.377,True,,40,read
neo4j,mixed_c40,178,9705262,61.7277,True,,40,read
neo4j,mixed_c40,179,,68.2699,True,,40,write
neo4j,mixed_c40,180,,68.2596,True,,40,write
neo4j,mixed_c40,181,,59.2851,True,,40,write
neo4j,mixed_c40,182,,77.8964,True,,40,write
neo4j,mixed_c40,183,9710376,63.9718,True,,40,read
neo4j,mixed_c40,184,9711261,58.0497,True,,40,read
neo4j,mixed_c40,185,,85.6064,True,,40,write
neo4j,mixed_c40,186,9803439,67.7711,True,,40,read
neo4j,mixed_c40,187,9804298,62.795,True,,40,read
neo4j,mixed_c40,188,9804313,107.9842,True,,40,read
neo4j,mixed_c40,189,9804343,75.0574,True,,40,read
neo4j,mixed_c40,190,9805465,65.5014,True,,40,read
neo4j,mixed_c40,191,9809529,85.8392,True,,40,read
neo4j,mixed_c40,192,9810418,68.681,True,,40,read
neo4j,mixed_c40,193,9811432,74.4334,True,,40,read
neo4j,mixed_c40,194,9811469,86.1519,True,,40,read
neo4j,mixed_c40,195,9812342,66.9605,True,,40,read
neo4j,mixed_c40,196,9906506,76.4342,True,,40,read
neo4j,mixed_c40,197,9907534,87.7863,True,,40,read
neo4j,mixed_c40,198,,101.9021,True,,40,write
neo4j,mixed_c40,199,,93.3219,True,,40,write
neo4j,mixed_c40,200,2106,93.8177,True,,40,read
neo4j,mixed_c40,201,6114,102.1084,True,,40,read
neo4j,mixed_c40,202,,86.3742,True,,40,write
neo4j,mixed_c40,203,7077,80.2361,True,,40,read
neo4j,mixed_c40,204,7211,86.9944,True,,40,read
neo4j,mixed_c40,205,7232,76.3801,True,,40,read
neo4j,mixed_c40,206,,68.6662,True,,40,write
neo4j,mixed_c40,207,10094,75.5238,True,,40,read
neo4j,mixed_c40,208,10180,85.5571,True,,40,read
neo4j,mixed_c40,209,12020,81.8051,True,,40,read
neo4j,mixed_c40,210,101328,65.3101,True,,40,read
neo4j,mixed_c40,211,102194,75.2157,True,,40,read
neo4j,mixed_c40,212,,92.6437,True,,40,write
neo4j,mixed_c40,213,,77.7122,True,,40,write
neo4j,mixed_c40,214,104187,93.0243,True,,40,read
neo4j,mixed_c40,215,,69.6341,True,,40,write
neo4j,mixed_c40,216,,75.6241,True,,40,write
neo4j,mixed_c40,217,107028,59.5442,True,,40,read
neo4j,mixed_c40,218,,66.3164,True,,40,write
neo4j,mixed_c40,219,107295,65.8058,True,,40,read
neo4j,mixed_c40,220,,66.4441,True,,40,write
neo4j,mixed_c40,221,109054,65.9883,True,,40,read
neo4j,mixed_c40,222,109073,87.3305,True,,40,read
neo4j,mixed_c40,223,110264,63.9377,True,,40,read
neo4j,mixed_c40,224,110376,56.6707,True,,40,read
neo4j,mixed_c40,225,201053,58.5101,True,,40,read
neo4j,mixed_c40,226,204096,72.6126,True,,40,read
neo4j,mixed_c40,227,204176,58.1132,True,,40,read
neo4j,mixed_c40,228,204182,59.4381,True,,40,read
neo4j,mixed_c40,229,,64.1059,True,,40,write
neo4j,mixed_c40,230,207048,71.179,True,,40,read
neo4j,mixed_c40,231,207227,59.816,True,,40,read
neo4j,mixed_c40,232,208138,62.3089,True,,40,read
neo4j,mixed_c40,233,208159,57.0385,True,,40,read
neo4j,mixed_c40,234,209058,59.4439,True,,40,read
neo4j,mixed_c40,235,,70.2762,True,,40,write
neo4j,mixed_c40,236,210254,63.3622,True,,40,read
neo4j,mixed_c40,237,302080,56.0864,True,,40,read
neo4j,mixed_c40,238,9208245,61.1997,True,,40,read
neo4j,mixed_c40,239,9304275,56.7099,True,,40,read
neo4j,mixed_c40,240,9305258,52.9922,True,,40,read
neo4j,mixed_c40,241,9306241,79.9859,True,,40,read
neo4j,mixed_c40,242,,56.8105,True,,40,write
neo4j,mixed_c40,243,9309220,60.5928,True,,40,read
neo4j,mixed_c40,244,9309273,62.0923,True,,40,read
neo4j,mixed_c40,245,9309293,59.1032,True,,40,read
neo4j,mixed_c40,246,9310213,72.2228,True,,40,read
neo4j,mixed_c40,247,9311240,59.6661,True,,40,read
neo4j,mixed_c40,248,9401244,87.2407,True,,40,read
neo4j,mixed_c40,249,,59.065,True,,40,write
neo4j,mixed_c40,250,,65.5412,True,,40,write
neo4j,mixed_c40,251,9403269,70.6966,True,,40,read
neo4j,mixed_c40,252,9407272,72.9057,True,,40,read
neo4j,mixed_c40,253,9407278,81.6079,True,,40,read
neo4j,mixed_c40,254,9407401,82.448,True,,40,read
neo4j,mixed_c40,255,,67.8123,True,,40,write
neo4j,mixed_c40,256,9501350,54.7978,True,,40,read
neo4j,mixed_c40,257,9501376,72.8879,True,,40,read
neo4j,mixed_c40,258,,74.0144,True,,40,write
neo4j,mixed_c40,259,9502360,69.9095,True,,40,read
neo4j,mixed_c40,260,9503294,83.2859,True,,40,read
neo4j,mixed_c40,261,9504347,77.8847,True,,40,read
neo4j,mixed_c40,262,9505303,79.2169,True,,40,read
neo4j,mixed_c40,263,,75.5829,True,,40,write
neo4j,mixed_c40,264,9505324,59.1516,True,,40,read
neo4j,mixed_c40,265,,75.7483,True,,40,write
neo4j,mixed_c40,266,9509349,62.0262,True,,40,read
neo4j,mixed_c40,267,9603367,70.7166,True,,40,read
neo4j,mixed_c40,268,9603420,72.2167,True,,40,read
neo4j,mixed_c40,269,9606252,65.2978,True,,40,read
neo4j,mixed_c40,270,9609217,61.4443,True,,40,read
neo4j,mixed_c40,271,,68.2456,True,,40,write
neo4j,mixed_c40,272,9610393,65.2581,True,,40,read
neo4j,mixed_c40,273,,67.3519,True,,40,write
neo4j,mixed_c40,274,,79.2523,True,,40,write
neo4j,mixed_c40,275,9703209,63.5045,True,,40,read
neo4j,mixed_c40,276,,70.5753,True,,40,write
neo4j,mixed_c40,277,,70.2177,True,,40,write
neo4j,mixed_c40,278,9705262,57.8249,True,,40,read
neo4j,mixed_c40,279,9706541,63.9389,True,,40,read
neo4j,mixed_c40,280,,62.6054,True,,40,write
neo4j,mixed_c40,281,9707282,64.289,True,,40,read
neo4j,mixed_c40,282,9707295,59.0411,True,,40,read
neo4j,mixed_c40,283,9710376,60.9686,True,,40,read
neo4j,mixed_c40,284,9711261,61.1582,True,,40,read
neo4j,mixed_c40,285,9711379,56.9215,True,,40,read
neo4j,mixed_c40,286,9803439,56.5087,True,,40,read
neo4j,mixed_c40,287,9804298,61.6592,True,,40,read
neo4j,mixed_c40,288,9804313,55.4902,True,,40,read
neo4j,mixed_c40,289,9804343,52.7997,True,,40,read
neo4j,mixed_c40,290,9805465,50.3341,True,,40,read
neo4j,mixed_c40,291,9809529,58.5259,True,,40,read
neo4j,mixed_c40,292,,60.9411,True,,40,write
neo4j,mixed_c40,293,9811432,53.7537,True,,40,read
neo4j,mixed_c40,294,,59.8985,True,,40,write
neo4j,mixed_c40,295,9812342,55.9291,True,,40,read
neo4j,mixed_c40,296,9906506,51.3267,True,,40,read
neo4j,mixed_c40,297,,56.4506,True,,40,write
neo4j,mixed_c40,298,9909234,53.4973,True,,40,read
neo4j,mixed_c40,299,9909512,55.1343,True,,40,read
neo4j,mixed_c40,300,2106,55.3465,True,,40,read
neo4j,mixed_c40,301,,59.9564,True,,40,write
neo4j,mixed_c40,302,,62.78,True,,40,write
neo4j,mixed_c40,303,,58.0103,True,,40,write
neo4j,mixed_c40,304,7211,50.901,True,,40,read
neo4j,mixed_c40,305,,58.5004,True,,40,write
neo4j,mixed_c40,306,9292,51.0282,True,,40,read
neo4j,mixed_c40,307,10094,53.012,True,,40,read
neo4j,mixed_c40,308,10180,54.0472,True,,40,read
neo4j,mixed_c40,309,12020,53.9916,True,,40,read
neo4j,mixed_c40,310,101328,55.2933,True,,40,read
neo4j,mixed_c40,311,102194,52.5366,True,,40,read
neo4j,mixed_c40,312,102318,52.8263,True,,40,read
neo4j,mixed_c40,313,104122,54.5366,True,,40,read
neo4j,mixed_c40,314,104187,54.3991,True,,40,read
neo4j,mixed_c40,315,105349,54.5634,True,,40,read
neo4j,mixed_c40,316,106261,50.1536,True,,40,read
neo4j,mixed_c40,317,107028,52.0663,True,,40,read
neo4j,mixed_c40,318,107093,50.6299,True,,40,read
neo4j,mixed_c40,319,,57.4248,True,,40,write
neo4j,mixed_c40,320,108250,52.6543,True,,40,read
neo4j,mixed_c40,321,109054,52.4802,True,,40,read
neo4j,mixed_c40,322,109073,49.5897,True,,40,read
neo4j,mixed_c40,323,110264,52.5874,True,,40,read
neo4j,mixed_c40,324,110376,58.0823,True,,40,read
neo4j,mixed_c40,325,201053,50.7862,True,,40,read
neo4j,mixed_c40,326,204096,51.6029,True,,40,read
neo4j,mixed_c40,327,204176,53.1245,True,,40,read
neo4j,mixed_c40,328,204182,54.2524,True,,40,read
neo4j,mixed_c40,329,205038,51.7735,True,,40,read
neo4j,mixed_c40,330,,58.6343,True,,40,write
neo4j,mixed_c40,331,207227,53.7308,True,,40,read
neo4j,mixed_c40,332,208138,54.4034,True,,40,read
neo4j,mixed_c40,333,208159,51.5691,True,,40,read
neo4j,mixed_c40,334,209058,49.9159,True,,40,read
neo4j,mixed_c40,335,209108,57.9635,True,,40,read
neo4j,mixed_c40,336,210254,54.9474,True,,40,read
neo4j,mixed_c40,337,302080,55.7825,True,,40,read
neo4j,mixed_c40,338,,57.6917,True,,40,write
neo4j,mixed_c40,339,9304275,54.8499,True,,40,read
neo4j,mixed_c40,340,9305258,53.3098,True,,40,read
neo4j,mixed_c40,341,9306241,50.0247,True,,40,read
neo4j,mixed_c40,342,9307320,52.2194,True,,40,read
neo4j,mixed_c40,343,9309220,51.3493,True,,40,read
neo4j,mixed_c40,344,9309273,54.4034,True,,40,read
neo4j,mixed_c40,345,9309293,51.8011,True,,40,read
neo4j,mixed_c40,346,9310213,50.1895,True,,40,read
neo4j,mixed_c40,347,9311240,51.2236,True,,40,read
neo4j,mixed_c40,348,,56.2092,True,,40,write
neo4j,mixed_c40,349,9401326,56.7361,True,,40,read
neo4j,mixed_c40,350,9403260,53.4961,True,,40,read
neo4j,mixed_c40,351,9403269,51.8038,True,,40,read
neo4j,mixed_c40,352,9407272,55.7083,True,,40,read
neo4j,mixed_c40,353,9407278,55.5878,True,,40,read
neo4j,mixed_c40,354,9407401,53.8493,True,,40,read
neo4j,mixed_c40,355,9501227,53.7794,True,,40,read
neo4j,mixed_c40,356,9501350,54.0973,True,,40,read
neo4j,mixed_c40,357,9501376,54.291,True,,40,read
neo4j,mixed_c40,358,,55.3756,True,,40,write
neo4j,mixed_c40,359,,55.7525,True,,40,write
neo4j,mixed_c40,360,9503294,51.4661,True,,40,read
neo4j,mixed_c40,361,9504347,52.2287,True,,40,read
neo4j,mixed_c40,362,,55.9202,True,,40,write
neo4j,mixed_c40,363,9505310,51.1909,True,,40,read
neo4j,mixed_c40,364,,56.0436,True,,40,write
neo4j,mixed_c40,365,,57.6361,True,,40,write
neo4j,mixed_c40,366,9509349,52.3464,True,,40,read
neo4j,mixed_c40,367,9603367,54.1488,True,,40,read
neo4j,mixed_c40,368,9603420,51.4233,True,,40,read
neo4j,mixed_c40,369,9606252,52.0082,True,,40,read
neo4j,mixed_c40,370,9609217,55.0564,True,,40,read
neo4j,mixed_c40,371,9609470,55.852,True,,40,read
neo4j,mixed_c40,372,9610393,50.2858,True,,40,read
neo4j,mixed_c40,373,9701246,50.7151,True,,40,read
neo4j,mixed_c40,374,9702270,60.3023,True,,40,read
neo4j,mixed_c40,375,9703209,51.918,True,,40,read
neo4j,mixed_c40,376,,55.9364,True,,40,write
neo4j,mixed_c40,377,9703423,64.552,True,,40,read
neo4j,mixed_c40,378,9705262,56.4095,True,,40,read
neo4j,mixed_c40,379,9706541,70.9225,True,,40,read
neo4j,mixed_c40,380,9707250,88.5886,True,,40,read
neo4j,mixed_c40,381,9707282,58.3394,True,,40,read
neo4j,mixed_c40,382,9707295,130.2402,True,,40,read
neo4j,mixed_c40,383,9710376,84.8815,True,,40,read
neo4j,mixed_c40,384,9711261,73.4624,True,,40,read
neo4j,mixed_c40,385,9711379,63.0223,True,,40,read
neo4j,mixed_c40,386,9803439,67.3633,True,,40,read
neo4j,mixed_c40,387,,73.0588,True,,40,write
neo4j,mixed_c40,388,9804313,65.4991,True,,40,read
neo4j,mixed_c40,389,9804343,76.1234,True,,40,read
neo4j,mixed_c40,390,9805465,80.4773,True,,40,read
neo4j,mixed_c40,391,9809529,93.9225,True,,40,read
neo4j,mixed_c40,392,9810418,58.0761,True,,40,read
neo4j,mixed_c40,393,,87.2969,True,,40,write
neo4j,mixed_c40,394,9811469,65.5882,True,,40,read
neo4j,mixed_c40,395,9812342,88.6144,True,,40,read
neo4j,mixed_c40,396,9906506,67.2646,True,,40,read
neo4j,mixed_c40,397,9907534,77.9835,True,,40,read
neo4j,mixed_c40,398,9909234,90.6176,True,,40,read
neo4j,mixed_c40,399,9909512,69.2501,True,,40,read
neo4j,mixed_c40,400,2106,102.3463,True,,40,read
neo4j,mixed_c40,401,,93.8925,True,,40,write
neo4j,mixed_c40,402,6217,111.7503,True,,40,read
neo4j,mixed_c40,403,7077,71.5856,True,,40,read
neo4j,mixed_c40,404,7211,84.1433,True,,40,read
neo4j,mixed_c40,405,7232,89.2831,True,,40,read
neo4j,mixed_c40,406,9292,65.6639,True,,40,read
neo4j,mixed_c40,407,10094,92.2257,True,,40,read
neo4j,mixed_c40,408,10180,76.5157,True,,40,read
neo4j,mixed_c40,409,12020,83.4383,True,,40,read
neo4j,mixed_c40,410,101328,89.2673,True,,40,read
neo4j,mixed_c40,411,102194,81.8979,True,,40,read
neo4j,mixed_c40,412,102318,96.2335,True,,40,read
neo4j,mixed_c40,413,104122,87.7179,True,,40,read
neo4j,mixed_c40,414,104187,75.0546,True,,40,read
neo4j,mixed_c40,415,105349,64.0136,True,,40,read
neo4j,mixed_c40,416,,85.7781,True,,40,write
neo4j,mixed_c40,417,107028,65.4996,True,,40,read
neo4j,mixed_c40,418,,73.5303,True,,40,write
neo4j,mixed_c40,419,107295,78.1919,True,,40,read
neo4j,mixed_c40,420,108250,88.2481,True,,40,read
neo4j,mixed_c40,421,109054,76.9374,True,,40,read
neo4j,mixed_c40,422,109073,82.6737,True,,40,read
neo4j,mixed_c40,423,110264,98.5309,True,,40,read
neo4j,mixed_c40,424,110376,75.0918,True,,40,read
neo4j,mixed_c40,425,201053,74.962,True,,40,read
neo4j,mixed_c40,426,204096,108.9125,True,,40,read
neo4j,mixed_c40,427,204176,76.2312,True,,40,read
neo4j,mixed_c40,428,204182,76.6404,True,,40,read
neo4j,mixed_c40,429,205038,79.9447,True,,40,read
neo4j,mixed_c40,430,207048,70.9495,True,,40,read
neo4j,mixed_c40,431,207227,97.0213,True,,40,read
neo4j,mixed_c40,432,208138,79.9026,True,,40,read
neo4j,mixed_c40,433,208159,86.5274,True,,40,read
neo4j,mixed_c40,434,209058,68.0681,True,,40,read
neo4j,mixed_c40,435,209108,67.5328,True,,40,read
neo4j,mixed_c40,436,210254,75.646,True,,40,read
neo4j,mixed_c40,437,302080,82.2522,True,,40,read
neo4j,mixed_c40,438,9208245,58.6284,True,,40,read
neo4j,mixed_c40,439,9304275,66.512,True,,40,read
neo4j,mixed_c40,440,9305258,68.1977,True,,40,read
neo4j,mixed_c40,441,,81.2477,True,,40,write
neo4j,mixed_c40,442,9307320,68.5418,True,,40,read
neo4j,mixed_c40,443,9309220,67.9431,True,,40,read
neo4j,mixed_c40,444,9309273,88.0284,True,,40,read
neo4j,mixed_c40,445,9309293,92.596,True,,40,read
neo4j,mixed_c40,446,,111.5348,True,,40,write
neo4j,mixed_c40,447,,96.2512,True,,40,write
neo4j,mixed_c40,448,9401244,72.8192,True,,40,read
neo4j,mixed_c40,449,9401326,83.4214,True,,40,read
neo4j,mixed_c40,450,9403260,90.6374,True,,40,read
neo4j,mixed_c40,451,9403269,119.4514,True,,40,read
neo4j,mixed_c40,452,9407272,72.4704,True,,40,read
neo4j,mixed_c40,453,9407278,67.5405,True,,40,read
neo4j,mixed_c40,454,9407401,109.5935,True,,40,read
neo4j,mixed_c40,455,9501227,64.2623,True,,40,read
neo4j,mixed_c40,456,,124.428,True,,40,write
neo4j,mixed_c40,457,9501376,101.3069,True,,40,read
neo4j,mixed_c40,458,9502306,79.5018,True,,40,read
neo4j,mixed_c40,459,9502360,71.2007,True,,40,read
neo4j,mixed_c40,460,9503294,68.0332,True,,40,read
neo4j,mixed_c40,461,9504347,167.0354,True,,40,read
neo4j,mixed_c40,462,,71.0787,True,,40,write
neo4j,mixed_c40,463,,108.0622,True,,40,write
neo4j,mixed_c40,464,,64.8219,True,,40,write
neo4j,mixed_c40,465,9508299,112.5773,True,,40,read
neo4j,mixed_c40,466,9509349,90.5428,True,,40,read
neo4j,mixed_c40,467,9603367,111.2238,True,,40,read
neo4j,mixed_c40,468,9603420,130.1003,True,,40,read
neo4j,mixed_c40,469,,70.7594,True,,40,write
neo4j,mixed_c40,470,9609217,71.8925,True,,40,read
neo4j,mixed_c40,471,9609470,98.0764,True,,40,read
neo4j,mixed_c40,472,9610393,96.9048,True,,40,read
neo4j,mixed_c40,473,,103.5225,True,,40,write
neo4j,mixed_c40,474,,84.0252,True,,40,write
neo4j,mixed_c40,475,9703209,57.6164,True,,40,read
neo4j,mixed_c40,476,9703232,71.6422,True,,40,read
neo4j,mixed_c40,477,9703423,108.2097,True,,40,read
neo4j,mixed_c40,478,9705262,115.8345,True,,40,read
neo4j,mixed_c40,479,9706541,98.4844,True,,40,read
neo4j,mixed_c40,480,9707250,66.7193,True,,40,read
neo4j,mixed_c40,481,9707282,98.9416,True,,40,read
neo4j,mixed_c40,482,,102.8428,True,,40,write
neo4j,mixed_c40,483,9710376,126.1314,True,,40,read
neo4j,mixed_c40,484,9711261,113.7492,True,,40,read
neo4j,mixed_c40,485,,105.98,True,,40,write
neo4j,mixed_c40,486,9803439,136.7458,True,,40,read
neo4j,mixed_c40,487,9804298,54.6075,True,,40,read
neo4j,mixed_c40,488,9804313,95.7697,True,,40,read
neo4j,mixed_c40,489,9804343,141.8662,True,,40,read
neo4j,mixed_c40,490,9805465,79.9534,True,,40,read
neo4j,mixed_c40,491,9809529,82.4653,True,,40,read
neo4j,mixed_c40,492,9810418,151.9974,True,,40,read
neo4j,mixed_c40,493,,194.3568,True,,40,write
neo4j,mixed_c40,494,,88.8335,True,,40,write
neo4j,mixed_c40,495,9812342,123.3559,True,,40,read
neo4j,mixed_c40,496,9906506,104.2768,True,,40,read
neo4j,mixed_c40,497,9907534,88.225,True,,40,read
neo4j,mixed_c40,498,9909234,172.7568,True,,40,read
neo4j,mixed_c40,499,9909512,136.1954,True,,40,read
neo4j,mixed_c40,500,2106,118.8018,True,,40,read
neo4j,mixed_c40,501,6114,160.4511,True,,40,read
neo4j,mixed_c40,502,6217,100.9425,True,,40,read
neo4j,mixed_c40,503,,121.9782,True,,40,write
neo4j,mixed_c40,504,7211,86.8454,True,,40,read
neo4j,mixed_c40,505,7232,112.5152,True,,40,read
neo4j,mixed_c40,506,,73.5841,True,,40,write
neo4j,mixed_c40,507,10094,93.9754,True,,40,read
neo4j,mixed_c40,508,10180,188.8709,True,,40,read
neo4j,mixed_c40,509,,99.8324,True,,40,write
neo4j,mixed_c40,510,101328,112.1615,True,,40,read
neo4j,mixed_c40,511,102194,118.3407,True,,40,read
neo4j,mixed_c40,512,102318,140.4348,True,,40,read
neo4j,mixed_c40,513,104122,152.7522,True,,40,read
neo4j,mixed_c40,514,104187,153.359,True,,40,read
neo4j,mixed_c40,515,105349,104.4916,True,,40,read
neo4j,mixed_c40,516,106261,149.072,True,,40,read
neo4j,mixed_c40,517,107028,119.8878,True,,40,read
neo4j,mixed_c40,518,107093,105.4003,True,,40,read
neo4j,mixed_c40,519,107295,131.4874,True,,40,read
neo4j,mixed_c40,520,108250,157.7553,True,,40,read
neo4j,mixed_c40,521,109054,153.9004,True,,40,read
neo4j,mixed_c40,522,109073,141.356,True,,40,read
neo4j,mixed_c40,523,110264,113.7303,True,,40,read
neo4j,mixed_c40,524,110376,118.1573,True,,40,read
neo4j,mixed_c40,525,201053,86.8161,True,,40,read
neo4j,mixed_c40,526,204096,137.8449,True,,40,read
neo4j,mixed_c40,527,204176,93.4155,True,,40,read
neo4j,mixed_c40,528,204182,107.9021,True,,40,read
neo4j,mixed_c40,529,205038,126.7648,True,,40,read
neo4j,mixed_c40,530,207048,132.9411,True,,40,read
neo4j,mixed_c40,531,207227,74.7228,True,,40,read
neo4j,mixed_c40,532,208138,89.5743,True,,40,read
neo4j,mixed_c40,533,208159,130.1739,True,,40,read
neo4j,mixed_c40,534,209058,115.7923,True,,40,read
neo4j,mixed_c40,535,209108,101.7346,True,,40,read
neo4j,mixed_c40,536,210254,86.7694,True,,40,read
neo4j,mixed_c40,537,302080,89.8309,True,,40,read
neo4j,mixed_c40,538,9208245,104.033,True,,40,read
neo4j,mixed_c40,539,,85.278,True,,40,write
neo4j,mixed_c40,540,9305258,103.5236,True,,40,read
neo4j,mixed_c40,541,9306241,95.5193,True,,40,read
neo4j,mixed_c40,542,9307320,75.5708,True,,40,read
neo4j,mixed_c40,543,9309220,81.2267,True,,40,read
neo4j,mixed_c40,544,9309273,62.3413,True,,40,read
neo4j,mixed_c40,545,9309293,79.7239,True,,40,read
neo4j,mixed_c40,546,,80.0187,True,,40,write
neo4j,mixed_c40,547,9311240,65.6796,True,,40,read
neo4j,mixed_c40,548,9401244,70.071,True,,40,read
neo4j,mixed_c40,549,9401326,64.3959,True,,40,read
neo4j,mixed_c40,550,9403260,69.6764,True,,40,read
neo4j,mixed_c40,551,9403269,64.3143,True,,40,read
neo4j,mixed_c40,552,9407272,67.5281,True,,40,read
neo4j,mixed_c40,553,9407278,54.7914,True,,40,read
neo4j,mixed_c40,554,9407401,55.6022,True,,40,read
neo4j,mixed_c40,555,9501227,56.0597,True,,40,read
neo4j,mixed_c40,556,9501350,55.4504,True,,40,read
neo4j,mixed_c40,557,9501376,55.0391,True,,40,read
neo4j,mixed_c40,558,9502306,52.7785,True,,40,read
neo4j,mixed_c40,559,9502360,52.3108,True,,40,read
neo4j,mixed_c40,560,9503294,53.4378,True,,40,read
neo4j,mixed_c40,561,,61.3965,True,,40,write
neo4j,mixed_c40,562,9505303,54.2235,True,,40,read
neo4j,mixed_c40,563,,55.8479,True,,40,write
neo4j,mixed_c40,564,9505324,62.7659,True,,40,read
neo4j,mixed_c40,565,,54.3268,True,,40,write
neo4j,mixed_c40,566,9509349,54.0992,True,,40,read
neo4j,mixed_c40,567,9603367,65.8869,True,,40,read
neo4j,mixed_c40,568,9603420,70.6509,True,,40,read
neo4j,mixed_c40,569,9606252,53.246,True,,40,read
neo4j,mixed_c40,570,9609217,53.254,True,,40,read
neo4j,mixed_c40,571,9609470,65.6505,True,,40,read
neo4j,mixed_c40,572,,60.1895,True,,40,write
neo4j,mixed_c40,573,9701246,61.2304,True,,40,read
neo4j,mixed_c40,574,9702270,52.0838,True,,40,read
neo4j,mixed_c40,575,9703209,52.488,True,,40,read
neo4j,mixed_c40,576,9703232,52.4776,True,,40,read
neo4j,mixed_c40,577,9703423,54.178,True,,40,read
neo4j,mixed_c40,578,9705262,68.8578,True,,40,read
neo4j,mixed_c40,579,9706541,57.8039,True,,40,read
neo4j,mixed_c40,580,,71.3449,True,,40,write
neo4j,mixed_c40,581,9707282,62.2405,True,,40,read
neo4j,mixed_c40,582,9707295,58.4684,True,,40,read
neo4j,mixed_c40,583,9710376,56.2843,True,,40,read
neo4j,mixed_c40,584,9711261,72.9751,True,,40,read
neo4j,mixed_c40,585,9711379,57.8008,True,,40,read
neo4j,mixed_c40,586,9803439,67.9764,True,,40,read
neo4j,mixed_c40,587,9804298,52.5232,True,,40,read
neo4j,mixed_c40,588,9804313,61.5628,True,,40,read
neo4j,mixed_c40,589,9804343,57.8394,True,,40,read
neo4j,mixed_c40,590,,64.9112,True,,40,write
neo4j,mixed_c40,591,9809529,55.3312,True,,40,read
neo4j,mixed_c40,592,,69.9251,True,,40,write
neo4j,mixed_c40,593,9811432,77.958,True,,40,read
neo4j,mixed_c40,594,9811469,57.122,True,,40,read
neo4j,mixed_c40,595,9812342,76.5244,True,,40,read
neo4j,mixed_c40,596,,60.1839,True,,40,write
neo4j,mixed_c40,597,9907534,57.2295,True,,40,read
neo4j,mixed_c40,598,9909234,61.938,True,,40,read
neo4j,mixed_c40,599,9909512,60.0325,True,,40,read
neo4j,mixed_c40,600,2106,69.6209,True,,40,read
neo4j,mixed_c40,601,,71.6568,True,,40,write
neo4j,mixed_c40,602,6217,53.4235,True,,40,read
neo4j,mixed_c40,603,7077,63.1818,True,,40,read
neo4j,mixed_c40,604,,67.3573,True,,40,write
neo4j,mixed_c40,605,7232,63.9442,True,,40,read
neo4j,mixed_c40,606,9292,57.9158,True,,40,read
neo4j,mixed_c40,607,10094,53.5282,True,,40,read
neo4j,mixed_c40,608,10180,54.4997,True,,40,read
neo4j,mixed_c40,609,12020,54.8273,True,,40,read
neo4j,mixed_c40,610,101328,56.7506,True,,40,read
neo4j,mixed_c40,611,102194,59.0668,True,,40,read
neo4j,mixed_c40,612,102318,53.0995,True,,40,read
neo4j,mixed_c40,613,104122,55.1123,True,,40,read
neo4j,mixed_c40,614,104187,55.0121,True,,40,read
neo4j,mixed_c40,615,105349,56.8293,True,,40,read
neo4j,mixed_c40,616,106261,53.6644,True,,40,read
neo4j,mixed_c40,617,107028,57.9097,True,,40,read
neo4j,mixed_c40,618,107093,57.6034,True,,40,read
neo4j,mixed_c40,619,107295,53.7761,True,,40,read
neo4j,mixed_c40,620,108250,57.4252,True,,40,read
neo4j,mixed_c40,621,109054,57.595,True,,40,read
neo4j,mixed_c40,622,,75.9047,True,,40,write
neo4j,mixed_c40,623,110264,59.6273,True,,40,read
neo4j,mixed_c40,624,110376,54.5529,True,,40,read
neo4j,mixed_c40,625,201053,55.0365,True,,40,read
neo4j,mixed_c40,626,,62.3221,True,,40,write
neo4j,mixed_c40,627,204176,63.1556,True,,40,read
neo4j,mixed_c40,628,204182,54.2059,True,,40,read
neo4j,mixed_c40,629,205038,53.9909,True,,40,read
neo4j,mixed_c40,630,207048,53.1861,True,,40,read
neo4j,mixed_c40,631,207227,54.3756,True,,40,read
neo4j,mixed_c40,632,208138,56.1542,True,,40,read
neo4j,mixed_c40,633,208159,56.5516,True,,40,read
neo4j,mixed_c40,634,209058,63.8831,True,,40,read
neo4j,mixed_c40,635,209108,61.3054,True,,40,read
neo4j,mixed_c40,636,,62.3447,True,,40,write
neo4j,mixed_c40,637,302080,60.472,True,,40,read
neo4j,mixed_c40,638,9208245,60.6779,True,,40,read
neo4j,mixed_c40,639,9304275,52.4713,True,,40,read
neo4j,mixed_c40,640,9305258,54.6176,True,,40,read
neo4j,mixed_c40,641,9306241,56.1875,True,,40,read
neo4j,mixed_c40,642,9307320,56.0814,True,,40,read
neo4j,mixed_c40,643,9309220,52.3239,True,,40,read
neo4j,mixed_c40,644,9309273,54.8182,True,,40,read
neo4j,mixed_c40,645,9309293,54.4619,True,,40,read
neo4j,mixed_c40,646,9310213,90.0022,True,,40,read
neo4j,mixed_c40,647,9311240,60.9736,True,,40,read
neo4j,mixed_c40,648,9401244,57.3334,True,,40,read
neo4j,mixed_c40,649,9401326,60.1241,True,,40,read
neo4j,mixed_c40,650,9403260,63.9087,True,,40,read
neo4j,mixed_c40,651,9403269,76.4166,True,,40,read
neo4j,mixed_c40,652,9407272,69.3477,True,,40,read
neo4j,mixed_c40,653,9407278,56.5378,True,,40,read
neo4j,mixed_c40,654,9407401,64.8934,True,,40,read
neo4j,mixed_c40,655,9501227,181.1022,True,,40,read
neo4j,mixed_c40,656,9501350,68.4845,True,,40,read
neo4j,mixed_c40,657,9501376,64.5351,True,,40,read
neo4j,mixed_c40,658,9502306,76.7061,True,,40,read
neo4j,mixed_c40,659,9502360,79.6791,True,,40,read
neo4j,mixed_c40,660,9503294,80.4461,True,,40,read
neo4j,mixed_c40,661,9504347,118.3744,True,,40,read
neo4j,mixed_c40,662,9505303,63.5462,True,,40,read
neo4j,mixed_c40,663,9505310,104.6182,True,,40,read
neo4j,mixed_c40,664,,97.9429,True,,40,write
neo4j,mixed_c40,665,,135.4697,True,,40,write
neo4j,mixed_c40,666,9509349,172.8506,True,,40,read
neo4j,mixed_c40,667,9603367,101.9059,True,,40,read
neo4j,mixed_c40,668,9603420,74.7202,True,,40,read
neo4j,mixed_c40,669,9606252,76.7502,True,,40,read
neo4j,mixed_c40,670,9609217,175.418,True,,40,read
neo4j,mixed_c40,671,9609470,82.0241,True,,40,read
neo4j,mixed_c40,672,9610393,91.4851,True,,40,read
neo4j,mixed_c40,673,9701246,71.5576,True,,40,read
neo4j,mixed_c40,674,,93.8142,True,,40,write
neo4j,mixed_c40,675,9703209,138.1898,True,,40,read
neo4j,mixed_c40,676,9703232,100.4399,True,,40,read
neo4j,mixed_c40,677,9703423,93.0493,True,,40,read
neo4j,mixed_c40,678,9705262,75.2845,True,,40,read
neo4j,mixed_c40,679,9706541,101.7198,True,,40,read
neo4j,mixed_c40,680,,126.151,True,,40,write
neo4j,mixed_c40,681,9707282,105.6265,True,,40,read
neo4j,mixed_c40,682,9707295,92.2932,True,,40,read
neo4j,mixed_c40,683,9710376,99.5429,True,,40,read
neo4j,mixed_c40,684,9711261,90.9797,True,,40,read
neo4j,mixed_c40,685,9711379,92.1647,True,,40,read
neo4j,mixed_c40,686,9803439,111.0873,True,,40,read
neo4j,mixed_c40,687,9804298,122.3747,True,,40,read
neo4j,mixed_c40,688,,157.4583,True,,40,write
neo4j,mixed_c40,689,9804343,98.034,True,,40,read
neo4j,mixed_c40,690,9805465,98.8963,True,,40,read
neo4j,mixed_c40,691,9809529,85.3417,True,,40,read
neo4j,mixed_c40,692,9810418,79.6948,True,,40,read
neo4j,mixed_c40,693,9811432,133.8563,True,,40,read
neo4j,mixed_c40,694,9811469,122.4463,True,,40,read
neo4j,mixed_c40,695,9812342,70.304,True,,40,read
neo4j,mixed_c40,696,9906506,110.3508,True,,40,read
neo4j,mixed_c40,697,9907534,145.3186,True,,40,read
neo4j,mixed_c40,698,9909234,85.1279,True,,40,read
neo4j,mixed_c40,699,9909512,109.2014,True,,40,read
neo4j,mixed_c40,700,2106,194.9115,True,,40,read
neo4j,mixed_c40,701,6114,81.5032,True,,40,read
neo4j,mixed_c40,702,6217,129.2304,True,,40,read
neo4j,mixed_c40,703,7077,103.0078,True,,40,read
neo4j,mixed_c40,704,7211,162.6894,True,,40,read
neo4j,mixed_c40,705,7232,135.6571,True,,40,read
neo4j,mixed_c40,706,9292,70.4875,True,,40,read
neo4j,mixed_c40,707,10094,92.1448,True,,40,read
neo4j,mixed_c40,708,10180,61.2515,True,,40,read
neo4j,mixed_c40,709,12020,165.52,True,,40,read
neo4j,mixed_c40,710,101328,112.8774,True,,40,read
neo4j,mixed_c40,711,102194,120.1866,True,,40,read
neo4j,mixed_c40,712,102318,93.3343,True,,40,read
neo4j,mixed_c40,713,104122,111.242,True,,40,read
neo4j,mixed_c40,714,,126.6287,True,,40,write
neo4j,mixed_c40,715,105349,119.2459,True,,40,read
neo4j,mixed_c40,716,106261,128.7044,True,,40,read
neo4j,mixed_c40,717,107028,77.2503,True,,40,read
neo4j,mixed_c40,718,,109.55,True,,40,write
neo4j,mixed_c40,719,107295,123.3346,True,,40,read
neo4j,mixed_c40,720,108250,112.7744,True,,40,read
neo4j,mixed_c40,721,109054,150.4144,True,,40,read
neo4j,mixed_c40,722,109073,80.6612,True,,40,read
neo4j,mixed_c40,723,,125.8678,True,,40,write
neo4j,mixed_c40,724,110376,81.124,True,,40,read
neo4j,mixed_c40,725,201053,151.698,True,,40,read
neo4j,mixed_c40,726,204096,59.6481,True,,40,read
neo4j,mixed_c40,727,204176,98.1094,True,,40,read
neo4j,mixed_c40,728,,102.7693,True,,40,write
neo4j,mixed_c40,729,205038,96.9602,True,,40,read
neo4j,mixed_c40,730,207048,151.84,True,,40,read
neo4j,mixed_c40,731,,86.3135,True,,40,write
neo4j,mixed_c40,732,208138,100.0613,True,,40,read
neo4j,mixed_c40,733,208159,93.3116,True,,40,read
neo4j,mixed_c40,734,209058,139.5961,True,,40,read
neo4j,mixed_c40,735,209108,165.7376,True,,40,read
neo4j,mixed_c40,736,,100.4697,True,,40,write
neo4j,mixed_c40,737,302080,119.0098,True,,40,read
neo4j,mixed_c40,738,9208245,169.2529,True,,40,read
neo4j,mixed_c40,739,9304275,140.3871,True,,40,read
neo4j,mixed_c40,740,9305258,79.4492,True,,40,read
neo4j,mixed_c40,741,9306241,95.1687,True,,40,read
neo4j,mixed_c40,742,,85.2693,True,,40,write
neo4j,mixed_c40,743,9309220,145.7244,True,,40,read
neo4j,mixed_c40,744,9309273,107.2973,True,,40,read
neo4j,mixed_c40,745,,100.5211,True,,40,write
neo4j,mixed_c40,746,9310213,176.6776,True,,40,read
neo4j,mixed_c40,747,,91.9587,True,,40,write
neo4j,mixed_c40,748,9401244,109.0527,True,,40,read
neo4j,mixed_c40,749,,99.724,True,,40,write
neo4j,mixed_c40,750,,195.8266,True,,40,write
neo4j,mixed_c40,751,,96.8592,True,,40,write
neo4j,mixed_c40,752,,75.1043,True,,40,write
neo4j,mixed_c40,753,9407278,59.1308,True,,40,read
neo4j,mixed_c40,754,,86.0968,True,,40,write
neo4j,mixed_c40,755,9501227,167.6918,True,,40,read
neo4j,mixed_c40,756,9501350,142.9561,True,,40,read
neo4j,mixed_c40,757,,146.8725,True,,40,write
neo4j,mixed_c40,758,9502306,133.177,True,,40,read
neo4j,mixed_c40,759,9502360,92.8136,True,,40,read
neo4j,mixed_c40,760,9503294,84.1087,True,,40,read
neo4j,mixed_c40,761,9504347,98.8081,True,,40,read
neo4j,mixed_c40,762,9505303,75.5676,True,,40,read
neo4j,mixed_c40,763,9505310,59.916,True,,40,read
neo4j,mixed_c40,764,9505324,103.8781,True,,40,read
neo4j,mixed_c40,765,9508299,97.7552,True,,40,read
neo4j,mixed_c40,766,9509349,106.7713,True,,40,read
neo4j,mixed_c40,767,9603367,67.4158,True,,40,read
neo4j,mixed_c40,768,9603420,96.9438,True,,40,read
neo4j,mixed_c40,769,9606252,133.9937,True,,40,read
neo4j,mixed_c40,770,9609217,74.4788,True,,40,read
neo4j,mixed_c40,771,,100.3599,True,,40,write
neo4j,mixed_c40,772,9610393,121.9488,True,,40,read
neo4j,mixed_c40,773,9701246,96.9775,True,,40,read
neo4j,mixed_c40,774,9702270,154.3912,True,,40,read
neo4j,mixed_c40,775,9703209,125.0868,True,,40,read
neo4j,mixed_c40,776,9703232,78.8665,True,,40,read
neo4j,mixed_c40,777,9703423,163.352,True,,40,read
neo4j,mixed_c40,778,,181.3716,True,,40,write
neo4j,mixed_c40,779,9706541,130.3774,True,,40,read
neo4j,mixed_c40,780,9707250,136.6427,True,,40,read
neo4j,mixed_c40,781,9707282,182.1825,True,,40,read
neo4j,mixed_c40,782,9707295,138.7503,True,,40,read
neo4j,mixed_c40,783,9710376,139.484,True,,40,read
neo4j,mixed_c40,784,9711261,109.4442,True,,40,read
neo4j,mixed_c40,785,9711379,99.2549,True,,40,read
neo4j,mixed_c40,786,9803439,80.0978,True,,40,read
neo4j,mixed_c40,787,9804298,158.5439,True,,40,read
neo4j,mixed_c40,788,9804313,192.1718,True,,40,read
neo4j,mixed_c40,789,9804343,69.5742,True,,40,read
neo4j,mixed_c40,790,9805465,139.7617,True,,40,read
neo4j,mixed_c40,791,9809529,96.5302,True,,40,read
neo4j,mixed_c40,792,9810418,97.6547,True,,40,read
neo4j,mixed_c40,793,9811432,102.4935,True,,40,read
neo4j,mixed_c40,794,9811469,93.3397,True,,40,read
neo4j,mixed_c40,795,9812342,170.4094,True,,40,read
neo4j,mixed_c40,796,9906506,100.6019,True,,40,read
neo4j,mixed_c40,797,9907534,110.6132,True,,40,read
neo4j,mixed_c40,798,9909234,113.1629,True,,40,read
neo4j,mixed_c40,799,9909512,166.7352,True,,40,read
neo4j,mixed_c40,800,,117.0866,True,,40,write
neo4j,mixed_c40,801,6114,117.0031,True,,40,read
neo4j,mixed_c40,802,,130.5352,True,,40,write
neo4j,mixed_c40,803,7077,82.9829,True,,40,read
neo4j,mixed_c40,804,7211,197.0016,True,,40,read
neo4j,mixed_c40,805,7232,183.2088,True,,40,read
neo4j,mixed_c40,806,9292,118.9664,True,,40,read
neo4j,mixed_c40,807,10094,136.8464,True,,40,read
neo4j,mixed_c40,808,10180,149.2805,True,,40,read
neo4j,mixed_c40,809,12020,116.9362,True,,40,read
neo4j,mixed_c40,810,,100.7026,True,,40,write
neo4j,mixed_c40,811,102194,111.4286,True,,40,read
neo4j,mixed_c40,812,,127.8649,True,,40,write
neo4j,mixed_c40,813,,87.3102,True,,40,write
neo4j,mixed_c40,814,104187,95.8712,True,,40,read
neo4j,mixed_c40,815,105349,101.4029,True,,40,read
neo4j,mixed_c40,816,106261,116.483,True,,40,read
neo4j,mixed_c40,817,107028,139.2403,True,,40,read
neo4j,mixed_c40,818,,157.3179,True,,40,write
neo4j,mixed_c40,819,107295,255.6468,True,,40,read
neo4j,mixed_c40,820,108250,136.9096,True,,40,read
neo4j,mixed_c40,821,109054,105.3954,True,,40,read
neo4j,mixed_c40,822,109073,148.8589,True,,40,read
neo4j,mixed_c40,823,110264,109.0533,True,,40,read
neo4j,mixed_c40,824,110376,104.1172,True,,40,read
neo4j,mixed_c40,825,201053,184.4208,True,,40,read
neo4j,mixed_c40,826,,67.0111,True,,40,write
neo4j,mixed_c40,827,204176,100.9512,True,,40,read
neo4j,mixed_c40,828,204182,138.827,True,,40,read
neo4j,mixed_c40,829,205038,98.3275,True,,40,read
neo4j,mixed_c40,830,207048,112.669,True,,40,read
neo4j,mixed_c40,831,207227,178.9273,True,,40,read
neo4j,mixed_c40,832,,186.4094,True,,40,write
neo4j,mixed_c40,833,,129.2633,True,,40,write
neo4j,mixed_c40,834,209058,133.9012,True,,40,read
neo4j,mixed_c40,835,,86.1145,True,,40,write
neo4j,mixed_c40,836,210254,234.1815,True,,40,read
neo4j,mixed_c40,837,,100.2607,True,,40,write
neo4j,mixed_c40,838,9208245,80.655,True,,40,read
neo4j,mixed_c40,839,9304275,152.8352,True,,40,read
neo4j,mixed_c40,840,9305258,290.0092,True,,40,read
neo4j,mixed_c40,841,9306241,118.5832,True,,40,read
neo4j,mixed_c40,842,9307320,168.2154,True,,40,read
neo4j,mixed_c40,843,9309220,75.1335,True,,40,read
neo4j,mixed_c40,844,9309273,142.8142,True,,40,read
neo4j,mixed_c40,845,9309293,250.1194,True,,40,read
neo4j,mixed_c40,846,9310213,84.5451,True,,40,read
neo4j,mixed_c40,847,9311240,95.5041,True,,40,read
neo4j,mixed_c40,848,,128.4692,True,,40,write
neo4j,mixed_c40,849,9401326,156.5578,True,,40,read
neo4j,mixed_c40,850,,118.6146,True,,40,write
neo4j,mixed_c40,851,9403269,108.479,True,,40,read
neo4j,mixed_c40,852,,94.5522,True,,40,write
neo4j,mixed_c40,853,9407278,92.6281,True,,40,read
neo4j,mixed_c40,854,,115.5007,True,,40,write
neo4j,mixed_c40,855,9501227,63.7802,True,,40,read
neo4j,mixed_c40,856,,146.9281,True,,40,write
neo4j,mixed_c40,857,9501376,167.792,True,,40,read
neo4j,mixed_c40,858,9502306,131.6926,True,,40,read
neo4j,mixed_c40,859,9502360,85.3308,True,,40,read
neo4j,mixed_c40,860,9503294,104.1624,True,,40,read
neo4j,mixed_c40,861,9504347,160.233,True,,40,read
neo4j,mixed_c40,862,9505303,219.0293,True,,40,read
neo4j,mixed_c40,863,9505310,204.4457,True,,40,read
neo4j,mixed_c40,864,,88.011,True,,40,write
neo4j,mixed_c40,865,9508299,123.2689,True,,40,read
neo4j,mixed_c40,866,9509349,101.0646,True,,40,read
neo4j,mixed_c40,867,9603367,332.0344,True,,40,read
neo4j,mixed_c40,868,9603420,200.1414,True,,40,read
neo4j,mixed_c40,869,9606252,80.6394,True,,40,read
neo4j,mixed_c40,870,,190.6176,True,,40,write
neo4j,mixed_c40,871,9609470,98.7589,True,,40,read
neo4j,mixed_c40,872,,71.8784,True,,40,write
neo4j,mixed_c40,873,9701246,178.1668,True,,40,read
neo4j,mixed_c40,874,9702270,217.601,True,,40,read
neo4j,mixed_c40,875,9703209,168.4155,True,,40,read
neo4j,mixed_c40,876,9703232,183.9663,True,,40,read
neo4j,mixed_c40,877,9703423,215.7207,True,,40,read
neo4j,mixed_c40,878,,78.8915,True,,40,write
neo4j,mixed_c40,879,9706541,124.7959,True,,40,read
neo4j,mixed_c40,880,9707250,129.9399,True,,40,read
neo4j,mixed_c40,881,9707282,127.6876,True,,40,read
neo4j,mixed_c40,882,9707295,120.9906,True,,40,read
neo4j,mixed_c40,883,,130.9442,True,,40,write
neo4j,mixed_c40,884,,167.2456,True,,40,write
neo4j,mixed_c40,885,9711379,107.8936,True,,40,read
neo4j,mixed_c40,886,,96.9714,True,,40,write
neo4j,mixed_c40,887,,99.8307,True,,40,write
neo4j,mixed_c40,888,9804313,102.3198,True,,40,read
neo4j,mixed_c40,889,9804343,146.1336,True,,40,read
neo4j,mixed_c40,890,9805465,151.8547,True,,40,read
neo4j,mixed_c40,891,9809529,158.3623,True,,40,read
neo4j,mixed_c40,892,9810418,212.4481,True,,40,read
neo4j,mixed_c40,893,9811432,100.1139,True,,40,read
neo4j,mixed_c40,894,9811469,143.6489,True,,40,read
neo4j,mixed_c40,895,9812342,195.1141,True,,40,read
neo4j,mixed_c40,896,9906506,122.1439,True,,40,read
neo4j,mixed_c40,897,9907534,167.9724,True,,40,read
neo4j,mixed_c40,898,9909234,83.3659,True,,40,read
neo4j,mixed_c40,899,,155.9158,True,,40,write
neo4j,mixed_c40,900,2106,175.1605,True,,40,read
neo4j,mixed_c40,901,6114,133.291,True,,40,read
neo4j,mixed_c40,902,6217,134.4295,True,,40,read
neo4j,mixed_c40,903,7077,139.7882,True,,40,read
neo4j,mixed_c40,904,7211,87.4367,True,,40,read
neo4j,mixed_c40,905,7232,115.5678,True,,40,read
neo4j,mixed_c40,906,9292,90.8711,True,,40,read
neo4j,mixed_c40,907,10094,132.9124,True,,40,read
neo4j,mixed_c40,908,10180,154.2832,True,,40,read
neo4j,mixed_c40,909,,91.4819,True,,40,write
neo4j,mixed_c40,910,101328,69.9186,True,,40,read
neo4j,mixed_c40,911,102194,137.0541,True,,40,read
neo4j,mixed_c40,912,102318,141.8374,True,,40,read
neo4j,mixed_c40,913,104122,209.8202,True,,40,read
neo4j,mixed_c40,914,104187,126.7766,True,,40,read
neo4j,mixed_c40,915,105349,107.201,True,,40,read
neo4j,mixed_c40,916,106261,115.6918,True,,40,read
neo4j,mixed_c40,917,107028,83.7032,True,,40,read
neo4j,mixed_c40,918,107093,140.9307,True,,40,read
neo4j,mixed_c40,919,107295,84.8378,True,,40,read
neo4j,mixed_c40,920,108250,170.2293,True,,40,read
neo4j,mixed_c40,921,,137.96,True,,40,write
neo4j,mixed_c40,922,109073,104.5218,True,,40,read
neo4j,mixed_c40,923,110264,79.1011,True,,40,read
neo4j,mixed_c40,924,110376,152.2414,True,,40,read
neo4j,mixed_c40,925,201053,161.8285,True,,40,read
neo4j,mixed_c40,926,204096,154.6123,True,,40,read
neo4j,mixed_c40,927,204176,169.2741,True,,40,read
neo4j,mixed_c40,928,204182,149.2498,True,,40,read
neo4j,mixed_c40,929,205038,125.5933,True,,40,read
neo4j,mixed_c40,930,207048,98.3371,True,,40,read
neo4j,mixed_c40,931,,158.8141,True,,40,write
neo4j,mixed_c40,932,208138,157.3184,True,,40,read
neo4j,mixed_c40,933,208159,81.1952,True,,40,read
neo4j,mixed_c40,934,209058,122.6345,True,,40,read
neo4j,mixed_c40,935,,122.1863,True,,40,write
neo4j,mixed_c40,936,,149.185,True,,40,write
neo4j,mixed_c40,937,302080,102.0215,True,,40,read
neo4j,mixed_c40,938,9208245,132.8776,True,,40,read
neo4j,mixed_c40,939,9304275,124.18,True,,40,read
neo4j,mixed_c40,940,9305258,106.8793,True,,40,read
neo4j,mixed_c40,941,9306241,124.8289,True,,40,read
neo4j,mixed_c40,942,9307320,93.7871,True,,40,read
neo4j,mixed_c40,943,9309220,119.5629,True,,40,read
neo4j,mixed_c40,944,9309273,109.2168,True,,40,read
neo4j,mixed_c40,945,,109.9337,True,,40,write
neo4j,mixed_c40,946,,67.013,True,,40,write
neo4j,mixed_c40,947,9311240,105.014,True,,40,read
neo4j,mixed_c40,948,9401244,100.3396,True,,40,read
neo4j,mixed_c40,949,9401326,91.3347,True,,40,read
neo4j,mixed_c40,950,9403260,87.3444,True,,40,read
neo4j,mixed_c40,951,9403269,77.4733,True,,40,read
neo4j,mixed_c40,952,,114.5097,True,,40,write
neo4j,mixed_c40,953,9407278,74.9552,True,,40,read
neo4j,mixed_c40,954,9407401,89.3899,True,,40,read
neo4j,mixed_c40,955,9501227,77.2837,True,,40,read
neo4j,mixed_c40,956,,62.259,True,,40,write
neo4j,mixed_c40,957,9501376,80.5772,True,,40,read
neo4j,mixed_c40,958,9502306,69.3124,True,,40,read
neo4j,mixed_c40,959,9502360,70.0852,True,,40,read
neo4j,mixed_c40,960,9503294,91.2275,True,,40,read
neo4j,mixed_c40,961,9504347,74.5826,True,,40,read
neo4j,mixed_c40,962,9505303,58.9056,True,,40,read
neo4j,mixed_c40,963,9505310,69.4989,True,,40,read
neo4j,mixed_c40,964,9505324,85.3694,True,,40,read
neo4j,mixed_c40,965,,58.9471,True,,40,write
neo4j,mixed_c40,966,9509349,54.0388,True,,40,read
neo4j,mixed_c40,967,9603367,77.7968,True,,40,read
neo4j,mixed_c40,968,9603420,74.7221,True,,40,read
neo4j,mixed_c40,969,9606252,60.8324,True,,40,read
neo4j,mixed_c40,970,,84.0738,True,,40,write
neo4j,mixed_c40,971,9609470,53.4203,True,,40,read
neo4j,mixed_c40,972,9610393,53.5855,True,,40,read
neo4j,mixed_c40,973,9701246,57.7696,True,,40,read
neo4j,mixed_c40,974,9702270,57.2032,True,,40,read
neo4j,mixed_c40,975,,63.5329,True,,40,write
neo4j,mixed_c40,976,9703232,56.4348,True,,40,read
neo4j,mixed_c40,977,,62.8934,True,,40,write
neo4j,mixed_c40,978,9705262,74.0348,True,,40,read
neo4j,mixed_c40,979,9706541,62.1743,True,,40,read
neo4j,mixed_c40,980,9707250,54.5431,True,,40,read
neo4j,mixed_c40,981,,68.0618,True,,40,write
neo4j,mixed_c40,982,9707295,64.2451,True,,40,read
neo4j,mixed_c40,983,9710376,57.9975,True,,40,read
neo4j,mixed_c40,984,9711261,73.3337,True,,40,read
neo4j,mixed_c40,985,9711379,59.4237,True,,40,read
neo4j,mixed_c40,986,9803439,60.3726,True,,40,read
neo4j,mixed_c40,987,9804298,56.7766,True,,40,read
neo4j,mixed_c40,988,,55.3492,True,,40,write
neo4j,mixed_c40,989,9804343,66.1842,True,,40,read
neo4j,mixed_c40,990,9805465,62.4843,True,,40,read
neo4j,mixed_c40,991,9809529,59.8585,True,,40,read
neo4j,mixed_c40,992,9810418,59.886,True,,40,read
neo4j,mixed_c40,993,9811432,62.5216,True,,40,read
neo4j,mixed_c40,994,9811469,60.7812,True,,40,read
neo4j,mixed_c40,995,9812342,62.3255,True,,40,read
neo4j,mixed_c40,996,9906506,58.5723,True,,40,read
neo4j,mixed_c40,997,,63.2091,True,,40,write
neo4j,mixed_c40,998,9909234,60.9017,True,,40,read
neo4j,mixed_c40,999,,61.0488,True,,40,write
neo4j,mixed_c40,1000,,55.8158,True,,40,write
neo4j,mixed_c40,1001,,57.9361,True,,40,write
neo4j,mixed_c40,1002,6217,56.1028,True,,40,read
neo4j,mixed_c40,1003,7077,54.5184,True,,40,read
neo4j,mixed_c40,1004,7211,54.9838,True,,40,read
neo4j,mixed_c40,1005,7232,51.0942,True,,40,read
neo4j,mixed_c40,1006,,55.9173,True,,40,write
neo4j,mixed_c40,1007,10094,52.1112,True,,40,read
neo4j,mixed_c40,1008,10180,50.5197,True,,40,read
neo4j,mixed_c40,1009,12020,51.6826,True,,40,read
neo4j,mixed_c40,1010,101328,54.9831,True,,40,read
neo4j,mixed_c40,1011,102194,54.576,True,,40,read
neo4j,mixed_c40,1012,102318,59.8685,True,,40,read
neo4j,mixed_c40,1013,,59.7663,True,,40,write
neo4j,mixed_c40,1014,104187,52.9548,True,,40,read
neo4j,mixed_c40,1015,105349,53.798,True,,40,read
neo4j,mixed_c40,1016,,57.6107,True,,40,write
neo4j,mixed_c40,1017,107028,61.5566,True,,40,read
neo4j,mixed_c40,1018,107093,55.393,True,,40,read
neo4j,mixed_c40,1019,107295,57.7336,True,,40,read
neo4j,mixed_c40,1020,108250,53.4979,True,,40,read
neo4j,mixed_c40,1021,109054,64.6972,True,,40,read
neo4j,mixed_c40,1022,109073,78.4831,True,,40,read
neo4j,mixed_c40,1023,110264,59.9098,True,,40,read
neo4j,mixed_c40,1024,110376,55.9687,True,,40,read
neo4j,mixed_c40,1025,201053,55.7596,True,,40,read
neo4j,mixed_c40,1026,,67.7063,True,,40,write
neo4j,mixed_c40,1027,204176,57.5127,True,,40,read
neo4j,mixed_c40,1028,,61.2387,True,,40,write
neo4j,mixed_c40,1029,205038,67.0612,True,,40,read
neo4j,mixed_c40,1030,207048,80.19,True,,40,read
neo4j,mixed_c40,1031,,61.7747,True,,40,write
neo4j,mixed_c40,1032,,57.1409,True,,40,write
neo4j,mixed_c40,1033,,75.2005,True,,40,write
neo4j,mixed_c40,1034,209058,82.6257,True,,40,read
neo4j,mixed_c40,1035,209108,56.8989,True,,40,read
neo4j,mixed_c40,1036,,69.6093,True,,40,write
neo4j,mixed_c40,1037,302080,69.9196,True,,40,read
neo4j,mixed_c40,1038,,66.2489,True,,40,write
neo4j,mixed_c40,1039,9304275,61.8988,True,,40,read
neo4j,mixed_c40,1040,9305258,68.0666,True,,40,read
neo4j,mixed_c40,1041,9306241,82.5618,True,,40,read
neo4j,mixed_c40,1042,,55.3051,True,,40,write
neo4j,mixed_c40,1043,,67.6849,True,,40,write
neo4j,mixed_c40,1044,9309273,67.2426,True,,40,read
neo4j,mixed_c40,1045,9309293,64.7027,True,,40,read
neo4j,mixed_c40,1046,9310213,69.0455,True,,40,read
neo4j,mixed_c40,1047,,70.88,True,,40,write
neo4j,mixed_c40,1048,9401244,63.2749,True,,40,read
neo4j,mixed_c40,1049,,64.0874,True,,40,write
neo4j,mixed_c40,1050,9403260,63.7653,True,,40,read
neo4j,mixed_c40,1051,9403269,67.4348,True,,40,read
neo4j,mixed_c40,1052,9407272,52.8628,True,,40,read
neo4j,mixed_c40,1053,9407278,60.6282,True,,40,read
neo4j,mixed_c40,1054,9407401,58.6208,True,,40,read
neo4j,mixed_c40,1055,9501227,64.4288,True,,40,read
neo4j,mixed_c40,1056,,61.1807,True,,40,write
neo4j,mixed_c40,1057,,67.3841,True,,40,write
neo4j,mixed_c40,1058,9502306,55.2286,True,,40,read
neo4j,mixed_c40,1059,9502360,60.6357,True,,40,read
neo4j,mixed_c40,1060,,60.9285,True,,40,write
neo4j,mixed_c40,1061,,62.4995,True,,40,write
neo4j,mixed_c40,1062,9505303,69.2187,True,,40,read
neo4j,mixed_c40,1063,,61.2883,True,,40,write
neo4j,mixed_c40,1064,9505324,71.0614,True,,40,read
neo4j,mixed_c40,1065,9508299,59.1281,True,,40,read
neo4j,mixed_c40,1066,9509349,73.5474,True,,40,read
neo4j,mixed_c40,1067,9603367,65.5392,True,,40,read
neo4j,mixed_c40,1068,,57.4153,True,,40,write
neo4j,mixed_c40,1069,9606252,61.9307,True,,40,read
neo4j,mixed_c40,1070,9609217,58.6524,True,,40,read
neo4j,mixed_c40,1071,9609470,68.7666,True,,40,read
neo4j,mixed_c40,1072,9610393,60.1662,True,,40,read
neo4j,mixed_c40,1073,9701246,59.642,True,,40,read
neo4j,mixed_c40,1074,9702270,78.8869,True,,40,read
neo4j,mixed_c40,1075,9703209,65.7799,True,,40,read
neo4j,mixed_c40,1076,,58.8464,True,,40,write
neo4j,mixed_c40,1077,,64.592,True,,40,write
neo4j,mixed_c40,1078,,58.8007,True,,40,write
neo4j,mixed_c40,1079,9706541,66.1202,True,,40,read
neo4j,mixed_c40,1080,9707250,68.0287,True,,40,read
neo4j,mixed_c40,1081,9707282,56.042,True,,40,read
neo4j,mixed_c40,1082,9707295,62.8555,True,,40,read
neo4j,mixed_c40,1083,9710376,67.9815,True,,40,read
neo4j,mixed_c40,1084,9711261,56.914,True,,40,read
neo4j,mixed_c40,1085,9711379,63.8824,True,,40,read
neo4j,mixed_c40,1086,9803439,67.9877,True,,40,read
neo4j,mixed_c40,1087,9804298,63.9042,True,,40,read
neo4j,mixed_c40,1088,,66.0531,True,,40,write
neo4j,mixed_c40,1089,9804343,71.8894,True,,40,read
neo4j,mixed_c40,1090,,73.9262,True,,40,write
neo4j,mixed_c40,1091,9809529,77.7031,True,,40,read
neo4j,mixed_c40,1092,9810418,63.7523,True,,40,read
neo4j,mixed_c40,1093,9811432,61.1,True,,40,read
neo4j,mixed_c40,1094,9811469,63.3729,True,,40,read
neo4j,mixed_c40,1095,,81.9464,True,,40,write
neo4j,mixed_c40,1096,9906506,63.6175,True,,40,read
neo4j,mixed_c40,1097,9907534,69.9216,True,,40,read
neo4j,mixed_c40,1098,,58.5481,True,,40,write
neo4j,mixed_c40,1099,9909512,60.0729,True,,40,read
neo4j,mixed_c40,1100,2106,65.4868,True,,40,read
neo4j,mixed_c40,1101,6114,57.5553,True,,40,read
neo4j,mixed_c40,1102,6217,57.101,True,,40,read
neo4j,mixed_c40,1103,,68.6081,True,,40,write
neo4j,mixed_c40,1104,7211,60.1071,True,,40,read
neo4j,mixed_c40,1105,7232,93.7155,True,,40,read
neo4j,mixed_c40,1106,9292,54.0092,True,,40,read
neo4j,mixed_c40,1107,,56.0981,True,,40,write
neo4j,mixed_c40,1108,,67.0738,True,,40,write
neo4j,mixed_c40,1109,12020,68.6986,True,,40,read
neo4j,mixed_c40,1110,101328,61.2891,True,,40,read
neo4j,mixed_c40,1111,102194,57.314,True,,40,read
neo4j,mixed_c40,1112,102318,64.7629,True,,40,read
neo4j,mixed_c40,1113,104122,60.1699,True,,40,read
neo4j,mixed_c40,1114,104187,68.8576,True,,40,read
neo4j,mixed_c40,1115,,63.7899,True,,40,write
neo4j,mixed_c40,1116,,69.1042,True,,40,write
neo4j,mixed_c40,1117,107028,70.2045,True,,40,read
neo4j,mixed_c40,1118,107093,75.29,True,,40,read
neo4j,mixed_c40,1119,107295,75.0994,True,,40,read
neo4j,mixed_c40,1120,108250,68.1858,True,,40,read
neo4j,mixed_c40,1121,109054,82.0104,True,,40,read
neo4j,mixed_c40,1122,109073,115.8916,True,,40,read
neo4j,mixed_c40,1123,110264,75.5255,True,,40,read
neo4j,mixed_c40,1124,,102.0652,True,,40,write
neo4j,mixed_c40,1125,201053,155.1311,True,,40,read
neo4j,mixed_c40,1126,204096,127.9514,True,,40,read
neo4j,mixed_c40,1127,204176,53.9858,True,,40,read
neo4j,mixed_c40,1128,204182,66.3205,True,,40,read
neo4j,mixed_c40,1129,205038,59.5612,True,,40,read
neo4j,mixed_c40,1130,207048,121.3596,True,,40,read
neo4j,mixed_c40,1131,,67.4103,True,,40,write
neo4j,mixed_c40,1132,208138,67.5795,True,,40,read
neo4j,mixed_c40,1133,208159,73.3087,True,,40,read
neo4j,mixed_c40,1134,209058,87.903,True,,40,read
neo4j,mixed_c40,1135,,68.6634,True,,40,write
neo4j,mixed_c40,1136,,102.4305,True,,40,write
neo4j,mixed_c40,1137,302080,64.4398,True,,40,read
neo4j,mixed_c40,1138,9208245,128.0244,True,,40,read
neo4j,mixed_c40,1139,,106.3578,True,,40,write
neo4j,mixed_c40,1140,9305258,84.13,True,,40,read
neo4j,mixed_c40,1141,9306241,108.3577,True,,40,read
neo4j,mixed_c40,1142,9307320,81.542,True,,40,read
neo4j,mixed_c40,1143,9309220,83.0368,True,,40,read
neo4j,mixed_c40,1144,9309273,95.7239,True,,40,read
neo4j,mixed_c40,1145,9309293,115.3766,True,,40,read
neo4j,mixed_c40,1146,9310213,120.1485,True,,40,read
neo4j,mixed_c40,1147,,79.9645,True,,40,write
neo4j,mixed_c40,1148,9401244,68.24,True,,40,read
neo4j,mixed_c40,1149,9401326,110.7307,True,,40,read
neo4j,mixed_c40,1150,9403260,84.7599,True,,40,read
neo4j,mixed_c40,1151,,79.1969,True,,40,write
neo4j,mixed_c40,1152,,113.6852,True,,40,write
neo4j,mixed_c40,1153,9407278,105.8965,True,,40,read
neo4j,mixed_c40,1154,9407401,91.9265,True,,40,read
neo4j,mixed_c40,1155,9501227,63.5837,True,,40,read
neo4j,mixed_c40,1156,9501350,91.9409,True,,40,read
neo4j,mixed_c40,1157,9501376,104.9796,True,,40,read
neo4j,mixed_c40,1158,9502306,79.2037,True,,40,read
neo4j,mixed_c40,1159,,92.4602,True,,40,write
neo4j,mixed_c40,1160,9503294,77.6842,True,,40,read
neo4j,mixed_c40,1161,9504347,69.8181,True,,40,read
neo4j,mixed_c40,1162,9505303,83.869,True,,40,read
neo4j,mixed_c40,1163,9505310,88.1604,True,,40,read
neo4j,mixed_c40,1164,9505324,64.7275,True,,40,read
neo4j,mixed_c40,1165,,94.8517,True,,40,write
neo4j,mixed_c40,1166,,77.7487,True,,40,write
neo4j,mixed_c40,1167,9603367,86.0274,True,,40,read
neo4j,mixed_c40,1168,9603420,66.7193,True,,40,read
neo4j,mixed_c40,1169,9606252,88.8641,True,,40,read
neo4j,mixed_c40,1170,9609217,85.5868,True,,40,read
neo4j,mixed_c40,1171,9609470,66.4091,True,,40,read
neo4j,mixed_c40,1172,9610393,62.4247,True,,40,read
neo4j,mixed_c40,1173,9701246,63.4226,True,,40,read
neo4j,mixed_c40,1174,9702270,58.5242,True,,40,read
neo4j,mixed_c40,1175,9703209,54.1193,True,,40,read
neo4j,mixed_c40,1176,9703232,57.3015,True,,40,read
neo4j,mixed_c40,1177,9703423,54.1051,True,,40,read
neo4j,mixed_c40,1178,9705262,59.7046,True,,40,read
neo4j,mixed_c40,1179,9706541,54.6002,True,,40,read
neo4j,mixed_c40,1180,,54.7665,True,,40,write
neo4j,mixed_c40,1181,,55.9179,True,,40,write
neo4j,mixed_c40,1182,,55.3413,True,,40,write
neo4j,mixed_c40,1183,9710376,54.5777,True,,40,read
neo4j,mixed_c40,1184,9711261,52.3692,True,,40,read
neo4j,mixed_c40,1185,9711379,52.4758,True,,40,read
neo4j,mixed_c40,1186,9803439,52.6941,True,,40,read
neo4j,mixed_c40,1187,9804298,53.2047,True,,40,read
neo4j,mixed_c40,1188,9804313,52.8032,True,,40,read
neo4j,mixed_c40,1189,9804343,91.2467,True,,40,read
neo4j,mixed_c40,1190,,54.3781,True,,40,write
neo4j,mixed_c40,1191,9809529,56.2643,True,,40,read
neo4j,mixed_c40,1192,9810418,52.9498,True,,40,read
neo4j,mixed_c40,1193,,54.5499,True,,40,write
neo4j,mixed_c40,1194,,57.1682,True,,40,write
neo4j,mixed_c40,1195,9812342,58.0507,True,,40,read
neo4j,mixed_c40,1196,9906506,49.9894,True,,40,read
neo4j,mixed_c40,1197,9907534,53.1893,True,,40,read
neo4j,mixed_c40,1198,9909234,56.9194,True,,40,read
neo4j,mixed_c40,1199,9909512,65.6357,True,,40,read
neo4j,mixed_c40,1200,,54.3309,True,,40,write
neo4j,mixed_c40,1201,6114,58.7029,True,,40,read
neo4j,mixed_c40,1202,6217,59.5321,True,,40,read
neo4j,mixed_c40,1203,7077,53.3894,True,,40,read
neo4j,mixed_c40,1204,7211,53.5616,True,,40,read
neo4j,mixed_c40,1205,,63.8702,True,,40,write
neo4j,mixed_c40,1206,,59.68,True,,40,write
neo4j,mixed_c40,1207,10094,56.1786,True,,40,read
neo4j,mixed_c40,1208,10180,65.8117,True,,40,read
neo4j,mixed_c40,1209,,76.0936,True,,40,write
neo4j,mixed_c40,1210,101328,62.0021,True,,40,read
neo4j,mixed_c40,1211,102194,49.5809,True,,40,read
neo4j,mixed_c40,1212,102318,67.6613,True,,40,read
neo4j,mixed_c40,1213,,57.9485,True,,40,write
neo4j,mixed_c40,1214,104187,77.3739,True,,40,read
neo4j,mixed_c40,1215,105349,120.6323,True,,40,read
neo4j,mixed_c40,1216,106261,91.625,True,,40,read
neo4j,mixed_c40,1217,,63.4576,True,,40,write
neo4j,mixed_c40,1218,107093,70.4496,True,,40,read
neo4j,mixed_c40,1219,107295,58.8923,True,,40,read
neo4j,mixed_c40,1220,,82.1992,True,,40,write
neo4j,mixed_c40,1221,,74.5439,True,,40,write
neo4j,mixed_c40,1222,,107.4513,True,,40,write
neo4j,mixed_c40,1223,110264,58.8198,True,,40,read
neo4j,mixed_c40,1224,,67.9233,True,,40,write
neo4j,mixed_c40,1225,,72.6108,True,,40,write
neo4j,mixed_c40,1226,204096,92.5952,True,,40,read
neo4j,mixed_c40,1227,204176,64.4348,True,,40,read
neo4j,mixed_c40,1228,204182,79.0539,True,,40,read
neo4j,mixed_c40,1229,205038,76.3963,True,,40,read
neo4j,mixed_c40,1230,207048,98.5493,True,,40,read
neo4j,mixed_c40,1231,207227,61.5367,True,,40,read
neo4j,mixed_c40,1232,208138,100.0813,True,,40,read
neo4j,mixed_c40,1233,208159,80.7173,True,,40,read
neo4j,mixed_c40,1234,209058,61.8249,True,,40,read
neo4j,mixed_c40,1235,209108,74.5657,True,,40,read
neo4j,mixed_c40,1236,210254,67.8282,True,,40,read
neo4j,mixed_c40,1237,302080,157.9874,True,,40,read
neo4j,mixed_c40,1238,9208245,64.7545,True,,40,read
neo4j,mixed_c40,1239,,109.758,True,,40,write
neo4j,mixed_c40,1240,9305258,111.7928,True,,40,read
neo4j,mixed_c40,1241,,183.5187,True,,40,write
neo4j,mixed_c40,1242,9307320,92.5426,True,,40,read
neo4j,mixed_c40,1243,9309220,148.2684,True,,40,read
neo4j,mixed_c40,1244,9309273,212.4151,True,,40,read
neo4j,mixed_c40,1245,9309293,114.0978,True,,40,read
neo4j,mixed_c40,1246,9310213,122.7525,True,,40,read
neo4j,mixed_c40,1247,9311240,73.2561,True,,40,read
neo4j,mixed_c40,1248,9401244,124.1829,True,,40,read
neo4j,mixed_c40,1249,9401326,87.1354,True,,40,read
neo4j,mixed_c40,1250,9403260,99.7084,True,,40,read
neo4j,mixed_c40,1251,,90.651,True,,40,write
neo4j,mixed_c40,1252,9407272,109.2192,True,,40,read
neo4j,mixed_c40,1253,9407278,139.1612,True,,40,read
neo4j,mixed_c40,1254,9407401,66.9693,True,,40,read
neo4j,mixed_c40,1255,9501227,77.8677,True,,40,read
neo4j,mixed_c40,1256,9501350,71.1871,True,,40,read
neo4j,mixed_c40,1257,9501376,92.3047,True,,40,read
neo4j,mixed_c40,1258,9502306,108.8675,True,,40,read
neo4j,mixed_c40,1259,9502360,151.9162,True,,40,read
neo4j,mixed_c40,1260,9503294,97.2447,True,,40,read
neo4j,mixed_c40,1261,,113.646,True,,40,write
neo4j,mixed_c40,1262,9505303,84.4788,True,,40,read
neo4j,mixed_c40,1263,9505310,68.3125,True,,40,read
neo4j,mixed_c40,1264,9505324,130.0526,True,,40,read
neo4j,mixed_c40,1265,9508299,88.2627,True,,40,read
neo4j,mixed_c40,1266,9509349,96.2252,True,,40,read
neo4j,mixed_c40,1267,9603367,112.5984,True,,40,read
neo4j,mixed_c40,1268,,121.9934,True,,40,write
neo4j,mixed_c40,1269,9606252,84.1094,True,,40,read
neo4j,mixed_c40,1270,,120.5952,True,,40,write
neo4j,mixed_c40,1271,9609470,100.8289,True,,40,read
neo4j,mixed_c40,1272,,140.1112,True,,40,write
neo4j,mixed_c40,1273,,92.8811,True,,40,write
neo4j,mixed_c40,1274,9702270,142.0672,True,,40,read
neo4j,mixed_c40,1275,9703209,121.6358,True,,40,read
neo4j,mixed_c40,1276,9703232,104.1411,True,,40,read
neo4j,mixed_c40,1277,9703423,104.7724,True,,40,read
neo4j,mixed_c40,1278,9705262,110.622,True,,40,read
neo4j,mixed_c40,1279,9706541,105.2239,True,,40,read
neo4j,mixed_c40,1280,9707250,118.6821,True,,40,read
neo4j,mixed_c40,1281,9707282,78.8398,True,,40,read
neo4j,mixed_c40,1282,9707295,100.1299,True,,40,read
neo4j,mixed_c40,1283,9710376,97.447,True,,40,read
neo4j,mixed_c40,1284,9711261,66.9066,True,,40,read
neo4j,mixed_c40,1285,9711379,62.5313,True,,40,read
neo4j,mixed_c40,1286,9803439,67.0421,True,,40,read
neo4j,mixed_c40,1287,,115.6542,True,,40,write
neo4j,mixed_c40,1288,9804313,94.2953,True,,40,read
neo4j,mixed_c40,1289,9804343,90.5402,True,,40,read
neo4j,mixed_c40,1290,,80.5507,True,,40,write
neo4j,mixed_c40,1291,9809529,74.1179,True,,40,read
neo4j,mixed_c40,1292,9810418,64.0908,True,,40,read
neo4j,mixed_c40,1293,,80.7093,True,,40,write
neo4j,mixed_c40,1294,9811469,91.2702,True,,40,read
neo4j,mixed_c40,1295,9812342,83.2021,True,,40,read
neo4j,mixed_c40,1296,9906506,82.6409,True,,40,read
neo4j,mixed_c40,1297,9907534,66.5594,True,,40,read
neo4j,mixed_c40,1298,9909234,79.1924,True,,40,read
neo4j,mixed_c40,1299,9909512,65.4794,True,,40,read
neo4j,mixed_c40,1300,2106,81.8057,True,,40,read
neo4j,mixed_c40,1301,6114,72.2585,True,,40,read
neo4j,mixed_c40,1302,6217,65.3648,True,,40,read
neo4j,mixed_c40,1303,7077,75.8491,True,,40,read
neo4j,mixed_c40,1304,7211,59.5408,True,,40,read
neo4j,mixed_c40,1305,7232,64.2749,True,,40,read
neo4j,mixed_c40,1306,9292,93.3684,True,,40,read
neo4j,mixed_c40,1307,10094,81.7387,True,,40,read
neo4j,mixed_c40,1308,,69.389,True,,40,write
neo4j,mixed_c40,1309,12020,58.1393,True,,40,read
neo4j,mixed_c40,1310,101328,53.0965,True,,40,read
neo4j,mixed_c40,1311,102194,60.0162,True,,40,read
neo4j,mixed_c40,1312,102318,67.0164,True,,40,read
neo4j,mixed_c40,1313,,69.7634,True,,40,write
neo4j,mixed_c40,1314,,65.178,True,,40,write
neo4j,mixed_c40,1315,105349,76.1821,True,,40,read
neo4j,mixed_c40,1316,106261,63.3069,True,,40,read
neo4j,mixed_c40,1317,107028,108.4171,True,,40,read
neo4j,mixed_c40,1318,107093,64.7783,True,,40,read
neo4j,mixed_c40,1319,107295,73.6172,True,,40,read
neo4j,mixed_c40,1320,108250,75.5851,True,,40,read
neo4j,mixed_c40,1321,109054,75.4933,True,,40,read
neo4j,mixed_c40,1322,,63.5957,True,,40,write
neo4j,mixed_c40,1323,110264,85.0186,True,,40,read
neo4j,mixed_c40,1324,110376,65.9554,True,,40,read
neo4j,mixed_c40,1325,201053,75.2003,True,,40,read
neo4j,mixed_c40,1326,204096,104.5517,True,,40,read
neo4j,mixed_c40,1327,204176,79.6018,True,,40,read
neo4j,mixed_c40,1328,204182,108.7265,True,,40,read
neo4j,mixed_c40,1329,205038,70.5135,True,,40,read
neo4j,mixed_c40,1330,207048,116.415,True,,40,read
neo4j,mixed_c40,1331,207227,80.2694,True,,40,read
neo4j,mixed_c40,1332,208138,97.0207,True,,40,read
neo4j,mixed_c40,1333,,80.1443,True,,40,write
neo4j,mixed_c40,1334,209058,92.6477,True,,40,read
neo4j,mixed_c40,1335,,84.4174,True,,40,write
neo4j,mixed_c40,1336,210254,79.145,True,,40,read
neo4j,mixed_c40,1337,302080,70.0354,True,,40,read
neo4j,mixed_c40,1338,9208245,107.2728,True,,40,read
neo4j,mixed_c40,1339,9304275,104.3753,True,,40,read
neo4j,mixed_c40,1340,9305258,81.922,True,,40,read
neo4j,mixed_c40,1341,,91.9275,True,,40,write
neo4j,mixed_c40,1342,9307320,84.4979,True,,40,read
neo4j,mixed_c40,1343,9309220,75.5258,True,,40,read
neo4j,mixed_c40,1344,9309273,71.0308,True,,40,read
neo4j,mixed_c40,1345,9309293,76.1896,True,,40,read
neo4j,mixed_c40,1346,9310213,110.1224,True,,40,read
neo4j,mixed_c40,1347,,84.5784,True,,40,write
neo4j,mixed_c40,1348,,85.8868,True,,40,write
neo4j,mixed_c40,1349,9401326,76.8838,True,,40,read
neo4j,mixed_c40,1350,9403260,101.7749,True,,40,read
neo4j,mixed_c40,1351,9403269,85.7948,True,,40,read
neo4j,mixed_c40,1352,,80.3042,True,,40,write
neo4j,mixed_c40,1353,9407278,74.8294,True,,40,read
neo4j,mixed_c40,1354,9407401,86.0417,True,,40,read
neo4j,mixed_c40,1355,,85.3992,True,,40,write
neo4j,mixed_c40,1356,9501350,76.0811,True,,40,read
neo4j,mixed_c40,1357,,60.5222,True,,40,write
neo4j,mixed_c40,1358,9502306,88.4616,True,,40,read
neo4j,mixed_c40,1359,9502360,74.4986,True,,40,read
neo4j,mixed_c40,1360,,96.2837,True,,40,write
neo4j,mixed_c40,1361,,86.3982,True,,40,write
neo4j,mixed_c40,1362,9505303,69.7671,True,,40,read
neo4j,mixed_c40,1363,9505310,62.8792,True,,40,read
neo4j,mixed_c40,1364,9505324,75.3192,True,,40,read
neo4j,mixed_c40,1365,9508299,100.7909,True,,40,read
neo4j,mixed_c40,1366,9509349,115.8956,True,,40,read
neo4j,mixed_c40,1367,,62.5795,True,,40,write
neo4j,mixed_c40,1368,9603420,78.0187,True,,40,read
neo4j,mixed_c40,1369,9606252,81.4203,True,,40,read
neo4j,mixed_c40,1370,9609217,64.9197,True,,40,read
neo4j,mixed_c40,1371,9609470,73.7913,True,,40,read
neo4j,mixed_c40,1372,9610393,67.3479,True,,40,read
neo4j,mixed_c40,1373,9701246,66.7237,True,,40,read
neo4j,mixed_c40,1374,9702270,81.67,True,,40,read
neo4j,mixed_c40,1375,9703209,84.1377,True,,40,read
neo4j,mixed_c40,1376,9703232,74.0784,True,,40,read
neo4j,mixed_c40,1377,9703423,57.4699,True,,40,read
neo4j,mixed_c40,1378,,63.5134,True,,40,write
neo4j,mixed_c40,1379,9706541,97.1531,True,,40,read
neo4j,mixed_c40,1380,9707250,68.1683,True,,40,read
neo4j,mixed_c40,1381,,66.7113,True,,40,write
neo4j,mixed_c40,1382,9707295,112.4149,True,,40,read
neo4j,mixed_c40,1383,9710376,59.046,True,,40,read
neo4j,mixed_c40,1384,,72.5158,True,,40,write
neo4j,mixed_c40,1385,9711379,78.7528,True,,40,read
neo4j,mixed_c40,1386,9803439,134.7753,True,,40,read
neo4j,mixed_c40,1387,9804298,73.0046,True,,40,read
neo4j,mixed_c40,1388,9804313,77.7082,True,,40,read
neo4j,mixed_c40,1389,9804343,88.9903,True,,40,read
neo4j,mixed_c40,1390,9805465,122.8076,True,,40,read
neo4j,mixed_c40,1391,9809529,65.7544,True,,40,read
neo4j,mixed_c40,1392,9810418,99.123,True,,40,read
neo4j,mixed_c40,1393,9811432,74.6537,True,,40,read
neo4j,mixed_c40,1394,9811469,96.0403,True,,40,read
neo4j,mixed_c40,1395,,78.9937,True,,40,write
neo4j,mixed_c40,1396,9906506,71.0512,True,,40,read
neo4j,mixed_c40,1397,,113.0641,True,,40,write
neo4j,mixed_c40,1398,9909234,91.4053,True,,40,read
neo4j,mixed_c40,1399,9909512,70.4397,True,,40,read
neo4j,mixed_c40,1400,2106,71.3989,True,,40,read
neo4j,mixed_c40,1401,6114,97.9964,True,,40,read
neo4j,mixed_c40,1402,6217,114.269,True,,40,read
neo4j,mixed_c40,1403,7077,73.3754,True,,40,read
neo4j,mixed_c40,1404,7211,59.1155,True,,40,read
neo4j,mixed_c40,1405,7232,101.5595,True,,40,read
neo4j,mixed_c40,1406,9292,88.1905,True,,40,read
neo4j,mixed_c40,1407,10094,91.0008,True,,40,read
neo4j,mixed_c40,1408,10180,105.1314,True,,40,read
neo4j,mixed_c40,1409,12020,108.6453,True,,40,read
neo4j,mixed_c40,1410,101328,99.098,True,,40,read
neo4j,mixed_c40,1411,102194,92.2051,True,,40,read
neo4j,mixed_c40,1412,102318,80.469,True,,40,read
neo4j,mixed_c40,1413,104122,60.025,True,,40,read
neo4j,mixed_c40,1414,104187,57.9115,True,,40,read
neo4j,mixed_c40,1415,,79.8811,True,,40,write
neo4j,mixed_c40,1416,106261,78.3513,True,,40,read
neo4j,mixed_c40,1417,107028,81.4544,True,,40,read
neo4j,mixed_c40,1418,,83.3348,True,,40,write
neo4j,mixed_c40,1419,107295,65.5959,True,,40,read
neo4j,mixed_c40,1420,108250,72.1552,True,,40,read
neo4j,mixed_c40,1421,109054,73.597,True,,40,read
neo4j,mixed_c40,1422,,75.2743,True,,40,write
neo4j,mixed_c40,1423,,73.5293,True,,40,write
neo4j,mixed_c40,1424,,80.4,True,,40,write
neo4j,mixed_c40,1425,201053,73.4372,True,,40,read
neo4j,mixed_c40,1426,204096,66.036,True,,40,read
neo4j,mixed_c40,1427,204176,71.2717,True,,40,read
neo4j,mixed_c40,1428,204182,65.7008,True,,40,read
neo4j,mixed_c40,1429,205038,78.3852,True,,40,read
neo4j,mixed_c40,1430,207048,67.6695,True,,40,read
neo4j,mixed_c40,1431,207227,67.5844,True,,40,read
neo4j,mixed_c40,1432,208138,62.5492,True,,40,read
neo4j,mixed_c40,1433,208159,66.4614,True,,40,read
neo4j,mixed_c40,1434,209058,79.4056,True,,40,read
neo4j,mixed_c40,1435,209108,53.5579,True,,40,read
neo4j,mixed_c40,1436,210254,57.1399,True,,40,read
neo4j,mixed_c40,1437,,57.1485,True,,40,write
neo4j,mixed_c40,1438,9208245,55.0502,True,,40,read
neo4j,mixed_c40,1439,9304275,52.051,True,,40,read
neo4j,mixed_c40,1440,9305258,67.7837,True,,40,read
neo4j,mixed_c40,1441,9306241,77.414,True,,40,read
neo4j,mixed_c40,1442,9307320,52.6535,True,,40,read
neo4j,mixed_c40,1443,9309220,57.7106,True,,40,read
neo4j,mixed_c40,1444,9309273,60.9175,True,,40,read
neo4j,mixed_c40,1445,9309293,56.7265,True,,40,read
neo4j,mixed_c40,1446,9310213,53.2508,True,,40,read
neo4j,mixed_c40,1447,,80.2821,True,,40,write
neo4j,mixed_c40,1448,9401244,60.0736,True,,40,read
neo4j,mixed_c40,1449,,56.4373,True,,40,write
neo4j,mixed_c40,1450,9403260,51.625,True,,40,read
neo4j,mixed_c40,1451,9403269,63.3964,True,,40,read
neo4j,mixed_c40,1452,9407272,54.4314,True,,40,read
neo4j,mixed_c40,1453,,61.8013,True,,40,write
neo4j,mixed_c40,1454,9407401,51.7358,True,,40,read
neo4j,mixed_c40,1455,9501227,54.4437,True,,40,read
neo4j,mixed_c40,1456,9501350,56.2852,True,,40,read
neo4j,mixed_c40,1457,9501376,53.8743,True,,40,read
neo4j,mixed_c40,1458,9502306,53.1367,True,,40,read
neo4j,mixed_c40,1459,9502360,58.6664,True,,40,read
neo4j,mixed_c40,1460,9503294,54.9571,True,,40,read
neo4j,mixed_c40,1461,9504347,55.1646,True,,40,read
neo4j,mixed_c40,1462,9505303,55.1761,True,,40,read
neo4j,mixed_c40,1463,9505310,67.1849,True,,40,read
neo4j,mixed_c40,1464,9505324,55.9609,True,,40,read
neo4j,mixed_c40,1465,9508299,54.0651,True,,40,read
neo4j,mixed_c40,1466,9509349,52.0428,True,,40,read
neo4j,mixed_c40,1467,,60.6596,True,,40,write
neo4j,mixed_c40,1468,9603420,52.5746,True,,40,read
neo4j,mixed_c40,1469,9606252,53.2454,True,,40,read
neo4j,mixed_c40,1470,9609217,54.7128,True,,40,read
neo4j,mixed_c40,1471,9609470,50.6561,True,,40,read
neo4j,mixed_c40,1472,9610393,57.8379,True,,40,read
neo4j,mixed_c40,1473,9701246,53.1129,True,,40,read
neo4j,mixed_c40,1474,9702270,56.7106,True,,40,read
neo4j,mixed_c40,1475,9703209,57.9779,True,,40,read
neo4j,mixed_c40,1476,9703232,53.8388,True,,40,read
neo4j,mixed_c40,1477,9703423,56.5688,True,,40,read
neo4j,mixed_c40,1478,9705262,53.9433,True,,40,read
neo4j,mixed_c40,1479,9706541,51.6416,True,,40,read
neo4j,mixed_c40,1480,9707250,54.5613,True,,40,read
neo4j,mixed_c40,1481,9707282,50.9018,True,,40,read
neo4j,mixed_c40,1482,9707295,53.0446,True,,40,read
neo4j,mixed_c40,1483,9710376,53.7526,True,,40,read
neo4j,mixed_c40,1484,9711261,52.0024,True,,40,read
neo4j,mixed_c40,1485,9711379,54.4496,True,,40,read
neo4j,mixed_c40,1486,9803439,55.6046,True,,40,read
neo4j,mixed_c40,1487,9804298,50.805,True,,40,read
neo4j,mixed_c40,1488,9804313,52.7676,True,,40,read
neo4j,mixed_c40,1489,9804343,50.9482,True,,40,read
neo4j,mixed_c40,1490,9805465,55.1172,True,,40,read
neo4j,mixed_c40,1491,9809529,55.2139,True,,40,read
neo4j,mixed_c40,1492,9810418,51.444,True,,40,read
neo4j,mixed_c40,1493,9811432,52.9104,True,,40,read
neo4j,mixed_c40,1494,,60.3248,True,,40,write
neo4j,mixed_c40,1495,9812342,52.258,True,,40,read
neo4j,mixed_c40,1496,,60.3725,True,,40,write
neo4j,mixed_c40,1497,,56.0469,True,,40,write
neo4j,mixed_c40,1498,,56.9491,True,,40,write
neo4j,mixed_c40,1499,,63.7675,True,,40,write
neo4j,mixed_c40,1500,,62.1531,True,,40,write
neo4j,mixed_c40,1501,6114,57.9876,True,,40,read
neo4j,mixed_c40,1502,6217,58.715,True,,40,read
neo4j,mixed_c40,1503,7077,54.9229,True,,40,read
neo4j,mixed_c40,1504,7211,60.7721,True,,40,read
neo4j,mixed_c40,1505,7232,50.1581,True,,40,read
neo4j,mixed_c40,1506,9292,59.0308,True,,40,read
neo4j,mixed_c40,1507,10094,52.8887,True,,40,read
neo4j,mixed_c40,1508,10180,59.5811,True,,40,read
neo4j,mixed_c40,1509,12020,54.0162,True,,40,read
neo4j,mixed_c40,1510,101328,58.4194,True,,40,read
neo4j,mixed_c40,1511,102194,53.8552,True,,40,read
neo4j,mixed_c40,1512,102318,57.385,True,,40,read
neo4j,mixed_c40,1513,104122,53.1615,True,,40,read
neo4j,mixed_c40,1514,104187,56.4912,True,,40,read
neo4j,mixed_c40,1515,,58.3079,True,,40,write
neo4j,mixed_c40,1516,106261,57.7017,True,,40,read
neo4j,mixed_c40,1517,107028,52.9112,True,,40,read
neo4j,mixed_c40,1518,107093,54.0005,True,,40,read
neo4j,mixed_c40,1519,,53.5108,True,,40,write
neo4j,mixed_c40,1520,108250,52.308,True,,40,read
neo4j,mixed_c40,1521,109054,55.7809,True,,40,read
neo4j,mixed_c40,1522,109073,54.7375,True,,40,read
neo4j,mixed_c40,1523,110264,52.6274,True,,40,read
neo4j,mixed_c40,1524,,58.4048,True,,40,write
neo4j,mixed_c40,1525,201053,53.5669,True,,40,read
neo4j,mixed_c40,1526,204096,54.0284,True,,40,read
neo4j,mixed_c40,1527,,55.1147,True,,40,write
neo4j,mixed_c40,1528,204182,51.4137,True,,40,read
neo4j,mixed_c40,1529,205038,54.9323,True,,40,read
neo4j,mixed_c40,1530,207048,54.6325,True,,40,read
neo4j,mixed_c40,1531,,57.6093,True,,40,write
neo4j,mixed_c40,1532,208138,54.9038,True,,40,read
neo4j,mixed_c40,1533,208159,53.0126,True,,40,read
neo4j,mixed_c40,1534,209058,50.2606,True,,40,read
neo4j,mixed_c40,1535,209108,52.8163,True,,40,read
neo4j,mixed_c40,1536,210254,56.1925,True,,40,read
neo4j,mixed_c40,1537,,58.09,True,,40,write
neo4j,mixed_c40,1538,9208245,53.2881,True,,40,read
neo4j,mixed_c40,1539,9304275,51.0588,True,,40,read
neo4j,mixed_c40,1540,,57.8311,True,,40,write
neo4j,mixed_c40,1541,9306241,54.8745,True,,40,read
neo4j,mixed_c40,1542,9307320,52.0954,True,,40,read
neo4j,mixed_c40,1543,9309220,55.6951,True,,40,read
neo4j,mixed_c40,1544,9309273,52.9757,True,,40,read
neo4j,mixed_c40,1545,,55.6485,True,,40,write
neo4j,mixed_c40,1546,9310213,54.0186,True,,40,read
neo4j,mixed_c40,1547,,57.1328,True,,40,write
neo4j,mixed_c40,1548,9401244,55.6139,True,,40,read
neo4j,mixed_c40,1549,9401326,53.8799,True,,40,read
neo4j,mixed_c40,1550,9403260,56.9541,True,,40,read
neo4j,mixed_c40,1551,9403269,55.4932,True,,40,read
neo4j,mixed_c40,1552,,59.1384,True,,40,write
neo4j,mixed_c40,1553,,56.2464,True,,40,write
neo4j,mixed_c40,1554,9407401,60.7478,True,,40,read
neo4j,mixed_c40,1555,9501227,53.4208,True,,40,read
neo4j,mixed_c40,1556,9501350,54.3921,True,,40,read
neo4j,mixed_c40,1557,,59.3028,True,,40,write
neo4j,mixed_c40,1558,9502306,55.1447,True,,40,read
neo4j,mixed_c40,1559,,55.6863,True,,40,write
neo4j,mixed_c40,1560,9503294,51.9342,True,,40,read
neo4j,mixed_c40,1561,9504347,51.7783,True,,40,read
neo4j,mixed_c40,1562,9505303,52.6108,True,,40,read
neo4j,mixed_c40,1563,9505310,52.3032,True,,40,read
neo4j,mixed_c40,1564,9505324,51.4442,True,,40,read
neo4j,mixed_c40,1565,9508299,49.9698,True,,40,read
neo4j,mixed_c40,1566,,54.1573,True,,40,write
neo4j,mixed_c40,1567,9603367,53.3793,True,,40,read
neo4j,mixed_c40,1568,9603420,50.6483,True,,40,read
neo4j,mixed_c40,1569,9606252,57.4951,True,,40,read
neo4j,mixed_c40,1570,,60.5592,True,,40,write
neo4j,mixed_c40,1571,,57.4951,True,,40,write
neo4j,mixed_c40,1572,9610393,56.9824,True,,40,read
neo4j,mixed_c40,1573,9701246,56.4957,True,,40,read
neo4j,mixed_c40,1574,9702270,52.4433,True,,40,read
neo4j,mixed_c40,1575,9703209,53.1757,True,,40,read
neo4j,mixed_c40,1576,,54.0205,True,,40,write
neo4j,mixed_c40,1577,9703423,51.4991,True,,40,read
neo4j,mixed_c40,1578,9705262,53.8466,True,,40,read
neo4j,mixed_c40,1579,9706541,51.8408,True,,40,read
neo4j,mixed_c40,1580,9707250,51.9322,True,,40,read
neo4j,mixed_c40,1581,9707282,53.9745,True,,40,read
neo4j,mixed_c40,1582,9707295,57.9471,True,,40,read
neo4j,mixed_c40,1583,9710376,55.2307,True,,40,read
neo4j,mixed_c40,1584,9711261,55.6268,True,,40,read
neo4j,mixed_c40,1585,9711379,61.5383,True,,40,read
neo4j,mixed_c40,1586,9803439,59.525,True,,40,read
neo4j,mixed_c40,1587,9804298,53.9681,True,,40,read
neo4j,mixed_c40,1588,,62.5162,True,,40,write
neo4j,mixed_c40,1589,9804343,53.5701,True,,40,read
neo4j,mixed_c40,1590,,61.5981,True,,40,write
neo4j,mixed_c40,1591,9809529,52.3796,True,,40,read
neo4j,mixed_c40,1592,9810418,54.5713,True,,40,read
neo4j,mixed_c40,1593,,54.7702,True,,40,write
neo4j,mixed_c40,1594,9811469,55.1345,True,,40,read
neo4j,mixed_c40,1595,9812342,53.3244,True,,40,read
neo4j,mixed_c40,1596,,56.9261,True,,40,write
neo4j,mixed_c40,1597,9907534,52.9093,True,,40,read
neo4j,mixed_c40,1598,9909234,56.4784,True,,40,read
neo4j,mixed_c40,1599,9909512,53.9011,True,,40,read
neo4j,mixed_c40,1600,,56.2905,True,,40,write
neo4j,mixed_c40,1601,6114,56.5695,True,,40,read
neo4j,mixed_c40,1602,6217,52.1514,True,,40,read
neo4j,mixed_c40,1603,7077,56.3593,True,,40,read
neo4j,mixed_c40,1604,7211,51.2497,True,,40,read
neo4j,mixed_c40,1605,7232,53.0929,True,,40,read
neo4j,mixed_c40,1606,9292,53.4482,True,,40,read
neo4j,mixed_c40,1607,10094,51.5989,True,,40,read
neo4j,mixed_c40,1608,10180,52.5798,True,,40,read
neo4j,mixed_c40,1609,12020,54.8196,True,,40,read
neo4j,mixed_c40,1610,101328,52.1521,True,,40,read
neo4j,mixed_c40,1611,,59.7845,True,,40,write
neo4j,mixed_c40,1612,102318,53.6954,True,,40,read
neo4j,mixed_c40,1613,104122,54.0727,True,,40,read
neo4j,mixed_c40,1614,,59.641,True,,40,write
neo4j,mixed_c40,1615,105349,54.0504,True,,40,read
neo4j,mixed_c40,1616,106261,51.7148,True,,40,read
neo4j,mixed_c40,1617,107028,54.5738,True,,40,read
neo4j,mixed_c40,1618,,56.678,True,,40,write
neo4j,mixed_c40,1619,,57.0683,True,,40,write
neo4j,mixed_c40,1620,108250,54.2156,True,,40,read
neo4j,mixed_c40,1621,109054,54.9494,True,,40,read
neo4j,mixed_c40,1622,109073,53.4681,True,,40,read
neo4j,mixed_c40,1623,,58.6589,True,,40,write
neo4j,mixed_c40,1624,110376,55.3487,True,,40,read
neo4j,mixed_c40,1625,201053,52.1088,True,,40,read
neo4j,mixed_c40,1626,204096,57.349,True,,40,read
neo4j,mixed_c40,1627,204176,52.6699,True,,40,read
neo4j,mixed_c40,1628,204182,53.7623,True,,40,read
neo4j,mixed_c40,1629,205038,54.3496,True,,40,read
neo4j,mixed_c40,1630,207048,57.7572,True,,40,read
neo4j,mixed_c40,1631,207227,55.1772,True,,40,read
neo4j,mixed_c40,1632,208138,52.9981,True,,40,read
neo4j,mixed_c40,1633,208159,58.7104,True,,40,read
neo4j,mixed_c40,1634,209058,55.1366,True,,40,read
neo4j,mixed_c40,1635,209108,55.2591,True,,40,read
neo4j,mixed_c40,1636,210254,59.0799,True,,40,read
neo4j,mixed_c40,1637,,56.2587,True,,40,write
neo4j,mixed_c40,1638,9208245,53.0255,True,,40,read
neo4j,mixed_c40,1639,9304275,57.1213,True,,40,read
neo4j,mixed_c40,1640,9305258,60.2166,True,,40,read
neo4j,mixed_c40,1641,9306241,54.8738,True,,40,read
neo4j,mixed_c40,1642,,55.2269,True,,40,write
neo4j,mixed_c40,1643,9309220,54.9799,True,,40,read
neo4j,mixed_c40,1644,9309273,51.7431,True,,40,read
neo4j,mixed_c40,1645,9309293,55.1661,True,,40,read
neo4j,mixed_c40,1646,9310213,55.7068,True,,40,read
neo4j,mixed_c40,1647,9311240,55.6108,True,,40,read
neo4j,mixed_c40,1648,9401244,55.3043,True,,40,read
neo4j,mixed_c40,1649,9401326,49.4775,True,,40,read
neo4j,mixed_c40,1650,9403260,53.4788,True,,40,read
neo4j,mixed_c40,1651,,56.3223,True,,40,write
neo4j,mixed_c40,1652,,58.1947,True,,40,write
neo4j,mixed_c40,1653,9407278,50.6518,True,,40,read
neo4j,mixed_c40,1654,9407401,50.3111,True,,40,read
neo4j,mixed_c40,1655,9501227,52.1839,True,,40,read
neo4j,mixed_c40,1656,9501350,53.5339,True,,40,read
neo4j,mixed_c40,1657,9501376,53.0849,True,,40,read
neo4j,mixed_c40,1658,9502306,52.5952,True,,40,read
neo4j,mixed_c40,1659,9502360,52.8357,True,,40,read
neo4j,mixed_c40,1660,9503294,52.387,True,,40,read
neo4j,mixed_c40,1661,,57.3522,True,,40,write
neo4j,mixed_c40,1662,9505303,52.8165,True,,40,read
neo4j,mixed_c40,1663,9505310,52.3389,True,,40,read
neo4j,mixed_c40,1664,9505324,52.6965,True,,40,read
neo4j,mixed_c40,1665,,81.4099,True,,40,write
neo4j,mixed_c40,1666,9509349,53.1036,True,,40,read
neo4j,mixed_c40,1667,9603367,96.5236,True,,40,read
neo4j,mixed_c40,1668,,82.4272,True,,40,write
neo4j,mixed_c40,1669,9606252,86.5975,True,,40,read
neo4j,mixed_c40,1670,,95.3482,True,,40,write
neo4j,mixed_c40,1671,9609470,101.5948,True,,40,read
neo4j,mixed_c40,1672,9610393,76.7532,True,,40,read
neo4j,mixed_c40,1673,9701246,73.8805,True,,40,read
neo4j,mixed_c40,1674,,99.953,True,,40,write
neo4j,mixed_c40,1675,9703209,76.7617,True,,40,read
neo4j,mixed_c40,1676,9703232,83.2507,True,,40,read
neo4j,mixed_c40,1677,,65.5336,True,,40,write
neo4j,mixed_c40,1678,9705262,74.5897,True,,40,read
neo4j,mixed_c40,1679,9706541,88.7821,True,,40,read
neo4j,mixed_c40,1680,9707250,84.9317,True,,40,read
neo4j,mixed_c40,1681,9707282,62.2636,True,,40,read
neo4j,mixed_c40,1682,9707295,73.1042,True,,40,read
neo4j,mixed_c40,1683,9710376,77.975,True,,40,read
neo4j,mixed_c40,1684,,89.7503,True,,40,write
neo4j,mixed_c40,1685,9711379,80.3699,True,,40,read
neo4j,mixed_c40,1686,9803439,70.3977,True,,40,read
neo4j,mixed_c40,1687,9804298,62.1927,True,,40,read
neo4j,mixed_c40,1688,9804313,66.9845,True,,40,read
neo4j,mixed_c40,1689,9804343,57.7314,True,,40,read
neo4j,mixed_c40,1690,,80.0681,True,,40,write
neo4j,mixed_c40,1691,,59.8479,True,,40,write
neo4j,mixed_c40,1692,9810418,74.907,True,,40,read
neo4j,mixed_c40,1693,9811432,69.039,True,,40,read
neo4j,mixed_c40,1694,,68.6198,True,,40,write
neo4j,mixed_c40,1695,,74.5764,True,,40,write
neo4j,mixed_c40,1696,,58.9669,True,,40,write
neo4j,mixed_c40,1697,9907534,75.4588,True,,40,read
neo4j,mixed_c40,1698,9909234,72.7204,True,,40,read
neo4j,mixed_c40,1699,9909512,60.1635,True,,40,read
neo4j,mixed_c40,1700,2106,72.9861,True,,40,read
neo4j,mixed_c40,1701,6114,63.6027,True,,40,read
neo4j,mixed_c40,1702,6217,59.1053,True,,40,read
neo4j,mixed_c40,1703,,68.9721,True,,40,write
neo4j,mixed_c40,1704,,66.9651,True,,40,write
neo4j,mixed_c40,1705,7232,78.032,True,,40,read
neo4j,mixed_c40,1706,9292,52.5891,True,,40,read
neo4j,mixed_c40,1707,10094,53.114,True,,40,read
neo4j,mixed_c40,1708,10180,66.2198,True,,40,read
neo4j,mixed_c40,1709,12020,59.3929,True,,40,read
neo4j,mixed_c40,1710,101328,61.6148,True,,40,read
neo4j,mixed_c40,1711,102194,58.5726,True,,40,read
neo4j,mixed_c40,1712,102318,59.0154,True,,40,read
neo4j,mixed_c40,1713,104122,64.0619,True,,40,read
neo4j,mixed_c40,1714,,61.3249,True,,40,write
neo4j,mixed_c40,1715,105349,77.4537,True,,40,read
neo4j,mixed_c40,1716,106261,59.5679,True,,40,read
neo4j,mixed_c40,1717,107028,70.0784,True,,40,read
neo4j,mixed_c40,1718,107093,57.4454,True,,40,read
neo4j,mixed_c40,1719,107295,53.5767,True,,40,read
neo4j,mixed_c40,1720,108250,73.7011,True,,40,read
neo4j,mixed_c40,1721,109054,67.5425,True,,40,read
neo4j,mixed_c40,1722,109073,74.069,True,,40,read
neo4j,mixed_c40,1723,110264,84.1471,True,,40,read
neo4j,mixed_c40,1724,110376,76.3,True,,40,read
neo4j,mixed_c40,1725,201053,63.2896,True,,40,read
neo4j,mixed_c40,1726,204096,64.2024,True,,40,read
neo4j,mixed_c40,1727,,84.556,True,,40,write
neo4j,mixed_c40,1728,204182,65.3816,True,,40,read
neo4j,mixed_c40,1729,,65.3888,True,,40,write
neo4j,mixed_c40,1730,207048,59.4848,True,,40,read
neo4j,mixed_c40,1731,,67.2708,True,,40,write
neo4j,mixed_c40,1732,,63.8038,True,,40,write
neo4j,mixed_c40,1733,208159,66.3667,True,,40,read
neo4j,mixed_c40,1734,209058,68.0756,True,,40,read
neo4j,mixed_c40,1735,,71.1962,True,,40,write
neo4j,mixed_c40,1736,210254,68.2302,True,,40,read
neo4j,mixed_c40,1737,302080,72.611,True,,40,read
neo4j,mixed_c40,1738,,72.3662,True,,40,write
neo4j,mixed_c40,1739,9304275,69.5513,True,,40,read
neo4j,mixed_c40,1740,,64.5037,True,,40,write
neo4j,mixed_c40,1741,9306241,61.5412,True,,40,read
neo4j,mixed_c40,1742,,67.8562,True,,40,write
neo4j,mixed_c40,1743,9309220,61.7486,True,,40,read
neo4j,mixed_c40,1744,,62.8662,True,,40,write
neo4j,mixed_c40,1745,9309293,55.0044,True,,40,read
neo4j,mixed_c40,1746,9310213,55.814,True,,40,read
neo4j,mixed_c40,1747,9311240,53.0765,True,,40,read
neo4j,mixed_c40,1748,9401244,50.4318,True,,40,read
neo4j,mixed_c40,1749,9401326,55.9069,True,,40,read
neo4j,mixed_c40,1750,9403260,54.2357,True,,40,read
neo4j,mixed_c40,1751,9403269,51.1719,True,,40,read
neo4j,mixed_c40,1752,9407272,51.4571,True,,40,read
neo4j,mixed_c40,1753,9407278,52.7692,True,,40,read
neo4j,mixed_c40,1754,,57.0603,True,,40,write
neo4j,mixed_c40,1755,9501227,54.011,True,,40,read
neo4j,mixed_c40,1756,,57.9882,True,,40,write
neo4j,mixed_c40,1757,9501376,50.8535,True,,40,read
neo4j,mixed_c40,1758,9502306,53.4321,True,,40,read
neo4j,mixed_c40,1759,9502360,53.4903,True,,40,read
neo4j,mixed_c40,1760,9503294,53.1213,True,,40,read
neo4j,mixed_c40,1761,,56.7581,True,,40,write
neo4j,mixed_c40,1762,9505303,53.027,True,,40,read
neo4j,mixed_c40,1763,9505310,53.927,True,,40,read
neo4j,mixed_c40,1764,9505324,55.169,True,,40,read
neo4j,mixed_c40,1765,9508299,55.0655,True,,40,read
neo4j,mixed_c40,1766,9509349,57.5137,True,,40,read
neo4j,mixed_c40,1767,,57.8262,True,,40,write
neo4j,mixed_c40,1768,9603420,54.966,True,,40,read
neo4j,mixed_c40,1769,9606252,58.7433,True,,40,read
neo4j,mixed_c40,1770,9609217,51.0388,True,,40,read
neo4j,mixed_c40,1771,9609470,55.5075,True,,40,read
neo4j,mixed_c40,1772,9610393,53.1747,True,,40,read
neo4j,mixed_c40,1773,,56.7155,True,,40,write
neo4j,mixed_c40,1774,9702270,69.0217,True,,40,read
neo4j,mixed_c40,1775,9703209,60.0403,True,,40,read
neo4j,mixed_c40,1776,9703232,58.0798,True,,40,read
neo4j,mixed_c40,1777,9703423,52.9274,True,,40,read
neo4j,mixed_c40,1778,9705262,64.3673,True,,40,read
neo4j,mixed_c40,1779,9706541,52.7796,True,,40,read
neo4j,mixed_c40,1780,9707250,58.7069,True,,40,read
neo4j,mixed_c40,1781,,67.1131,True,,40,write
neo4j,mixed_c40,1782,9707295,59.4856,True,,40,read
neo4j,mixed_c40,1783,,60.0989,True,,40,write
neo4j,mixed_c40,1784,9711261,54.5675,True,,40,read
neo4j,mixed_c40,1785,9711379,62.1926,True,,40,read
neo4j,mixed_c40,1786,9803439,57.7964,True,,40,read
neo4j,mixed_c40,1787,9804298,62.2981,True,,40,read
neo4j,mixed_c40,1788,,56.7533,True,,40,write
neo4j,mixed_c40,1789,,56.0414,True,,40,write
neo4j,mixed_c40,1790,9805465,53.9272,True,,40,read
neo4j,mixed_c40,1791,9809529,58.4071,True,,40,read
neo4j,mixed_c40,1792,9810418,58.8938,True,,40,read
neo4j,mixed_c40,1793,9811432,53.5455,True,,40,read
neo4j,mixed_c40,1794,9811469,54.1881,True,,40,read
neo4j,mixed_c40,1795,9812342,53.0409,True,,40,read
neo4j,mixed_c40,1796,9906506,53.1299,True,,40,read
neo4j,mixed_c40,1797,,58.0656,True,,40,write
neo4j,mixed_c40,1798,9909234,49.6657,True,,40,read
neo4j,mixed_c40,1799,9909512,52.2358,True,,40,read
neo4j,mixed_c40,1800,2106,50.6128,True,,40,read
neo4j,mixed_c40,1801,6114,52.4428,True,,40,read
neo4j,mixed_c40,1802,6217,56.2813,True,,40,read
neo4j,mixed_c40,1803,7077,54.1884,True,,40,read
neo4j,mixed_c40,1804,,56.7583,True,,40,write
neo4j,mixed_c40,1805,,57.5574,True,,40,write
neo4j,mixed_c40,1806,,57.4958,True,,40,write
neo4j,mixed_c40,1807,10094,51.4056,True,,40,read
neo4j,mixed_c40,1808,10180,53.389,True,,40,read
neo4j,mixed_c40,1809,,55.8893,True,,40,write
neo4j,mixed_c40,1810,101328,54.9143,True,,40,read
neo4j,mixed_c40,1811,102194,51.6507,True,,40,read
neo4j,mixed_c40,1812,,55.8542,True,,40,write
neo4j,mixed_c40,1813,,55.5166,True,,40,write
neo4j,mixed_c40,1814,104187,51.0302,True,,40,read
neo4j,mixed_c40,1815,105349,55.2354,True,,40,read
neo4j,mixed_c40,1816,106261,53.9728,True,,40,read
neo4j,mixed_c40,1817,107028,50.6746,True,,40,read
neo4j,mixed_c40,1818,107093,52.3618,True,,40,read
neo4j,mixed_c40,1819,,57.1794,True,,40,write
neo4j,mixed_c40,1820,108250,58.4194,True,,40,read
neo4j,mixed_c40,1821,109054,53.8263,True,,40,read
neo4j,mixed_c40,1822,109073,51.7042,True,,40,read
neo4j,mixed_c40,1823,110264,61.1196,True,,40,read
neo4j,mixed_c40,1824,110376,52.2468,True,,40,read
neo4j,mixed_c40,1825,201053,54.4353,True,,40,read
neo4j,mixed_c40,1826,204096,52.6483,True,,40,read
neo4j,mixed_c40,1827,204176,54.937,True,,40,read
neo4j,mixed_c40,1828,204182,53.5528,True,,40,read
neo4j,mixed_c40,1829,205038,49.1308,True,,40,read
neo4j,mixed_c40,1830,,55.8891,True,,40,write
neo4j,mixed_c40,1831,207227,53.4509,True,,40,read
neo4j,mixed_c40,1832,208138,50.7116,True,,40,read
neo4j,mixed_c40,1833,208159,52.8461,True,,40,read
neo4j,mixed_c40,1834,209058,53.7554,True,,40,read
neo4j,mixed_c40,1835,209108,51.801,True,,40,read
neo4j,mixed_c40,1836,210254,52.6018,True,,40,read
neo4j,mixed_c40,1837,,53.6467,True,,40,write
neo4j,mixed_c40,1838,9208245,52.8671,True,,40,read
neo4j,mixed_c40,1839,9304275,49.242,True,,40,read
neo4j,mixed_c40,1840,9305258,51.4371,True,,40,read
neo4j,mixed_c40,1841,9306241,51.7637,True,,40,read
neo4j,mixed_c40,1842,9307320,51.8748,True,,40,read
neo4j,mixed_c40,1843,9309220,52.3697,True,,40,read
neo4j,mixed_c40,1844,,58.8993,True,,40,write
neo4j,mixed_c40,1845,9309293,52.3503,True,,40,read
neo4j,mixed_c40,1846,9310213,58.2764,True,,40,read
neo4j,mixed_c40,1847,9311240,74.5384,True,,40,read
neo4j,mixed_c40,1848,9401244,52.5982,True,,40,read
neo4j,mixed_c40,1849,9401326,50.5099,True,,40,read
neo4j,mixed_c40,1850,9403260,56.5094,True,,40,read
neo4j,mixed_c40,1851,9403269,59.8151,True,,40,read
neo4j,mixed_c40,1852,9407272,64.7533,True,,40,read
neo4j,mixed_c40,1853,9407278,75.3845,True,,40,read
neo4j,mixed_c40,1854,9407401,59.1047,True,,40,read
neo4j,mixed_c40,1855,9501227,53.5485,True,,40,read
neo4j,mixed_c40,1856,9501350,63.437,True,,40,read
neo4j,mixed_c40,1857,9501376,60.1861,True,,40,read
neo4j,mixed_c40,1858,9502306,72.2265,True,,40,read
neo4j,mixed_c40,1859,,86.6314,True,,40,write
neo4j,mixed_c40,1860,9503294,61.3333,True,,40,read
neo4j,mixed_c40,1861,9504347,76.5126,True,,40,read
neo4j,mixed_c40,1862,9505303,87.3389,True,,40,read
neo4j,mixed_c40,1863,,80.697,True,,40,write
neo4j,mixed_c40,1864,9505324,68.0923,True,,40,read
neo4j,mixed_c40,1865,9508299,76.7529,True,,40,read
neo4j,mixed_c40,1866,,59.351,True,,40,write
neo4j,mixed_c40,1867,9603367,97.0808,True,,40,read
neo4j,mixed_c40,1868,9603420,92.4375,True,,40,read
neo4j,mixed_c40,1869,9606252,79.6893,True,,40,read
neo4j,mixed_c40,1870,,60.4425,True,,40,write
neo4j,mixed_c40,1871,9609470,64.9331,True,,40,read
neo4j,mixed_c40,1872,9610393,57.3061,True,,40,read
neo4j,mixed_c40,1873,,85.0096,True,,40,write
neo4j,mixed_c40,1874,9702270,67.874,True,,40,read
neo4j,mixed_c40,1875,9703209,94.3535,True,,40,read
neo4j,mixed_c40,1876,9703232,109.5628,True,,40,read
neo4j,mixed_c40,1877,,79.0266,True,,40,write
neo4j,mixed_c40,1878,9705262,99.4598,True,,40,read
neo4j,mixed_c40,1879,9706541,84.0536,True,,40,read
neo4j,mixed_c40,1880,9707250,95.1589,True,,40,read
neo4j,mixed_c40,1881,9707282,119.517,True,,40,read
neo4j,mixed_c40,1882,9707295,109.7198,True,,40,read
neo4j,mixed_c40,1883,,115.8015,True,,40,write
neo4j,mixed_c40,1884,9711261,57.4361,True,,40,read
neo4j,mixed_c40,1885,,58.0923,True,,40,write
neo4j,mixed_c40,1886,9803439,72.4445,True,,40,read
neo4j,mixed_c40,1887,9804298,90.8522,True,,40,read
neo4j,mixed_c40,1888,9804313,60.6212,True,,40,read
neo4j,mixed_c40,1889,,90.6775,True,,40,write
neo4j,mixed_c40,1890,,67.5995,True,,40,write
neo4j,mixed_c40,1891,9809529,117.6593,True,,40,read
neo4j,mixed_c40,1892,,132.8244,True,,40,write
neo4j,mixed_c40,1893,9811432,113.5291,True,,40,read
neo4j,mixed_c40,1894,,109.4718,True,,40,write
neo4j,mixed_c40,1895,9812342,99.9647,True,,40,read
neo4j,mixed_c40,1896,,117.789,True,,40,write
neo4j,mixed_c40,1897,9907534,112.0984,True,,40,read
neo4j,mixed_c40,1898,9909234,104.6722,True,,40,read
neo4j,mixed_c40,1899,9909512,97.3418,True,,40,read
neo4j,mixed_c40,1900,2106,93.0266,True,,40,read
neo4j,mixed_c40,1901,6114,84.785,True,,40,read
neo4j,mixed_c40,1902,6217,71.3564,True,,40,read
neo4j,mixed_c40,1903,,89.7598,True,,40,write
neo4j,mixed_c40,1904,7211,63.1203,True,,40,read
neo4j,mixed_c40,1905,7232,89.3698,True,,40,read
neo4j,mixed_c40,1906,,95.1121,True,,40,write
neo4j,mixed_c40,1907,10094,88.7665,True,,40,read
neo4j,mixed_c40,1908,,66.2297,True,,40,write
neo4j,mixed_c40,1909,,68.6171,True,,40,write
neo4j,mixed_c40,1910,101328,88.5871,True,,40,read
neo4j,mixed_c40,1911,102194,81.5894,True,,40,read
neo4j,mixed_c40,1912,102318,66.0623,True,,40,read
neo4j,mixed_c40,1913,104122,83.5231,True,,40,read
neo4j,mixed_c40,1914,,81.6606,True,,40,write
neo4j,mixed_c40,1915,105349,74.7105,True,,40,read
neo4j,mixed_c40,1916,106261,79.6077,True,,40,read
neo4j,mixed_c40,1917,107028,77.9249,True,,40,read
neo4j,mixed_c40,1918,107093,80.4699,True,,40,read
neo4j,mixed_c40,1919,107295,76.2562,True,,40,read
neo4j,mixed_c40,1920,108250,93.1875,True,,40,read
neo4j,mixed_c40,1921,109054,65.5156,True,,40,read
neo4j,mixed_c40,1922,109073,73.4643,True,,40,read
neo4j,mixed_c40,1923,110264,69.0814,True,,40,read
neo4j,mixed_c40,1924,,60.6135,True,,40,write
neo4j,mixed_c40,1925,201053,61.8017,True,,40,read
neo4j,mixed_c40,1926,204096,55.8642,True,,40,read
neo4j,mixed_c40,1927,204176,53.7441,True,,40,read
neo4j,mixed_c40,1928,204182,52.9255,True,,40,read
neo4j,mixed_c40,1929,205038,53.276,True,,40,read
neo4j,mixed_c40,1930,207048,50.6187,True,,40,read
neo4j,mixed_c40,1931,,57.2223,True,,40,write
neo4j,mixed_c40,1932,208138,54.1216,True,,40,read
neo4j,mixed_c40,1933,208159,61.8842,True,,40,read
neo4j,mixed_c40,1934,209058,56.3445,True,,40,read
neo4j,mixed_c40,1935,,66.9398,True,,40,write
neo4j,mixed_c40,1936,210254,77.0906,True,,40,read
neo4j,mixed_c40,1937,,57.6574,True,,40,write
neo4j,mixed_c40,1938,9208245,58.5376,True,,40,read
neo4j,mixed_c40,1939,,68.9714,True,,40,write
neo4j,mixed_c40,1940,,62.7822,True,,40,write
neo4j,mixed_c40,1941,9306241,72.8974,True,,40,read
neo4j,mixed_c40,1942,9307320,77.4211,True,,40,read
neo4j,mixed_c40,1943,,94.9523,True,,40,write
neo4j,mixed_c40,1944,9309273,106.083,True,,40,read
neo4j,mixed_c40,1945,9309293,115.6181,True,,40,read
neo4j,mixed_c40,1946,9310213,87.298,True,,40,read
neo4j,mixed_c40,1947,9311240,114.7735,True,,40,read
neo4j,mixed_c40,1948,9401244,132.7676,True,,40,read
neo4j,mixed_c40,1949,9401326,72.2123,True,,40,read
neo4j,mixed_c40,1950,9403260,80.1134,True,,40,read
neo4j,mixed_c40,1951,9403269,87.7343,True,,40,read
neo4j,mixed_c40,1952,9407272,115.8668,True,,40,read
neo4j,mixed_c40,1953,9407278,73.1313,True,,40,read
neo4j,mixed_c40,1954,9407401,91.6699,True,,40,read
neo4j,mixed_c40,1955,9501227,115.9216,True,,40,read
neo4j,mixed_c40,1956,9501350,101.7167,True,,40,read
neo4j,mixed_c40,1957,9501376,73.4138,True,,40,read
neo4j,mixed_c40,1958,9502306,108.0703,True,,40,read
neo4j,mixed_c40,1959,9502360,150.9365,True,,40,read
neo4j,mixed_c40,1960,,64.7763,True,,40,write
neo4j,mixed_c40,1961,,102.1515,True,,40,write
neo4j,mixed_c40,1962,9505303,79.7133,True,,40,read
neo4j,mixed_c40,1963,9505310,84.916,True,,40,read
neo4j,mixed_c40,1964,9505324,124.3682,True,,40,read
neo4j,mixed_c40,1965,,115.3279,True,,40,write
neo4j,mixed_c40,1966,9509349,131.0838,True,,40,read
neo4j,mixed_c40,1967,9603367,117.6724,True,,40,read
neo4j,mixed_c40,1968,9603420,86.0358,True,,40,read
neo4j,mixed_c40,1969,,83.2614,True,,40,write
neo4j,mixed_c40,1970,9609217,95.4641,True,,40,read
neo4j,mixed_c40,1971,9609470,118.6105,True,,40,read
neo4j,mixed_c40,1972,9610393,95.0486,True,,40,read
neo4j,mixed_c40,1973,9701246,118.9945,True,,40,read
neo4j,mixed_c40,1974,9702270,108.875,True,,40,read
neo4j,mixed_c40,1975,9703209,67.1845,True,,40,read
neo4j,mixed_c40,1976,9703232,85.6565,True,,40,read
neo4j,mixed_c40,1977,9703423,69.1718,True,,40,read
neo4j,mixed_c40,1978,9705262,126.2012,True,,40,read
neo4j,mixed_c40,1979,9706541,68.2356,True,,40,read
neo4j,mixed_c40,1980,,115.776,True,,40,write
neo4j,mixed_c40,1981,9707282,86.3004,True,,40,read
neo4j,mixed_c40,1982,9707295,92.6567,True,,40,read
neo4j,mixed_c40,1983,9710376,95.3272,True,,40,read
neo4j,mixed_c40,1984,,97.0139,True,,40,write
neo4j,mixed_c40,1985,9711379,65.3821,True,,40,read
neo4j,mixed_c40,1986,,71.8976,True,,40,write
neo4j,mixed_c40,1987,9804298,81.7212,True,,40,read
neo4j,mixed_c40,1988,9804313,168.802,True,,40,read
neo4j,mixed_c40,1989,9804343,77.7418,True,,40,read
neo4j,mixed_c40,1990,9805465,80.4885,True,,40,read
neo4j,mixed_c40,1991,9809529,78.2761,True,,40,read
neo4j,mixed_c40,1992,9810418,57.5861,True,,40,read
neo4j,mixed_c40,1993,9811432,75.6581,True,,40,read
neo4j,mixed_c40,1994,,96.49,True,,40,write
neo4j,mixed_c40,1995,9812342,78.5383,True,,40,read
neo4j,mixed_c40,1996,9906506,69.936,True,,40,read
neo4j,mixed_c40,1997,9907534,90.0488,True,,40,read
neo4j,mixed_c40,1998,9909234,77.3161,True,,40,read
neo4j,mixed_c40,1999,9909512,88.8028,True,,40,read
neo4j,mixed_c40,2000,2106,70.7297,True,,40,read
neo4j,mixed_c40,2001,6114,82.4805,True,,40,read
neo4j,mixed_c40,2002,,64.9135,True,,40,write
neo4j,mixed_c40,2003,7077,90.9301,True,,40,read
neo4j,mixed_c40,2004,7211,58.6494,True,,40,read
neo4j,mixed_c40,2005,7232,98.7464,True,,40,read
neo4j,mixed_c40,2006,,70.0009,True,,40,write
neo4j,mixed_c40,2007,10094,61.285,True,,40,read
neo4j,mixed_c40,2008,10180,64.9071,True,,40,read
neo4j,mixed_c40,2009,,61.1255,True,,40,write
neo4j,mixed_c40,2010,101328,63.285,True,,40,read
neo4j,mixed_c40,2011,102194,93.4513,True,,40,read
neo4j,mixed_c40,2012,102318,80.4573,True,,40,read
neo4j,mixed_c40,2013,,68.3538,True,,40,write
neo4j,mixed_c40,2014,104187,69.8791,True,,40,read
neo4j,mixed_c40,2015,105349,68.0639,True,,40,read
neo4j,mixed_c40,2016,106261,139.3621,True,,40,read
neo4j,mixed_c40,2017,,125.5638,True,,40,write
neo4j,mixed_c40,2018,107093,129.9056,True,,40,read
neo4j,mixed_c40,2019,,77.3805,True,,40,write
neo4j,mixed_c40,2020,108250,88.871,True,,40,read
neo4j,mixed_c40,2021,109054,80.5098,True,,40,read
neo4j,mixed_c40,2022,109073,132.3749,True,,40,read
neo4j,mixed_c40,2023,110264,60.3044,True,,40,read
neo4j,mixed_c40,2024,110376,83.1385,True,,40,read
neo4j,mixed_c40,2025,201053,111.1486,True,,40,read
neo4j,mixed_c40,2026,204096,92.6888,True,,40,read
neo4j,mixed_c40,2027,204176,97.1676,True,,40,read
neo4j,mixed_c40,2028,,62.4719,True,,40,write
neo4j,mixed_c40,2029,205038,97.748,True,,40,read
neo4j,mixed_c40,2030,207048,123.0209,True,,40,read
neo4j,mixed_c40,2031,207227,108.0408,True,,40,read
neo4j,mixed_c40,2032,,102.0302,True,,40,write
neo4j,mixed_c40,2033,,80.5905,True,,40,write
neo4j,mixed_c40,2034,209058,116.6872,True,,40,read
neo4j,mixed_c40,2035,209108,100.9292,True,,40,read
neo4j,mixed_c40,2036,,134.8824,True,,40,write
neo4j,mixed_c40,2037,302080,117.6084,True,,40,read
neo4j,mixed_c40,2038,9208245,86.9999,True,,40,read
neo4j,mixed_c40,2039,9304275,88.0274,True,,40,read
neo4j,mixed_c40,2040,9305258,115.5827,True,,40,read
neo4j,mixed_c40,2041,,99.5508,True,,40,write
neo4j,mixed_c40,2042,9307320,109.7925,True,,40,read
neo4j,mixed_c40,2043,9309220,112.2938,True,,40,read
neo4j,mixed_c40,2044,9309273,101.3098,True,,40,read
neo4j,mixed_c40,2045,,67.2985,True,,40,write
neo4j,mixed_c40,2046,9310213,107.098,True,,40,read
neo4j,mixed_c40,2047,9311240,97.4492,True,,40,read
neo4j,mixed_c40,2048,,113.8436,True,,40,write
neo4j,mixed_c40,2049,9401326,104.4842,True,,40,read
neo4j,mixed_c40,2050,9403260,72.1516,True,,40,read
neo4j,mixed_c40,2051,9403269,80.0705,True,,40,read
neo4j,mixed_c40,2052,9407272,83.2845,True,,40,read
neo4j,mixed_c40,2053,9407278,84.4665,True,,40,read
neo4j,mixed_c40,2054,9407401,66.7627,True,,40,read
neo4j,mixed_c40,2055,,88.8063,True,,40,write
neo4j,mixed_c40,2056,,100.0274,True,,40,write
neo4j,mixed_c40,2057,9501376,77.5091,True,,40,read
neo4j,mixed_c40,2058,9502306,100.33,True,,40,read
neo4j,mixed_c40,2059,9502360,65.8501,True,,40,read
neo4j,mixed_c40,2060,9503294,74.4098,True,,40,read
neo4j,mixed_c40,2061,9504347,65.4378,True,,40,read
neo4j,mixed_c40,2062,9505303,64.7248,True,,40,read
neo4j,mixed_c40,2063,9505310,62.6376,True,,40,read
neo4j,mixed_c40,2064,9505324,58.1727,True,,40,read
neo4j,mixed_c40,2065,9508299,66.5355,True,,40,read
neo4j,mixed_c40,2066,9509349,61.8332,True,,40,read
neo4j,mixed_c40,2067,9603367,67.6704,True,,40,read
neo4j,mixed_c40,2068,9603420,68.9059,True,,40,read
neo4j,mixed_c40,2069,,73.068,True,,40,write
neo4j,mixed_c40,2070,9609217,137.2973,True,,40,read
neo4j,mixed_c40,2071,,80.234,True,,40,write
neo4j,mixed_c40,2072,,82.9056,True,,40,write
neo4j,mixed_c40,2073,9701246,58.0615,True,,40,read
neo4j,mixed_c40,2074,9702270,54.7346,True,,40,read
neo4j,mixed_c40,2075,,61.1313,True,,40,write
neo4j,mixed_c40,2076,9703232,85.0908,True,,40,read
neo4j,mixed_c40,2077,9703423,96.7101,True,,40,read
neo4j,mixed_c40,2078,9705262,61.6514,True,,40,read
neo4j,mixed_c40,2079,9706541,64.1251,True,,40,read
neo4j,mixed_c40,2080,,81.8621,True,,40,write
neo4j,mixed_c40,2081,9707282,82.6243,True,,40,read
neo4j,mixed_c40,2082,9707295,76.7936,True,,40,read
neo4j,mixed_c40,2083,9710376,68.6762,True,,40,read
neo4j,mixed_c40,2084,9711261,123.4267,True,,40,read
neo4j,mixed_c40,2085,,169.4853,True,,40,write
neo4j,mixed_c40,2086,9803439,135.6411,True,,40,read
neo4j,mixed_c40,2087,9804298,79.1137,True,,40,read
neo4j,mixed_c40,2088,9804313,146.6522,True,,40,read
neo4j,mixed_c40,2089,9804343,111.6027,True,,40,read
neo4j,mixed_c40,2090,9805465,118.1498,True,,40,read
neo4j,mixed_c40,2091,9809529,102.9956,True,,40,read
neo4j,mixed_c40,2092,9810418,103.5446,True,,40,read
neo4j,mixed_c40,2093,9811432,79.8854,True,,40,read
neo4j,mixed_c40,2094,9811469,92.825,True,,40,read
neo4j,mixed_c40,2095,9812342,86.1597,True,,40,read
neo4j,mixed_c40,2096,9906506,112.4025,True,,40,read
neo4j,mixed_c40,2097,,99.4586,True,,40,write
neo4j,mixed_c40,2098,9909234,78.2539,True,,40,read
neo4j,mixed_c40,2099,,125.0778,True,,40,write
neo4j,mixed_c40,2100,2106,116.2337,True,,40,read
neo4j,mixed_c40,2101,6114,108.4886,True,,40,read
neo4j,mixed_c40,2102,6217,118.1324,True,,40,read
neo4j,mixed_c40,2103,,63.6661,True,,40,write
neo4j,mixed_c40,2104,7211,113.3304,True,,40,read
neo4j,mixed_c40,2105,,134.3408,True,,40,write
neo4j,mixed_c40,2106,9292,94.0667,True,,40,read
neo4j,mixed_c40,2107,,71.2447,True,,40,write
neo4j,mixed_c40,2108,10180,132.0315,True,,40,read
neo4j,mixed_c40,2109,12020,125.849,True,,40,read
neo4j,mixed_c40,2110,101328,131.827,True,,40,read
neo4j,mixed_c40,2111,102194,81.0278,True,,40,read
neo4j,mixed_c40,2112,,122.3654,True,,40,write
neo4j,mixed_c40,2113,104122,108.3581,True,,40,read
neo4j,mixed_c40,2114,104187,87.9585,True,,40,read
neo4j,mixed_c40,2115,105349,114.7762,True,,40,read
neo4j,mixed_c40,2116,,89.746,True,,40,write
neo4j,mixed_c40,2117,,67.1991,True,,40,write
neo4j,mixed_c40,2118,107093,100.6062,True,,40,read
neo4j,mixed_c40,2119,107295,83.7754,True,,40,read
neo4j,mixed_c40,2120,108250,101.1776,True,,40,read
neo4j,mixed_c40,2121,109054,77.0311,True,,40,read
neo4j,mixed_c40,2122,109073,80.4211,True,,40,read
neo4j,mixed_c40,2123,110264,92.181,True,,40,read
neo4j,mixed_c40,2124,110376,81.8571,True,,40,read
neo4j,mixed_c40,2125,201053,66.108,True,,40,read
neo4j,mixed_c40,2126,204096,66.3615,True,,40,read
neo4j,mixed_c40,2127,,72.7411,True,,40,write
neo4j,mixed_c40,2128,,78.4077,True,,40,write
neo4j,mixed_c40,2129,205038,61.0742,True,,40,read
neo4j,mixed_c40,2130,207048,67.6726,True,,40,read
neo4j,mixed_c40,2131,207227,55.3043,True,,40,read
neo4j,mixed_c40,2132,208138,71.8195,True,,40,read
neo4j,mixed_c40,2133,208159,59.6586,True,,40,read
neo4j,mixed_c40,2134,209058,65.0556,True,,40,read
neo4j,mixed_c40,2135,209108,60.59,True,,40,read
neo4j,mixed_c40,2136,210254,60.7915,True,,40,read
neo4j,mixed_c40,2137,302080,57.0155,True,,40,read
neo4j,mixed_c40,2138,9208245,56.3463,True,,40,read
neo4j,mixed_c40,2139,9304275,56.3084,True,,40,read
neo4j,mixed_c40,2140,9305258,55.5924,True,,40,read
neo4j,mixed_c40,2141,9306241,54.3912,True,,40,read
neo4j,mixed_c40,2142,9307320,53.0545,True,,40,read
neo4j,mixed_c40,2143,9309220,54.147,True,,40,read
neo4j,mixed_c40,2144,9309273,80.3272,True,,40,read
neo4j,mixed_c40,2145,9309293,52.7213,True,,40,read
neo4j,mixed_c40,2146,9310213,50.3691,True,,40,read
neo4j,mixed_c40,2147,9311240,55.4821,True,,40,read
neo4j,mixed_c40,2148,,62.4969,True,,40,write
neo4j,mixed_c40,2149,9401326,64.1647,True,,40,read
neo4j,mixed_c40,2150,9403260,59.0325,True,,40,read
neo4j,mixed_c40,2151,9403269,52.9877,True,,40,read
neo4j,mixed_c40,2152,9407272,53.4197,True,,40,read
neo4j,mixed_c40,2153,9407278,65.5022,True,,40,read
neo4j,mixed_c40,2154,9407401,63.0957,True,,40,read
neo4j,mixed_c40,2155,9501227,53.114,True,,40,read
neo4j,mixed_c40,2156,9501350,54.8345,True,,40,read
neo4j,mixed_c40,2157,9501376,420.7005,True,,40,read
neo4j,mixed_c40,2158,9502306,363.5136,True,,40,read
neo4j,mixed_c40,2159,9502360,420.8487,True,,40,read
neo4j,mixed_c40,2160,9503294,397.5864,True,,40,read
neo4j,mixed_c40,2161,9504347,372.2832,True,,40,read
neo4j,mixed_c40,2162,9505303,365.06,True,,40,read
neo4j,mixed_c40,2163,,404.5733,True,,40,write
neo4j,mixed_c40,2164,9505324,378.8503,True,,40,read
neo4j,mixed_c40,2165,9508299,404.8453,True,,40,read
neo4j,mixed_c40,2166,9509349,414.8572,True,,40,read
neo4j,mixed_c40,2167,9603367,370.576,True,,40,read
neo4j,mixed_c40,2168,9603420,394.6142,True,,40,read
neo4j,mixed_c40,2169,9606252,441.5488,True,,40,read
neo4j,mixed_c40,2170,9609217,368.4207,True,,40,read
neo4j,mixed_c40,2171,,401.7365,True,,40,write
neo4j,mixed_c40,2172,9610393,356.8979,True,,40,read
neo4j,mixed_c40,2173,9701246,366.281,True,,40,read
neo4j,mixed_c40,2174,9702270,405.5812,True,,40,read
neo4j,mixed_c40,2175,9703209,402.8829,True,,40,read
neo4j,mixed_c40,2176,9703232,372.3323,True,,40,read
neo4j,mixed_c40,2177,9703423,392.2706,True,,40,read
neo4j,mixed_c40,2178,9705262,495.1554,True,,40,read
neo4j,mixed_c40,2179,9706541,369.8469,True,,40,read
neo4j,mixed_c40,2180,9707250,404.4432,True,,40,read
neo4j,mixed_c40,2181,9707282,413.5979,True,,40,read
neo4j,mixed_c40,2182,9707295,364.8443,True,,40,read
neo4j,mixed_c40,2183,,394.8057,True,,40,write
neo4j,mixed_c40,2184,9711261,364.3929,True,,40,read
neo4j,mixed_c40,2185,9711379,430.9687,True,,40,read
neo4j,mixed_c40,2186,,376.6552,True,,40,write
neo4j,mixed_c40,2187,9804298,363.6319,True,,40,read
neo4j,mixed_c40,2188,,368.8348,True,,40,write
neo4j,mixed_c40,2189,9804343,409.8413,True,,40,read
neo4j,mixed_c40,2190,9805465,351.6679,True,,40,read
neo4j,mixed_c40,2191,9809529,430.568,True,,40,read
neo4j,mixed_c40,2192,,357.1793,True,,40,write
neo4j,mixed_c40,2193,,368.4751,True,,40,write
neo4j,mixed_c40,2194,9811469,339.7151,True,,40,read
neo4j,mixed_c40,2195,9812342,360.904,True,,40,read
neo4j,mixed_c40,2196,9906506,389.6132,True,,40,read
neo4j,mixed_c40,2197,9907534,172.6706,True,,40,read
neo4j,mixed_c40,2198,,94.675,True,,40,write
neo4j,mixed_c40,2199,9909512,150.0624,True,,40,read
neo4j,mixed_c40,2200,2106,134.827,True,,40,read
neo4j,mixed_c40,2201,6114,98.14,True,,40,read
neo4j,mixed_c40,2202,6217,148.9282,True,,40,read
neo4j,mixed_c40,2203,7077,133.9188,True,,40,read
neo4j,mixed_c40,2204,,107.7017,True,,40,write
neo4j,mixed_c40,2205,7232,140.3076,True,,40,read
neo4j,mixed_c40,2206,,99.9232,True,,40,write
neo4j,mixed_c40,2207,10094,138.364,True,,40,read
neo4j,mixed_c40,2208,10180,126.3613,True,,40,read
neo4j,mixed_c40,2209,12020,118.2163,True,,40,read
neo4j,mixed_c40,2210,101328,87.9481,True,,40,read
neo4j,mixed_c40,2211,,111.7738,True,,40,write
neo4j,mixed_c40,2212,102318,212.7597,True,,40,read
neo4j,mixed_c40,2213,104122,111.5328,True,,40,read
neo4j,mixed_c40,2214,104187,106.8297,True,,40,read
neo4j,mixed_c40,2215,,111.8462,True,,40,write
neo4j,mixed_c40,2216,106261,113.3099,True,,40,read
neo4j,mixed_c40,2217,107028,115.0771,True,,40,read
neo4j,mixed_c40,2218,107093,110.6748,True,,40,read
neo4j,mixed_c40,2219,,110.4782,True,,40,write
neo4j,mixed_c40,2220,108250,98.1392,True,,40,read
neo4j,mixed_c40,2221,109054,115.4528,True,,40,read
neo4j,mixed_c40,2222,109073,114.479,True,,40,read
neo4j,mixed_c40,2223,,111.522,True,,40,write
neo4j,mixed_c40,2224,110376,103.4069,True,,40,read
neo4j,mixed_c40,2225,201053,107.8336,True,,40,read
neo4j,mixed_c40,2226,204096,108.1012,True,,40,read
neo4j,mixed_c40,2227,204176,115.419,True,,40,read
neo4j,mixed_c40,2228,204182,96.0248,True,,40,read
neo4j,mixed_c40,2229,205038,102.1266,True,,40,read
neo4j,mixed_c40,2230,207048,105.5331,True,,40,read
neo4j,mixed_c40,2231,,128.8533,True,,40,write
neo4j,mixed_c40,2232,,92.3597,True,,40,write
neo4j,mixed_c40,2233,208159,72.8527,True,,40,read
neo4j,mixed_c40,2234,209058,70.8218,True,,40,read
neo4j,mixed_c40,2235,209108,149.5933,True,,40,read
neo4j,mixed_c40,2236,210254,86.6317,True,,40,read
neo4j,mixed_c40,2237,302080,94.8473,True,,40,read
neo4j,mixed_c40,2238,9208245,82.5353,True,,40,read
neo4j,mixed_c40,2239,9304275,83.506,True,,40,read
neo4j,mixed_c40,2240,9305258,113.1654,True,,40,read
neo4j,mixed_c40,2241,9306241,69.0125,True,,40,read
neo4j,mixed_c40,2242,9307320,83.9837,True,,40,read
neo4j,mixed_c40,2243,9309220,150.8227,True,,40,read
neo4j,mixed_c40,2244,9309273,68.9622,True,,40,read
neo4j,mixed_c40,2245,9309293,117.0294,True,,40,read
neo4j,mixed_c40,2246,,72.0055,True,,40,write
neo4j,mixed_c40,2247,9311240,126.5052,True,,40,read
neo4j,mixed_c40,2248,9401244,70.6181,True,,40,read
neo4j,mixed_c40,2249,,104.9666,True,,40,write
neo4j,mixed_c40,2250,9403260,115.182,True,,40,read
neo4j,mixed_c40,2251,9403269,71.0226,True,,40,read
neo4j,mixed_c40,2252,,138.4999,True,,40,write
neo4j,mixed_c40,2253,9407278,113.8034,True,,40,read
neo4j,mixed_c40,2254,,89.4492,True,,40,write
neo4j,mixed_c40,2255,9501227,165.4066,True,,40,read
neo4j,mixed_c40,2256,9501350,90.5055,True,,40,read
neo4j,mixed_c40,2257,9501376,158.2977,True,,40,read
neo4j,mixed_c40,2258,9502306,83.3701,True,,40,read
neo4j,mixed_c40,2259,9502360,70.3394,True,,40,read
neo4j,mixed_c40,2260,9503294,101.1167,True,,40,read
neo4j,mixed_c40,2261,9504347,133.3059,True,,40,read
neo4j,mixed_c40,2262,,116.729,True,,40,write
neo4j,mixed_c40,2263,9505310,157.9414,True,,40,read
neo4j,mixed_c40,2264,9505324,94.9553,True,,40,read
neo4j,mixed_c40,2265,9508299,150.4615,True,,40,read
neo4j,mixed_c40,2266,9509349,107.814,True,,40,read
neo4j,mixed_c40,2267,9603367,103.657,True,,40,read
neo4j,mixed_c40,2268,9603420,86.4368,True,,40,read
neo4j,mixed_c40,2269,,114.2782,True,,40,write
neo4j,mixed_c40,2270,9609217,63.9743,True,,40,read
neo4j,mixed_c40,2271,9609470,80.3653,True,,40,read
neo4j,mixed_c40,2272,,100.1678,True,,40,write
neo4j,mixed_c40,2273,,84.6966,True,,40,write
neo4j,mixed_c40,2274,,57.2209,True,,40,write
neo4j,mixed_c40,2275,9703209,128.3546,True,,40,read
neo4j,mixed_c40,2276,9703232,83.2807,True,,40,read
neo4j,mixed_c40,2277,,77.6867,True,,40,write
neo4j,mixed_c40,2278,,69.4056,True,,40,write
neo4j,mixed_c40,2279,9706541,159.8172,True,,40,read
neo4j,mixed_c40,2280,,119.6248,True,,40,write
neo4j,mixed_c40,2281,9707282,87.4129,True,,40,read
neo4j,mixed_c40,2282,9707295,133.9291,True,,40,read
neo4j,mixed_c40,2283,9710376,77.052,True,,40,read
neo4j,mixed_c40,2284,9711261,81.4329,True,,40,read
neo4j,mixed_c40,2285,9711379,69.4594,True,,40,read
neo4j,mixed_c40,2286,9803439,127.634,True,,40,read
neo4j,mixed_c40,2287,9804298,120.2126,True,,40,read
neo4j,mixed_c40,2288,,150.6746,True,,40,write
neo4j,mixed_c40,2289,9804343,84.07,True,,40,read
neo4j,mixed_c40,2290,9805465,97.9254,True,,40,read
neo4j,mixed_c40,2291,9809529,75.1634,True,,40,read
neo4j,mixed_c40,2292,,125.3032,True,,40,write
neo4j,mixed_c40,2293,9811432,210.0684,True,,40,read
neo4j,mixed_c40,2294,9811469,95.6412,True,,40,read
neo4j,mixed_c40,2295,9812342,92.1007,True,,40,read
neo4j,mixed_c40,2296,9906506,81.6198,True,,40,read
neo4j,mixed_c40,2297,9907534,148.2805,True,,40,read
neo4j,mixed_c40,2298,9909234,167.193,True,,40,read
neo4j,mixed_c40,2299,,169.9612,True,,40,write
neo4j,mixed_c40,2300,2106,119.9664,True,,40,read
neo4j,mixed_c40,2301,6114,130.8474,True,,40,read
neo4j,mixed_c40,2302,6217,169.2356,True,,40,read
neo4j,mixed_c40,2303,,110.6506,True,,40,write
neo4j,mixed_c40,2304,7211,126.7063,True,,40,read
neo4j,mixed_c40,2305,7232,151.7383,True,,40,read
neo4j,mixed_c40,2306,9292,142.2967,True,,40,read
neo4j,mixed_c40,2307,10094,125.9073,True,,40,read
neo4j,mixed_c40,2308,10180,105.9574,True,,40,read
neo4j,mixed_c40,2309,12020,83.9334,True,,40,read
neo4j,mixed_c40,2310,101328,102.5255,True,,40,read
neo4j,mixed_c40,2311,102194,121.6214,True,,40,read
neo4j,mixed_c40,2312,,122.645,True,,40,write
neo4j,mixed_c40,2313,104122,151.0766,True,,40,read
neo4j,mixed_c40,2314,104187,77.9377,True,,40,read
neo4j,mixed_c40,2315,105349,92.7637,True,,40,read
neo4j,mixed_c40,2316,106261,96.8207,True,,40,read
neo4j,mixed_c40,2317,107028,113.6949,True,,40,read
neo4j,mixed_c40,2318,,141.367,True,,40,write
neo4j,mixed_c40,2319,107295,126.5825,True,,40,read
neo4j,mixed_c40,2320,108250,99.1002,True,,40,read
neo4j,mixed_c40,2321,109054,123.7811,True,,40,read
neo4j,mixed_c40,2322,109073,103.2649,True,,40,read
neo4j,mixed_c40,2323,110264,98.9062,True,,40,read
neo4j,mixed_c40,2324,110376,99.3805,True,,40,read
neo4j,mixed_c40,2325,201053,133.9525,True,,40,read
neo4j,mixed_c40,2326,,110.3103,True,,40,write
neo4j,mixed_c40,2327,204176,128.2998,True,,40,read
neo4j,mixed_c40,2328,204182,99.0047,True,,40,read
neo4j,mixed_c40,2329,205038,106.7823,True,,40,read
neo4j,mixed_c40,2330,207048,112.7001,True,,40,read
neo4j,mixed_c40,2331,207227,138.1905,True,,40,read
neo4j,mixed_c40,2332,208138,91.3426,True,,40,read
neo4j,mixed_c40,2333,208159,112.9116,True,,40,read
neo4j,mixed_c40,2334,209058,128.9068,True,,40,read
neo4j,mixed_c40,2335,209108,89.7561,True,,40,read
neo4j,mixed_c40,2336,,88.6651,True,,40,write
neo4j,mixed_c40,2337,302080,67.3256,True,,40,read
neo4j,mixed_c40,2338,9208245,77.2783,True,,40,read
neo4j,mixed_c40,2339,9304275,71.1898,True,,40,read
neo4j,mixed_c40,2340,9305258,74.8313,True,,40,read
neo4j,mixed_c40,2341,9306241,81.0669,True,,40,read
neo4j,mixed_c40,2342,9307320,95.4651,True,,40,read
neo4j,mixed_c40,2343,9309220,97.0632,True,,40,read
neo4j,mixed_c40,2344,9309273,130.5025,True,,40,read
neo4j,mixed_c40,2345,,99.3992,True,,40,write
neo4j,mixed_c40,2346,,75.7189,True,,40,write
neo4j,mixed_c40,2347,9311240,114.935,True,,40,read
neo4j,mixed_c40,2348,,61.3524,True,,40,write
neo4j,mixed_c40,2349,9401326,64.3463,True,,40,read
neo4j,mixed_c40,2350,9403260,60.6321,True,,40,read
neo4j,mixed_c40,2351,,66.1419,True,,40,write
neo4j,mixed_c40,2352,9407272,66.055,True,,40,read
neo4j,mixed_c40,2353,9407278,62.0353,True,,40,read
neo4j,mixed_c40,2354,,93.1436,True,,40,write
neo4j,mixed_c40,2355,,116.7654,True,,40,write
neo4j,mixed_c40,2356,9501350,85.6242,True,,40,read
neo4j,mixed_c40,2357,9501376,96.6539,True,,40,read
neo4j,mixed_c40,2358,9502306,111.5986,True,,40,read
neo4j,mixed_c40,2359,9502360,165.664,True,,40,read
neo4j,mixed_c40,2360,9503294,100.4862,True,,40,read
neo4j,mixed_c40,2361,9504347,82.9587,True,,40,read
neo4j,mixed_c40,2362,9505303,109.5016,True,,40,read
neo4j,mixed_c40,2363,9505310,123.1631,True,,40,read
neo4j,mixed_c40,2364,9505324,87.3239,True,,40,read
neo4j,mixed_c40,2365,9508299,87.8636,True,,40,read
neo4j,mixed_c40,2366,9509349,99.9011,True,,40,read
neo4j,mixed_c40,2367,,55.9481,True,,40,write
neo4j,mixed_c40,2368,9603420,77.4229,True,,40,read
neo4j,mixed_c40,2369,,92.9262,True,,40,write
neo4j,mixed_c40,2370,9609217,94.7403,True,,40,read
neo4j,mixed_c40,2371,,100.7146,True,,40,write
neo4j,mixed_c40,2372,,118.0676,True,,40,write
neo4j,mixed_c40,2373,9701246,95.0356,True,,40,read
neo4j,mixed_c40,2374,9702270,99.9141,True,,40,read
neo4j,mixed_c40,2375,9703209,81.7725,True,,40,read
neo4j,mixed_c40,2376,9703232,89.2843,True,,40,read
neo4j,mixed_c40,2377,9703423,94.1994,True,,40,read
neo4j,mixed_c40,2378,,110.8293,True,,40,write
neo4j,mixed_c40,2379,9706541,73.6105,True,,40,read
neo4j,mixed_c40,2380,9707250,80.5303,True,,40,read
neo4j,mixed_c40,2381,9707282,120.1398,True,,40,read
neo4j,mixed_c40,2382,9707295,69.1621,True,,40,read
neo4j,mixed_c40,2383,9710376,118.457,True,,40,read
neo4j,mixed_c40,2384,9711261,94.9703,True,,40,read
neo4j,mixed_c40,2385,9711379,109.1238,True,,40,read
neo4j,mixed_c40,2386,,84.6073,True,,40,write
neo4j,mixed_c40,2387,,79.1939,True,,40,write
neo4j,mixed_c40,2388,9804313,82.3825,True,,40,read
neo4j,mixed_c40,2389,9804343,90.4586,True,,40,read
neo4j,mixed_c40,2390,9805465,91.0713,True,,40,read
neo4j,mixed_c40,2391,9809529,75.1028,True,,40,read
neo4j,mixed_c40,2392,9810418,102.0333,True,,40,read
neo4j,mixed_c40,2393,9811432,101.0059,True,,40,read
neo4j,mixed_c40,2394,9811469,99.0775,True,,40,read
neo4j,mixed_c40,2395,9812342,108.463,True,,40,read
neo4j,mixed_c40,2396,,115.7819,True,,40,write
neo4j,mixed_c40,2397,,82.0778,True,,40,write
neo4j,mixed_c40,2398,9909234,112.6504,True,,40,read
neo4j,mixed_c40,2399,9909512,112.0771,True,,40,read
neo4j,mixed_c40,2400,2106,113.5391,True,,40,read
neo4j,mixed_c40,2401,6114,101.3245,True,,40,read
neo4j,mixed_c40,2402,6217,128.2866,True,,40,read
neo4j,mixed_c40,2403,7077,107.3012,True,,40,read
neo4j,mixed_c40,2404,7211,87.1496,True,,40,read
neo4j,mixed_c40,2405,7232,132.9738,True,,40,read
neo4j,mixed_c40,2406,9292,73.7408,True,,40,read
neo4j,mixed_c40,2407,,76.4761,True,,40,write
neo4j,mixed_c40,2408,10180,116.4567,True,,40,read
neo4j,mixed_c40,2409,12020,100.5793,True,,40,read
neo4j,mixed_c40,2410,101328,108.4928,True,,40,read
neo4j,mixed_c40,2411,102194,92.3202,True,,40,read
neo4j,mixed_c40,2412,,119.2791,True,,40,write
neo4j,mixed_c40,2413,104122,105.4623,True,,40,read
neo4j,mixed_c40,2414,104187,77.0228,True,,40,read
neo4j,mixed_c40,2415,105349,114.3354,True,,40,read
neo4j,mixed_c40,2416,,124.2158,True,,40,write
neo4j,mixed_c40,2417,,127.8667,True,,40,write
neo4j,mixed_c40,2418,107093,88.5466,True,,40,read
neo4j,mixed_c40,2419,107295,120.345,True,,40,read
neo4j,mixed_c40,2420,108250,103.5018,True,,40,read
neo4j,mixed_c40,2421,109054,81.832,True,,40,read
neo4j,mixed_c40,2422,109073,104.7829,True,,40,read
neo4j,mixed_c40,2423,110264,136.0448,True,,40,read
neo4j,mixed_c40,2424,110376,72.4396,True,,40,read
neo4j,mixed_c40,2425,,82.5119,True,,40,write
neo4j,mixed_c40,2426,,72.1834,True,,40,write
neo4j,mixed_c40,2427,204176,94.3637,True,,40,read
neo4j,mixed_c40,2428,204182,103.689,True,,40,read
neo4j,mixed_c40,2429,205038,73.7339,True,,40,read
neo4j,mixed_c40,2430,207048,74.8523,True,,40,read
neo4j,mixed_c40,2431,207227,77.4989,True,,40,read
neo4j,mixed_c40,2432,208138,100.0425,True,,40,read
neo4j,mixed_c40,2433,,75.6241,True,,40,write
neo4j,mixed_c40,2434,209058,92.9991,True,,40,read
neo4j,mixed_c40,2435,,116.429,True,,40,write
neo4j,mixed_c40,2436,,91.039,True,,40,write
neo4j,mixed_c40,2437,302080,70.4034,True,,40,read
neo4j,mixed_c40,2438,9208245,133.2396,True,,40,read
neo4j,mixed_c40,2439,9304275,91.8675,True,,40,read
neo4j,mixed_c40,2440,,90.9823,True,,40,write
neo4j,mixed_c40,2441,,87.3138,True,,40,write
neo4j,mixed_c40,2442,9307320,60.6901,True,,40,read
neo4j,mixed_c40,2443,9309220,62.4419,True,,40,read
neo4j,mixed_c40,2444,9309273,95.8604,True,,40,read
neo4j,mixed_c40,2445,9309293,99.6181,True,,40,read
neo4j,mixed_c40,2446,9310213,73.6398,True,,40,read
neo4j,mixed_c40,2447,,79.4842,True,,40,write
neo4j,mixed_c40,2448,9401244,58.6448,True,,40,read
neo4j,mixed_c40,2449,,87.5133,True,,40,write
neo4j,mixed_c40,2450,,63.7559,True,,40,write
neo4j,mixed_c40,2451,9403269,100.2251,True,,40,read
neo4j,mixed_c40,2452,,77.6508,True,,40,write
neo4j,mixed_c40,2453,,81.9806,True,,40,write
neo4j,mixed_c40,2454,9407401,68.3123,True,,40,read
neo4j,mixed_c40,2455,9501227,79.5953,True,,40,read
neo4j,mixed_c40,2456,9501350,86.9918,True,,40,read
neo4j,mixed_c40,2457,9501376,110.0144,True,,40,read
neo4j,mixed_c40,2458,9502306,85.1305,True,,40,read
neo4j,mixed_c40,2459,9502360,73.2217,True,,40,read
neo4j,mixed_c40,2460,9503294,76.3751,True,,40,read
neo4j,mixed_c40,2461,9504347,84.5146,True,,40,read
neo4j,mixed_c40,2462,9505303,105.878,True,,40,read
neo4j,mixed_c40,2463,9505310,105.0489,True,,40,read
neo4j,mixed_c40,2464,9505324,108.9909,True,,40,read
neo4j,mixed_c40,2465,,68.4925,True,,40,write
neo4j,mixed_c40,2466,9509349,94.5316,True,,40,read
neo4j,mixed_c40,2467,,94.2731,True,,40,write
neo4j,mixed_c40,2468,9603420,103.0808,True,,40,read
neo4j,mixed_c40,2469,,101.0088,True,,40,write
neo4j,mixed_c40,2470,9609217,89.8001,True,,40,read
neo4j,mixed_c40,2471,,90.0754,True,,40,write
neo4j,mixed_c40,2472,9610393,77.3025,True,,40,read
neo4j,mixed_c40,2473,,91.5109,True,,40,write
neo4j,mixed_c40,2474,9702270,85.1967,True,,40,read
neo4j,mixed_c40,2475,9703209,82.399,True,,40,read
neo4j,mixed_c40,2476,9703232,79.5356,True,,40,read
neo4j,mixed_c40,2477,9703423,82.6252,True,,40,read
neo4j,mixed_c40,2478,9705262,80.8105,True,,40,read
neo4j,mixed_c40,2479,9706541,61.8768,True,,40,read
neo4j,mixed_c40,2480,,77.6011,True,,40,write
neo4j,mixed_c40,2481,9707282,63.3604,True,,40,read
neo4j,mixed_c40,2482,9707295,71.8652,True,,40,read
neo4j,mixed_c40,2483,,215.087,True,,40,write
neo4j,mixed_c40,2484,,269.6502,True,,40,write
neo4j,mixed_c40,2485,9711379,206.8866,True,,40,read
neo4j,mixed_c40,2486,9803439,257.1325,True,,40,read
neo4j,mixed_c40,2487,9804298,184.0281,True,,40,read
neo4j,mixed_c40,2488,9804313,186.8538,True,,40,read
neo4j,mixed_c40,2489,9804343,56.7984,True,,40,read
neo4j,mixed_c40,2490,,245.9355,True,,40,write
neo4j,mixed_c40,2491,9809529,199.3723,True,,40,read
neo4j,mixed_c40,2492,9810418,222.6745,True,,40,read
neo4j,mixed_c40,2493,9811432,212.4892,True,,40,read
neo4j,mixed_c40,2494,,231.8859,True,,40,write
neo4j,mixed_c40,2495,9812342,195.4829,True,,40,read
neo4j,mixed_c40,2496,9906506,224.3808,True,,40,read
neo4j,mixed_c40,2497,9907534,246.5804,True,,40,read
neo4j,mixed_c40,2498,9909234,227.9842,True,,40,read
neo4j,mixed_c40,2499,,197.4765,True,,40,write
neo4j,mixed_c40,2500,2106,208.3836,True,,40,read
neo4j,mixed_c40,2501,6114,162.8538,True,,40,read
neo4j,mixed_c40,2502,6217,230.0269,True,,40,read
neo4j,mixed_c40,2503,7077,153.1084,True,,40,read
neo4j,mixed_c40,2504,,175.4615,True,,40,write
neo4j,mixed_c40,2505,7232,167.8869,True,,40,read
neo4j,mixed_c40,2506,9292,241.887,True,,40,read
neo4j,mixed_c40,2507,10094,219.4778,True,,40,read
neo4j,mixed_c40,2508,,150.045,True,,40,write
neo4j,mixed_c40,2509,12020,181.8147,True,,40,read
neo4j,mixed_c40,2510,101328,175.7989,True,,40,read
neo4j,mixed_c40,2511,102194,163.0181,True,,40,read
neo4j,mixed_c40,2512,102318,212.0086,True,,40,read
neo4j,mixed_c40,2513,104122,175.7261,True,,40,read
neo4j,mixed_c40,2514,104187,214.178,True,,40,read
neo4j,mixed_c40,2515,105349,172.7535,True,,40,read
neo4j,mixed_c40,2516,106261,201.5091,True,,40,read
neo4j,mixed_c40,2517,107028,198.7172,True,,40,read
neo4j,mixed_c40,2518,107093,216.644,True,,40,read
neo4j,mixed_c40,2519,107295,180.0827,True,,40,read
neo4j,mixed_c40,2520,108250,186.8083,True,,40,read
neo4j,mixed_c40,2521,,236.051,True,,40,write
neo4j,mixed_c40,2522,109073,155.088,True,,40,read
neo4j,mixed_c40,2523,110264,257.5314,True,,40,read
neo4j,mixed_c40,2524,110376,94.0103,True,,40,read
neo4j,mixed_c40,2525,201053,125.9801,True,,40,read
neo4j,mixed_c40,2526,204096,92.0724,True,,40,read
neo4j,mixed_c40,2527,204176,103.7686,True,,40,read
neo4j,mixed_c40,2528,204182,124.8109,True,,40,read
neo4j,mixed_c40,2529,205038,91.9888,True,,40,read
neo4j,mixed_c40,2530,207048,99.176,True,,40,read
neo4j,mixed_c40,2531,207227,72.7835,True,,40,read
neo4j,mixed_c40,2532,208138,70.8156,True,,40,read
neo4j,mixed_c40,2533,,79.0672,True,,40,write
neo4j,mixed_c40,2534,209058,58.1014,True,,40,read
neo4j,mixed_c40,2535,209108,96.9621,True,,40,read
neo4j,mixed_c40,2536,210254,104.581,True,,40,read
neo4j,mixed_c40,2537,302080,77.9724,True,,40,read
neo4j,mixed_c40,2538,9208245,83.0467,True,,40,read
neo4j,mixed_c40,2539,9304275,83.5262,True,,40,read
neo4j,mixed_c40,2540,9305258,67.4369,True,,40,read
neo4j,mixed_c40,2541,9306241,88.4308,True,,40,read
neo4j,mixed_c40,2542,9307320,72.569,True,,40,read
neo4j,mixed_c40,2543,9309220,90.0744,True,,40,read
neo4j,mixed_c40,2544,,107.066,True,,40,write
neo4j,mixed_c40,2545,9309293,69.7906,True,,40,read
neo4j,mixed_c40,2546,9310213,83.3067,True,,40,read
neo4j,mixed_c40,2547,,72.3424,True,,40,write
neo4j,mixed_c40,2548,9401244,85.0166,True,,40,read
neo4j,mixed_c40,2549,9401326,79.2869,True,,40,read
neo4j,mixed_c40,2550,9403260,88.9602,True,,40,read
neo4j,mixed_c40,2551,9403269,75.9486,True,,40,read
neo4j,mixed_c40,2552,9407272,90.7927,True,,40,read
neo4j,mixed_c40,2553,9407278,82.5711,True,,40,read
neo4j,mixed_c40,2554,9407401,69.7583,True,,40,read
neo4j,mixed_c40,2555,9501227,68.1208,True,,40,read
neo4j,mixed_c40,2556,9501350,61.8328,True,,40,read
neo4j,mixed_c40,2557,9501376,69.7108,True,,40,read
neo4j,mixed_c40,2558,9502306,71.3878,True,,40,read
neo4j,mixed_c40,2559,9502360,63.8416,True,,40,read
neo4j,mixed_c40,2560,9503294,79.3352,True,,40,read
neo4j,mixed_c40,2561,9504347,68.9474,True,,40,read
neo4j,mixed_c40,2562,9505303,72.3391,True,,40,read
neo4j,mixed_c40,2563,,73.4413,True,,40,write
neo4j,mixed_c40,2564,,74.962,True,,40,write
neo4j,mixed_c40,2565,9508299,67.2636,True,,40,read
neo4j,mixed_c40,2566,9509349,50.7137,True,,40,read
neo4j,mixed_c40,2567,9603367,65.7891,True,,40,read
neo4j,mixed_c40,2568,9603420,55.1753,True,,40,read
neo4j,mixed_c40,2569,,59.2352,True,,40,write
neo4j,mixed_c40,2570,,73.1966,True,,40,write
neo4j,mixed_c40,2571,9609470,57.1156,True,,40,read
neo4j,mixed_c40,2572,9610393,58.7612,True,,40,read
neo4j,mixed_c40,2573,9701246,56.0958,True,,40,read
neo4j,mixed_c40,2574,9702270,68.8831,True,,40,read
neo4j,mixed_c40,2575,9703209,54.9954,True,,40,read
neo4j,mixed_c40,2576,9703232,63.3963,True,,40,read
neo4j,mixed_c40,2577,9703423,54.9085,True,,40,read
neo4j,mixed_c40,2578,9705262,51.5683,True,,40,read
neo4j,mixed_c40,2579,9706541,51.5334,True,,40,read
neo4j,mixed_c40,2580,9707250,51.3243,True,,40,read
neo4j,mixed_c40,2581,9707282,52.3965,True,,40,read
neo4j,mixed_c40,2582,9707295,53.0835,True,,40,read
neo4j,mixed_c40,2583,9710376,53.8644,True,,40,read
neo4j,mixed_c40,2584,,73.8305,True,,40,write
neo4j,mixed_c40,2585,9711379,53.9479,True,,40,read
neo4j,mixed_c40,2586,9803439,66.2845,True,,40,read
neo4j,mixed_c40,2587,9804298,57.311,True,,40,read
neo4j,mixed_c40,2588,9804313,50.8533,True,,40,read
neo4j,mixed_c40,2589,9804343,51.7082,True,,40,read
neo4j,mixed_c40,2590,9805465,54.5615,True,,40,read
neo4j,mixed_c40,2591,9809529,54.879,True,,40,read
neo4j,mixed_c40,2592,9810418,60.0049,True,,40,read
neo4j,mixed_c40,2593,9811432,60.2735,True,,40,read
neo4j,mixed_c40,2594,,77.0919,True,,40,write
neo4j,mixed_c40,2595,9812342,50.3186,True,,40,read
neo4j,mixed_c40,2596,9906506,86.2854,True,,40,read
neo4j,mixed_c40,2597,,61.4206,True,,40,write
neo4j,mixed_c40,2598,,64.9184,True,,40,write
neo4j,mixed_c40,2599,,82.3243,True,,40,write
neo4j,mixed_c40,2600,2106,56.2146,True,,40,read
neo4j,mixed_c40,2601,6114,74.8952,True,,40,read
neo4j,mixed_c40,2602,6217,63.7209,True,,40,read
neo4j,mixed_c40,2603,7077,85.861,True,,40,read
neo4j,mixed_c40,2604,7211,60.5427,True,,40,read
neo4j,mixed_c40,2605,7232,56.5589,True,,40,read
neo4j,mixed_c40,2606,9292,93.4886,True,,40,read
neo4j,mixed_c40,2607,10094,67.6564,True,,40,read
neo4j,mixed_c40,2608,10180,84.5566,True,,40,read
neo4j,mixed_c40,2609,,76.031,True,,40,write
neo4j,mixed_c40,2610,,96.4466,True,,40,write
neo4j,mixed_c40,2611,102194,70.4771,True,,40,read
neo4j,mixed_c40,2612,,64.6218,True,,40,write
neo4j,mixed_c40,2613,,76.553,True,,40,write
neo4j,mixed_c40,2614,,78.8944,True,,40,write
neo4j,mixed_c40,2615,105349,98.596,True,,40,read
neo4j,mixed_c40,2616,106261,50.6462,True,,40,read
neo4j,mixed_c40,2617,107028,62.8589,True,,40,read
neo4j,mixed_c40,2618,,93.6392,True,,40,write
neo4j,mixed_c40,2619,107295,75.2859,True,,40,read
neo4j,mixed_c40,2620,108250,84.6963,True,,40,read
neo4j,mixed_c40,2621,109054,75.6173,True,,40,read
neo4j,mixed_c40,2622,109073,90.831,True,,40,read
neo4j,mixed_c40,2623,110264,73.644,True,,40,read
neo4j,mixed_c40,2624,110376,73.9279,True,,40,read
neo4j,mixed_c40,2625,,86.5742,True,,40,write
neo4j,mixed_c40,2626,204096,109.8575,True,,40,read
neo4j,mixed_c40,2627,204176,90.4628,True,,40,read
neo4j,mixed_c40,2628,204182,62.417,True,,40,read
neo4j,mixed_c40,2629,205038,78.7594,True,,40,read
neo4j,mixed_c40,2630,207048,66.2631,True,,40,read
neo4j,mixed_c40,2631,207227,80.232,True,,40,read
neo4j,mixed_c40,2632,208138,80.3853,True,,40,read
neo4j,mixed_c40,2633,,62.6635,True,,40,write
neo4j,mixed_c40,2634,209058,62.4887,True,,40,read
neo4j,mixed_c40,2635,209108,57.7,True,,40,read
neo4j,mixed_c40,2636,210254,60.7187,True,,40,read
neo4j,mixed_c40,2637,,77.4365,True,,40,write
neo4j,mixed_c40,2638,9208245,85.799,True,,40,read
neo4j,mixed_c40,2639,9304275,74.9818,True,,40,read
neo4j,mixed_c40,2640,9305258,83.3397,True,,40,read
neo4j,mixed_c40,2641,9306241,86.2112,True,,40,read
neo4j,mixed_c40,2642,9307320,71.8827,True,,40,read
neo4j,mixed_c40,2643,9309220,59.3177,True,,40,read
neo4j,mixed_c40,2644,,67.8063,True,,40,write
neo4j,mixed_c40,2645,9309293,64.4548,True,,40,read
neo4j,mixed_c40,2646,9310213,74.4976,True,,40,read
neo4j,mixed_c40,2647,,66.421,True,,40,write
neo4j,mixed_c40,2648,9401244,53.5831,True,,40,read
neo4j,mixed_c40,2649,9401326,75.0392,True,,40,read
neo4j,mixed_c40,2650,9403260,77.5383,True,,40,read
neo4j,mixed_c40,2651,9403269,62.1774,True,,40,read
neo4j,mixed_c40,2652,9407272,68.3828,True,,40,read
neo4j,mixed_c40,2653,9407278,64.7319,True,,40,read
neo4j,mixed_c40,2654,9407401,68.0465,True,,40,read
neo4j,mixed_c40,2655,,66.6382,True,,40,write
neo4j,mixed_c40,2656,,60.7302,True,,40,write
neo4j,mixed_c40,2657,9501376,68.2164,True,,40,read
neo4j,mixed_c40,2658,9502306,53.1836,True,,40,read
neo4j,mixed_c40,2659,9502360,63.2594,True,,40,read
neo4j,mixed_c40,2660,,62.2367,True,,40,write
neo4j,mixed_c40,2661,9504347,73.5484,True,,40,read
neo4j,mixed_c40,2662,9505303,68.5277,True,,40,read
neo4j,mixed_c40,2663,9505310,73.8189,True,,40,read
neo4j,mixed_c40,2664,9505324,57.4066,True,,40,read
neo4j,mixed_c40,2665,9508299,57.1947,True,,40,read
neo4j,mixed_c40,2666,9509349,57.6336,True,,40,read
neo4j,mixed_c40,2667,9603367,59.3012,True,,40,read
neo4j,mixed_c40,2668,,57.864,True,,40,write
neo4j,mixed_c40,2669,9606252,55.2698,True,,40,read
neo4j,mixed_c40,2670,,57.9581,True,,40,write
neo4j,mixed_c40,2671,9609470,56.5991,True,,40,read
neo4j,mixed_c40,2672,9610393,59.9433,True,,40,read
neo4j,mixed_c40,2673,9701246,53.833,True,,40,read
neo4j,mixed_c40,2674,,56.4626,True,,40,write
neo4j,mixed_c40,2675,9703209,56.4571,True,,40,read
neo4j,mixed_c40,2676,9703232,55.6232,True,,40,read
neo4j,mixed_c40,2677,9703423,50.9585,True,,40,read
neo4j,mixed_c40,2678,9705262,53.9694,True,,40,read
neo4j,mixed_c40,2679,9706541,54.9151,True,,40,read
neo4j,mixed_c40,2680,9707250,53.1578,True,,40,read
neo4j,mixed_c40,2681,9707282,50.2089,True,,40,read
neo4j,mixed_c40,2682,9707295,56.1878,True,,40,read
neo4j,mixed_c40,2683,9710376,52.7904,True,,40,read
neo4j,mixed_c40,2684,9711261,60.3071,True,,40,read
neo4j,mixed_c40,2685,,53.844,True,,40,write
neo4j,mixed_c40,2686,9803439,54.1876,True,,40,read
neo4j,mixed_c40,2687,9804298,58.6942,True,,40,read
neo4j,mixed_c40,2688,9804313,58.2443,True,,40,read
neo4j,mixed_c40,2689,,64.0577,True,,40,write
neo4j,mixed_c40,2690,9805465,61.1241,True,,40,read
neo4j,mixed_c40,2691,9809529,76.1661,True,,40,read
neo4j,mixed_c40,2692,9810418,61.6574,True,,40,read
neo4j,mixed_c40,2693,9811432,54.2613,True,,40,read
neo4j,mixed_c40,2694,9811469,152.0269,True,,40,read
neo4j,mixed_c40,2695,9812342,72.8434,True,,40,read
neo4j,mixed_c40,2696,9906506,106.506,True,,40,read
neo4j,mixed_c40,2697,9907534,81.5107,True,,40,read
neo4j,mixed_c40,2698,9909234,76.8217,True,,40,read
neo4j,mixed_c40,2699,9909512,65.6507,True,,40,read
neo4j,mixed_c40,2700,2106,55.311,True,,40,read
neo4j,mixed_c40,2701,6114,112.7503,True,,40,read
neo4j,mixed_c40,2702,6217,69.749,True,,40,read
neo4j,mixed_c40,2703,7077,81.3932,True,,40,read
neo4j,mixed_c40,2704,,100.5102,True,,40,write
neo4j,mixed_c40,2705,7232,164.6593,True,,40,read
neo4j,mixed_c40,2706,9292,112.9079,True,,40,read
neo4j,mixed_c40,2707,10094,86.739,True,,40,read
neo4j,mixed_c40,2708,10180,120.9194,True,,40,read
neo4j,mixed_c40,2709,12020,78.1375,True,,40,read
neo4j,mixed_c40,2710,,96.0457,True,,40,write
neo4j,mixed_c40,2711,102194,70.2067,True,,40,read
neo4j,mixed_c40,2712,102318,109.9532,True,,40,read
neo4j,mixed_c40,2713,104122,86.26,True,,40,read
neo4j,mixed_c40,2714,104187,100.2066,True,,40,read
neo4j,mixed_c40,2715,105349,137.0062,True,,40,read
neo4j,mixed_c40,2716,106261,78.1189,True,,40,read
neo4j,mixed_c40,2717,107028,119.293,True,,40,read
neo4j,mixed_c40,2718,107093,67.579,True,,40,read
neo4j,mixed_c40,2719,107295,141.083,True,,40,read
neo4j,mixed_c40,2720,108250,109.1929,True,,40,read
neo4j,mixed_c40,2721,109054,129.2008,True,,40,read
neo4j,mixed_c40,2722,,139.199,True,,40,write
neo4j,mixed_c40,2723,110264,125.7261,True,,40,read
neo4j,mixed_c40,2724,110376,133.4558,True,,40,read
neo4j,mixed_c40,2725,,116.765,True,,40,write
neo4j,mixed_c40,2726,204096,70.7062,True,,40,read
neo4j,mixed_c40,2727,,116.9063,True,,40,write
neo4j,mixed_c40,2728,204182,96.374,True,,40,read
neo4j,mixed_c40,2729,205038,89.7024,True,,40,read
neo4j,mixed_c40,2730,207048,108.2665,True,,40,read
neo4j,mixed_c40,2731,,145.4784,True,,40,write
neo4j,mixed_c40,2732,208138,97.5534,True,,40,read
neo4j,mixed_c40,2733,208159,69.6348,True,,40,read
neo4j,mixed_c40,2734,209058,94.4168,True,,40,read
neo4j,mixed_c40,2735,,138.8208,True,,40,write
neo4j,mixed_c40,2736,210254,93.2064,True,,40,read
neo4j,mixed_c40,2737,302080,100.5092,True,,40,read
neo4j,mixed_c40,2738,9208245,144.4014,True,,40,read
neo4j,mixed_c40,2739,9304275,132.4638,True,,40,read
neo4j,mixed_c40,2740,9305258,84.686,True,,40,read
neo4j,mixed_c40,2741,9306241,83.5482,True,,40,read
neo4j,mixed_c40,2742,9307320,136.3992,True,,40,read
neo4j,mixed_c40,2743,,74.4454,True,,40,write
neo4j,mixed_c40,2744,9309273,79.8925,True,,40,read
neo4j,mixed_c40,2745,9309293,67.0348,True,,40,read
neo4j,mixed_c40,2746,9310213,58.7224,True,,40,read
neo4j,mixed_c40,2747,9311240,94.3195,True,,40,read
neo4j,mixed_c40,2748,9401244,108.5578,True,,40,read
neo4j,mixed_c40,2749,,142.7988,True,,40,write
neo4j,mixed_c40,2750,9403260,98.0265,True,,40,read
neo4j,mixed_c40,2751,,86.492,True,,40,write
neo4j,mixed_c40,2752,,87.0068,True,,40,write
neo4j,mixed_c40,2753,9407278,98.6991,True,,40,read
neo4j,mixed_c40,2754,9407401,140.5175,True,,40,read
neo4j,mixed_c40,2755,9501227,113.691,True,,40,read
neo4j,mixed_c40,2756,9501350,115.3872,True,,40,read
neo4j,mixed_c40,2757,9501376,106.5841,True,,40,read
neo4j,mixed_c40,2758,9502306,130.2038,True,,40,read
neo4j,mixed_c40,2759,9502360,70.9446,True,,40,read
neo4j,mixed_c40,2760,9503294,77.502,True,,40,read
neo4j,mixed_c40,2761,9504347,69.9889,True,,40,read
neo4j,mixed_c40,2762,9505303,105.0811,True,,40,read
neo4j,mixed_c40,2763,9505310,100.6716,True,,40,read
neo4j,mixed_c40,2764,9505324,93.7259,True,,40,read
neo4j,mixed_c40,2765,9508299,81.2148,True,,40,read
neo4j,mixed_c40,2766,9509349,65.5057,True,,40,read
neo4j,mixed_c40,2767,9603367,70.8094,True,,40,read
neo4j,mixed_c40,2768,,84.0988,True,,40,write
neo4j,mixed_c40,2769,9606252,104.8427,True,,40,read
neo4j,mixed_c40,2770,9609217,94.8435,True,,40,read
neo4j,mixed_c40,2771,9609470,98.4443,True,,40,read
neo4j,mixed_c40,2772,9610393,82.3894,True,,40,read
neo4j,mixed_c40,2773,9701246,65.6071,True,,40,read
neo4j,mixed_c40,2774,9702270,91.9362,True,,40,read
neo4j,mixed_c40,2775,,98.5742,True,,40,write
neo4j,mixed_c40,2776,,91.8894,True,,40,write
neo4j,mixed_c40,2777,9703423,66.2666,True,,40,read
neo4j,mixed_c40,2778,9705262,57.4037,True,,40,read
neo4j,mixed_c40,2779,9706541,80.272,True,,40,read
neo4j,mixed_c40,2780,9707250,89.8676,True,,40,read
neo4j,mixed_c40,2781,9707282,93.7352,True,,40,read
neo4j,mixed_c40,2782,,113.5763,True,,40,write
neo4j,mixed_c40,2783,,71.3399,True,,40,write
neo4j,mixed_c40,2784,,118.0486,True,,40,write
neo4j,mixed_c40,2785,9711379,117.1996,True,,40,read
neo4j,mixed_c40,2786,9803439,62.208,True,,40,read
neo4j,mixed_c40,2787,9804298,81.9773,True,,40,read
neo4j,mixed_c40,2788,9804313,87.5604,True,,40,read
neo4j,mixed_c40,2789,9804343,90.8135,True,,40,read
neo4j,mixed_c40,2790,9805465,73.2949,True,,40,read
neo4j,mixed_c40,2791,9809529,78.188,True,,40,read
neo4j,mixed_c40,2792,9810418,109.4032,True,,40,read
neo4j,mixed_c40,2793,9811432,94.4142,True,,40,read
neo4j,mixed_c40,2794,9811469,92.12,True,,40,read
neo4j,mixed_c40,2795,9812342,87.1275,True,,40,read
neo4j,mixed_c40,2796,9906506,71.8002,True,,40,read
neo4j,mixed_c40,2797,9907534,72.6688,True,,40,read
neo4j,mixed_c40,2798,,82.4192,True,,40,write
neo4j,mixed_c40,2799,9909512,61.4264,True,,40,read
neo4j,mixed_c40,2800,2106,67.2272,True,,40,read
neo4j,mixed_c40,2801,6114,84.576,True,,40,read
neo4j,mixed_c40,2802,6217,61.0615,True,,40,read
neo4j,mixed_c40,2803,7077,64.4052,True,,40,read
neo4j,mixed_c40,2804,7211,74.0585,True,,40,read
neo4j,mixed_c40,2805,7232,81.3439,True,,40,read
neo4j,mixed_c40,2806,9292,72.688,True,,40,read
neo4j,mixed_c40,2807,10094,59.8879,True,,40,read
neo4j,mixed_c40,2808,10180,90.595,True,,40,read
neo4j,mixed_c40,2809,12020,63.1327,True,,40,read
neo4j,mixed_c40,2810,,62.6525,True,,40,write
neo4j,mixed_c40,2811,102194,70.2828,True,,40,read
neo4j,mixed_c40,2812,102318,85.4261,True,,40,read
neo4j,mixed_c40,2813,104122,77.2952,True,,40,read
neo4j,mixed_c40,2814,104187,90.1291,True,,40,read
neo4j,mixed_c40,2815,105349,64.169,True,,40,read
neo4j,mixed_c40,2816,,67.3573,True,,40,write
neo4j,mixed_c40,2817,,88.6191,True,,40,write
neo4j,mixed_c40,2818,107093,83.4942,True,,40,read
neo4j,mixed_c40,2819,,109.2985,True,,40,write
neo4j,mixed_c40,2820,108250,70.6317,True,,40,read
neo4j,mixed_c40,2821,,82.8895,True,,40,write
neo4j,mixed_c40,2822,109073,86.3288,True,,40,read
neo4j,mixed_c40,2823,110264,74.8401,True,,40,read
neo4j,mixed_c40,2824,110376,69.151,True,,40,read
neo4j,mixed_c40,2825,201053,73.5115,True,,40,read
neo4j,mixed_c40,2826,204096,79.2779,True,,40,read
neo4j,mixed_c40,2827,,64.527,True,,40,write
neo4j,mixed_c40,2828,,64.1982,True,,40,write
neo4j,mixed_c40,2829,205038,83.381,True,,40,read
neo4j,mixed_c40,2830,207048,83.563,True,,40,read
neo4j,mixed_c40,2831,207227,69.9916,True,,40,read
neo4j,mixed_c40,2832,208138,74.7479,True,,40,read
neo4j,mixed_c40,2833,208159,75.5564,True,,40,read
neo4j,mixed_c40,2834,,89.311,True,,40,write
neo4j,mixed_c40,2835,209108,57.171,True,,40,read
neo4j,mixed_c40,2836,210254,122.2714,True,,40,read
neo4j,mixed_c40,2837,302080,124.7114,True,,40,read
neo4j,mixed_c40,2838,9208245,75.493,True,,40,read
neo4j,mixed_c40,2839,,94.3619,True,,40,write
neo4j,mixed_c40,2840,9305258,86.7193,True,,40,read
neo4j,mixed_c40,2841,9306241,104.7788,True,,40,read
neo4j,mixed_c40,2842,,61.0935,True,,40,write
neo4j,mixed_c40,2843,,68.1489,True,,40,write
neo4j,mixed_c40,2844,9309273,102.8031,True,,40,read
neo4j,mixed_c40,2845,9309293,71.7915,True,,40,read
neo4j,mixed_c40,2846,9310213,73.1024,True,,40,read
neo4j,mixed_c40,2847,9311240,121.8845,True,,40,read
neo4j,mixed_c40,2848,,68.0025,True,,40,write
neo4j,mixed_c40,2849,9401326,78.928,True,,40,read
neo4j,mixed_c40,2850,9403260,161.1505,True,,40,read
neo4j,mixed_c40,2851,9403269,118.6347,True,,40,read
neo4j,mixed_c40,2852,9407272,68.9965,True,,40,read
neo4j,mixed_c40,2853,9407278,122.4737,True,,40,read
neo4j,mixed_c40,2854,9407401,87.7422,True,,40,read
neo4j,mixed_c40,2855,9501227,108.9107,True,,40,read
neo4j,mixed_c40,2856,9501350,129.6259,True,,40,read
neo4j,mixed_c40,2857,9501376,72.8492,True,,40,read
neo4j,mixed_c40,2858,9502306,75.3533,True,,40,read
neo4j,mixed_c40,2859,9502360,77.823,True,,40,read
neo4j,mixed_c40,2860,9503294,129.9879,True,,40,read
neo4j,mixed_c40,2861,,123.8647,True,,40,write
neo4j,mixed_c40,2862,,134.3915,True,,40,write
neo4j,mixed_c40,2863,9505310,95.1395,True,,40,read
neo4j,mixed_c40,2864,9505324,80.7156,True,,40,read
neo4j,mixed_c40,2865,9508299,76.3287,True,,40,read
neo4j,mixed_c40,2866,9509349,119.301,True,,40,read
neo4j,mixed_c40,2867,9603367,95.856,True,,40,read
neo4j,mixed_c40,2868,,88.8648,True,,40,write
neo4j,mixed_c40,2869,9606252,91.2482,True,,40,read
neo4j,mixed_c40,2870,9609217,93.723,True,,40,read
neo4j,mixed_c40,2871,,90.848,True,,40,write
neo4j,mixed_c40,2872,,133.596,True,,40,write
neo4j,mixed_c40,2873,,85.9723,True,,40,write
neo4j,mixed_c40,2874,9702270,103.1169,True,,40,read
neo4j,mixed_c40,2875,9703209,90.4003,True,,40,read
neo4j,mixed_c40,2876,9703232,74.5723,True,,40,read
neo4j,mixed_c40,2877,9703423,106.6962,True,,40,read
neo4j,mixed_c40,2878,9705262,94.1166,True,,40,read
neo4j,mixed_c40,2879,,60.5177,True,,40,write
neo4j,mixed_c40,2880,,81.3714,True,,40,write
neo4j,mixed_c40,2881,9707282,108.2937,True,,40,read
neo4j,mixed_c40,2882,9707295,118.4195,True,,40,read
neo4j,mixed_c40,2883,9710376,77.6403,True,,40,read
neo4j,mixed_c40,2884,9711261,93.7983,True,,40,read
neo4j,mixed_c40,2885,9711379,88.83,True,,40,read
neo4j,mixed_c40,2886,9803439,107.3526,True,,40,read
neo4j,mixed_c40,2887,9804298,93.6515,True,,40,read
neo4j,mixed_c40,2888,9804313,86.138,True,,40,read
neo4j,mixed_c40,2889,9804343,92.4882,True,,40,read
neo4j,mixed_c40,2890,,92.5583,True,,40,write
neo4j,mixed_c40,2891,9809529,74.1655,True,,40,read
neo4j,mixed_c40,2892,,77.3697,True,,40,write
neo4j,mixed_c40,2893,9811432,66.0152,True,,40,read
neo4j,mixed_c40,2894,9811469,69.6858,True,,40,read
neo4j,mixed_c40,2895,9812342,80.7417,True,,40,read
neo4j,mixed_c40,2896,9906506,70.3364,True,,40,read
neo4j,mixed_c40,2897,9907534,65.7782,True,,40,read
neo4j,mixed_c40,2898,9909234,79.1876,True,,40,read
neo4j,mixed_c40,2899,9909512,71.1211,True,,40,read
neo4j,mixed_c40,2900,2106,76.4074,True,,40,read
neo4j,mixed_c40,2901,6114,76.6121,True,,40,read
neo4j,mixed_c40,2902,6217,81.1472,True,,40,read
neo4j,mixed_c40,2903,7077,61.6422,True,,40,read
neo4j,mixed_c40,2904,7211,65.5855,True,,40,read
neo4j,mixed_c40,2905,7232,70.3703,True,,40,read
neo4j,mixed_c40,2906,,67.8673,True,,40,write
neo4j,mixed_c40,2907,10094,72.3137,True,,40,read
neo4j,mixed_c40,2908,10180,63.4579,True,,40,read
neo4j,mixed_c40,2909,12020,59.7751,True,,40,read
neo4j,mixed_c40,2910,101328,65.6178,True,,40,read
neo4j,mixed_c40,2911,102194,62.0852,True,,40,read
neo4j,mixed_c40,2912,102318,69.5525,True,,40,read
neo4j,mixed_c40,2913,104122,83.6789,True,,40,read
neo4j,mixed_c40,2914,104187,54.5007,True,,40,read
neo4j,mixed_c40,2915,105349,59.8777,True,,40,read
neo4j,mixed_c40,2916,106261,56.5606,True,,40,read
neo4j,mixed_c40,2917,107028,58.8505,True,,40,read
neo4j,mixed_c40,2918,107093,55.8367,True,,40,read
neo4j,mixed_c40,2919,107295,52.4093,True,,40,read
neo4j,mixed_c40,2920,108250,53.3709,True,,40,read
neo4j,mixed_c40,2921,109054,52.069,True,,40,read
neo4j,mixed_c40,2922,109073,52.0217,True,,40,read
neo4j,mixed_c40,2923,110264,53.3409,True,,40,read
neo4j,mixed_c40,2924,110376,49.3205,True,,40,read
neo4j,mixed_c40,2925,201053,54.1323,True,,40,read
neo4j,mixed_c40,2926,204096,50.5853,True,,40,read
neo4j,mixed_c40,2927,,61.2892,True,,40,write
neo4j,mixed_c40,2928,204182,51.5206,True,,40,read
neo4j,mixed_c40,2929,205038,52.6028,True,,40,read
neo4j,mixed_c40,2930,207048,52.2943,True,,40,read
neo4j,mixed_c40,2931,207227,51.9736,True,,40,read
neo4j,mixed_c40,2932,208138,55.8655,True,,40,read
neo4j,mixed_c40,2933,208159,51.6602,True,,40,read
neo4j,mixed_c40,2934,209058,54.0968,True,,40,read
neo4j,mixed_c40,2935,209108,56.4516,True,,40,read
neo4j,mixed_c40,2936,,66.259,True,,40,write
neo4j,mixed_c40,2937,302080,50.7906,True,,40,read
neo4j,mixed_c40,2938,9208245,52.3871,True,,40,read
neo4j,mixed_c40,2939,,56.1241,True,,40,write
neo4j,mixed_c40,2940,9305258,51.2872,True,,40,read
neo4j,mixed_c40,2941,9306241,51.0241,True,,40,read
neo4j,mixed_c40,2942,9307320,52.0294,True,,40,read
neo4j,mixed_c40,2943,9309220,51.8472,True,,40,read
neo4j,mixed_c40,2944,9309273,51.8255,True,,40,read
neo4j,mixed_c40,2945,9309293,62.278,True,,40,read
neo4j,mixed_c40,2946,,56.8506,True,,40,write
neo4j,mixed_c40,2947,9311240,50.1886,True,,40,read
neo4j,mixed_c40,2948,9401244,60.9199,True,,40,read
neo4j,mixed_c40,2949,9401326,56.4551,True,,40,read
neo4j,mixed_c40,2950,9403260,50.3321,True,,40,read
neo4j,mixed_c40,2951,9403269,52.3884,True,,40,read
neo4j,mixed_c40,2952,,58.4984,True,,40,write
neo4j,mixed_c40,2953,,58.4281,True,,40,write
neo4j,mixed_c40,2954,9407401,51.1887,True,,40,read
neo4j,mixed_c40,2955,9501227,55.642,True,,40,read
neo4j,mixed_c40,2956,9501350,53.8108,True,,40,read
neo4j,mixed_c40,2957,9501376,56.541,True,,40,read
neo4j,mixed_c40,2958,,58.6971,True,,40,write
neo4j,mixed_c40,2959,,59.3259,True,,40,write
neo4j,mixed_c40,2960,9503294,55.0861,True,,40,read
neo4j,mixed_c40,2961,9504347,53.5301,True,,40,read
neo4j,mixed_c40,2962,9505303,50.9552,True,,40,read
neo4j,mixed_c40,2963,9505310,54.0045,True,,40,read
neo4j,mixed_c40,2964,9505324,50.4026,True,,40,read
neo4j,mixed_c40,2965,9508299,54.3017,True,,40,read
neo4j,mixed_c40,2966,9509349,54.2208,True,,40,read
neo4j,mixed_c40,2967,9603367,52.1247,True,,40,read
neo4j,mixed_c40,2968,,56.2018,True,,40,write
neo4j,mixed_c40,2969,9606252,52.9868,True,,40,read
neo4j,mixed_c40,2970,9609217,51.0552,True,,40,read
neo4j,mixed_c40,2971,9609470,52.7939,True,,40,read
neo4j,mixed_c40,2972,9610393,54.1182,True,,40,read
neo4j,mixed_c40,2973,9701246,55.0613,True,,40,read
neo4j,mixed_c40,2974,9702270,53.4082,True,,40,read
neo4j,mixed_c40,2975,9703209,51.1287,True,,40,read
neo4j,mixed_c40,2976,9703232,52.3047,True,,40,read
neo4j,mixed_c40,2977,,55.8222,True,,40,write
neo4j,mixed_c40,2978,9705262,52.1482,True,,40,read
neo4j,mixed_c40,2979,9706541,53.0968,True,,40,read
neo4j,mixed_c40,2980,,55.2559,True,,40,write
neo4j,mixed_c40,2981,9707282,52.2648,True,,40,read
neo4j,mixed_c40,2982,,56.4171,True,,40,write
neo4j,mixed_c40,2983,9710376,51.3902,True,,40,read
neo4j,mixed_c40,2984,9711261,52.6306,True,,40,read
neo4j,mixed_c40,2985,9711379,54.3788,True,,40,read
neo4j,mixed_c40,2986,9803439,51.1528,True,,40,read
neo4j,mixed_c40,2987,9804298,56.5307,True,,40,read
neo4j,mixed_c40,2988,9804313,53.0479,True,,40,read
neo4j,mixed_c40,2989,9804343,50.6069,True,,40,read
neo4j,mixed_c40,2990,9805465,52.4342,True,,40,read
neo4j,mixed_c40,2991,,55.0513,True,,40,write
neo4j,mixed_c40,2992,9810418,55.7865,True,,40,read
neo4j,mixed_c40,2993,,58.548,True,,40,write
neo4j,mixed_c40,2994,9811469,56.1039,True,,40,read
neo4j,mixed_c40,2995,9812342,49.0203,True,,40,read
neo4j,mixed_c40,2996,9906506,51.8022,True,,40,read
neo4j,mixed_c40,2997,9907534,52.8474,True,,40,read
neo4j,mixed_c40,2998,9909234,48.9076,True,,40,read
neo4j,mixed_c40,2999,9909512,55.5844,True,,40,read
neo4j,mixed_c40,3000,2106,52.937,True,,40,read
neo4j,mixed_c40,3001,6114,54.7389,True,,40,read
neo4j,mixed_c40,3002,6217,51.5793,True,,40,read
neo4j,mixed_c40,3003,,53.8551,True,,40,write
neo4j,mixed_c40,3004,7211,54.2555,True,,40,read
neo4j,mixed_c40,3005,7232,60.2423,True,,40,read
neo4j,mixed_c40,3006,,57.6206,True,,40,write
neo4j,mixed_c40,3007,10094,49.9972,True,,40,read
neo4j,mixed_c40,3008,10180,56.7214,True,,40,read
neo4j,mixed_c40,3009,12020,56.2296,True,,40,read
neo4j,mixed_c40,3010,101328,55.3376,True,,40,read
neo4j,mixed_c40,3011,102194,56.4851,True,,40,read
neo4j,mixed_c40,3012,102318,55.1999,True,,40,read
neo4j,mixed_c40,3013,104122,52.4214,True,,40,read
neo4j,mixed_c40,3014,104187,51.7588,True,,40,read
neo4j,mixed_c40,3015,105349,54.4244,True,,40,read
neo4j,mixed_c40,3016,106261,52.5224,True,,40,read
neo4j,mixed_c40,3017,,58.2132,True,,40,write
neo4j,mixed_c40,3018,107093,52.173,True,,40,read
neo4j,mixed_c40,3019,107295,50.0445,True,,40,read
neo4j,mixed_c40,3020,108250,53.3328,True,,40,read
neo4j,mixed_c40,3021,109054,50.1095,True,,40,read
neo4j,mixed_c40,3022,,53.9886,True,,40,write
neo4j,mixed_c40,3023,110264,51.8858,True,,40,read
neo4j,mixed_c40,3024,110376,51.3719,True,,40,read
neo4j,mixed_c40,3025,201053,51.6702,True,,40,read
neo4j,mixed_c40,3026,204096,53.7677,True,,40,read
neo4j,mixed_c40,3027,204176,49.3818,True,,40,read
neo4j,mixed_c40,3028,204182,54.6921,True,,40,read
neo4j,mixed_c40,3029,205038,51.0597,True,,40,read
neo4j,mixed_c40,3030,207048,53.5389,True,,40,read
neo4j,mixed_c40,3031,,51.055,True,,40,write
neo4j,mixed_c40,3032,208138,51.1026,True,,40,read
neo4j,mixed_c40,3033,208159,51.6111,True,,40,read
neo4j,mixed_c40,3034,209058,52.5989,True,,40,read
neo4j,mixed_c40,3035,,55.1311,True,,40,write
neo4j,mixed_c40,3036,210254,52.0571,True,,40,read
neo4j,mixed_c40,3037,302080,55.2871,True,,40,read
neo4j,mixed_c40,3038,9208245,54.2754,True,,40,read
neo4j,mixed_c40,3039,9304275,52.0865,True,,40,read
neo4j,mixed_c40,3040,9305258,53.3696,True,,40,read
neo4j,mixed_c40,3041,9306241,56.7106,True,,40,read
neo4j,mixed_c40,3042,9307320,55.3485,True,,40,read
neo4j,mixed_c40,3043,9309220,51.3556,True,,40,read
neo4j,mixed_c40,3044,9309273,51.2678,True,,40,read
neo4j,mixed_c40,3045,9309293,58.5904,True,,40,read
neo4j,mixed_c40,3046,9310213,52.583,True,,40,read
neo4j,mixed_c40,3047,9311240,55.9113,True,,40,read
neo4j,mixed_c40,3048,9401244,52.2626,True,,40,read
neo4j,mixed_c40,3049,,59.2147,True,,40,write
neo4j,mixed_c40,3050,,55.8436,True,,40,write
neo4j,mixed_c40,3051,9403269,50.5423,True,,40,read
neo4j,mixed_c40,3052,,57.4381,True,,40,write
neo4j,mixed_c40,3053,9407278,57.4016,True,,40,read
neo4j,mixed_c40,3054,,58.465,True,,40,write
neo4j,mixed_c40,3055,9501227,53.2714,True,,40,read
neo4j,mixed_c40,3056,9501350,52.2167,True,,40,read
neo4j,mixed_c40,3057,9501376,52.6453,True,,40,read
neo4j,mixed_c40,3058,9502306,55.2693,True,,40,read
neo4j,mixed_c40,3059,9502360,54.5872,True,,40,read
neo4j,mixed_c40,3060,9503294,54.307,True,,40,read
neo4j,mixed_c40,3061,9504347,59.5762,True,,40,read
neo4j,mixed_c40,3062,9505303,53.4207,True,,40,read
neo4j,mixed_c40,3063,9505310,55.0006,True,,40,read
neo4j,mixed_c40,3064,,61.4652,True,,40,write
neo4j,mixed_c40,3065,,58.4637,True,,40,write
neo4j,mixed_c40,3066,9509349,53.9002,True,,40,read
neo4j,mixed_c40,3067,9603367,56.5825,True,,40,read
neo4j,mixed_c40,3068,9603420,52.8589,True,,40,read
neo4j,mixed_c40,3069,9606252,50.3847,True,,40,read
neo4j,mixed_c40,3070,9609217,56.7008,True,,40,read
neo4j,mixed_c40,3071,9609470,114.4016,True,,40,read
neo4j,mixed_c40,3072,,57.1791,True,,40,write
neo4j,mixed_c40,3073,9701246,60.5666,True,,40,read
neo4j,mixed_c40,3074,,62.3066,True,,40,write
neo4j,mixed_c40,3075,,63.4009,True,,40,write
neo4j,mixed_c40,3076,,96.008,True,,40,write
neo4j,mixed_c40,3077,9703423,83.9737,True,,40,read
neo4j,mixed_c40,3078,,70.2467,True,,40,write
neo4j,mixed_c40,3079,9706541,73.4052,True,,40,read
neo4j,mixed_c40,3080,9707250,63.5243,True,,40,read
neo4j,mixed_c40,3081,9707282,60.4303,True,,40,read
neo4j,mixed_c40,3082,9707295,80.0338,True,,40,read
neo4j,mixed_c40,3083,9710376,61.4692,True,,40,read
neo4j,mixed_c40,3084,9711261,66.2166,True,,40,read
neo4j,mixed_c40,3085,9711379,63.4358,True,,40,read
neo4j,mixed_c40,3086,9803439,71.8539,True,,40,read
neo4j,mixed_c40,3087,,63.941,True,,40,write
neo4j,mixed_c40,3088,9804313,74.7848,True,,40,read
neo4j,mixed_c40,3089,9804343,83.3387,True,,40,read
neo4j,mixed_c40,3090,9805465,68.0349,True,,40,read
neo4j,mixed_c40,3091,9809529,95.8388,True,,40,read
neo4j,mixed_c40,3092,9810418,106.3442,True,,40,read
neo4j,mixed_c40,3093,9811432,101.2276,True,,40,read
neo4j,mixed_c40,3094,9811469,75.3428,True,,40,read
neo4j,mixed_c40,3095,9812342,114.7061,True,,40,read
neo4j,mixed_c40,3096,9906506,89.1512,True,,40,read
neo4j,mixed_c40,3097,9907534,80.0337,True,,40,read
neo4j,mixed_c40,3098,9909234,88.0177,True,,40,read
neo4j,mixed_c40,3099,9909512,85.598,True,,40,read
neo4j,mixed_c40,3100,2106,140.2261,True,,40,read
neo4j,mixed_c40,3101,6114,64.4012,True,,40,read
neo4j,mixed_c40,3102,6217,73.184,True,,40,read
neo4j,mixed_c40,3103,7077,121.04,True,,40,read
neo4j,mixed_c40,3104,7211,84.6621,True,,40,read
neo4j,mixed_c40,3105,,72.7385,True,,40,write
neo4j,mixed_c40,3106,9292,100.0492,True,,40,read
neo4j,mixed_c40,3107,,84.8365,True,,40,write
neo4j,mixed_c40,3108,10180,99.6642,True,,40,read
neo4j,mixed_c40,3109,12020,99.2069,True,,40,read
neo4j,mixed_c40,3110,101328,73.7409,True,,40,read
neo4j,mixed_c40,3111,102194,121.7328,True,,40,read
neo4j,mixed_c40,3112,102318,80.0074,True,,40,read
neo4j,mixed_c40,3113,104122,71.0517,True,,40,read
neo4j,mixed_c40,3114,104187,76.4281,True,,40,read
neo4j,mixed_c40,3115,105349,91.1411,True,,40,read
neo4j,mixed_c40,3116,106261,66.5721,True,,40,read
neo4j,mixed_c40,3117,,80.0046,True,,40,write
neo4j,mixed_c40,3118,,95.5922,True,,40,write
neo4j,mixed_c40,3119,107295,90.3464,True,,40,read
neo4j,mixed_c40,3120,108250,75.3792,True,,40,read
neo4j,mixed_c40,3121,109054,66.7612,True,,40,read
neo4j,mixed_c40,3122,,94.6344,True,,40,write
neo4j,mixed_c40,3123,110264,108.373,True,,40,read
neo4j,mixed_c40,3124,110376,91.1928,True,,40,read
neo4j,mixed_c40,3125,201053,87.1552,True,,40,read
neo4j,mixed_c40,3126,204096,99.5408,True,,40,read
neo4j,mixed_c40,3127,204176,72.8906,True,,40,read
neo4j,mixed_c40,3128,204182,87.4995,True,,40,read
neo4j,mixed_c40,3129,205038,87.9723,True,,40,read
neo4j,mixed_c40,3130,207048,99.0952,True,,40,read
neo4j,mixed_c40,3131,207227,74.4071,True,,40,read
neo4j,mixed_c40,3132,208138,85.784,True,,40,read
neo4j,mixed_c40,3133,208159,95.4436,True,,40,read
neo4j,mixed_c40,3134,209058,83.0515,True,,40,read
neo4j,mixed_c40,3135,209108,85.744,True,,40,read
neo4j,mixed_c40,3136,,68.4427,True,,40,write
neo4j,mixed_c40,3137,,74.4862,True,,40,write
neo4j,mixed_c40,3138,9208245,62.5858,True,,40,read
neo4j,mixed_c40,3139,9304275,77.5114,True,,40,read
neo4j,mixed_c40,3140,9305258,73.1389,True,,40,read
neo4j,mixed_c40,3141,,61.176,True,,40,write
neo4j,mixed_c40,3142,9307320,76.6202,True,,40,read
neo4j,mixed_c40,3143,9309220,80.2952,True,,40,read
neo4j,mixed_c40,3144,9309273,81.8915,True,,40,read
neo4j,mixed_c40,3145,9309293,67.921,True,,40,read
neo4j,mixed_c40,3146,9310213,58.0776,True,,40,read
neo4j,mixed_c40,3147,9311240,61.8933,True,,40,read
neo4j,mixed_c40,3148,9401244,63.6175,True,,40,read
neo4j,mixed_c40,3149,9401326,67.8661,True,,40,read
neo4j,mixed_c40,3150,,63.7998,True,,40,write
neo4j,mixed_c40,3151,,63.4852,True,,40,write
neo4j,mixed_c40,3152,9407272,65.8015,True,,40,read
neo4j,mixed_c40,3153,9407278,56.5928,True,,40,read
neo4j,mixed_c40,3154,9407401,60.1913,True,,40,read
neo4j,mixed_c40,3155,9501227,61.9699,True,,40,read
neo4j,mixed_c40,3156,9501350,55.7437,True,,40,read
neo4j,mixed_c40,3157,9501376,50.7227,True,,40,read
neo4j,mixed_c40,3158,9502306,53.5404,True,,40,read
neo4j,mixed_c40,3159,9502360,50.0382,True,,40,read
neo4j,mixed_c40,3160,9503294,53.519,True,,40,read
neo4j,mixed_c40,3161,9504347,53.1504,True,,40,read
neo4j,mixed_c40,3162,,55.7067,True,,40,write
neo4j,mixed_c40,3163,9505310,53.1283,True,,40,read
neo4j,mixed_c40,3164,9505324,51.2636,True,,40,read
neo4j,mixed_c40,3165,9508299,54.3849,True,,40,read
neo4j,mixed_c40,3166,9509349,54.258,True,,40,read
neo4j,mixed_c40,3167,9603367,50.9363,True,,40,read
neo4j,mixed_c40,3168,9603420,52.8913,True,,40,read
neo4j,mixed_c40,3169,9606252,56.6991,True,,40,read
neo4j,mixed_c40,3170,9609217,53.6662,True,,40,read
neo4j,mixed_c40,3171,9609470,53.1591,True,,40,read
neo4j,mixed_c40,3172,9610393,54.9088,True,,40,read
neo4j,mixed_c40,3173,9701246,51.7767,True,,40,read
neo4j,mixed_c40,3174,,58.5748,True,,40,write
neo4j,mixed_c40,3175,9703209,56.6136,True,,40,read
neo4j,mixed_c40,3176,9703232,59.8502,True,,40,read
neo4j,mixed_c40,3177,9703423,70.9372,True,,40,read
neo4j,mixed_c40,3178,9705262,67.4299,True,,40,read
neo4j,mixed_c40,3179,9706541,51.2313,True,,40,read
neo4j,mixed_c40,3180,9707250,60.234,True,,40,read
neo4j,mixed_c40,3181,9707282,81.245,True,,40,read
neo4j,mixed_c40,3182,9707295,61.0369,True,,40,read
neo4j,mixed_c40,3183,,94.1474,True,,40,write
neo4j,mixed_c40,3184,9711261,75.6042,True,,40,read
neo4j,mixed_c40,3185,,86.889,True,,40,write
neo4j,mixed_c40,3186,9803439,79.411,True,,40,read
neo4j,mixed_c40,3187,9804298,71.6941,True,,40,read
neo4j,mixed_c40,3188,9804313,61.1885,True,,40,read
neo4j,mixed_c40,3189,9804343,67.0207,True,,40,read
neo4j,mixed_c40,3190,9805465,70.9774,True,,40,read
neo4j,mixed_c40,3191,9809529,75.4993,True,,40,read
neo4j,mixed_c40,3192,9810418,75.684,True,,40,read
neo4j,mixed_c40,3193,9811432,83.2874,True,,40,read
neo4j,mixed_c40,3194,9811469,61.01,True,,40,read
neo4j,mixed_c40,3195,9812342,82.1341,True,,40,read
neo4j,mixed_c40,3196,,73.0905,True,,40,write
neo4j,mixed_c40,3197,,78.6418,True,,40,write
neo4j,mixed_c40,3198,9909234,58.6286,True,,40,read
neo4j,mixed_c40,3199,9909512,70.3354,True,,40,read
neo4j,mixed_c40,3200,2106,60.3485,True,,40,read
neo4j,mixed_c40,3201,6114,84.6489,True,,40,read
neo4j,mixed_c40,3202,6217,73.6843,True,,40,read
neo4j,mixed_c40,3203,7077,79.7329,True,,40,read
neo4j,mixed_c40,3204,7211,60.7559,True,,40,read
neo4j,mixed_c40,3205,7232,90.7506,True,,40,read
neo4j,mixed_c40,3206,9292,75.1543,True,,40,read
neo4j,mixed_c40,3207,,66.4042,True,,40,write
neo4j,mixed_c40,3208,10180,68.2813,True,,40,read
neo4j,mixed_c40,3209,12020,60.9814,True,,40,read
neo4j,mixed_c40,3210,101328,75.2134,True,,40,read
neo4j,mixed_c40,3211,102194,60.6862,True,,40,read
neo4j,mixed_c40,3212,102318,74.236,True,,40,read
neo4j,mixed_c40,3213,,69.3797,True,,40,write
neo4j,mixed_c40,3214,104187,64.1172,True,,40,read
neo4j,mixed_c40,3215,,61.5385,True,,40,write
neo4j,mixed_c40,3216,106261,63.1533,True,,40,read
neo4j,mixed_c40,3217,107028,66.1943,True,,40,read
neo4j,mixed_c40,3218,107093,60.3359,True,,40,read
neo4j,mixed_c40,3219,,81.9993,True,,40,write
neo4j,mixed_c40,3220,108250,61.5156,True,,40,read
neo4j,mixed_c40,3221,109054,69.9072,True,,40,read
neo4j,mixed_c40,3222,109073,58.5968,True,,40,read
neo4j,mixed_c40,3223,,56.2864,True,,40,write
neo4j,mixed_c40,3224,110376,59.7219,True,,40,read
neo4j,mixed_c40,3225,201053,75.8607,True,,40,read
neo4j,mixed_c40,3226,204096,56.3042,True,,40,read
neo4j,mixed_c40,3227,204176,65.2204,True,,40,read
neo4j,mixed_c40,3228,204182,56.4594,True,,40,read
neo4j,mixed_c40,3229,205038,57.6576,True,,40,read
neo4j,mixed_c40,3230,207048,78.3997,True,,40,read
neo4j,mixed_c40,3231,,61.3561,True,,40,write
neo4j,mixed_c40,3232,208138,78.099,True,,40,read
neo4j,mixed_c40,3233,208159,70.4428,True,,40,read
neo4j,mixed_c40,3234,209058,63.9712,True,,40,read
neo4j,mixed_c40,3235,209108,58.6454,True,,40,read
neo4j,mixed_c40,3236,210254,71.1656,True,,40,read
neo4j,mixed_c40,3237,302080,60.9592,True,,40,read
neo4j,mixed_c40,3238,9208245,79.3015,True,,40,read
neo4j,mixed_c40,3239,9304275,63.6537,True,,40,read
neo4j,mixed_c40,3240,9305258,58.685,True,,40,read
neo4j,mixed_c40,3241,9306241,95.5223,True,,40,read
neo4j,mixed_c40,3242,9307320,64.9271,True,,40,read
neo4j,mixed_c40,3243,,66.299,True,,40,write
neo4j,mixed_c40,3244,9309273,79.8028,True,,40,read
neo4j,mixed_c40,3245,,66.6194,True,,40,write
neo4j,mixed_c40,3246,9310213,68.788,True,,40,read
neo4j,mixed_c40,3247,,76.3544,True,,40,write
neo4j,mixed_c40,3248,9401244,81.3899,True,,40,read
neo4j,mixed_c40,3249,,83.9761,True,,40,write
neo4j,mixed_c40,3250,9403260,66.4471,True,,40,read
neo4j,mixed_c40,3251,9403269,80.683,True,,40,read
neo4j,mixed_c40,3252,9407272,91.0206,True,,40,read
neo4j,mixed_c40,3253,,103.6596,True,,40,write
neo4j,mixed_c40,3254,9407401,59.7964,True,,40,read
neo4j,mixed_c40,3255,9501227,79.212,True,,40,read
neo4j,mixed_c40,3256,9501350,69.6447,True,,40,read
neo4j,mixed_c40,3257,9501376,73.0787,True,,40,read
neo4j,mixed_c40,3258,,112.1449,True,,40,write
neo4j,mixed_c40,3259,9502360,75.2493,True,,40,read
neo4j,mixed_c40,3260,9503294,90.6839,True,,40,read
neo4j,mixed_c40,3261,,85.1147,True,,40,write
neo4j,mixed_c40,3262,9505303,70.7886,True,,40,read
neo4j,mixed_c40,3263,9505310,67.7235,True,,40,read
neo4j,mixed_c40,3264,9505324,57.1074,True,,40,read
neo4j,mixed_c40,3265,9508299,74.2334,True,,40,read
neo4j,mixed_c40,3266,9509349,81.1001,True,,40,read
neo4j,mixed_c40,3267,9603367,87.5172,True,,40,read
neo4j,mixed_c40,3268,9603420,75.055,True,,40,read
neo4j,mixed_c40,3269,,91.1837,True,,40,write
neo4j,mixed_c40,3270,9609217,74.9957,True,,40,read
neo4j,mixed_c40,3271,9609470,66.1368,True,,40,read
neo4j,mixed_c40,3272,9610393,80.6658,True,,40,read
neo4j,mixed_c40,3273,9701246,86.9573,True,,40,read
neo4j,mixed_c40,3274,,80.4831,True,,40,write
neo4j,mixed_c40,3275,9703209,76.8234,True,,40,read
neo4j,mixed_c40,3276,9703232,60.872,True,,40,read
neo4j,mixed_c40,3277,9703423,81.9081,True,,40,read
neo4j,mixed_c40,3278,9705262,87.6647,True,,40,read
neo4j,mixed_c40,3279,9706541,80.7535,True,,40,read
neo4j,mixed_c40,3280,9707250,75.7198,True,,40,read
neo4j,mixed_c40,3281,9707282,68.5739,True,,40,read
neo4j,mixed_c40,3282,9707295,70.5379,True,,40,read
neo4j,mixed_c40,3283,,65.9502,True,,40,write
neo4j,mixed_c40,3284,9711261,69.3335,True,,40,read
neo4j,mixed_c40,3285,9711379,67.915,True,,40,read
neo4j,mixed_c40,3286,,63.4442,True,,40,write
neo4j,mixed_c40,3287,,75.9101,True,,40,write
neo4j,mixed_c40,3288,9804313,62.5238,True,,40,read
neo4j,mixed_c40,3289,9804343,60.6221,True,,40,read
neo4j,mixed_c40,3290,9805465,55.2567,True,,40,read
neo4j,mixed_c40,3291,9809529,65.3753,True,,40,read
neo4j,mixed_c40,3292,9810418,57.5673,True,,40,read
neo4j,mixed_c40,3293,9811432,57.7977,True,,40,read
neo4j,mixed_c40,3294,9811469,58.8868,True,,40,read
neo4j,mixed_c40,3295,9812342,59.0675,True,,40,read
neo4j,mixed_c40,3296,9906506,66.2119,True,,40,read
neo4j,mixed_c40,3297,9907534,58.0749,True,,40,read
neo4j,mixed_c40,3298,9909234,68.3943,True,,40,read
neo4j,mixed_c40,3299,9909512,56.4857,True,,40,read
neo4j,mixed_c40,3300,2106,55.1223,True,,40,read
neo4j,mixed_c40,3301,6114,56.2841,True,,40,read
neo4j,mixed_c40,3302,6217,53.4274,True,,40,read
neo4j,mixed_c40,3303,7077,57.1283,True,,40,read
neo4j,mixed_c40,3304,7211,57.5647,True,,40,read
neo4j,mixed_c40,3305,7232,50.8654,True,,40,read
neo4j,mixed_c40,3306,9292,58.998,True,,40,read
neo4j,mixed_c40,3307,10094,60.7033,True,,40,read
neo4j,mixed_c40,3308,10180,65.1898,True,,40,read
neo4j,mixed_c40,3309,,102.617,True,,40,write
neo4j,mixed_c40,3310,101328,130.5363,True,,40,read
neo4j,mixed_c40,3311,,58.0003,True,,40,write
neo4j,mixed_c40,3312,102318,61.3049,True,,40,read
neo4j,mixed_c40,3313,104122,63.2658,True,,40,read
neo4j,mixed_c40,3314,104187,92.8784,True,,40,read
neo4j,mixed_c40,3315,,94.6201,True,,40,write
neo4j,mixed_c40,3316,106261,117.7779,True,,40,read
neo4j,mixed_c40,3317,107028,94.9474,True,,40,read
neo4j,mixed_c40,3318,107093,95.4918,True,,40,read
neo4j,mixed_c40,3319,107295,68.5147,True,,40,read
neo4j,mixed_c40,3320,108250,64.3903,True,,40,read
neo4j,mixed_c40,3321,,95.9443,True,,40,write
neo4j,mixed_c40,3322,109073,110.315,True,,40,read
neo4j,mixed_c40,3323,,96.2638,True,,40,write
neo4j,mixed_c40,3324,,114.9285,True,,40,write
neo4j,mixed_c40,3325,,75.6914,True,,40,write
neo4j,mixed_c40,3326,204096,70.3829,True,,40,read
neo4j,mixed_c40,3327,204176,100.2386,True,,40,read
neo4j,mixed_c40,3328,204182,119.7391,True,,40,read
neo4j,mixed_c40,3329,205038,107.8483,True,,40,read
neo4j,mixed_c40,3330,207048,98.8764,True,,40,read
neo4j,mixed_c40,3331,207227,89.8608,True,,40,read
neo4j,mixed_c40,3332,208138,115.0619,True,,40,read
neo4j,mixed_c40,3333,208159,113.5011,True,,40,read
neo4j,mixed_c40,3334,,86.5433,True,,40,write
neo4j,mixed_c40,3335,209108,92.8287,True,,40,read
neo4j,mixed_c40,3336,210254,93.3091,True,,40,read
neo4j,mixed_c40,3337,302080,84.0271,True,,40,read
neo4j,mixed_c40,3338,9208245,108.012,True,,40,read
neo4j,mixed_c40,3339,9304275,103.0842,True,,40,read
neo4j,mixed_c40,3340,,94.9265,True,,40,write
neo4j,mixed_c40,3341,9306241,82.0362,True,,40,read
neo4j,mixed_c40,3342,9307320,100.5417,True,,40,read
neo4j,mixed_c40,3343,9309220,78.1229,True,,40,read
neo4j,mixed_c40,3344,9309273,90.2051,True,,40,read
neo4j,mixed_c40,3345,9309293,89.7093,True,,40,read
neo4j,mixed_c40,3346,9310213,68.4751,True,,40,read
neo4j,mixed_c40,3347,9311240,71.1812,True,,40,read
neo4j,mixed_c40,3348,,74.6405,True,,40,write
neo4j,mixed_c40,3349,9401326,75.243,True,,40,read
neo4j,mixed_c40,3350,,82.8477,True,,40,write
neo4j,mixed_c40,3351,9403269,69.4165,True,,40,read
neo4j,mixed_c40,3352,,70.6336,True,,40,write
neo4j,mixed_c40,3353,9407278,79.0159,True,,40,read
neo4j,mixed_c40,3354,9407401,125.5049,True,,40,read
neo4j,mixed_c40,3355,9501227,105.9745,True,,40,read
neo4j,mixed_c40,3356,,76.7605,True,,40,write
neo4j,mixed_c40,3357,9501376,64.3015,True,,40,read
neo4j,mixed_c40,3358,,64.5381,True,,40,write
neo4j,mixed_c40,3359,9502360,96.0048,True,,40,read
neo4j,mixed_c40,3360,9503294,55.4174,True,,40,read
neo4j,mixed_c40,3361,9504347,69.6812,True,,40,read
neo4j,mixed_c40,3362,,74.3703,True,,40,write
neo4j,mixed_c40,3363,,109.7983,True,,40,write
neo4j,mixed_c40,3364,9505324,54.1981,True,,40,read
neo4j,mixed_c40,3365,9508299,120.4102,True,,40,read
neo4j,mixed_c40,3366,,58.4033,True,,40,write
neo4j,mixed_c40,3367,,90.2105,True,,40,write
neo4j,mixed_c40,3368,9603420,137.2283,True,,40,read
neo4j,mixed_c40,3369,9606252,61.5337,True,,40,read
neo4j,mixed_c40,3370,,94.9311,True,,40,write
neo4j,mixed_c40,3371,9609470,73.5184,True,,40,read
neo4j,mixed_c40,3372,9610393,115.9268,True,,40,read
neo4j,mixed_c40,3373,9701246,95.7578,True,,40,read
neo4j,mixed_c40,3374,9702270,64.9533,True,,40,read
neo4j,mixed_c40,3375,,100.9915,True,,40,write
neo4j,mixed_c40,3376,9703232,161.6291,True,,40,read
neo4j,mixed_c40,3377,9703423,146.7395,True,,40,read
neo4j,mixed_c40,3378,9705262,132.0754,True,,40,read
neo4j,mixed_c40,3379,9706541,120.8408,True,,40,read
neo4j,mixed_c40,3380,,73.0998,True,,40,write
neo4j,mixed_c40,3381,,139.2578,True,,40,write
neo4j,mixed_c40,3382,9707295,56.9068,True,,40,read
neo4j,mixed_c40,3383,9710376,176.155,True,,40,read
neo4j,mixed_c40,3384,9711261,145.8376,True,,40,read
neo4j,mixed_c40,3385,,113.0099,True,,40,write
neo4j,mixed_c40,3386,9803439,130.0634,True,,40,read
neo4j,mixed_c40,3387,9804298,105.0839,True,,40,read
neo4j,mixed_c40,3388,,89.4454,True,,40,write
neo4j,mixed_c40,3389,9804343,61.8546,True,,40,read
neo4j,mixed_c40,3390,9805465,106.3468,True,,40,read
neo4j,mixed_c40,3391,9809529,163.1486,True,,40,read
neo4j,mixed_c40,3392,,131.0753,True,,40,write
neo4j,mixed_c40,3393,9811432,136.204,True,,40,read
neo4j,mixed_c40,3394,,71.4501,True,,40,write
neo4j,mixed_c40,3395,9812342,141.8442,True,,40,read
neo4j,mixed_c40,3396,9906506,148.7641,True,,40,read
neo4j,mixed_c40,3397,9907534,93.0567,True,,40,read
neo4j,mixed_c40,3398,9909234,133.6657,True,,40,read
neo4j,mixed_c40,3399,9909512,133.5913,True,,40,read
neo4j,mixed_c40,3400,2106,115.1258,True,,40,read
neo4j,mixed_c40,3401,6114,89.5118,True,,40,read
neo4j,mixed_c40,3402,6217,103.0737,True,,40,read
neo4j,mixed_c40,3403,7077,117.3539,True,,40,read
neo4j,mixed_c40,3404,7211,112.123,True,,40,read
neo4j,mixed_c40,3405,,95.6742,True,,40,write
neo4j,mixed_c40,3406,9292,99.5292,True,,40,read
neo4j,mixed_c40,3407,10094,86.9291,True,,40,read
neo4j,mixed_c40,3408,10180,70.6018,True,,40,read
neo4j,mixed_c40,3409,12020,96.579,True,,40,read
neo4j,mixed_c40,3410,101328,91.0054,True,,40,read
neo4j,mixed_c40,3411,102194,107.9595,True,,40,read
neo4j,mixed_c40,3412,102318,73.634,True,,40,read
neo4j,mixed_c40,3413,104122,95.1291,True,,40,read
neo4j,mixed_c40,3414,104187,95.2356,True,,40,read
neo4j,mixed_c40,3415,105349,77.1102,True,,40,read
neo4j,mixed_c40,3416,106261,93.4264,True,,40,read
neo4j,mixed_c40,3417,107028,103.9348,True,,40,read
neo4j,mixed_c40,3418,107093,88.4179,True,,40,read
neo4j,mixed_c40,3419,,69.0678,True,,40,write
neo4j,mixed_c40,3420,108250,77.5939,True,,40,read
neo4j,mixed_c40,3421,,79.2937,True,,40,write
neo4j,mixed_c40,3422,109073,107.6672,True,,40,read
neo4j,mixed_c40,3423,110264,78.5927,True,,40,read
neo4j,mixed_c40,3424,110376,79.1881,True,,40,read
neo4j,mixed_c40,3425,201053,70.8659,True,,40,read
neo4j,mixed_c40,3426,204096,83.3689,True,,40,read
neo4j,mixed_c40,3427,204176,61.3144,True,,40,read
neo4j,mixed_c40,3428,204182,73.514,True,,40,read
neo4j,mixed_c40,3429,205038,66.5514,True,,40,read
neo4j,mixed_c40,3430,207048,66.041,True,,40,read
neo4j,mixed_c40,3431,207227,61.8395,True,,40,read
neo4j,mixed_c40,3432,208138,114.4175,True,,40,read
neo4j,mixed_c40,3433,208159,58.7849,True,,40,read
neo4j,mixed_c40,3434,209058,62.1489,True,,40,read
neo4j,mixed_c40,3435,209108,72.4719,True,,40,read
neo4j,mixed_c40,3436,210254,62.1771,True,,40,read
neo4j,mixed_c40,3437,,65.7779,True,,40,write
neo4j,mixed_c40,3438,9208245,72.1153,True,,40,read
neo4j,mixed_c40,3439,9304275,87.7739,True,,40,read
neo4j,mixed_c40,3440,9305258,109.3869,True,,40,read
neo4j,mixed_c40,3441,9306241,94.2012,True,,40,read
neo4j,mixed_c40,3442,9307320,79.1671,True,,40,read
neo4j,mixed_c40,3443,9309220,83.8217,True,,40,read
neo4j,mixed_c40,3444,9309273,68.983,True,,40,read
neo4j,mixed_c40,3445,,62.7379,True,,40,write
neo4j,mixed_c40,3446,9310213,59.7263,True,,40,read
neo4j,mixed_c40,3447,,76.0449,True,,40,write
neo4j,mixed_c40,3448,9401244,80.3895,True,,40,read
neo4j,mixed_c40,3449,9401326,69.3311,True,,40,read
neo4j,mixed_c40,3450,9403260,96.3557,True,,40,read
neo4j,mixed_c40,3451,9403269,85.92,True,,40,read
neo4j,mixed_c40,3452,9407272,75.266,True,,40,read
neo4j,mixed_c40,3453,9407278,84.5937,True,,40,read
neo4j,mixed_c40,3454,9407401,65.0834,True,,40,read
neo4j,mixed_c40,3455,9501227,97.352,True,,40,read
neo4j,mixed_c40,3456,9501350,80.4473,True,,40,read
neo4j,mixed_c40,3457,9501376,92.3078,True,,40,read
neo4j,mixed_c40,3458,9502306,74.5366,True,,40,read
neo4j,mixed_c40,3459,9502360,89.1284,True,,40,read
neo4j,mixed_c40,3460,9503294,80.2713,True,,40,read
neo4j,mixed_c40,3461,9504347,86.8907,True,,40,read
neo4j,mixed_c40,3462,9505303,78.8033,True,,40,read
neo4j,mixed_c40,3463,9505310,79.0881,True,,40,read
neo4j,mixed_c40,3464,9505324,66.9906,True,,40,read
neo4j,mixed_c40,3465,,75.8133,True,,40,write
neo4j,mixed_c40,3466,,90.5715,True,,40,write
neo4j,mixed_c40,3467,,84.8038,True,,40,write
neo4j,mixed_c40,3468,9603420,67.3237,True,,40,read
neo4j,mixed_c40,3469,9606252,80.8655,True,,40,read
neo4j,mixed_c40,3470,9609217,52.9565,True,,40,read
neo4j,mixed_c40,3471,9609470,62.2111,True,,40,read
neo4j,mixed_c40,3472,9610393,95.0278,True,,40,read
neo4j,mixed_c40,3473,9701246,78.0375,True,,40,read
neo4j,mixed_c40,3474,9702270,64.864,True,,40,read
neo4j,mixed_c40,3475,9703209,67.2342,True,,40,read
neo4j,mixed_c40,3476,9703232,72.7352,True,,40,read
neo4j,mixed_c40,3477,9703423,67.2388,True,,40,read
neo4j,mixed_c40,3478,9705262,72.0384,True,,40,read
neo4j,mixed_c40,3479,,64.2623,True,,40,write
neo4j,mixed_c40,3480,9707250,63.3102,True,,40,read
neo4j,mixed_c40,3481,,62.0668,True,,40,write
neo4j,mixed_c40,3482,9707295,63.1842,True,,40,read
neo4j,mixed_c40,3483,9710376,70.778,True,,40,read
neo4j,mixed_c40,3484,9711261,67.6514,True,,40,read
neo4j,mixed_c40,3485,,74.4554,True,,40,write
neo4j,mixed_c40,3486,,54.4096,True,,40,write
neo4j,mixed_c40,3487,,59.2755,True,,40,write
neo4j,mixed_c40,3488,9804313,59.2894,True,,40,read
neo4j,mixed_c40,3489,9804343,61.4186,True,,40,read
neo4j,mixed_c40,3490,9805465,64.1555,True,,40,read
neo4j,mixed_c40,3491,9809529,92.9558,True,,40,read
neo4j,mixed_c40,3492,9810418,69.4017,True,,40,read
neo4j,mixed_c40,3493,9811432,55.8707,True,,40,read
neo4j,mixed_c40,3494,9811469,65.7861,True,,40,read
neo4j,mixed_c40,3495,9812342,66.8617,True,,40,read
neo4j,mixed_c40,3496,9906506,84.8338,True,,40,read
neo4j,mixed_c40,3497,9907534,65.4023,True,,40,read
neo4j,mixed_c40,3498,9909234,73.112,True,,40,read
neo4j,mixed_c40,3499,,74.7658,True,,40,write
neo4j,mixed_c40,3500,2106,55.5147,True,,40,read
neo4j,mixed_c40,3501,6114,65.5316,True,,40,read
neo4j,mixed_c40,3502,,72.3696,True,,40,write
neo4j,mixed_c40,3503,,65.4544,True,,40,write
neo4j,mixed_c40,3504,7211,88.5131,True,,40,read
neo4j,mixed_c40,3505,7232,98.4615,True,,40,read
neo4j,mixed_c40,3506,9292,72.3026,True,,40,read
neo4j,mixed_c40,3507,10094,81.5509,True,,40,read
neo4j,mixed_c40,3508,10180,86.0313,True,,40,read
neo4j,mixed_c40,3509,12020,105.1544,True,,40,read
neo4j,mixed_c40,3510,101328,101.151,True,,40,read
neo4j,mixed_c40,3511,102194,92.1053,True,,40,read
neo4j,mixed_c40,3512,,64.0122,True,,40,write
neo4j,mixed_c40,3513,104122,62.8647,True,,40,read
neo4j,mixed_c40,3514,104187,77.5123,True,,40,read
neo4j,mixed_c40,3515,105349,80.0982,True,,40,read
neo4j,mixed_c40,3516,106261,65.2558,True,,40,read
neo4j,mixed_c40,3517,,72.7024,True,,40,write
neo4j,mixed_c40,3518,107093,86.769,True,,40,read
neo4j,mixed_c40,3519,,76.8844,True,,40,write
neo4j,mixed_c40,3520,108250,69.6,True,,40,read
neo4j,mixed_c40,3521,109054,58.0005,True,,40,read
neo4j,mixed_c40,3522,109073,72.8143,True,,40,read
neo4j,mixed_c40,3523,110264,83.7152,True,,40,read
neo4j,mixed_c40,3524,110376,71.6203,True,,40,read
neo4j,mixed_c40,3525,201053,74.0604,True,,40,read
neo4j,mixed_c40,3526,204096,70.2691,True,,40,read
neo4j,mixed_c40,3527,204176,89.1246,True,,40,read
neo4j,mixed_c40,3528,204182,78.8419,True,,40,read
neo4j,mixed_c40,3529,205038,89.7206,True,,40,read
neo4j,mixed_c40,3530,207048,133.1031,True,,40,read
neo4j,mixed_c40,3531,207227,120.6311,True,,40,read
neo4j,mixed_c40,3532,208138,74.8868,True,,40,read
neo4j,mixed_c40,3533,208159,109.1189,True,,40,read
neo4j,mixed_c40,3534,209058,69.3542,True,,40,read
neo4j,mixed_c40,3535,209108,100.8668,True,,40,read
neo4j,mixed_c40,3536,,102.0203,True,,40,write
neo4j,mixed_c40,3537,,67.6246,True,,40,write
neo4j,mixed_c40,3538,9208245,56.7458,True,,40,read
neo4j,mixed_c40,3539,9304275,91.6059,True,,40,read
neo4j,mixed_c40,3540,,117.4776,True,,40,write
neo4j,mixed_c40,3541,9306241,78.181,True,,40,read
neo4j,mixed_c40,3542,,94.5439,True,,40,write
neo4j,mixed_c40,3543,9309220,112.5852,True,,40,read
neo4j,mixed_c40,3544,9309273,133.3565,True,,40,read
neo4j,mixed_c40,3545,9309293,153.4976,True,,40,read
neo4j,mixed_c40,3546,,90.5312,True,,40,write
neo4j,mixed_c40,3547,9311240,71.1223,True,,40,read
neo4j,mixed_c40,3548,,66.5203,True,,40,write
neo4j,mixed_c40,3549,9401326,117.8069,True,,40,read
neo4j,mixed_c40,3550,9403260,78.4943,True,,40,read
neo4j,mixed_c40,3551,9403269,72.5308,True,,40,read
neo4j,mixed_c40,3552,9407272,105.4293,True,,40,read
neo4j,mixed_c40,3553,,106.3908,True,,40,write
neo4j,mixed_c40,3554,9407401,86.6946,True,,40,read
neo4j,mixed_c40,3555,9501227,74.1644,True,,40,read
neo4j,mixed_c40,3556,9501350,81.9067,True,,40,read
neo4j,mixed_c40,3557,9501376,72.2352,True,,40,read
neo4j,mixed_c40,3558,,91.781,True,,40,write
neo4j,mixed_c40,3559,9502360,96.0793,True,,40,read
neo4j,mixed_c40,3560,,96.8569,True,,40,write
neo4j,mixed_c40,3561,9504347,77.1051,True,,40,read
neo4j,mixed_c40,3562,9505303,86.727,True,,40,read
neo4j,mixed_c40,3563,9505310,117.4502,True,,40,read
neo4j,mixed_c40,3564,9505324,101.7346,True,,40,read
neo4j,mixed_c40,3565,9508299,102.469,True,,40,read
neo4j,mixed_c40,3566,,96.2546,True,,40,write
neo4j,mixed_c40,3567,9603367,126.7438,True,,40,read
neo4j,mixed_c40,3568,9603420,71.0077,True,,40,read
neo4j,mixed_c40,3569,,61.9469,True,,40,write
neo4j,mixed_c40,3570,9609217,83.2054,True,,40,read
neo4j,mixed_c40,3571,9609470,79.3848,True,,40,read
neo4j,mixed_c40,3572,,89.4816,True,,40,write
neo4j,mixed_c40,3573,,91.1326,True,,40,write
neo4j,mixed_c40,3574,,104.3627,True,,40,write
neo4j,mixed_c40,3575,9703209,142.6834,True,,40,read
neo4j,mixed_c40,3576,9703232,71.483,True,,40,read
neo4j,mixed_c40,3577,,86.3719,True,,40,write
neo4j,mixed_c40,3578,9705262,77.5869,True,,40,read
neo4j,mixed_c40,3579,9706541,73.6761,True,,40,read
neo4j,mixed_c40,3580,9707250,101.0609,True,,40,read
neo4j,mixed_c40,3581,9707282,61.5837,True,,40,read
neo4j,mixed_c40,3582,9707295,89.3732,True,,40,read
neo4j,mixed_c40,3583,,144.4328,True,,40,write
neo4j,mixed_c40,3584,9711261,178.1695,True,,40,read
neo4j,mixed_c40,3585,,154.5502,True,,40,write
neo4j,mixed_c40,3586,9803439,124.7313,True,,40,read
neo4j,mixed_c40,3587,9804298,128.2734,True,,40,read
neo4j,mixed_c40,3588,,89.9285,True,,40,write
neo4j,mixed_c40,3589,9804343,136.9841,True,,40,read
neo4j,mixed_c40,3590,9805465,116.9301,True,,40,read
neo4j,mixed_c40,3591,9809529,120.9965,True,,40,read
neo4j,mixed_c40,3592,,162.9742,True,,40,write
neo4j,mixed_c40,3593,9811432,83.2459,True,,40,read
neo4j,mixed_c40,3594,9811469,172.912,True,,40,read
neo4j,mixed_c40,3595,9812342,115.8745,True,,40,read
neo4j,mixed_c40,3596,9906506,115.0793,True,,40,read
neo4j,mixed_c40,3597,9907534,86.4813,True,,40,read
neo4j,mixed_c40,3598,9909234,127.2431,True,,40,read
neo4j,mixed_c40,3599,9909512,178.013,True,,40,read
neo4j,mixed_c40,3600,2106,140.6132,True,,40,read
neo4j,mixed_c40,3601,6114,161.0932,True,,40,read
neo4j,mixed_c40,3602,6217,128.9459,True,,40,read
neo4j,mixed_c40,3603,7077,108.8681,True,,40,read
neo4j,mixed_c40,3604,7211,112.1253,True,,40,read
neo4j,mixed_c40,3605,7232,67.4385,True,,40,read
neo4j,mixed_c40,3606,9292,145.7428,True,,40,read
neo4j,mixed_c40,3607,10094,153.6072,True,,40,read
neo4j,mixed_c40,3608,,151.9925,True,,40,write
neo4j,mixed_c40,3609,12020,111.3898,True,,40,read
neo4j,mixed_c40,3610,101328,143.0217,True,,40,read
neo4j,mixed_c40,3611,102194,125.9539,True,,40,read
neo4j,mixed_c40,3612,102318,142.438,True,,40,read
neo4j,mixed_c40,3613,,108.3867,True,,40,write
neo4j,mixed_c40,3614,,202.6885,True,,40,write
neo4j,mixed_c40,3615,105349,121.434,True,,40,read
neo4j,mixed_c40,3616,106261,150.6337,True,,40,read
neo4j,mixed_c40,3617,,131.9643,True,,40,write
neo4j,mixed_c40,3618,107093,99.6926,True,,40,read
neo4j,mixed_c40,3619,,128.3815,True,,40,write
neo4j,mixed_c40,3620,108250,82.3299,True,,40,read
neo4j,mixed_c40,3621,109054,198.6197,True,,40,read
neo4j,mixed_c40,3622,109073,130.6575,True,,40,read
neo4j,mixed_c40,3623,110264,90.1168,True,,40,read
neo4j,mixed_c40,3624,110376,112.6607,True,,40,read
neo4j,mixed_c40,3625,,88.8863,True,,40,write
neo4j,mixed_c40,3626,,91.4605,True,,40,write
neo4j,mixed_c40,3627,204176,97.1168,True,,40,read
neo4j,mixed_c40,3628,204182,132.733,True,,40,read
neo4j,mixed_c40,3629,205038,93.7352,True,,40,read
neo4j,mixed_c40,3630,207048,71.5056,True,,40,read
neo4j,mixed_c40,3631,207227,152.1024,True,,40,read
neo4j,mixed_c40,3632,,97.7239,True,,40,write
neo4j,mixed_c40,3633,,89.2427,True,,40,write
neo4j,mixed_c40,3634,209058,83.5782,True,,40,read
neo4j,mixed_c40,3635,209108,104.2114,True,,40,read
neo4j,mixed_c40,3636,210254,71.6121,True,,40,read
neo4j,mixed_c40,3637,302080,123.9475,True,,40,read
neo4j,mixed_c40,3638,9208245,76.2611,True,,40,read
neo4j,mixed_c40,3639,9304275,74.0867,True,,40,read
neo4j,mixed_c40,3640,9305258,86.0183,True,,40,read
neo4j,mixed_c40,3641,9306241,80.262,True,,40,read
neo4j,mixed_c40,3642,9307320,105.9036,True,,40,read
neo4j,mixed_c40,3643,,71.0237,True,,40,write
neo4j,mixed_c40,3644,,64.5403,True,,40,write
neo4j,mixed_c40,3645,9309293,71.3606,True,,40,read
neo4j,mixed_c40,3646,9310213,110.5298,True,,40,read
neo4j,mixed_c40,3647,,74.6093,True,,40,write
neo4j,mixed_c40,3648,9401244,120.9401,True,,40,read
neo4j,mixed_c40,3649,9401326,96.5983,True,,40,read
neo4j,mixed_c40,3650,,68.0931,True,,40,write
neo4j,mixed_c40,3651,9403269,83.7069,True,,40,read
neo4j,mixed_c40,3652,9407272,75.6168,True,,40,read
neo4j,mixed_c40,3653,9407278,61.0621,True,,40,read
neo4j,mixed_c40,3654,9407401,102.2641,True,,40,read
neo4j,mixed_c40,3655,9501227,74.1426,True,,40,read
neo4j,mixed_c40,3656,,98.1953,True,,40,write
neo4j,mixed_c40,3657,,102.0817,True,,40,write
neo4j,mixed_c40,3658,9502306,82.5407,True,,40,read
neo4j,mixed_c40,3659,9502360,85.2787,True,,40,read
neo4j,mixed_c40,3660,9503294,90.5091,True,,40,read
neo4j,mixed_c40,3661,9504347,83.6655,True,,40,read
neo4j,mixed_c40,3662,9505303,85.466,True,,40,read
neo4j,mixed_c40,3663,9505310,137.2553,True,,40,read
neo4j,mixed_c40,3664,9505324,110.6366,True,,40,read
neo4j,mixed_c40,3665,9508299,100.5784,True,,40,read
neo4j,mixed_c40,3666,9509349,100.201,True,,40,read
neo4j,mixed_c40,3667,9603367,81.0702,True,,40,read
neo4j,mixed_c40,3668,,81.3808,True,,40,write
neo4j,mixed_c40,3669,,117.4194,True,,40,write
neo4j,mixed_c40,3670,9609217,86.573,True,,40,read
neo4j,mixed_c40,3671,9609470,125.3591,True,,40,read
neo4j,mixed_c40,3672,9610393,103.7123,True,,40,read
neo4j,mixed_c40,3673,,102.9883,True,,40,write
neo4j,mixed_c40,3674,9702270,123.4116,True,,40,read
neo4j,mixed_c40,3675,9703209,86.3377,True,,40,read
neo4j,mixed_c40,3676,,109.9069,True,,40,write
neo4j,mixed_c40,3677,9703423,67.5119,True,,40,read
neo4j,mixed_c40,3678,9705262,64.342,True,,40,read
neo4j,mixed_c40,3679,,83.3742,True,,40,write
neo4j,mixed_c40,3680,9707250,92.9393,True,,40,read
neo4j,mixed_c40,3681,9707282,103.6528,True,,40,read
neo4j,mixed_c40,3682,9707295,83.3302,True,,40,read
neo4j,mixed_c40,3683,9710376,81.9097,True,,40,read
neo4j,mixed_c40,3684,9711261,87.3679,True,,40,read
neo4j,mixed_c40,3685,9711379,69.9997,True,,40,read
neo4j,mixed_c40,3686,9803439,89.7704,True,,40,read
neo4j,mixed_c40,3687,9804298,96.83,True,,40,read
neo4j,mixed_c40,3688,,123.2131,True,,40,write
neo4j,mixed_c40,3689,9804343,118.0921,True,,40,read
neo4j,mixed_c40,3690,9805465,93.526,True,,40,read
neo4j,mixed_c40,3691,9809529,98.6129,True,,40,read
neo4j,mixed_c40,3692,9810418,98.9518,True,,40,read
neo4j,mixed_c40,3693,9811432,78.9537,True,,40,read
neo4j,mixed_c40,3694,9811469,176.6265,True,,40,read
neo4j,mixed_c40,3695,9812342,88.9808,True,,40,read
neo4j,mixed_c40,3696,9906506,104.7103,True,,40,read
neo4j,mixed_c40,3697,9907534,97.1563,True,,40,read
neo4j,mixed_c40,3698,9909234,90.5002,True,,40,read
neo4j,mixed_c40,3699,9909512,65.9457,True,,40,read
neo4j,mixed_c40,3700,2106,107.7929,True,,40,read
neo4j,mixed_c40,3701,6114,78.5159,True,,40,read
neo4j,mixed_c40,3702,6217,67.1827,True,,40,read
neo4j,mixed_c40,3703,7077,83.6529,True,,40,read
neo4j,mixed_c40,3704,7211,122.9382,True,,40,read
neo4j,mixed_c40,3705,7232,107.3241,True,,40,read
neo4j,mixed_c40,3706,9292,127.4981,True,,40,read
neo4j,mixed_c40,3707,,136.8659,True,,40,write
neo4j,mixed_c40,3708,10180,81.1676,True,,40,read
neo4j,mixed_c40,3709,12020,88.6943,True,,40,read
neo4j,mixed_c40,3710,101328,129.838,True,,40,read
neo4j,mixed_c40,3711,,83.6681,True,,40,write
neo4j,mixed_c40,3712,102318,89.4105,True,,40,read
neo4j,mixed_c40,3713,104122,96.6815,True,,40,read
neo4j,mixed_c40,3714,104187,91.915,True,,40,read
neo4j,mixed_c40,3715,105349,98.4829,True,,40,read
neo4j,mixed_c40,3716,106261,110.509,True,,40,read
neo4j,mixed_c40,3717,107028,95.7214,True,,40,read
neo4j,mixed_c40,3718,107093,71.5721,True,,40,read
neo4j,mixed_c40,3719,,67.9324,True,,40,write
neo4j,mixed_c40,3720,108250,71.3697,True,,40,read
neo4j,mixed_c40,3721,109054,116.781,True,,40,read
neo4j,mixed_c40,3722,109073,81.7056,True,,40,read
neo4j,mixed_c40,3723,110264,71.2201,True,,40,read
neo4j,mixed_c40,3724,110376,105.1184,True,,40,read
neo4j,mixed_c40,3725,201053,77.7102,True,,40,read
neo4j,mixed_c40,3726,204096,83.9249,True,,40,read
neo4j,mixed_c40,3727,204176,97.1078,True,,40,read
neo4j,mixed_c40,3728,204182,116.3633,True,,40,read
neo4j,mixed_c40,3729,,86.8896,True,,40,write
neo4j,mixed_c40,3730,207048,131.5943,True,,40,read
neo4j,mixed_c40,3731,,67.2415,True,,40,write
neo4j,mixed_c40,3732,208138,149.9605,True,,40,read
neo4j,mixed_c40,3733,208159,67.6823,True,,40,read
neo4j,mixed_c40,3734,209058,113.5961,True,,40,read
neo4j,mixed_c40,3735,,91.1614,True,,40,write
neo4j,mixed_c40,3736,210254,112.8691,True,,40,read
neo4j,mixed_c40,3737,302080,92.3627,True,,40,read
neo4j,mixed_c40,3738,9208245,62.2201,True,,40,read
neo4j,mixed_c40,3739,9304275,151.2488,True,,40,read
neo4j,mixed_c40,3740,9305258,109.0057,True,,40,read
neo4j,mixed_c40,3741,9306241,129.037,True,,40,read
neo4j,mixed_c40,3742,9307320,92.7806,True,,40,read
neo4j,mixed_c40,3743,,120.9747,True,,40,write
neo4j,mixed_c40,3744,9309273,100.1812,True,,40,read
neo4j,mixed_c40,3745,9309293,112.2752,True,,40,read
neo4j,mixed_c40,3746,,109.8616,True,,40,write
neo4j,mixed_c40,3747,9311240,115.1148,True,,40,read
neo4j,mixed_c40,3748,9401244,114.1447,True,,40,read
neo4j,mixed_c40,3749,9401326,68.5998,True,,40,read
neo4j,mixed_c40,3750,9403260,95.8096,True,,40,read
neo4j,mixed_c40,3751,,107.6451,True,,40,write
neo4j,mixed_c40,3752,,88.1605,True,,40,write
neo4j,mixed_c40,3753,9407278,105.8878,True,,40,read
neo4j,mixed_c40,3754,9407401,81.5107,True,,40,read
neo4j,mixed_c40,3755,9501227,72.7729,True,,40,read
neo4j,mixed_c40,3756,9501350,93.3452,True,,40,read
neo4j,mixed_c40,3757,9501376,88.0766,True,,40,read
neo4j,mixed_c40,3758,9502306,113.2929,True,,40,read
neo4j,mixed_c40,3759,9502360,101.076,True,,40,read
neo4j,mixed_c40,3760,,96.944,True,,40,write
neo4j,mixed_c40,3761,9504347,91.7182,True,,40,read
neo4j,mixed_c40,3762,9505303,75.382,True,,40,read
neo4j,mixed_c40,3763,9505310,66.3756,True,,40,read
neo4j,mixed_c40,3764,9505324,96.5346,True,,40,read
neo4j,mixed_c40,3765,9508299,92.2453,True,,40,read
neo4j,mixed_c40,3766,,92.1317,True,,40,write
neo4j,mixed_c40,3767,9603367,77.008,True,,40,read
neo4j,mixed_c40,3768,,83.8625,True,,40,write
neo4j,mixed_c40,3769,9606252,98.7872,True,,40,read
neo4j,mixed_c40,3770,9609217,91.8626,True,,40,read
neo4j,mixed_c40,3771,,81.779,True,,40,write
neo4j,mixed_c40,3772,,81.7063,True,,40,write
neo4j,mixed_c40,3773,9701246,73.227,True,,40,read
neo4j,mixed_c40,3774,9702270,76.2271,True,,40,read
neo4j,mixed_c40,3775,9703209,73.0356,True,,40,read
neo4j,mixed_c40,3776,9703232,65.8574,True,,40,read
neo4j,mixed_c40,3777,9703423,57.7908,True,,40,read
neo4j,mixed_c40,3778,9705262,56.9126,True,,40,read
neo4j,mixed_c40,3779,9706541,63.1827,True,,40,read
neo4j,mixed_c40,3780,9707250,66.9897,True,,40,read
neo4j,mixed_c40,3781,9707282,54.1191,True,,40,read
neo4j,mixed_c40,3782,9707295,62.7912,True,,40,read
neo4j,mixed_c40,3783,,73.4364,True,,40,write
neo4j,mixed_c40,3784,9711261,54.3522,True,,40,read
neo4j,mixed_c40,3785,9711379,62.0422,True,,40,read
neo4j,mixed_c40,3786,9803439,60.5734,True,,40,read
neo4j,mixed_c40,3787,9804298,53.6158,True,,40,read
neo4j,mixed_c40,3788,9804313,56.6394,True,,40,read
neo4j,mixed_c40,3789,,61.9725,True,,40,write
neo4j,mixed_c40,3790,9805465,59.8829,True,,40,read
neo4j,mixed_c40,3791,9809529,56.7198,True,,40,read
neo4j,mixed_c40,3792,9810418,53.911,True,,40,read
neo4j,mixed_c40,3793,9811432,62.2227,True,,40,read
neo4j,mixed_c40,3794,,58.7531,True,,40,write
neo4j,mixed_c40,3795,9812342,98.8648,True,,40,read
neo4j,mixed_c40,3796,,61.8183,True,,40,write
neo4j,mixed_c40,3797,9907534,86.6329,True,,40,read
neo4j,mixed_c40,3798,,89.4889,True,,40,write
neo4j,mixed_c40,3799,,79.3869,True,,40,write
neo4j,mixed_c40,3800,2106,105.0714,True,,40,read
neo4j,mixed_c40,3801,6114,55.7784,True,,40,read
neo4j,mixed_c40,3802,6217,104.5219,True,,40,read
neo4j,mixed_c40,3803,7077,143.1161,True,,40,read
neo4j,mixed_c40,3804,7211,111.9787,True,,40,read
neo4j,mixed_c40,3805,7232,121.6532,True,,40,read
neo4j,mixed_c40,3806,,101.3851,True,,40,write
neo4j,mixed_c40,3807,10094,112.1728,True,,40,read
neo4j,mixed_c40,3808,10180,146.8622,True,,40,read
neo4j,mixed_c40,3809,12020,112.4044,True,,40,read
neo4j,mixed_c40,3810,101328,98.7512,True,,40,read
neo4j,mixed_c40,3811,102194,80.2294,True,,40,read
neo4j,mixed_c40,3812,,82.769,True,,40,write
neo4j,mixed_c40,3813,104122,134.2081,True,,40,read
neo4j,mixed_c40,3814,104187,68.5532,True,,40,read
neo4j,mixed_c40,3815,105349,124.9313,True,,40,read
neo4j,mixed_c40,3816,106261,132.8037,True,,40,read
neo4j,mixed_c40,3817,,85.7682,True,,40,write
neo4j,mixed_c40,3818,107093,82.4268,True,,40,read
neo4j,mixed_c40,3819,107295,119.8199,True,,40,read
neo4j,mixed_c40,3820,108250,89.2192,True,,40,read
neo4j,mixed_c40,3821,109054,132.1438,True,,40,read
neo4j,mixed_c40,3822,,129.2255,True,,40,write
neo4j,mixed_c40,3823,,154.832,True,,40,write
neo4j,mixed_c40,3824,110376,100.6593,True,,40,read
neo4j,mixed_c40,3825,201053,72.2153,True,,40,read
neo4j,mixed_c40,3826,204096,74.2626,True,,40,read
neo4j,mixed_c40,3827,204176,91.7269,True,,40,read
neo4j,mixed_c40,3828,204182,99.0811,True,,40,read
neo4j,mixed_c40,3829,205038,114.3617,True,,40,read
neo4j,mixed_c40,3830,207048,103.4038,True,,40,read
neo4j,mixed_c40,3831,207227,99.3068,True,,40,read
neo4j,mixed_c40,3832,208138,107.9967,True,,40,read
neo4j,mixed_c40,3833,208159,80.9498,True,,40,read
neo4j,mixed_c40,3834,209058,112.4928,True,,40,read
neo4j,mixed_c40,3835,,84.9168,True,,40,write
neo4j,mixed_c40,3836,210254,152.465,True,,40,read
neo4j,mixed_c40,3837,,90.4001,True,,40,write
neo4j,mixed_c40,3838,9208245,83.7943,True,,40,read
neo4j,mixed_c40,3839,9304275,183.8525,True,,40,read
neo4j,mixed_c40,3840,9305258,76.7144,True,,40,read
neo4j,mixed_c40,3841,9306241,77.2247,True,,40,read
neo4j,mixed_c40,3842,9307320,119.246,True,,40,read
neo4j,mixed_c40,3843,9309220,72.4194,True,,40,read
neo4j,mixed_c40,3844,9309273,79.5904,True,,40,read
neo4j,mixed_c40,3845,9309293,81.6401,True,,40,read
neo4j,mixed_c40,3846,9310213,81.4204,True,,40,read
neo4j,mixed_c40,3847,9311240,88.112,True,,40,read
neo4j,mixed_c40,3848,9401244,82.5523,True,,40,read
neo4j,mixed_c40,3849,9401326,68.0747,True,,40,read
neo4j,mixed_c40,3850,9403260,76.7489,True,,40,read
neo4j,mixed_c40,3851,,66.9574,True,,40,write
neo4j,mixed_c40,3852,9407272,58.9215,True,,40,read
neo4j,mixed_c40,3853,9407278,82.1628,True,,40,read
neo4j,mixed_c40,3854,9407401,103.4464,True,,40,read
neo4j,mixed_c40,3855,9501227,58.9695,True,,40,read
neo4j,mixed_c40,3856,9501350,82.3526,True,,40,read
neo4j,mixed_c40,3857,,76.3688,True,,40,write
neo4j,mixed_c40,3858,9502306,111.0923,True,,40,read
neo4j,mixed_c40,3859,9502360,91.764,True,,40,read
neo4j,mixed_c40,3860,9503294,106.5336,True,,40,read
neo4j,mixed_c40,3861,9504347,57.1227,True,,40,read
neo4j,mixed_c40,3862,9505303,165.5776,True,,40,read
neo4j,mixed_c40,3863,9505310,68.8741,True,,40,read
neo4j,mixed_c40,3864,9505324,71.635,True,,40,read
neo4j,mixed_c40,3865,,133.2693,True,,40,write
neo4j,mixed_c40,3866,9509349,123.0665,True,,40,read
neo4j,mixed_c40,3867,9603367,87.8921,True,,40,read
neo4j,mixed_c40,3868,,111.6006,True,,40,write
neo4j,mixed_c40,3869,9606252,66.6723,True,,40,read
neo4j,mixed_c40,3870,,83.6196,True,,40,write
neo4j,mixed_c40,3871,9609470,78.5438,True,,40,read
neo4j,mixed_c40,3872,,71.0011,True,,40,write
neo4j,mixed_c40,3873,,91.3735,True,,40,write
neo4j,mixed_c40,3874,,111.5984,True,,40,write
neo4j,mixed_c40,3875,,113.0541,True,,40,write
neo4j,mixed_c40,3876,9703232,138.7074,True,,40,read
neo4j,mixed_c40,3877,,82.8153,True,,40,write
neo4j,mixed_c40,3878,,88.1255,True,,40,write
neo4j,mixed_c40,3879,9706541,144.2178,True,,40,read
neo4j,mixed_c40,3880,9707250,139.2201,True,,40,read
neo4j,mixed_c40,3881,9707282,79.0666,True,,40,read
neo4j,mixed_c40,3882,9707295,98.4488,True,,40,read
neo4j,mixed_c40,3883,9710376,108.4562,True,,40,read
neo4j,mixed_c40,3884,,176.3485,True,,40,write
neo4j,mixed_c40,3885,9711379,75.8435,True,,40,read
neo4j,mixed_c40,3886,9803439,174.0517,True,,40,read
neo4j,mixed_c40,3887,,93.5706,True,,40,write
neo4j,mixed_c40,3888,9804313,62.2671,True,,40,read
neo4j,mixed_c40,3889,,160.6131,True,,40,write
neo4j,mixed_c40,3890,9805465,97.2575,True,,40,read
neo4j,mixed_c40,3891,9809529,141.8791,True,,40,read
neo4j,mixed_c40,3892,9810418,98.114,True,,40,read
neo4j,mixed_c40,3893,9811432,163.7156,True,,40,read
neo4j,mixed_c40,3894,9811469,142.065,True,,40,read
neo4j,mixed_c40,3895,9812342,89.555,True,,40,read
neo4j,mixed_c40,3896,,132.3645,True,,40,write
neo4j,mixed_c40,3897,9907534,126.9891,True,,40,read
neo4j,mixed_c40,3898,9909234,68.914,True,,40,read
neo4j,mixed_c40,3899,,125.3177,True,,40,write
neo4j,mixed_c40,3900,2106,109.544,True,,40,read
neo4j,mixed_c40,3901,,144.53,True,,40,write
neo4j,mixed_c40,3902,6217,111.7174,True,,40,read
neo4j,mixed_c40,3903,7077,90.9321,True,,40,read
neo4j,mixed_c40,3904,7211,81.4774,True,,40,read
neo4j,mixed_c40,3905,,116.2096,True,,40,write
neo4j,mixed_c40,3906,9292,119.6917,True,,40,read
neo4j,mixed_c40,3907,,76.774,True,,40,write
neo4j,mixed_c40,3908,10180,116.8551,True,,40,read
neo4j,mixed_c40,3909,12020,78.0084,True,,40,read
neo4j,mixed_c40,3910,101328,82.5148,True,,40,read
neo4j,mixed_c40,3911,102194,108.0464,True,,40,read
neo4j,mixed_c40,3912,102318,105.8346,True,,40,read
neo4j,mixed_c40,3913,104122,98.3974,True,,40,read
neo4j,mixed_c40,3914,,110.0679,True,,40,write
neo4j,mixed_c40,3915,105349,85.1668,True,,40,read
neo4j,mixed_c40,3916,,96.4212,True,,40,write
neo4j,mixed_c40,3917,107028,79.9029,True,,40,read
neo4j,mixed_c40,3918,107093,99.2866,True,,40,read
neo4j,mixed_c40,3919,,87.9384,True,,40,write
neo4j,mixed_c40,3920,108250,91.8264,True,,40,read
neo4j,mixed_c40,3921,109054,119.7172,True,,40,read
neo4j,mixed_c40,3922,109073,84.2486,True,,40,read
neo4j,mixed_c40,3923,,88.7048,True,,40,write
neo4j,mixed_c40,3924,,162.6294,True,,40,write
neo4j,mixed_c40,3925,201053,80.558,True,,40,read
neo4j,mixed_c40,3926,204096,74.1945,True,,40,read
neo4j,mixed_c40,3927,,63.4715,True,,40,write
neo4j,mixed_c40,3928,204182,71.6986,True,,40,read
neo4j,mixed_c40,3929,,58.4547,True,,40,write
neo4j,mixed_c40,3930,207048,61.3773,True,,40,read
neo4j,mixed_c40,3931,207227,60.0536,True,,40,read
neo4j,mixed_c40,3932,208138,76.7439,True,,40,read
neo4j,mixed_c40,3933,,58.278,True,,40,write
neo4j,mixed_c40,3934,209058,53.8296,True,,40,read
neo4j,mixed_c40,3935,209108,282.2464,True,,40,read
neo4j,mixed_c40,3936,210254,53.2466,True,,40,read
neo4j,mixed_c40,3937,302080,59.1914,True,,40,read
neo4j,mixed_c40,3938,,91.0465,True,,40,write
neo4j,mixed_c40,3939,9304275,86.6958,True,,40,read
neo4j,mixed_c40,3940,9305258,176.5375,True,,40,read
neo4j,mixed_c40,3941,9306241,53.2606,True,,40,read
neo4j,mixed_c40,3942,,59.0691,True,,40,write
neo4j,mixed_c40,3943,9309220,125.6286,True,,40,read
neo4j,mixed_c40,3944,,218.1679,True,,40,write
neo4j,mixed_c40,3945,9309293,304.3582,True,,40,read
neo4j,mixed_c40,3946,9310213,175.2146,True,,40,read
neo4j,mixed_c40,3947,9311240,52.6993,True,,40,read
neo4j,mixed_c40,3948,9401244,60.4591,True,,40,read
neo4j,mixed_c40,3949,9401326,52.6369,True,,40,read
neo4j,mixed_c40,3950,9403260,61.9874,True,,40,read
neo4j,mixed_c40,3951,9403269,82.0087,True,,40,read
neo4j,mixed_c40,3952,9407272,54.6532,True,,40,read
neo4j,mixed_c40,3953,9407278,125.6805,True,,40,read
neo4j,mixed_c40,3954,,397.483,True,,40,write
neo4j,mixed_c40,3955,,420.139,True,,40,write
neo4j,mixed_c40,3956,9501350,176.3835,True,,40,read
neo4j,mixed_c40,3957,9501376,172.3375,True,,40,read
neo4j,mixed_c40,3958,,221.2225,True,,40,write
neo4j,mixed_c40,3959,9502360,56.9262,True,,40,read
neo4j,mixed_c40,3960,9503294,79.2674,True,,40,read
neo4j,mixed_c40,3961,9504347,80.2088,True,,40,read
neo4j,mixed_c40,3962,9505303,419.0539,True,,40,read
neo4j,mixed_c40,3963,,115.0165,True,,40,write
neo4j,mixed_c40,3964,9505324,67.3468,True,,40,read
neo4j,mixed_c40,3965,9508299,64.0461,True,,40,read
neo4j,mixed_c40,3966,9509349,68.9799,True,,40,read
neo4j,mixed_c40,3967,9603367,78.9589,True,,40,read
neo4j,mixed_c40,3968,,58.6898,True,,40,write
neo4j,mixed_c40,3969,9606252,423.8521,True,,40,read
neo4j,mixed_c40,3970,9609217,424.8357,True,,40,read
neo4j,mixed_c40,3971,9609470,300.7888,True,,40,read
neo4j,mixed_c40,3972,,426.8417,True,,40,write
neo4j,mixed_c40,3973,9701246,171.5185,True,,40,read
neo4j,mixed_c40,3974,9702270,115.8181,True,,40,read
neo4j,mixed_c40,3975,9703209,180.4077,True,,40,read
neo4j,mixed_c40,3976,9703232,57.3579,True,,40,read
neo4j,mixed_c40,3977,9703423,121.3949,True,,40,read
neo4j,mixed_c40,3978,9705262,52.4569,True,,40,read
neo4j,mixed_c40,3979,9706541,53.5889,True,,40,read
neo4j,mixed_c40,3980,9707250,56.8038,True,,40,read
neo4j,mixed_c40,3981,9707282,53.3812,True,,40,read
neo4j,mixed_c40,3982,9707295,120.3059,True,,40,read
neo4j,mixed_c40,3983,9710376,211.2283,True,,40,read
neo4j,mixed_c40,3984,9711261,188.5789,True,,40,read
neo4j,mixed_c40,3985,,117.9839,True,,40,write
neo4j,mixed_c40,3986,,217.5021,True,,40,write
neo4j,mixed_c40,3987,9804298,55.8939,True,,40,read
neo4j,mixed_c40,3988,,216.9837,True,,40,write
neo4j,mixed_c40,3989,9804343,53.375,True,,40,read
neo4j,mixed_c40,3990,9805465,56.1694,True,,40,read
neo4j,mixed_c40,3991,9809529,54.4713,True,,40,read
neo4j,mixed_c40,3992,9810418,112.6293,True,,40,read
neo4j,mixed_c40,3993,,114.1712,True,,40,write
neo4j,mixed_c40,3994,9811469,113.9539,True,,40,read
neo4j,mixed_c40,3995,9812342,117.6032,True,,40,read
neo4j,mixed_c40,3996,9906506,51.9233,True,,40,read
neo4j,mixed_c40,3997,9907534,206.1076,True,,40,read
neo4j,mixed_c40,3998,9909234,55.4765,True,,40,read
neo4j,mixed_c40,3999,9909512,117.0431,True,,40,read
